kind	value	complex_id_a	complex_id_b
canonical_selected_sequence_sha256	003390e3ae5f1faf29ff2f4ab599c31df87497fb405a5f43a31da01cef599def	6LAS__SAM__laF__aaA__rs101__m1__alt.	6LAS__SAM__laG__aaB__rs101__m1__alt.
canonical_selected_sequence_sha256	003390e3ae5f1faf29ff2f4ab599c31df87497fb405a5f43a31da01cef599def	6LAS__SAM__laF__aaA__rs101__m1__alt.	6LAU__SAH__laF__aaA__rs101__m1__alt.
canonical_selected_sequence_sha256	003390e3ae5f1faf29ff2f4ab599c31df87497fb405a5f43a31da01cef599def	6LAS__SAM__laF__aaA__rs101__m1__alt.	6LAU__SAH__laI__aaB__rs101__m1__alt.
canonical_selected_sequence_sha256	003390e3ae5f1faf29ff2f4ab599c31df87497fb405a5f43a31da01cef599def	6LAS__SAM__laF__aaA__rs101__m1__alt.	6LAZ__E7X__laG__aaA__rs102__m1__alt.
canonical_selected_sequence_sha256	003390e3ae5f1faf29ff2f4ab599c31df87497fb405a5f43a31da01cef599def	6LAS__SAM__laF__aaA__rs101__m1__alt.	6LAZ__E7X__laH__aaB__rs101__m1__alt.
canonical_selected_sequence_sha256	003ae1af93e83dbf48fe7a5d4c8aab0b1e8b8421058810927fa010ebc7d6fa2e	8TWH__LG1__laQ__aaB__rs103__m1__alt.	8TWH__LG1__laU__aaC__rs104__m1__alt.
canonical_selected_sequence_sha256	004ffe9d552326dbf77ab08c14d129eca02beca9c592b108138cdccfd5c9031d	5DDP__GLN__laE__aaA__rs101__m1__alt.	5DDQ__GLN__laE__aaA__rs101__m1__alt.
canonical_selected_sequence_sha256	004ffe9d552326dbf77ab08c14d129eca02beca9c592b108138cdccfd5c9031d	5DDP__GLN__laE__aaA__rs101__m1__alt.	5DDR__GLN__laE__aaA__rs101__m1__alt.
canonical_selected_sequence_sha256	0220156db9de808ac264827acbcfdfc3e5f57740b7ea6ac6be5e513af0363b16	7D81__NAD__laE__aaA__rs104__m1__alt.	7D82__NAD__laI__aaA__rs108__m1__alt.
canonical_selected_sequence_sha256	03e1021c622cb6cd80405507842cf68c80bc4d169dbb0144a7db3c4f19a0e65b	9HRG__GTP__laS__aaC__rs103__m1__alt.	9HRG__GTP__laY__aaD__rs103__m1__alt.
canonical_selected_sequence_sha256	03f5f9df0c6c8386fb85e48cd0f0232307753a2a3fd359b76f1c341d79420ef7	5NDV__PAR__laTJA__aa3__rs201__m1__alt.	5OBM__LLL__laJSB__aa7__rs231__m1__alt.
canonical_selected_sequence_sha256	03f5f9df0c6c8386fb85e48cd0f0232307753a2a3fd359b76f1c341d79420ef7	5NDV__PAR__laTJA__aa3__rs201__m1__alt.	5OBM__LLL__laLSB__aa7__rs233__m1__alt.
canonical_selected_sequence_sha256	066fa71bdd77c94a9c3571010fdb019793906be00199edb98d99c6c07916f60d	6CB3__GTP__laAB__aaB__rs221__m1__alt.	6CB3__GTP__laU__aaA__rs219__m1__alt.
canonical_selected_sequence_sha256	06ff354c0870f6929ca47639ec63b168ccf0262faaa1205317e641e3b1a1a21c	4Y1J__GTP__laC__aaA__rs201__m1__alt.	4Y1J__GTP__laYA__aaB__rs202__m1__alt.
canonical_selected_sequence_sha256	07908b2c59bc945884b8abee968b9ed3e8f5f33b49aae10d6efe22607ef1eff2	1D58__DM6__laB__aaA__rs7__m1__alt.	1D67__DM5__laB__aaA__rs7__m1__alt.
canonical_selected_sequence_sha256	07908b2c59bc945884b8abee968b9ed3e8f5f33b49aae10d6efe22607ef1eff2	1D58__DM6__laB__aaA__rs7__m1__alt.	1VTI__DM1__laB__aaA__rs7__m1__alt.
canonical_selected_sequence_sha256	0836b7fb1654d44b0d2ababff3d15fe54129fe0c27ee3065a04115173159cce9	4TS0__38E__laR__aaY__rs206__m1__alt.	4TS2__38E__laH__aaY__rs204__m1__alt.
canonical_selected_sequence_sha256	0c18f0750b48a6e6facdd27a7d8dd49b62624313528adfb8a9cd192ffa9f2b4d	6E8S__EKJ__laC__aaA__rs101__m1__alt.	6E8S__EKJ__laG__aaB__rs101__m1__alt.
canonical_selected_sequence_sha256	0c42b5e033599d470b1bf580d2c74f13541033ce31d43f5c35377d42229aba30	6TB7__AMP__laB__aaA__rs101__m1__alt.	6TF1__ADP__laJ__aaA__rs109__m1__alt.
canonical_selected_sequence_sha256	0c42b5e033599d470b1bf580d2c74f13541033ce31d43f5c35377d42229aba30	6TB7__AMP__laB__aaA__rs101__m1__alt.	6TF2__ATP__laJ__aaA__rs109__m1__alt.
canonical_selected_sequence_sha256	0c42b5e033599d470b1bf580d2c74f13541033ce31d43f5c35377d42229aba30	6TB7__AMP__laB__aaA__rs101__m1__alt.	6TFE__N6E__laR__aaA__rs117__m1__alt.
canonical_selected_sequence_sha256	0c42b5e033599d470b1bf580d2c74f13541033ce31d43f5c35377d42229aba30	6TB7__AMP__laB__aaA__rs101__m1__alt.	6TFG__PPS__laM__aaA__rs112__m1__alt.
canonical_selected_sequence_sha256	0f3b1de6b9a1a7195b08da9af55e6290304f954e6852197616160b359d0ee704	4Y1M__GTP__laGB__aaA__rs208__m1__alt.	4Y1M__GTP__laN__aaB__rs212__m1__alt.
canonical_selected_sequence_sha256	14f354481b4c0a7411134131b27aa1688c72cc8ccebf82193e0320113eea8749	3U4M__MLI__laO__aaB__rs2202__m1__alt.	3U4M__MLI__laP__aaB__rs2203__m1__alt.
canonical_selected_sequence_sha256	14f354481b4c0a7411134131b27aa1688c72cc8ccebf82193e0320113eea8749	3U4M__MLI__laO__aaB__rs2202__m1__alt.	3U4M__MLI__laQ__aaB__rs2204__m1__alt.
canonical_selected_sequence_sha256	14f354481b4c0a7411134131b27aa1688c72cc8ccebf82193e0320113eea8749	3U4M__MLI__laO__aaB__rs2202__m1__alt.	3U4M__MLI__laR__aaB__rs2205__m1__alt.
canonical_selected_sequence_sha256	14f354481b4c0a7411134131b27aa1688c72cc8ccebf82193e0320113eea8749	3U4M__MLI__laO__aaB__rs2202__m1__alt.	3U56__MLI__laD__aaB__rs2201__m1__alt.
canonical_selected_sequence_sha256	14f354481b4c0a7411134131b27aa1688c72cc8ccebf82193e0320113eea8749	3U4M__MLI__laO__aaB__rs2202__m1__alt.	5NPM__MLI__laC__aaB__rs101__m1__alt.
canonical_selected_sequence_sha256	1658e749d2ea067b6918b6eaeed6444ad4c2aaa1ea688f6de45e90e2eecab298	9BUN__FH8__laM__aaB__rs105__m1__alt.	9BUN__FH8__laW__aaD__rs104__m1__alt.
canonical_selected_sequence_sha256	167c90b55b6d75d54ccc1eed539851fefe1aaf688b64df7a78115855b31ace39	9KG8__BER__laB__aaX__rs101__m1__alt.	9KG8__BER__laC__aaX__rs102__m1__alt.
canonical_selected_sequence_sha256	182467f97ffb80933df6ec625e43a8b8020bb65a03bf15b0dc12627407df1df2	7RIM__5N0__laN__aaT__rs101__m1__alt.	7RIP__5N0__laO__aaT__rs101__m1__alt.
canonical_selected_sequence_sha256	182467f97ffb80933df6ec625e43a8b8020bb65a03bf15b0dc12627407df1df2	7RIM__5N0__laN__aaT__rs101__m1__alt.	7RIX__5N0__laO__aaT__rs101__m1__alt.
canonical_selected_sequence_sha256	182467f97ffb80933df6ec625e43a8b8020bb65a03bf15b0dc12627407df1df2	7RIM__5N0__laN__aaT__rs101__m1__alt.	7RIY__5N0__laO__aaT__rs101__m1__alt.
canonical_selected_sequence_sha256	18867ef8eb52d29464e5af19f915f9516a95e7b1c585fdf437f77bcea9714cf3	1D54__DM6__laB__aaA__rs7__m1__alt.	1IMR__DM7__laB__aaA__rs7__m1__alt.
canonical_selected_sequence_sha256	18867ef8eb52d29464e5af19f915f9516a95e7b1c585fdf437f77bcea9714cf3	1D54__DM6__laB__aaA__rs7__m1__alt.	1VTH__DM1__laB__aaA__rs7__m1__alt.
canonical_selected_sequence_sha256	1c048793c7486db2999bc8ca4bcedb226fc8748c54a4bf32e3fedb41bfd89e60	3CDM__NII__laD__aaA__rs27__m1__alt.	3CDM__NII__laH__aaB__rs27__m1__alt.
canonical_selected_sequence_sha256	1c048793c7486db2999bc8ca4bcedb226fc8748c54a4bf32e3fedb41bfd89e60	3CDM__NII__laD__aaA__rs27__m1__alt.	3CDM__NII__laI__aaB__rs28__m1__alt.
canonical_selected_sequence_sha256	1c048793c7486db2999bc8ca4bcedb226fc8748c54a4bf32e3fedb41bfd89e60	3CDM__NII__laD__aaA__rs27__m1__alt.	3CDM__NII__laJ__aaB__rs29__m1__alt.
canonical_selected_sequence_sha256	1c6ac0aa6ba58674a2a4339a197cc8e9c68d2a9543858b773cecb27a7a0b7ba9	207D__CRH__laL__aaA__rs13__m1__alt.	207D__CRH__laM__aaA__rs27__m1__alt.
canonical_selected_sequence_sha256	1c6ac0aa6ba58674a2a4339a197cc8e9c68d2a9543858b773cecb27a7a0b7ba9	207D__CRH__laL__aaA__rs13__m1__alt.	207D__CRH__laO__aaB__rs17__m1__alt.
canonical_selected_sequence_sha256	1c6ac0aa6ba58674a2a4339a197cc8e9c68d2a9543858b773cecb27a7a0b7ba9	207D__CRH__laL__aaA__rs13__m1__alt.	207D__CRH__laP__aaB__rs23__m1__alt.
canonical_selected_sequence_sha256	1c875c500d89a0a3e553a5e1e5b1a3b7e4e4f985e488dd23a410b3ef47c943fe	8TC4__ZQQ__laE__aaA__rs101__m1__alt.	8TC4__ZQQ__laG__aaC__rs101__m1__alt.
canonical_selected_sequence_sha256	1c875c500d89a0a3e553a5e1e5b1a3b7e4e4f985e488dd23a410b3ef47c943fe	8TC4__ZQQ__laE__aaA__rs101__m1__alt.	8TC6__ZQQ__laF__aaA__rs102__m1__alt.
canonical_selected_sequence_sha256	1c875c500d89a0a3e553a5e1e5b1a3b7e4e4f985e488dd23a410b3ef47c943fe	8TC4__ZQQ__laE__aaA__rs101__m1__alt.	8TC6__ZQQ__laH__aaC__rs101__m1__alt.
canonical_selected_sequence_sha256	1cb24eda5096a47801e2f9ab075e3abe73d95d656080488231e63eef3a2c9e67	7D7W__NAD__laC__aaA__rs102__m1__alt.	7D7X__ADP__laK__aaA__rs110__m1__alt.
canonical_selected_sequence_sha256	1cb24eda5096a47801e2f9ab075e3abe73d95d656080488231e63eef3a2c9e67	7D7W__NAD__laC__aaA__rs102__m1__alt.	7D7X__GTP__laB__aaA__rs101__m1__alt.
canonical_selected_sequence_sha256	1cb24eda5096a47801e2f9ab075e3abe73d95d656080488231e63eef3a2c9e67	7D7W__NAD__laC__aaA__rs102__m1__alt.	7D7Y__ATP__laC__aaA__rs102__m1__alt.
canonical_selected_sequence_sha256	1cb24eda5096a47801e2f9ab075e3abe73d95d656080488231e63eef3a2c9e67	7D7W__NAD__laC__aaA__rs102__m1__alt.	7D7Y__GTP__laB__aaA__rs101__m1__alt.
canonical_selected_sequence_sha256	1cb24eda5096a47801e2f9ab075e3abe73d95d656080488231e63eef3a2c9e67	7D7W__NAD__laC__aaA__rs102__m1__alt.	7D7Z__GTP__laB__aaA__rs101__m1__alt.
canonical_selected_sequence_sha256	1cb24eda5096a47801e2f9ab075e3abe73d95d656080488231e63eef3a2c9e67	7D7W__NAD__laC__aaA__rs102__m1__alt.	7D7Z__NAD__laDA__aaA__rs129__m1__alt.
canonical_selected_sequence_sha256	1cbd7c0b3db846b0920b44089e181c64ced7982b7aa374bd697e33234da28461	8FI2__2ZY__laG__aaA__rs106__m1__alt.	8FI7__747__laG__aaA__rs106__m1__alt.
canonical_selected_sequence_sha256	1cbd7c0b3db846b0920b44089e181c64ced7982b7aa374bd697e33234da28461	8FI2__2ZY__laG__aaA__rs106__m1__alt.	8FI8__X5R__laG__aaA__rs106__m1__alt.
canonical_selected_sequence_sha256	1ee126d46c8b88095cb5028bbf1b4add0b10dc90e96dbe35f112904172c86243	151D__DM2__laB__aaA__rs7__m1__alt.	152D__DM1__laB__aaA__rs7__m1__alt.
canonical_selected_sequence_sha256	1ee126d46c8b88095cb5028bbf1b4add0b10dc90e96dbe35f112904172c86243	151D__DM2__laB__aaA__rs7__m1__alt.	1D10__DM1__laB__aaA__rs7__m1__alt.
canonical_selected_sequence_sha256	1ee126d46c8b88095cb5028bbf1b4add0b10dc90e96dbe35f112904172c86243	151D__DM2__laB__aaA__rs7__m1__alt.	1D12__DM2__laB__aaA__rs7__m1__alt.
canonical_selected_sequence_sha256	1ee126d46c8b88095cb5028bbf1b4add0b10dc90e96dbe35f112904172c86243	151D__DM2__laB__aaA__rs7__m1__alt.	1D15__DM6__laB__aaA__rs7__m1__alt.
canonical_selected_sequence_sha256	1ee126d46c8b88095cb5028bbf1b4add0b10dc90e96dbe35f112904172c86243	151D__DM2__laB__aaA__rs7__m1__alt.	1D37__DM4__laB__aaA__rs7__m1__alt.
canonical_selected_sequence_sha256	1ee126d46c8b88095cb5028bbf1b4add0b10dc90e96dbe35f112904172c86243	151D__DM2__laB__aaA__rs7__m1__alt.	1D38__DM5__laB__aaA__rs7__m1__alt.
canonical_selected_sequence_sha256	1ee126d46c8b88095cb5028bbf1b4add0b10dc90e96dbe35f112904172c86243	151D__DM2__laB__aaA__rs7__m1__alt.	1DA0__DM1__laB__aaA__rs7__m1__alt.
canonical_selected_sequence_sha256	1ee126d46c8b88095cb5028bbf1b4add0b10dc90e96dbe35f112904172c86243	151D__DM2__laB__aaA__rs7__m1__alt.	1IMS__DM7__laB__aaA__rs7__m1__alt.
canonical_selected_sequence_sha256	1ee126d46c8b88095cb5028bbf1b4add0b10dc90e96dbe35f112904172c86243	151D__DM2__laB__aaA__rs7__m1__alt.	1JO2__DM1__laB__aaA__rs7__m1__alt.
canonical_selected_sequence_sha256	1ee126d46c8b88095cb5028bbf1b4add0b10dc90e96dbe35f112904172c86243	151D__DM2__laB__aaA__rs7__m1__alt.	1P20__DM2__laB__aaA__rs7__m1__alt.
canonical_selected_sequence_sha256	1ee126d46c8b88095cb5028bbf1b4add0b10dc90e96dbe35f112904172c86243	151D__DM2__laB__aaA__rs7__m1__alt.	1R68__MAR__laB__aaA__rs7__m1__alt.
canonical_selected_sequence_sha256	1ee126d46c8b88095cb5028bbf1b4add0b10dc90e96dbe35f112904172c86243	151D__DM2__laB__aaA__rs7__m1__alt.	234D__DMM__laB__aaA__rs7__m1__alt.
canonical_selected_sequence_sha256	1ee126d46c8b88095cb5028bbf1b4add0b10dc90e96dbe35f112904172c86243	151D__DM2__laB__aaA__rs7__m1__alt.	235D__DMM__laB__aaA__rs7__m1__altA
canonical_selected_sequence_sha256	1ee126d46c8b88095cb5028bbf1b4add0b10dc90e96dbe35f112904172c86243	151D__DM2__laB__aaA__rs7__m1__alt.	236D__CMD__laB__aaA__rs7__m1__alt.
canonical_selected_sequence_sha256	1ee126d46c8b88095cb5028bbf1b4add0b10dc90e96dbe35f112904172c86243	151D__DM2__laB__aaA__rs7__m1__alt.	276D__DM8__laB__aaA__rs7__m1__alt.
canonical_selected_sequence_sha256	1ee126d46c8b88095cb5028bbf1b4add0b10dc90e96dbe35f112904172c86243	151D__DM2__laB__aaA__rs7__m1__alt.	385D__NOD__laB__aaA__rs7__m1__alt.
canonical_selected_sequence_sha256	1ee126d46c8b88095cb5028bbf1b4add0b10dc90e96dbe35f112904172c86243	151D__DM2__laB__aaA__rs7__m1__alt.	482D__DM9__laB__aaA__rs7__m1__alt.
canonical_selected_sequence_sha256	1ee126d46c8b88095cb5028bbf1b4add0b10dc90e96dbe35f112904172c86243	151D__DM2__laB__aaA__rs7__m1__alt.	4L5K__KPT__laB__aaA__rs101__m1__alt.
canonical_selected_sequence_sha256	20b40327f40f8e33d9a4065ab7040d1187fb8670d4420304f1e92311429d05fb	8HZD__O2I__laF__aaA__rs104__m1__alt.	8HZD__O2I__laK__aaB__rs105__m1__alt.
canonical_selected_sequence_sha256	20b40327f40f8e33d9a4065ab7040d1187fb8670d4420304f1e92311429d05fb	8HZD__O2I__laF__aaA__rs104__m1__alt.	8HZK__NI4__laBA__aaB__rs110__m1__alt.
canonical_selected_sequence_sha256	20b40327f40f8e33d9a4065ab7040d1187fb8670d4420304f1e92311429d05fb	8HZD__O2I__laF__aaA__rs104__m1__alt.	8HZK__NI4__laR__aaA__rs116__m1__alt.
canonical_selected_sequence_sha256	217ce689883834b65bb4dea2b39ef12a4f2c01a3b7d8ed32325be6fd4084a15d	8HZL__NI4__laDA__aaB__rs115__m1__alt.	8HZL__NI4__laEA__aaB__rs116__m1__alt.
canonical_selected_sequence_sha256	217ce689883834b65bb4dea2b39ef12a4f2c01a3b7d8ed32325be6fd4084a15d	8HZL__NI4__laDA__aaB__rs115__m1__alt.	8HZL__NI4__laM__aaA__rs111__m1__alt.
canonical_selected_sequence_sha256	217ce689883834b65bb4dea2b39ef12a4f2c01a3b7d8ed32325be6fd4084a15d	8HZL__NI4__laDA__aaB__rs115__m1__alt.	8HZL__NI4__laO__aaA__rs113__m1__alt.
canonical_selected_sequence_sha256	2205ab0515cd8f5fcb9374657b590078042055c9730c3ef4807c971a46d1a928	6XRQ__V8A__laF__aaA__rs102__m1__alt.	6XRQ__V8A__laG__aaA__rs103__m1__alt.
canonical_selected_sequence_sha256	26630cfc942e3b0113e36f7459b906e589a374b35eba814231acd0640766e54a	8G4W__PRF__laI__aaR__rs101__m1__alt.	8G7E__PRF__laI__aaR__rs101__m1__alt.
canonical_selected_sequence_sha256	26d0c56b2f35c364515fe0aaddaef6572475993c96d3080acfa2957745972e5a	2QWY__SAM__laH__aaA__rs100__m1__alt.	2QWY__SAM__laK__aaB__rs300__m1__alt.
canonical_selected_sequence_sha256	26d0c56b2f35c364515fe0aaddaef6572475993c96d3080acfa2957745972e5a	2QWY__SAM__laH__aaA__rs100__m1__alt.	2QWY__SAM__laO__aaC__rs500__m1__alt.
canonical_selected_sequence_sha256	27546a59c45c7ca14c022f4bb09260ae316a600f97717c6a087dd926eebb4c88	9E5K__N3D__laF__aaA__rs102__m1__alt.	9E5K__N3D__laSA__aaD__rs102__m1__alt.
canonical_selected_sequence_sha256	2acb1345eb259905224200541d75c0ddb5e143207353120a0fea00d6901e8c85	6DLQ__PRP__laB__aaA__rs201__m1__altA	6DLR__PRP__laB__aaA__rs201__m1__altA
canonical_selected_sequence_sha256	2acb1345eb259905224200541d75c0ddb5e143207353120a0fea00d6901e8c85	6DLQ__PRP__laB__aaA__rs201__m1__altA	6DLS__PRP__laB__aaA__rs201__m1__altA
canonical_selected_sequence_sha256	2acb1345eb259905224200541d75c0ddb5e143207353120a0fea00d6901e8c85	6DLQ__PRP__laB__aaA__rs201__m1__altA	6DLT__PRP__laH__aaA__rs207__m1__altA
canonical_selected_sequence_sha256	2b3fe86a97a46e16381752cad32e05f0fc1bee3b4e635c6ea461ea493261226a	1CX3__NF__laC__aaA__rs7__m1__alt.	1QCH__NGM__laC__aaA__rs13__m1__alt.
canonical_selected_sequence_sha256	2b3fe86a97a46e16381752cad32e05f0fc1bee3b4e635c6ea461ea493261226a	1CX3__NF__laC__aaA__rs7__m1__alt.	1X95__XR2__laC__aaA__rs21__m1__alt.
canonical_selected_sequence_sha256	2b3fe86a97a46e16381752cad32e05f0fc1bee3b4e635c6ea461ea493261226a	1CX3__NF__laC__aaA__rs7__m1__alt.	4BZT__XR2__laC__aaA__rs13__m1__alt.
canonical_selected_sequence_sha256	2b42e4ed0c4059976c1e4b155e010843001dd820c178c319a9923709846ab28c	8HZL__NI4__laCA__aaB__rs114__m1__alt.	8HZL__NI4__laN__aaA__rs112__m1__alt.
canonical_selected_sequence_sha256	3053e68d4fc12ac69a2e6d57f40417974bb018f20c2fb1fea78327a871d30d51	6YMJ__ADN__laAA__aaO__rs102__m1__alt.	6YMJ__ADN__laQ__aaC__rs102__m1__alt.
canonical_selected_sequence_sha256	3053e68d4fc12ac69a2e6d57f40417974bb018f20c2fb1fea78327a871d30d51	6YMJ__ADN__laAA__aaO__rs102__m1__alt.	6YMJ__ADN__laU__aaI__rs201__m1__alt.
canonical_selected_sequence_sha256	3053e68d4fc12ac69a2e6d57f40417974bb018f20c2fb1fea78327a871d30d51	6YMJ__ADN__laAA__aaO__rs102__m1__alt.	6YMK__MTA__laO__aaC__rs101__m1__alt.
canonical_selected_sequence_sha256	3053e68d4fc12ac69a2e6d57f40417974bb018f20c2fb1fea78327a871d30d51	6YMJ__ADN__laAA__aaO__rs102__m1__alt.	6YMK__MTA__laU__aaI__rs101__m1__alt.
canonical_selected_sequence_sha256	3053e68d4fc12ac69a2e6d57f40417974bb018f20c2fb1fea78327a871d30d51	6YMJ__ADN__laAA__aaO__rs102__m1__alt.	6YMK__MTA__laY__aaO__rs101__m1__alt.
canonical_selected_sequence_sha256	3516c946afb2e2bf35e339b97024e41044c8ee044fd64164636aa262bdb3b263	6QN3__GLN__laG__aaA__rs105__m1__alt.	6QN3__GLN__laL__aaB__rs205__m1__alt.
canonical_selected_sequence_sha256	3576fca5fc4180a82d8d2b9d5bc292364afd5432a1ffbe7a1ee3dc901514c4dc	7SZU__J8F__laF__aaR__rs103__m1__alt.	7U0Y__KY6__laD__aaR__rs301__m1__alt.
canonical_selected_sequence_sha256	35d339edefaeec845dc88a64703b4517ddd2c906e9202d6f810347f359a1c499	3L3C__G6P__laBA__aaH__rs5004__m1__alt.	3L3C__G6P__laN__aaP__rs5001__m1__alt.
canonical_selected_sequence_sha256	363e201669deb4c9cd373a2548561b040277bcca8909491bb6f8c97d2bf50f77	6V9D__QW4__laC__aaB__rs101__m1__alt.	6V9D__QW4__laD__aaB__rs102__m1__alt.
canonical_selected_sequence_sha256	363e201669deb4c9cd373a2548561b040277bcca8909491bb6f8c97d2bf50f77	6V9D__QW4__laC__aaB__rs101__m1__alt.	6V9D__QW4__laH__aaE__rs101__m1__alt.
canonical_selected_sequence_sha256	36c56e7667bcf4dacfea17961ec50456465aec4ca3423f54e508c164d98aa9dd	9GVI__PQ3__laB__aaA__rs101__m1__alt.	9GVV__LWQ__laB__aaA__rs101__m1__alt.
canonical_selected_sequence_sha256	376715c35b73dcfcbfa88693b2d53efb1ad22425a0dec8633e85e1c39ef1c4fc	9CPD__MQC__laC__aaB__rs101__m1__alt.	9CPG__A1AZM__laC__aaB__rs101__m1__alt.
canonical_selected_sequence_sha256	376715c35b73dcfcbfa88693b2d53efb1ad22425a0dec8633e85e1c39ef1c4fc	9CPD__MQC__laC__aaB__rs101__m1__alt.	9CPI__A1AZL__laC__aaB__rs101__m1__alt.
canonical_selected_sequence_sha256	37c2c204644eeca6e41ccafb508cc558ac039e3d846a9845ab402ba0f5a5d7c7	7PNG__7V5__laB__aaA__rs101__m1__alt.	8ABD__PQ3__laB__aaA__rs101__m1__alt.
canonical_selected_sequence_sha256	391d1dd7c282c8088c0cfd570c3ca71f39dc677280f8c05dbe7ecae9ac16341b	8GXB__NAD__laH__aaA__rs101__m1__alt.	8GXB__NAD__laS__aaB__rs101__m1__alt.
canonical_selected_sequence_sha256	391d1dd7c282c8088c0cfd570c3ca71f39dc677280f8c05dbe7ecae9ac16341b	8GXB__NAD__laH__aaA__rs101__m1__alt.	8GXC__NMN__laH__aaA__rs101__m1__alt.
canonical_selected_sequence_sha256	391d1dd7c282c8088c0cfd570c3ca71f39dc677280f8c05dbe7ecae9ac16341b	8GXB__NAD__laH__aaA__rs101__m1__alt.	8GXC__NMN__laO__aaB__rs101__m1__alt.
canonical_selected_sequence_sha256	3997962e897c47016a07f1ca98e0b8db85db63fd0ccd2bd40b26123ed2f2ebca	4RPX__DCP__laT__aaD__rs101__m1__alt.	4RPY__DCP__laU__aaT__rs101__m1__alt.
canonical_selected_sequence_sha256	3997962e897c47016a07f1ca98e0b8db85db63fd0ccd2bd40b26123ed2f2ebca	4RPX__DCP__laT__aaD__rs101__m1__alt.	4RPZ__DCP__laO__aaD__rs101__m1__alt.
canonical_selected_sequence_sha256	3997962e897c47016a07f1ca98e0b8db85db63fd0ccd2bd40b26123ed2f2ebca	4RPX__DCP__laT__aaD__rs101__m1__alt.	7RBI__DCP__laM__aaD__rs101__m1__alt.
canonical_selected_sequence_sha256	39d84365c4c683a0b565af4c564c07dad2f796ab1ab1a088486dc569609dfebc	5JW0__6O7__laC__aaA__rs101__m1__alt.	5JW0__6O7__laD__aaA__rs102__m1__alt.
canonical_selected_sequence_sha256	39d84365c4c683a0b565af4c564c07dad2f796ab1ab1a088486dc569609dfebc	5JW0__6O7__laC__aaA__rs101__m1__alt.	5JW0__6O7__laE__aaA__rs103__m1__alt.
canonical_selected_sequence_sha256	39d84365c4c683a0b565af4c564c07dad2f796ab1ab1a088486dc569609dfebc	5JW0__6O7__laC__aaA__rs101__m1__alt.	5JW0__6O7__laK__aaB__rs101__m1__alt.
canonical_selected_sequence_sha256	3a3ea78e9a8a5ff68e717d5200e91b56af902ac5c9855f7de4224b1bd93ac7f8	6C63__EKJ__laD__aaA__rs101__m1__alt.	6C63__EKJ__laH__aaB__rs101__m1__alt.
canonical_selected_sequence_sha256	3a3ea78e9a8a5ff68e717d5200e91b56af902ac5c9855f7de4224b1bd93ac7f8	6C63__EKJ__laD__aaA__rs101__m1__alt.	6C64__EKM__laD__aaA__rs101__m1__alt.
canonical_selected_sequence_sha256	3a3ea78e9a8a5ff68e717d5200e91b56af902ac5c9855f7de4224b1bd93ac7f8	6C63__EKJ__laD__aaA__rs101__m1__alt.	6C64__EKM__laH__aaB__rs101__m1__alt.
canonical_selected_sequence_sha256	3a67ac5572f8b84ec613e97d3c8ac6554bebf9621264f181530f66ca9b3dd62b	4QK8__2BA__laB__aaA__rs201__m1__alt.	4QK8__2BA__laC__aaA__rs202__m1__alt.
canonical_selected_sequence_sha256	3a67ac5572f8b84ec613e97d3c8ac6554bebf9621264f181530f66ca9b3dd62b	4QK8__2BA__laB__aaA__rs201__m1__alt.	4QKA__2BA__laB__aaA__rs201__m1__alt.
canonical_selected_sequence_sha256	3a67ac5572f8b84ec613e97d3c8ac6554bebf9621264f181530f66ca9b3dd62b	4QK8__2BA__laB__aaA__rs201__m1__alt.	4QKA__2BA__laC__aaA__rs202__m1__alt.
canonical_selected_sequence_sha256	3ad45f7bed06509243666efc1d024abcdd667571c8febcd440940b404741f822	4XW7__AMZ__laB__aaA__rs101__m1__alt.	4XWF__AMZ__laB__aaA__rs101__m1__alt.
canonical_selected_sequence_sha256	3ad45f7bed06509243666efc1d024abcdd667571c8febcd440940b404741f822	4XW7__AMZ__laB__aaA__rs101__m1__alt.	8VQV__UG4__laD__aaA__rs103__m1__alt.
canonical_selected_sequence_sha256	3ad45f7bed06509243666efc1d024abcdd667571c8febcd440940b404741f822	4XW7__AMZ__laB__aaA__rs101__m1__alt.	8VVJ__A1AD3__laE__aaA__rs104__m1__alt.
canonical_selected_sequence_sha256	3e8933b594c7ee3798c763e4e7185a1547df263c6fd8a1cb5d3b67b53de530e9	2HRI__POH__laF__aaA__rs26__m1__alt.	2HRI__POH__laG__aaA__rs27__m1__alt.
canonical_selected_sequence_sha256	3eb4e3d8e7b0b971a0f4548d9ffd6ac87a60832c97d5c157ca730f5481cf29c7	7X8M__BER__laB__aaX__rs101__m1__alt.	7X8M__BER__laC__aaX__rs102__m1__alt.
canonical_selected_sequence_sha256	3eb4e3d8e7b0b971a0f4548d9ffd6ac87a60832c97d5c157ca730f5481cf29c7	7X8M__BER__laB__aaX__rs101__m1__alt.	7X8O__KPT__laB__aaX__rs101__m1__alt.
canonical_selected_sequence_sha256	3eb4e3d8e7b0b971a0f4548d9ffd6ac87a60832c97d5c157ca730f5481cf29c7	7X8M__BER__laB__aaX__rs101__m1__alt.	7X8O__KPT__laC__aaX__rs102__m1__alt.
canonical_selected_sequence_sha256	3f01b0c61b4aaed43e79d8835749ce830e4797ab6a72eaeb7032aad4d7d75279	4ZNP__AMZ__laC__aaA__rs101__m1__alt.	4ZNP__AMZ__laF__aaB__rs101__m1__alt.
canonical_selected_sequence_sha256	3fa6b6da0811b000597f1747b7a4f654222c696764575e61cef1308e9a14b0bb	9DQE__KPT__laB__aaX__rs101__m1__alt.	9DQE__KPT__laC__aaX__rs102__m1__alt.
canonical_selected_sequence_sha256	3fa6b6da0811b000597f1747b7a4f654222c696764575e61cef1308e9a14b0bb	9DQE__KPT__laB__aaX__rs101__m1__alt.	9JO1__BER__laB__aaX__rs101__m1__alt.
canonical_selected_sequence_sha256	3fa6b6da0811b000597f1747b7a4f654222c696764575e61cef1308e9a14b0bb	9DQE__KPT__laB__aaX__rs101__m1__alt.	9JO1__BER__laC__aaX__rs102__m1__alt.
canonical_selected_sequence_sha256	451fe1340e84ecf50c7e6b9da5fcbb722e75f0f459754c8e7a7e896ea00c017d	7OAV__V5Z__laE__aaA__rs101__m1__alt.	7OAV__V5Z__laK__aaB__rs101__m1__alt.
canonical_selected_sequence_sha256	451fe1340e84ecf50c7e6b9da5fcbb722e75f0f459754c8e7a7e896ea00c017d	7OAV__V5Z__laE__aaA__rs101__m1__alt.	7OAV__V5Z__laP__aaC__rs101__m1__alt.
canonical_selected_sequence_sha256	451fe1340e84ecf50c7e6b9da5fcbb722e75f0f459754c8e7a7e896ea00c017d	7OAV__V5Z__laE__aaA__rs101__m1__alt.	7OAV__V5Z__laT__aaD__rs101__m1__alt.
canonical_selected_sequence_sha256	451fe1340e84ecf50c7e6b9da5fcbb722e75f0f459754c8e7a7e896ea00c017d	7OAV__V5Z__laE__aaA__rs101__m1__alt.	7OAW__V6T__laH__aaA__rs104__m1__alt.
canonical_selected_sequence_sha256	451fe1340e84ecf50c7e6b9da5fcbb722e75f0f459754c8e7a7e896ea00c017d	7OAV__V5Z__laE__aaA__rs101__m1__alt.	7OAW__V6T__laN__aaB__rs104__m1__alt.
canonical_selected_sequence_sha256	451fe1340e84ecf50c7e6b9da5fcbb722e75f0f459754c8e7a7e896ea00c017d	7OAV__V5Z__laE__aaA__rs101__m1__alt.	7OAW__V6T__laT__aaC__rs105__m1__alt.
canonical_selected_sequence_sha256	451fe1340e84ecf50c7e6b9da5fcbb722e75f0f459754c8e7a7e896ea00c017d	7OAV__V5Z__laE__aaA__rs101__m1__alt.	7OAW__V6T__laY__aaD__rs104__m1__alt.
canonical_selected_sequence_sha256	451fe1340e84ecf50c7e6b9da5fcbb722e75f0f459754c8e7a7e896ea00c017d	7OAV__V5Z__laE__aaA__rs101__m1__alt.	7OAX__V5Z__laDA__aaD__rs103__m1__alt.
canonical_selected_sequence_sha256	451fe1340e84ecf50c7e6b9da5fcbb722e75f0f459754c8e7a7e896ea00c017d	7OAV__V5Z__laE__aaA__rs101__m1__alt.	7OAX__V5Z__laF__aaA__rs102__m1__alt.
canonical_selected_sequence_sha256	451fe1340e84ecf50c7e6b9da5fcbb722e75f0f459754c8e7a7e896ea00c017d	7OAV__V5Z__laE__aaA__rs101__m1__alt.	7OAX__V5Z__laO__aaB__rs103__m1__alt.
canonical_selected_sequence_sha256	451fe1340e84ecf50c7e6b9da5fcbb722e75f0f459754c8e7a7e896ea00c017d	7OAV__V5Z__laE__aaA__rs101__m1__alt.	7OAX__V5Z__laW__aaC__rs103__m1__alt.
canonical_selected_sequence_sha256	47a54842048b0e5534be4005abc41c8458674751a47e1078f4cdee388e21b4d5	8FHV__2ZY__laH__aaA__rs107__m1__alt.	8FHX__2ZY__laH__aaA__rs107__m1__alt.
canonical_selected_sequence_sha256	47a54842048b0e5534be4005abc41c8458674751a47e1078f4cdee388e21b4d5	8FHV__2ZY__laH__aaA__rs107__m1__alt.	8FHZ__747__laH__aaA__rs107__m1__alt.
canonical_selected_sequence_sha256	47a54842048b0e5534be4005abc41c8458674751a47e1078f4cdee388e21b4d5	8FHV__2ZY__laH__aaA__rs107__m1__alt.	8FI0__X5R__laH__aaA__rs107__m1__alt.
canonical_selected_sequence_sha256	47e6a1462a3f4512c6472d8097ca0599d27d087ccf66e4da66be29cf37e7c9cf	5IHD__2OP__laG__aaA__rs103__m1__alt.	5IHD__2OP__laJ__aaB__rs103__m1__alt.
canonical_selected_sequence_sha256	47e6a1462a3f4512c6472d8097ca0599d27d087ccf66e4da66be29cf37e7c9cf	5IHD__2OP__laG__aaA__rs103__m1__alt.	5IHD__SIN__laM__aaD__rs101__m1__alt.
canonical_selected_sequence_sha256	4b413a46a00c26bb7ca8ee63c710aab5fe39c62f018465beb36f9bedc79c6861	6E81__TFX__laB__aaA__rs101__m1__altA	6E84__J0D__laC__aaA__rs102__m1__alt.
canonical_selected_sequence_sha256	4e825da637359db9687daae24bdd16ac1e7ab81b547413ff531be165b41072a0	1AMD__BNR__laC__aaB__rs13__m1__alt.	258D__NGM__laK__aaC__rs28__m1__alt.
canonical_selected_sequence_sha256	4e87233dbe313110e2dd6d82cfef0412bd46109f7f9af33f752c0449d01246a6	7YC8__GTP__laB__aaN__rs501__m1__alt.	7YCG__GTP__laC__aaN__rs501__m1__alt.
canonical_selected_sequence_sha256	5041001965e82af44a7332f155e11a287d3da527e13f5dc0b125bc0ff9e744db	8EYU__X5R__laE__aaB__rs103__m1__alt.	8EYU__X5R__laI__aaA__rs104__m1__alt.
canonical_selected_sequence_sha256	5041001965e82af44a7332f155e11a287d3da527e13f5dc0b125bc0ff9e744db	8EYU__X5R__laE__aaB__rs103__m1__alt.	8EYV__747__laF__aaA__rs104__m1__alt.
canonical_selected_sequence_sha256	5041001965e82af44a7332f155e11a287d3da527e13f5dc0b125bc0ff9e744db	8EYU__X5R__laE__aaB__rs103__m1__alt.	8EYV__747__laI__aaB__rs103__m1__alt.
canonical_selected_sequence_sha256	5041001965e82af44a7332f155e11a287d3da527e13f5dc0b125bc0ff9e744db	8EYU__X5R__laE__aaB__rs103__m1__alt.	8EYW__TFX__laI__aaA__rs103__m1__alt.
canonical_selected_sequence_sha256	50e7573cf15cd9d7d0a3da3ec70f30bca78e0017c5caae4f38a2bb90276491a2	6QIR__J48__laE__aaA__rs101__m1__alt.	6QIR__J48__laF__aaA__rs102__m1__alt.
canonical_selected_sequence_sha256	50e7573cf15cd9d7d0a3da3ec70f30bca78e0017c5caae4f38a2bb90276491a2	6QIR__J48__laE__aaA__rs101__m1__alt.	6QIR__J48__laG__aaC__rs101__m1__alt.
canonical_selected_sequence_sha256	50e7573cf15cd9d7d0a3da3ec70f30bca78e0017c5caae4f38a2bb90276491a2	6QIR__J48__laE__aaA__rs101__m1__alt.	6QIR__J48__laH__aaD__rs101__m1__alt.
canonical_selected_sequence_sha256	522a3d2a073c50ef2e71e81b6a4a1b5a0a5410be47c3a1981f527a30a31964e1	224D__NGM__laC__aaA__rs14__m1__altA	224D__NGM__laD__aaB__rs13__m1__alt.
canonical_selected_sequence_sha256	522a3d2a073c50ef2e71e81b6a4a1b5a0a5410be47c3a1981f527a30a31964e1	224D__NGM__laC__aaA__rs14__m1__altA	245D__NGM__laC__aaA__rs14__m1__altA
canonical_selected_sequence_sha256	522a3d2a073c50ef2e71e81b6a4a1b5a0a5410be47c3a1981f527a30a31964e1	224D__NGM__laC__aaA__rs14__m1__altA	245D__NGM__laD__aaB__rs13__m1__alt.
canonical_selected_sequence_sha256	525a81e1b055961bedf6bc17de972ef8f8aa43b2d205c5caa361464885be6f01	8TB4__DAP__laE__aaA__rs101__m1__alt.	8TBD__HT1__laI__aaC__rs101__m1__alt.
canonical_selected_sequence_sha256	54445d13d7a2e2ff3913d6717a97a7d8cae81772820a4f498d65d38245582e48	8ZW3__BER__laB__aaX__rs101__m1__alt.	8ZW3__BER__laC__aaX__rs102__m1__alt.
canonical_selected_sequence_sha256	5494b1ad82b629263b833bf41f113f99d629d8bc31a6db649cfc3b50be1b1d4a	6VA2__QSV__laC__aaA__rs101__m1__alt.	6VA3__MQC__laC__aaA__rs101__m1__alt.
canonical_selected_sequence_sha256	5494b1ad82b629263b833bf41f113f99d629d8bc31a6db649cfc3b50be1b1d4a	6VA2__QSV__laC__aaA__rs101__m1__alt.	6VA4__QSY__laC__aaB__rs101__m1__alt.
canonical_selected_sequence_sha256	54b1d5bda98e0432cdd702ff812df549661a21bf2c62a73d6c203175c3231716	3EM2__NCE__laF__aaA__rs29__m1__alt.	3EQW__NCI__laF__aaA__rs29__m1__alt.
canonical_selected_sequence_sha256	54b1d5bda98e0432cdd702ff812df549661a21bf2c62a73d6c203175c3231716	3EM2__NCE__laF__aaA__rs29__m1__alt.	3ERU__NCJ__laF__aaA__rs29__m1__alt.
canonical_selected_sequence_sha256	54b1d5bda98e0432cdd702ff812df549661a21bf2c62a73d6c203175c3231716	3EM2__NCE__laF__aaA__rs29__m1__alt.	3ES0__NCK__laF__aaA__rs29__m1__alt.
canonical_selected_sequence_sha256	54b1d5bda98e0432cdd702ff812df549661a21bf2c62a73d6c203175c3231716	3EM2__NCE__laF__aaA__rs29__m1__alt.	3ET8__NCL__laF__aaA__rs29__m1__alt.
canonical_selected_sequence_sha256	54b1d5bda98e0432cdd702ff812df549661a21bf2c62a73d6c203175c3231716	3EM2__NCE__laF__aaA__rs29__m1__alt.	3EUI__NC5__laH__aaA__rs57__m1__alt.
canonical_selected_sequence_sha256	54b1d5bda98e0432cdd702ff812df549661a21bf2c62a73d6c203175c3231716	3EM2__NCE__laF__aaA__rs29__m1__alt.	3EUI__NCI__laN__aaC__rs58__m1__alt.
canonical_selected_sequence_sha256	54b1d5bda98e0432cdd702ff812df549661a21bf2c62a73d6c203175c3231716	3EM2__NCE__laF__aaA__rs29__m1__alt.	3EUM__NCQ__laF__aaA__rs29__m1__alt.
canonical_selected_sequence_sha256	54b1d5bda98e0432cdd702ff812df549661a21bf2c62a73d6c203175c3231716	3EM2__NCE__laF__aaA__rs29__m1__alt.	3NYP__RNR__laF__aaA__rs17__m1__alt.
canonical_selected_sequence_sha256	54b1d5bda98e0432cdd702ff812df549661a21bf2c62a73d6c203175c3231716	3EM2__NCE__laF__aaA__rs29__m1__alt.	3NZ7__SNS__laF__aaA__rs17__m1__alt.
canonical_selected_sequence_sha256	5663e5c7723749a5620dce664e9c59234a6b88327e05c331dc2dd4585bb1bd4a	7YVW__B2R__laC__aaA__rs101__m1__alt.	7YVW__B2R__laD__aaA__rs102__m1__alt.
canonical_selected_sequence_sha256	5663e5c7723749a5620dce664e9c59234a6b88327e05c331dc2dd4585bb1bd4a	7YVW__B2R__laC__aaA__rs101__m1__alt.	8ZD2__A1L1S__laC__aa1__rs101__m1__alt.
canonical_selected_sequence_sha256	5663e5c7723749a5620dce664e9c59234a6b88327e05c331dc2dd4585bb1bd4a	7YVW__B2R__laC__aaA__rs101__m1__alt.	8ZD2__A1L1S__laD__aa2__rs101__m1__alt.
canonical_selected_sequence_sha256	5663e5c7723749a5620dce664e9c59234a6b88327e05c331dc2dd4585bb1bd4a	7YVW__B2R__laC__aaA__rs101__m1__alt.	8ZD7__A1L1R__laC__aa2__rs101__m1__alt.
canonical_selected_sequence_sha256	5663e5c7723749a5620dce664e9c59234a6b88327e05c331dc2dd4585bb1bd4a	7YVW__B2R__laC__aaA__rs101__m1__alt.	8ZD8__A1L1S__laC__aa1__rs101__m1__alt.
canonical_selected_sequence_sha256	575bd4389811070edc0f28632a78277a2aab99f3ab710b1fbd751325ab70b16b	9MQS__5GP__laJ__aaA__rs409__m1__alt.	9MQT__A1BNU__laB__aaA__rs401__m1__alt.
canonical_selected_sequence_sha256	575bd4389811070edc0f28632a78277a2aab99f3ab710b1fbd751325ab70b16b	9MQS__5GP__laJ__aaA__rs409__m1__alt.	9MQU__A1BNU__laB__aaA__rs401__m1__alt.
canonical_selected_sequence_sha256	596cd6f711f0c7c1a82036e8d10d790adfeb725519b8e0e0592b585ecfae7099	6LAX__SAM__laF__aaA__rs101__m1__alt.	6LAX__SAM__laG__aaB__rs101__m1__alt.
canonical_selected_sequence_sha256	5cfc3a88e433d1f7fdc272b4c9b31f4893782f63c8b6c11590a40a5c095dc57f	9BUN__FH8__laH__aaA__rs104__m1__alt.	9BUN__FH8__laS__aaC__rs106__m1__alt.
canonical_selected_sequence_sha256	5f2076f9f1743f36dd164df3a2967abe10eba424d71b5b88e514b2dbbd6a6563	5DDP__GLN__laP__aaB__rs101__m1__alt.	5DDQ__GLN__laP__aaB__rs101__m1__alt.
canonical_selected_sequence_sha256	5f2076f9f1743f36dd164df3a2967abe10eba424d71b5b88e514b2dbbd6a6563	5DDP__GLN__laP__aaB__rs101__m1__alt.	5DDR__GLN__laS__aaB__rs101__m1__alt.
canonical_selected_sequence_sha256	6066633c6429acf91ef0663f02e69d55bea19d76836720dd587b77532b7a95aa	8HZE__NI4__laT__aaB__rs109__m1__alt.	8HZF__NJL__laG__aaA__rs105__m1__alt.
canonical_selected_sequence_sha256	6066633c6429acf91ef0663f02e69d55bea19d76836720dd587b77532b7a95aa	8HZE__NI4__laT__aaB__rs109__m1__alt.	8HZF__NJL__laL__aaB__rs105__m1__alt.
canonical_selected_sequence_sha256	6066633c6429acf91ef0663f02e69d55bea19d76836720dd587b77532b7a95aa	8HZE__NI4__laT__aaB__rs109__m1__alt.	8HZJ__O00__laI__aaA__rs107__m1__alt.
canonical_selected_sequence_sha256	6066633c6429acf91ef0663f02e69d55bea19d76836720dd587b77532b7a95aa	8HZE__NI4__laT__aaB__rs109__m1__alt.	8HZJ__O00__laN__aaB__rs105__m1__alt.
canonical_selected_sequence_sha256	6066633c6429acf91ef0663f02e69d55bea19d76836720dd587b77532b7a95aa	8HZE__NI4__laT__aaB__rs109__m1__alt.	8HZM__NI4__laN__aaA__rs112__m1__alt.
canonical_selected_sequence_sha256	6066633c6429acf91ef0663f02e69d55bea19d76836720dd587b77532b7a95aa	8HZE__NI4__laT__aaB__rs109__m1__alt.	8HZM__NI4__laX__aaB__rs110__m1__alt.
canonical_selected_sequence_sha256	6231ee6ab66c96ddef859c731303afab968fe7c945be8e6d48b33759e19930ee	5JW2__6O7__laC__aaA__rs101__m1__alt.	5JW2__6O7__laD__aaA__rs102__m1__alt.
canonical_selected_sequence_sha256	6231ee6ab66c96ddef859c731303afab968fe7c945be8e6d48b33759e19930ee	5JW2__6O7__laC__aaA__rs101__m1__alt.	5JW2__6O7__laE__aaA__rs103__m1__alt.
canonical_selected_sequence_sha256	6231ee6ab66c96ddef859c731303afab968fe7c945be8e6d48b33759e19930ee	5JW2__6O7__laC__aaA__rs101__m1__alt.	5JW2__6O7__laI__aaB__rs101__m1__alt.
canonical_selected_sequence_sha256	63b0597636db529385dd763763dae6c6d841c691bebdb2acea5b82c9333728cc	6N5T__2BA__laB__aaA__rs201__m1__alt.	6N5T__2BA__laC__aaA__rs202__m1__alt.
canonical_selected_sequence_sha256	677b17a406862617f18f416fc61029313d03bb2f126794e6fac7a77fb859865b	9MP1__A1BNK__laC__aaA__rs101__m1__alt.	9MP1__A1BNK__laK__aaB__rs101__m1__alt.
canonical_selected_sequence_sha256	6a78f858801078234e978433a70b66ebf39be2779cbac2c75f0fd4c4521935e5	8SYK__TAC__laCA__aaB__rs202__m1__alt.	8SYK__TAC__laF__aaA__rs202__m1__alt.
canonical_selected_sequence_sha256	6a78f858801078234e978433a70b66ebf39be2779cbac2c75f0fd4c4521935e5	8SYK__TAC__laCA__aaB__rs202__m1__alt.	8SYK__TAC__laIB__aaD__rs202__m1__alt.
canonical_selected_sequence_sha256	6ad97b64f1de92f5d592866750f7eab9cedc93946d2a3485b053af9766657743	378D__DMY__laE__aaA__rs34__m1__alt.	378D__DMY__laH__aaC__rs36__m1__alt.
canonical_selected_sequence_sha256	6ad97b64f1de92f5d592866750f7eab9cedc93946d2a3485b053af9766657743	378D__DMY__laE__aaA__rs34__m1__alt.	378D__DMY__laI__aaD__rs35__m1__alt.
canonical_selected_sequence_sha256	6b3b899417810af16de61b8a4b43d36b32486be3c09ec2ebd90714f1d8c66477	8K7W__2ZY__laB__aaA__rs101__m1__alt.	9VMZ__A1EST__laC__aaA__rs102__m1__alt.
canonical_selected_sequence_sha256	6c289f7d9ec88abf9bde804719c3e4c07993ea08da2ba2bdea7b9502624bf958	7MSV__BER__laC__aaX__rs102__m1__alt.	7MSV__BER__laD__aaX__rs103__m1__alt.
canonical_selected_sequence_sha256	6c289f7d9ec88abf9bde804719c3e4c07993ea08da2ba2bdea7b9502624bf958	7MSV__BER__laC__aaX__rs102__m1__alt.	7MSV__DGP__laB__aaX__rs101__m1__alt.
canonical_selected_sequence_sha256	6c3bb735376170fcadbb9af3e78ad90692fe43595bbecaef7c253af88c42fcf0	9CJW__A1AAQ__laK__aaC__rs101__m1__alt.	9CKM__A1AY9__laM__aaC__rs101__m1__alt.
canonical_selected_sequence_sha256	6f4ea2bf71b72b649afac4484da8ceefb826128e9c839dc95b38c44fc173d664	9HRG__GTP__laG__aaA__rs103__m1__alt.	9HRG__GTP__laM__aaB__rs103__m1__alt.
canonical_selected_sequence_sha256	6f8927cd06acb8b7f5440001e785195a963b454bd93ae5d13bc21dad866de82e	1D11__DM1__laB__aaA__rs7__m1__alt.	1D36__MAR__laB__aaA__rs7__m1__alt.
canonical_selected_sequence_sha256	6f8927cd06acb8b7f5440001e785195a963b454bd93ae5d13bc21dad866de82e	1D11__DM1__laB__aaA__rs7__m1__alt.	1DL8__DA7__laB__aaA__rs3014__m1__alt.
canonical_selected_sequence_sha256	6f8927cd06acb8b7f5440001e785195a963b454bd93ae5d13bc21dad866de82e	1D11__DM1__laB__aaA__rs7__m1__alt.	1DL8__DA7__laC__aaA__rs3015__m1__altA
canonical_selected_sequence_sha256	6f8927cd06acb8b7f5440001e785195a963b454bd93ae5d13bc21dad866de82e	1D11__DM1__laB__aaA__rs7__m1__alt.	1KCI__DRC__laB__aaA__rs3014__m1__alt.
canonical_selected_sequence_sha256	6f8927cd06acb8b7f5440001e785195a963b454bd93ae5d13bc21dad866de82e	1D11__DM1__laB__aaA__rs7__m1__alt.	1KCI__DRC__laC__aaA__rs3015__m1__alt.
canonical_selected_sequence_sha256	6f8927cd06acb8b7f5440001e785195a963b454bd93ae5d13bc21dad866de82e	1D11__DM1__laB__aaA__rs7__m1__alt.	1M69__DAX__laB__aaA__rs2000__m1__altC
canonical_selected_sequence_sha256	6f8927cd06acb8b7f5440001e785195a963b454bd93ae5d13bc21dad866de82e	1D11__DM1__laB__aaA__rs7__m1__alt.	1M69__DAX__laC__aaA__rs3000__m1__altD
canonical_selected_sequence_sha256	6f8927cd06acb8b7f5440001e785195a963b454bd93ae5d13bc21dad866de82e	1D11__DM1__laB__aaA__rs7__m1__alt.	215D__DMM__laB__aaA__rs7__m1__alt.
canonical_selected_sequence_sha256	6f8927cd06acb8b7f5440001e785195a963b454bd93ae5d13bc21dad866de82e	1D11__DM1__laB__aaA__rs7__m1__alt.	288D__DM8__laB__aaA__rs7__m1__alt.
canonical_selected_sequence_sha256	6f8927cd06acb8b7f5440001e785195a963b454bd93ae5d13bc21dad866de82e	1D11__DM1__laB__aaA__rs7__m1__alt.	2ET0__NPM__laJ__aaA__rs10__m1__alt.
canonical_selected_sequence_sha256	6f8927cd06acb8b7f5440001e785195a963b454bd93ae5d13bc21dad866de82e	1D11__DM1__laB__aaA__rs7__m1__alt.	386D__AQS__laB__aaA__rs7__m1__alt.
canonical_selected_sequence_sha256	6f8927cd06acb8b7f5440001e785195a963b454bd93ae5d13bc21dad866de82e	1D11__DM1__laB__aaA__rs7__m1__alt.	3FX8__5PM__laG__aaC__rs211__m1__alt.
canonical_selected_sequence_sha256	6f8927cd06acb8b7f5440001e785195a963b454bd93ae5d13bc21dad866de82e	1D11__DM1__laB__aaA__rs7__m1__alt.	3I1D__NPM__laF__aaA__rs203__m1__alt.
canonical_selected_sequence_sha256	6f8927cd06acb8b7f5440001e785195a963b454bd93ae5d13bc21dad866de82e	1D11__DM1__laB__aaA__rs7__m1__alt.	3I1D__NPM__laN__aaB__rs8__m1__alt.
canonical_selected_sequence_sha256	6f8927cd06acb8b7f5440001e785195a963b454bd93ae5d13bc21dad866de82e	1D11__DM1__laB__aaA__rs7__m1__alt.	452D__9AD__laB__aaA__rs3013__m1__alt.
canonical_selected_sequence_sha256	6f8927cd06acb8b7f5440001e785195a963b454bd93ae5d13bc21dad866de82e	1D11__DM1__laB__aaA__rs7__m1__alt.	452D__9AD__laC__aaA__rs3015__m1__alt.
canonical_selected_sequence_sha256	6f8927cd06acb8b7f5440001e785195a963b454bd93ae5d13bc21dad866de82e	1D11__DM1__laB__aaA__rs7__m1__alt.	465D__9AD__laB__aaA__rs3014__m1__alt.
canonical_selected_sequence_sha256	6f8927cd06acb8b7f5440001e785195a963b454bd93ae5d13bc21dad866de82e	1D11__DM1__laB__aaA__rs7__m1__alt.	465D__9AD__laC__aaA__rs3015__m1__altA
canonical_selected_sequence_sha256	6fbe15d60f8529929e72a25290286d732f692f34e4a1c7deb9401513eea13f0d	9MOZ__A1BNI__laJA__aaG__rs103__m1__alt.	9MOZ__A1BNI__laV__aaD__rs103__m1__alt.
canonical_selected_sequence_sha256	7070267c849290a1e64bd24c473ba8752be38d56746a5bb3065117c2473dae45	4W90__2BA__laC__aaC__rs201__m1__alt.	4W90__2BA__laD__aaC__rs202__m1__alt.
canonical_selected_sequence_sha256	7070267c849290a1e64bd24c473ba8752be38d56746a5bb3065117c2473dae45	4W90__2BA__laC__aaC__rs201__m1__alt.	4W92__2BA__laJ__aaC__rs208__m1__alt.
canonical_selected_sequence_sha256	7070267c849290a1e64bd24c473ba8752be38d56746a5bb3065117c2473dae45	4W90__2BA__laC__aaC__rs201__m1__alt.	4W92__2BA__laK__aaC__rs209__m1__alt.
canonical_selected_sequence_sha256	7332846c2569b58c25b02edb8fb9dee7356bf41fd970f1895ace4821d2b1be87	9IF0__B2R__laC__aaAAA__rs101__m1__alt.	9IF0__B2R__laD__aaBBB__rs101__m1__alt.
canonical_selected_sequence_sha256	733c18d5fc1e444109e06af86dd74df6b5956f188063063db9cdfa03012226a1	1AW4__AMP__laB__aaA__rs28__m1__alt.	1AW4__AMP__laC__aaA__rs29__m1__alt.
canonical_selected_sequence_sha256	73a7b4cbd591bd43bffb656659e25c3ba60d27dcee12c89d221124a5fd8a619b	6WTR__2BA__laB__aaA__rs201__m1__alt.	6WTR__2BA__laC__aaA__rs202__m1__alt.
canonical_selected_sequence_sha256	78d75f6aeedd6915a23d7891c14aca425b2205483d00c4814eacf459ad0c3464	6M5J__F1R__laG__aaA__rs103__m1__alt.	6M5J__F1R__laJ__aaB__rs103__m1__alt.
canonical_selected_sequence_sha256	78d75f6aeedd6915a23d7891c14aca425b2205483d00c4814eacf459ad0c3464	6M5J__F1R__laG__aaA__rs103__m1__alt.	6M5J__F1R__laK__aaC__rs101__m1__alt.
canonical_selected_sequence_sha256	78d75f6aeedd6915a23d7891c14aca425b2205483d00c4814eacf459ad0c3464	6M5J__F1R__laG__aaA__rs103__m1__alt.	6M5J__F1R__laL__aaD__rs101__m1__alt.
canonical_selected_sequence_sha256	78ebb47dc7b23f0e3b1fed82c11ac61b000de25992e427a72a48a67aa7972f4c	4QK9__2BA__laB__aaA__rs201__m1__alt.	4QK9__2BA__laC__aaA__rs202__m1__alt.
canonical_selected_sequence_sha256	7b50e90fa4851c37d510e8b005b94e45cfada2862f148145e8f7330e49d10ece	6E8T__HZG__laE__aaD__rs101__m1__alt.	6E8T__HZG__laG__aaC__rs101__m1__alt.
canonical_selected_sequence_sha256	7b50e90fa4851c37d510e8b005b94e45cfada2862f148145e8f7330e49d10ece	6E8T__HZG__laE__aaD__rs101__m1__alt.	6E8T__HZG__laL__aaA__rs101__m1__alt.
canonical_selected_sequence_sha256	7b61bb90bb7546e7c40afba079a1a4ddd953e0a775579310426b2cdc8189f1fa	6N5S__2BA__laC__aaA__rs202__m1__alt.	6N5S__2BA__laD__aaA__rs203__m1__alt.
canonical_selected_sequence_sha256	7be9194447cfb8106edf2a2149b82e7bb400b4cb805955959fdf560a5dd3ace0	258D__NGM__laE__aaA__rs26__m1__alt.	258D__NGM__laL__aaD__rs27__m1__alt.
canonical_selected_sequence_sha256	7c5cc0eab0cb48ed40aab27be429b9400d6f7d9fd4bbaeaf8d3e3273bb1f9b86	8Y2R__KPT__laB__aaX__rs101__m1__alt.	8Y2R__KPT__laC__aaX__rs102__m1__alt.
canonical_selected_sequence_sha256	7d36eb057f2fd589dc1f205025ebdae743b7d21413caa817a378a2cb68afa6f1	6WK7__AX2__laC__aaB__rs101__m1__alt.	6WK7__AX2__laD__aaB__rs102__m1__alt.
canonical_selected_sequence_sha256	7d36eb057f2fd589dc1f205025ebdae743b7d21413caa817a378a2cb68afa6f1	6WK7__AX2__laC__aaB__rs101__m1__alt.	6WK7__AX2__laE__aaB__rs103__m1__alt.
canonical_selected_sequence_sha256	7d36eb057f2fd589dc1f205025ebdae743b7d21413caa817a378a2cb68afa6f1	6WK7__AX2__laC__aaB__rs101__m1__alt.	6WK7__AX2__laF__aaC__rs101__m1__alt.
canonical_selected_sequence_sha256	7d36eb057f2fd589dc1f205025ebdae743b7d21413caa817a378a2cb68afa6f1	6WK7__AX2__laC__aaB__rs101__m1__alt.	6WK7__AX2__laG__aaC__rs102__m1__alt.
canonical_selected_sequence_sha256	7d36eb057f2fd589dc1f205025ebdae743b7d21413caa817a378a2cb68afa6f1	6WK7__AX2__laC__aaB__rs101__m1__alt.	6WK7__AX2__laH__aaC__rs103__m1__alt.
canonical_selected_sequence_sha256	7f5d419fe0e73d2318a14fa3cd2018a36a41f6e149910a763b0854d7a282c56b	6JWD__BER__laB__aaA__rs101__m1__alt.	6JWE__LOC__laB__aaA__rs101__m1__alt.
canonical_selected_sequence_sha256	82813002081aa1a4b83c2c9b4a4ec5fe9fd3cfa4ecb493a9bbe171b7636b4d99	6OZK__TLA__laS__aaD__rs101__m1__alt.	6OZL__TLA__laN__aaD__rs101__m1__alt.
canonical_selected_sequence_sha256	84c3cc19e37ec1d15350f8783bcab6671c9c97b24dcc677f6264e397c92b8adb	37CM__N3D__laD__aaA__rs102__m1__alt.	37CM__N3D__laQ__aaB__rs102__m1__alt.
canonical_selected_sequence_sha256	84c3cc19e37ec1d15350f8783bcab6671c9c97b24dcc677f6264e397c92b8adb	37CM__N3D__laD__aaA__rs102__m1__alt.	9E5H__N3D__laD__aaA__rs102__m1__alt.
canonical_selected_sequence_sha256	84c3cc19e37ec1d15350f8783bcab6671c9c97b24dcc677f6264e397c92b8adb	37CM__N3D__laD__aaA__rs102__m1__alt.	9E5H__N3D__laQ__aaB__rs102__m1__alt.
canonical_selected_sequence_sha256	84c3cc19e37ec1d15350f8783bcab6671c9c97b24dcc677f6264e397c92b8adb	37CM__N3D__laD__aaA__rs102__m1__alt.	9E5I__N3D__laD__aaA__rs102__m1__alt.
canonical_selected_sequence_sha256	84c3cc19e37ec1d15350f8783bcab6671c9c97b24dcc677f6264e397c92b8adb	37CM__N3D__laD__aaA__rs102__m1__alt.	9E5I__N3D__laQ__aaB__rs102__m1__alt.
canonical_selected_sequence_sha256	84c3cc19e37ec1d15350f8783bcab6671c9c97b24dcc677f6264e397c92b8adb	37CM__N3D__laD__aaA__rs102__m1__alt.	9E5J__N3D__laD__aaA__rs102__m1__alt.
canonical_selected_sequence_sha256	84c3cc19e37ec1d15350f8783bcab6671c9c97b24dcc677f6264e397c92b8adb	37CM__N3D__laD__aaA__rs102__m1__alt.	9E5K__N3D__laFA__aaC__rs102__m1__alt.
canonical_selected_sequence_sha256	84c3cc19e37ec1d15350f8783bcab6671c9c97b24dcc677f6264e397c92b8adb	37CM__N3D__laD__aaA__rs102__m1__alt.	9E5K__N3D__laS__aaB__rs102__m1__alt.
canonical_selected_sequence_sha256	84c3cc19e37ec1d15350f8783bcab6671c9c97b24dcc677f6264e397c92b8adb	37CM__N3D__laD__aaA__rs102__m1__alt.	9E5L__N3D__laD__aaA__rs102__m1__alt.
canonical_selected_sequence_sha256	84c3cc19e37ec1d15350f8783bcab6671c9c97b24dcc677f6264e397c92b8adb	37CM__N3D__laD__aaA__rs102__m1__alt.	9E5L__N3D__laQ__aaB__rs102__m1__alt.
canonical_selected_sequence_sha256	84c3cc19e37ec1d15350f8783bcab6671c9c97b24dcc677f6264e397c92b8adb	37CM__N3D__laD__aaA__rs102__m1__alt.	9E5M__N3D__laD__aaA__rs102__m1__alt.
canonical_selected_sequence_sha256	84c3cc19e37ec1d15350f8783bcab6671c9c97b24dcc677f6264e397c92b8adb	37CM__N3D__laD__aaA__rs102__m1__alt.	9E5M__N3D__laQ__aaB__rs102__m1__alt.
canonical_selected_sequence_sha256	84c3cc19e37ec1d15350f8783bcab6671c9c97b24dcc677f6264e397c92b8adb	37CM__N3D__laD__aaA__rs102__m1__alt.	9E5O__N3D__laD__aaA__rs102__m1__alt.
canonical_selected_sequence_sha256	84c3cc19e37ec1d15350f8783bcab6671c9c97b24dcc677f6264e397c92b8adb	37CM__N3D__laD__aaA__rs102__m1__alt.	9E5O__N3D__laQ__aaB__rs102__m1__alt.
canonical_selected_sequence_sha256	84c3cc19e37ec1d15350f8783bcab6671c9c97b24dcc677f6264e397c92b8adb	37CM__N3D__laD__aaA__rs102__m1__alt.	9E5P__N3D__laD__aaA__rs102__m1__alt.
canonical_selected_sequence_sha256	84c3cc19e37ec1d15350f8783bcab6671c9c97b24dcc677f6264e397c92b8adb	37CM__N3D__laD__aaA__rs102__m1__alt.	9E5P__N3D__laP__aaB__rs102__m1__alt.
canonical_selected_sequence_sha256	84c3cc19e37ec1d15350f8783bcab6671c9c97b24dcc677f6264e397c92b8adb	37CM__N3D__laD__aaA__rs102__m1__alt.	9E5Q__N3D__laD__aaA__rs102__m1__alt.
canonical_selected_sequence_sha256	84c3cc19e37ec1d15350f8783bcab6671c9c97b24dcc677f6264e397c92b8adb	37CM__N3D__laD__aaA__rs102__m1__alt.	9E5Q__N3D__laQ__aaB__rs102__m1__alt.
canonical_selected_sequence_sha256	84c3cc19e37ec1d15350f8783bcab6671c9c97b24dcc677f6264e397c92b8adb	37CM__N3D__laD__aaA__rs102__m1__alt.	9E5R__N3D__laD__aaA__rs102__m1__alt.
canonical_selected_sequence_sha256	84c3cc19e37ec1d15350f8783bcab6671c9c97b24dcc677f6264e397c92b8adb	37CM__N3D__laD__aaA__rs102__m1__alt.	9E5R__N3D__laP__aaB__rs102__m1__alt.
canonical_selected_sequence_sha256	84c3cc19e37ec1d15350f8783bcab6671c9c97b24dcc677f6264e397c92b8adb	37CM__N3D__laD__aaA__rs102__m1__alt.	9E5S__N3D__laD__aaA__rs102__m1__alt.
canonical_selected_sequence_sha256	84c3cc19e37ec1d15350f8783bcab6671c9c97b24dcc677f6264e397c92b8adb	37CM__N3D__laD__aaA__rs102__m1__alt.	9E5T__N3D__laD__aaA__rs102__m1__alt.
canonical_selected_sequence_sha256	84c3cc19e37ec1d15350f8783bcab6671c9c97b24dcc677f6264e397c92b8adb	37CM__N3D__laD__aaA__rs102__m1__alt.	9E5T__N3D__laQ__aaB__rs102__m1__alt.
canonical_selected_sequence_sha256	84c3cc19e37ec1d15350f8783bcab6671c9c97b24dcc677f6264e397c92b8adb	37CM__N3D__laD__aaA__rs102__m1__alt.	9ELR__N3D__laD__aaA__rs102__m1__alt.
canonical_selected_sequence_sha256	84c3cc19e37ec1d15350f8783bcab6671c9c97b24dcc677f6264e397c92b8adb	37CM__N3D__laD__aaA__rs102__m1__alt.	9ELR__N3D__laQ__aaB__rs102__m1__alt.
canonical_selected_sequence_sha256	858e255d956017f5b623a4f88ab94dfd3206da2bfe33e40f05765f42cc84cc55	202D__MNG__laC__aaA__rs9__m1__alt.	202D__MNG__laD__aaB__rs9__m1__alt.
canonical_selected_sequence_sha256	85f95d8a8cd9cf18bcb445506b6df238e0c6754ad4dc30f76cc67fcc6c458313	8CXF__PG5__laC__aaB__rs101__m1__alt.	8DHC__PG5__laC__aaB__rs101__m1__alt.
canonical_selected_sequence_sha256	8652141b28238beaa435577e03cf2112dac446e0700d2cec1e7ed46fda307a19	1QSX__HT__laJ__aaB__rs25__m1__alt.	1QSX__HT__laK__aaB__rs26__m1__alt.
canonical_selected_sequence_sha256	8766212704fa9a8a30427a6c40839345ee1e4e1790e6d300cbed4cc4585343ac	8I46__53D__laB__aaA__rs20__m1__alt.	9U70__53D__laB__aaA__rs101__m1__alt.
canonical_selected_sequence_sha256	87c589c7e87ff42db05e5aa852d9fe8c693a24ee1b7f7728ecee49ebd04e7eec	6AZ3__PAR__laAC__aa2__rs1703__m1__alt.	6AZ3__PAR__laZB__aa2__rs1702__m1__alt.
canonical_selected_sequence_sha256	88f0430fb901e5b601b50b631b037ece31150734f1e517fb84ac81c00dd78a56	5VCF__8OS__laC__aaA__rs101__m1__alt.	5VCI__8OS__laC__aaA__rs101__m1__alt.
canonical_selected_sequence_sha256	890bdd821167ebf6eb361eb9f4efef7237b4acae622c90f6a49eba5e7073dc5c	3CE5__BRA__laE__aaA__rs27__m1__alt.	4P1D__KPT__laE__aaA__rs103__m1__alt.
canonical_selected_sequence_sha256	89624cc14e09c4598da75b2c8e55444735324518ec9e15b50d831efb3795daab	7OA3__V5Z__laC__aaA__rs101__m1__alt.	7OAV__GTP__laQ__aaC__rs102__m1__alt.
canonical_selected_sequence_sha256	89624cc14e09c4598da75b2c8e55444735324518ec9e15b50d831efb3795daab	7OA3__V5Z__laC__aaA__rs101__m1__alt.	7OAW__GTP__laK__aaB__rs101__m1__alt.
canonical_selected_sequence_sha256	89624cc14e09c4598da75b2c8e55444735324518ec9e15b50d831efb3795daab	7OA3__V5Z__laC__aaA__rs101__m1__alt.	7OAW__GTP__laQ__aaC__rs102__m1__alt.
canonical_selected_sequence_sha256	89b695737ee499932f5a2521dc82408fdc2676a9a71c9e8e6b00063285e7e581	6JJH__POH__laB__aaB__rs101__m1__alt.	6JJH__POH__laC__aaB__rs102__m1__alt.
canonical_selected_sequence_sha256	89b695737ee499932f5a2521dc82408fdc2676a9a71c9e8e6b00063285e7e581	6JJH__POH__laB__aaB__rs101__m1__alt.	6JJI__POH__laE__aaB__rs104__m1__alt.
canonical_selected_sequence_sha256	89c9e8e851cfecdd4ecce0534d41b1e5217abca4779bb88899c54136776166ff	9BZ1__5AC__laG__aaA__rs105__m1__alt.	9BZC__AMZ__laF__aaA__rs105__m1__alt.
canonical_selected_sequence_sha256	8d43abef35e79b86af8a0296b95c099f6aa6d1858eb0378f680f00acd412805f	2KXM__RIO__laB__aaA__rs101__m1__alt.	2MXS__PAR__laB__aaA__rs101__m1__alt.
canonical_selected_sequence_sha256	8d43abef35e79b86af8a0296b95c099f6aa6d1858eb0378f680f00acd412805f	2KXM__RIO__laB__aaA__rs101__m1__alt.	2N0J__RIO__laB__aaA__rs101__m1__alt.
canonical_selected_sequence_sha256	8e55c5bb77543ee9978bdfc786e6c3a69d95e911e93966ea78daabb99d2e5bd2	5O62__EGD__laC__aaA__rs101__m1__alt.	5O69__AG2__laC__aaA__rs101__m1__alt.
canonical_selected_sequence_sha256	8f8a056357e5cb9a12b97468bcdb3366b7c62893cc637346c584f3a82bb22739	6YL5__SAH__laAA__aaE__rs101__m1__alt.	6YL5__SAH__laFA__aaG__rs101__m1__alt.
canonical_selected_sequence_sha256	8f8a056357e5cb9a12b97468bcdb3366b7c62893cc637346c584f3a82bb22739	6YL5__SAH__laAA__aaE__rs101__m1__alt.	6YL5__SAH__laJA__aaI__rs101__m1__alt.
canonical_selected_sequence_sha256	8f8a056357e5cb9a12b97468bcdb3366b7c62893cc637346c584f3a82bb22739	6YL5__SAH__laAA__aaE__rs101__m1__alt.	6YL5__SAH__laM__aaA__rs101__m1__alt.
canonical_selected_sequence_sha256	8f8a056357e5cb9a12b97468bcdb3366b7c62893cc637346c584f3a82bb22739	6YL5__SAH__laAA__aaE__rs101__m1__alt.	6YL5__SAH__laNA__aaK__rs101__m1__alt.
canonical_selected_sequence_sha256	8f8a056357e5cb9a12b97468bcdb3366b7c62893cc637346c584f3a82bb22739	6YL5__SAH__laAA__aaE__rs101__m1__alt.	6YL5__SAH__laW__aaC__rs101__m1__alt.
canonical_selected_sequence_sha256	9543e5c95a9d79c146ed780196d0858262985159a79094520d015d150fae8ccb	8WU5__A1LYO__laE__aaB__rs101__m1__alt.	8WU5__A1LYO__laF__aaC__rs101__m1__alt.
canonical_selected_sequence_sha256	9564695bead359992e1afe5d2e431b76625a4660bd90209194b0e6c1801e45d4	8VPG__A1AC7__laJ__aaD__rs101__m1__alt.	8VPH__A1AC7__laM__aaD__rs101__m1__alt.
canonical_selected_sequence_sha256	9564695bead359992e1afe5d2e431b76625a4660bd90209194b0e6c1801e45d4	8VPG__A1AC7__laJ__aaD__rs101__m1__alt.	8VPI__A1ADB__laJ__aaE__rs101__m1__alt.
canonical_selected_sequence_sha256	97efe6ba18612339a859a8dc8a5fe22f4c1838d1c21b2a81d0d60be0ac0daae7	8TWH__LG1__laEA__aaF__rs103__m1__alt.	8TWH__LG1__laN__aaA__rs104__m1__alt.
canonical_selected_sequence_sha256	97efe6ba18612339a859a8dc8a5fe22f4c1838d1c21b2a81d0d60be0ac0daae7	8TWH__LG1__laEA__aaF__rs103__m1__alt.	8TWH__LG1__laSA__aaJ__rs104__m1__alt.
canonical_selected_sequence_sha256	980841b5d5956833f01abe07e5e864fa8e5f16af4893891f95ba98ba0a1955dd	23JZ__AMR__laB__aaA__rs101__m1__alt.	23KA__AMR__laI__aaC__rs101__m1__alt.
canonical_selected_sequence_sha256	997597deb95164d39de35e1b67954a512363cc4a1c9f78c06be564ef32a6b228	6UP0__YO3__laF__aaC__rs104__m1__alt.	6UP0__YO3__laK__aaD__rs104__m1__alt.
canonical_selected_sequence_sha256	999db88d353c3b4f936b21b198caf1405637e2f41bc98b59ab5e7a38fed405e8	21HS__A1L8R__laC__aaA__rs101__m1__alt.	9V88__XAU__laD__aaA__rs102__m1__alt.
canonical_selected_sequence_sha256	999db88d353c3b4f936b21b198caf1405637e2f41bc98b59ab5e7a38fed405e8	21HS__A1L8R__laC__aaA__rs101__m1__alt.	9V89__W1H__laE__aaB__rs101__m1__alt.
canonical_selected_sequence_sha256	9a132c3f37314bcd244c19b32787d38ffbce4e417086b51886c45bdc4274947e	8HB3__NNR__laC__aaA__rs101__m1__alt.	8HB3__NNR__laD__aaB__rs101__m1__alt.
canonical_selected_sequence_sha256	9a132c3f37314bcd244c19b32787d38ffbce4e417086b51886c45bdc4274947e	8HB3__NNR__laC__aaA__rs101__m1__alt.	8I3Z__NMN__laD__aaB__rs101__m1__alt.
canonical_selected_sequence_sha256	9a132c3f37314bcd244c19b32787d38ffbce4e417086b51886c45bdc4274947e	8HB3__NNR__laC__aaA__rs101__m1__alt.	8I3Z__NMN__laE__aaB__rs102__m1__alt.
canonical_selected_sequence_sha256	9ac7b7d758499a4fb2a7efe5e034f26295a3efdae8d08bf46ceea8ebaf2b8be4	8CF2__ULR__laC__aaA__rs101__m1__alt.	8R63__Y53__laC__aaB__rs101__m1__alt.
canonical_selected_sequence_sha256	9ac7b7d758499a4fb2a7efe5e034f26295a3efdae8d08bf46ceea8ebaf2b8be4	8CF2__ULR__laC__aaA__rs101__m1__alt.	8R8P__YB3__laC__aaB__rs101__m1__alt.
canonical_selected_sequence_sha256	9b33908d46ed3cc4bd5d210c8722af715b9fca9e8161ec6e08238dfbef3a47e7	5BTP__AMZ__laJ__aaB__rs108__m1__alt.	5BTP__AMZ__laQ__aaA__rs106__m1__alt.
canonical_selected_sequence_sha256	9b33908d46ed3cc4bd5d210c8722af715b9fca9e8161ec6e08238dfbef3a47e7	5BTP__AMZ__laJ__aaB__rs108__m1__alt.	6OD9__AMZ__laD__aaA__rs102__m1__alt.
canonical_selected_sequence_sha256	9b33908d46ed3cc4bd5d210c8722af715b9fca9e8161ec6e08238dfbef3a47e7	5BTP__AMZ__laJ__aaB__rs108__m1__alt.	6OD9__AMZ__laI__aaB__rs102__m1__alt.
canonical_selected_sequence_sha256	9b33908d46ed3cc4bd5d210c8722af715b9fca9e8161ec6e08238dfbef3a47e7	5BTP__AMZ__laJ__aaB__rs108__m1__alt.	6WZR__UG1__laH__aaA__rs106__m1__alt.
canonical_selected_sequence_sha256	9b33908d46ed3cc4bd5d210c8722af715b9fca9e8161ec6e08238dfbef3a47e7	5BTP__AMZ__laJ__aaB__rs108__m1__alt.	6WZR__UG1__laK__aaB__rs103__m1__alt.
canonical_selected_sequence_sha256	9b33908d46ed3cc4bd5d210c8722af715b9fca9e8161ec6e08238dfbef3a47e7	5BTP__AMZ__laJ__aaB__rs108__m1__alt.	6WZS__UG4__laI__aaB__rs107__m1__alt.
canonical_selected_sequence_sha256	9b33908d46ed3cc4bd5d210c8722af715b9fca9e8161ec6e08238dfbef3a47e7	5BTP__AMZ__laJ__aaB__rs108__m1__alt.	6WZS__UG4__laP__aaA__rs107__m1__alt.
canonical_selected_sequence_sha256	9bd431e55b7822806c9c64174730248dd78be86c9cb30171f3b154d5fb0cba87	110D__DM1__laB__aaA__rs7__m1__alt.	278D__DM8__laB__aaA__rs7__m1__alt.
canonical_selected_sequence_sha256	9d15a7d08338e70a56f7edb0382348de71a4f366ef45b6e9cbe5301a45cab82a	5LIT__6XV__laJ__aaB__rs102__m1__alt.	6GIM__EZK__laI__aaB__rs101__m1__alt.
canonical_selected_sequence_sha256	9d99c41583cb2fff4e77bdb776f640aa25d8982059c95a86ceb496a34d9fb7ed	4KZD__1TU__laG__aaR__rs103__m1__alt.	4Q9Q__2ZZ__laF__aaR__rs103__m1__alt.
canonical_selected_sequence_sha256	9d99c41583cb2fff4e77bdb776f640aa25d8982059c95a86ceb496a34d9fb7ed	4KZD__1TU__laG__aaR__rs103__m1__alt.	4Q9R__2ZY__laE__aaR__rs102__m1__alt.
canonical_selected_sequence_sha256	9e2dac70fd6c4417ac11f70d69b997e8dc1d4f97b5ea7d9aed80f6af9cf3ccdc	6QIT__J48__laE__aaA__rs101__m1__altA	6QIT__J48__laF__aaA__rs102__m1__altA
canonical_selected_sequence_sha256	9e2dac70fd6c4417ac11f70d69b997e8dc1d4f97b5ea7d9aed80f6af9cf3ccdc	6QIT__J48__laE__aaA__rs101__m1__altA	6QIT__J48__laG__aaC__rs101__m1__alt.
canonical_selected_sequence_sha256	9e2dac70fd6c4417ac11f70d69b997e8dc1d4f97b5ea7d9aed80f6af9cf3ccdc	6QIT__J48__laE__aaA__rs101__m1__altA	6QIT__J48__laH__aaD__rs101__m1__altA
canonical_selected_sequence_sha256	a0170fbf775773968f20549f04182301c26c063bade9a5946d88e637d89a065d	8TWH__LG1__laBA__aaE__rs104__m1__alt.	8TWH__LG1__laIA__aaG__rs104__m1__alt.
canonical_selected_sequence_sha256	a0170fbf775773968f20549f04182301c26c063bade9a5946d88e637d89a065d	8TWH__LG1__laBA__aaE__rs104__m1__alt.	8TWH__LG1__laLA__aaH__rs103__m1__alt.
canonical_selected_sequence_sha256	a0170fbf775773968f20549f04182301c26c063bade9a5946d88e637d89a065d	8TWH__LG1__laBA__aaE__rs104__m1__alt.	8TWH__LG1__laOA__aaI__rs103__m1__alt.
canonical_selected_sequence_sha256	a0170fbf775773968f20549f04182301c26c063bade9a5946d88e637d89a065d	8TWH__LG1__laBA__aaE__rs104__m1__alt.	8TWH__LG1__laX__aaD__rs103__m1__alt.
canonical_selected_sequence_sha256	a037c494fdf903c12b84609e55334bdc8f8ef2be909043c7e4fd9c8846eabc15	3G8T__GLP__laM__aaE__rs5001__m1__alt.	3G8T__GLP__laZ__aaH__rs5004__m1__alt.
canonical_selected_sequence_sha256	a0ff10c7e79614fb253b6948a58b15b0f8246609838a719510d2b5d22e12081f	9VA0__CP0__laD__aaA__rs503__m1__alt.	9VA3__A1EQ9__laD__aaA__rs503__m1__alt.
canonical_selected_sequence_sha256	a26f400333472e305bc6353717ed836cb253365a7dff77d48e0caaebcb96c4d5	8K0T__TEP__laB__aaA__rs101__m1__alt.	8K0U__HPA__laB__aaA__rs101__m1__alt.
canonical_selected_sequence_sha256	a26f400333472e305bc6353717ed836cb253365a7dff77d48e0caaebcb96c4d5	8K0T__TEP__laB__aaA__rs101__m1__alt.	8K0V__I7U__laB__aaA__rs101__m1__alt.
canonical_selected_sequence_sha256	a26f400333472e305bc6353717ed836cb253365a7dff77d48e0caaebcb96c4d5	8K0T__TEP__laB__aaA__rs101__m1__alt.	8K0W__TEP__laB__aaA__rs101__m1__alt.
canonical_selected_sequence_sha256	a2ecf0ca5108803afff611f8bbc2733f76d6420cd4db1e4bdab72297abc3c0d2	7KVT__2ZY__laB__aaB__rs101__m1__alt.	7KVU__2ZY__laG__aaG__rs106__m1__alt.
canonical_selected_sequence_sha256	a51069e53507508b015d4f1d3469dc2e3596f1c596d2ee3f16c41c069e28aebb	9HRD__GTP__laK__aaA__rs107__m1__alt.	9HRD__GTP__laR__aaB__rs107__m1__alt.
canonical_selected_sequence_sha256	a557bfd1462e5f8a37a39440f1bdaf095e045bc1fe826bb68503c9adc00a77df	6FC9__D5B__laB__aaA__rs101__m1__alt.	8ABN__LNF__laB__aaA__rs101__m1__alt.
canonical_selected_sequence_sha256	a5fc589a0a56c09f0448570f7be49d7dcee7de9d682b3f892264de9db20c1527	2MGN__PQ3__laB__aaA__rs25__m1__alt.	2N6C__QUE__laB__aaA__rs101__m1__alt.
canonical_selected_sequence_sha256	a5fc589a0a56c09f0448570f7be49d7dcee7de9d682b3f892264de9db20c1527	2MGN__PQ3__laB__aaA__rs25__m1__alt.	2N6C__QUE__laC__aaA__rs102__m1__alt.
canonical_selected_sequence_sha256	a626384a7d4e9d8ec716e4a7b6aaf7dbeb7df7a391ac5b2e59fee3bd666942de	6C65__EKJ__laD__aaA__rs101__m1__alt.	6C65__EKJ__laH__aaB__rs101__m1__alt.
canonical_selected_sequence_sha256	a6def9ff247c0f890bd37fff65d42decb9852d429928b7f08b91605f22be432a	8HB8__NMN__laB__aaA__rs101__m1__alt.	8HB8__NMN__laC__aaA__rs102__m1__alt.
canonical_selected_sequence_sha256	a7d817219837e4f026263306c8757b7044fb725287fa2f506febdf56a9abe12f	1K9G__DR1__laB__aaA__rs7__m1__alt.	1K9G__DR1__laC__aaA__rs8__m1__alt.
canonical_selected_sequence_sha256	ab4a50522e3f5d3f667ba4f5c235a0a6bada3377f4a83a023f17852b11174094	6M4T__F1R__laG__aaA__rs103__m1__alt.	6M4T__F1R__laJ__aaB__rs103__m1__alt.
canonical_selected_sequence_sha256	ab4a50522e3f5d3f667ba4f5c235a0a6bada3377f4a83a023f17852b11174094	6M4T__F1R__laG__aaA__rs103__m1__alt.	6M4T__F1R__laK__aaC__rs101__m1__alt.
canonical_selected_sequence_sha256	ab4a50522e3f5d3f667ba4f5c235a0a6bada3377f4a83a023f17852b11174094	6M4T__F1R__laG__aaA__rs103__m1__alt.	6M4T__F1R__laL__aaD__rs101__m1__alt.
canonical_selected_sequence_sha256	aee948f00e54e1b220495a7d5fef9ec7b9585a30863718937a9733075424ddf6	366D__DA6__laB__aaA__rs3013__m1__alt.	366D__DA6__laC__aaA__rs3015__m1__alt.
canonical_selected_sequence_sha256	b11622fa5ee73088d38c18e9b8574edbb89a3adaebc27bf770d51ef83fc987cf	9EBP__LUM__laC__aaA__rs101__m1__alt.	9EBP__LUM__laJ__aaM__rs101__m1__alt.
canonical_selected_sequence_sha256	b11622fa5ee73088d38c18e9b8574edbb89a3adaebc27bf770d51ef83fc987cf	9EBP__LUM__laC__aaA__rs101__m1__alt.	9EBV__LUM__laK__aaA__rs109__m1__alt.
canonical_selected_sequence_sha256	b11622fa5ee73088d38c18e9b8574edbb89a3adaebc27bf770d51ef83fc987cf	9EBP__LUM__laC__aaA__rs101__m1__alt.	9EBV__LUM__laU__aaM__rs110__m1__alt.
canonical_selected_sequence_sha256	b11622fa5ee73088d38c18e9b8574edbb89a3adaebc27bf770d51ef83fc987cf	9EBP__LUM__laC__aaA__rs101__m1__alt.	9EC4__CTI__laC__aaM__rs101__m1__alt.
canonical_selected_sequence_sha256	b11622fa5ee73088d38c18e9b8574edbb89a3adaebc27bf770d51ef83fc987cf	9EBP__LUM__laC__aaA__rs101__m1__alt.	9EC4__CTI__laO__aaA__rs101__m1__alt.
canonical_selected_sequence_sha256	b3ddf3f3857b14095ca3975a9745fce24af90b2dfb1fa08a7552a8199e3387a5	8HB1__NMN__laF__aaB__rs101__m1__alt.	8HB1__NMN__laG__aaB__rs102__m1__alt.
canonical_selected_sequence_sha256	b4bd3b2819f0ba7054ee5859ee4fbd2b6f5f1f4cdfd456e1bc78828299679fe2	6WTL__2BA__laB__aaA__rs201__m1__alt.	6WTL__2BA__laC__aaA__rs202__m1__alt.
canonical_selected_sequence_sha256	b54a62375f5cc5da3dc237378fc701fd41509a2869c9f4b47f3448c90dc6180c	8UIW__CTI__laH__aaN__rs202__m1__alt.	8UIW__CTI__laM__aaR__rs205__m1__alt.
canonical_selected_sequence_sha256	b54a62375f5cc5da3dc237378fc701fd41509a2869c9f4b47f3448c90dc6180c	8UIW__CTI__laH__aaN__rs202__m1__alt.	8UTA__PRL__laJ__aaN__rs204__m1__alt.
canonical_selected_sequence_sha256	b54a62375f5cc5da3dc237378fc701fd41509a2869c9f4b47f3448c90dc6180c	8UIW__CTI__laH__aaN__rs202__m1__alt.	8UTA__PRL__laN__aaR__rs204__m1__alt.
canonical_selected_sequence_sha256	b58a61047e9bc456947a63e3f4d9906a40743309d35bf399309c4259c5e1e15a	5ODF__CWN__laC__aaA__rs101__m1__alt.	6RIO__K4Z__laC__aaA__rs101__m1__alt.
canonical_selected_sequence_sha256	b6a36b795dc505b3202938b276429ce5e4bb40511f362ae99b91b29013124965	198D__DM5__laE__aaA__rs25__m1__alt.	198D__DM5__laI__aaD__rs28__m1__alt.
canonical_selected_sequence_sha256	b6a36b795dc505b3202938b276429ce5e4bb40511f362ae99b91b29013124965	198D__DM5__laE__aaA__rs25__m1__alt.	1I5V__PPZ__laC__aaA__rs7__m1__alt.
canonical_selected_sequence_sha256	b6a36b795dc505b3202938b276429ce5e4bb40511f362ae99b91b29013124965	198D__DM5__laE__aaA__rs25__m1__alt.	1I5V__PPZ__laD__aaB__rs7__m1__alt.
canonical_selected_sequence_sha256	b6a36b795dc505b3202938b276429ce5e4bb40511f362ae99b91b29013124965	198D__DM5__laE__aaA__rs25__m1__alt.	1NAB__44D__laC__aaA__rs41__m1__alt.
canonical_selected_sequence_sha256	b6a36b795dc505b3202938b276429ce5e4bb40511f362ae99b91b29013124965	198D__DM5__laE__aaA__rs25__m1__alt.	1NAB__44D__laD__aaB__rs40__m1__alt.
canonical_selected_sequence_sha256	b6a36b795dc505b3202938b276429ce5e4bb40511f362ae99b91b29013124965	198D__DM5__laE__aaA__rs25__m1__alt.	1Z3F__EL__laC__aaA__rs41__m1__alt.
canonical_selected_sequence_sha256	b6a36b795dc505b3202938b276429ce5e4bb40511f362ae99b91b29013124965	198D__DM5__laE__aaA__rs25__m1__alt.	1Z3F__EL__laE__aaB__rs42__m1__alt.
canonical_selected_sequence_sha256	b6a36b795dc505b3202938b276429ce5e4bb40511f362ae99b91b29013124965	198D__DM5__laE__aaA__rs25__m1__alt.	3FT6__PRL__laC__aaA__rs21__m1__alt.
canonical_selected_sequence_sha256	b6a36b795dc505b3202938b276429ce5e4bb40511f362ae99b91b29013124965	198D__DM5__laE__aaA__rs25__m1__alt.	3FT6__PRL__laF__aaB__rs22__m1__alt.
canonical_selected_sequence_sha256	b7c6d6226e1c6d67295f1ebdeebd8b7c2969230226cc11ba7c40c3baf23d2305	6YMI__AMP__laN__aaA__rs102__m1__alt.	6YMI__AMP__laO__aaA__rs103__m1__alt.
canonical_selected_sequence_sha256	b7c6d6226e1c6d67295f1ebdeebd8b7c2969230226cc11ba7c40c3baf23d2305	6YMI__AMP__laN__aaA__rs102__m1__alt.	6YMI__AMP__laQ__aaC__rs102__m1__alt.
canonical_selected_sequence_sha256	b7c6d6226e1c6d67295f1ebdeebd8b7c2969230226cc11ba7c40c3baf23d2305	6YMI__AMP__laN__aaA__rs102__m1__alt.	6YMI__AMP__laS__aaF__rs102__m1__alt.
canonical_selected_sequence_sha256	b7c6d6226e1c6d67295f1ebdeebd8b7c2969230226cc11ba7c40c3baf23d2305	6YMI__AMP__laN__aaA__rs102__m1__alt.	6YMI__AMP__laT__aaG__rs101__m1__alt.
canonical_selected_sequence_sha256	b7c6d6226e1c6d67295f1ebdeebd8b7c2969230226cc11ba7c40c3baf23d2305	6YMI__AMP__laN__aaA__rs102__m1__alt.	6YMI__AMP__laV__aaI__rs102__m1__alt.
canonical_selected_sequence_sha256	b7c6d6226e1c6d67295f1ebdeebd8b7c2969230226cc11ba7c40c3baf23d2305	6YMI__AMP__laN__aaA__rs102__m1__alt.	6YMI__AMP__laX__aaM__rs102__m1__alt.
canonical_selected_sequence_sha256	b7c6d6226e1c6d67295f1ebdeebd8b7c2969230226cc11ba7c40c3baf23d2305	6YMI__AMP__laN__aaA__rs102__m1__alt.	6YMI__AMP__laY__aaN__rs101__m1__alt.
canonical_selected_sequence_sha256	b7c6d6226e1c6d67295f1ebdeebd8b7c2969230226cc11ba7c40c3baf23d2305	6YMI__AMP__laN__aaA__rs102__m1__alt.	6YMI__AMP__laZ__aaO__rs201__m1__alt.
canonical_selected_sequence_sha256	b7c6d6226e1c6d67295f1ebdeebd8b7c2969230226cc11ba7c40c3baf23d2305	6YMI__AMP__laN__aaA__rs102__m1__alt.	6YMJ__ADN__laM__aaA__rs201__m1__alt.
canonical_selected_sequence_sha256	b7c6d6226e1c6d67295f1ebdeebd8b7c2969230226cc11ba7c40c3baf23d2305	6YMI__AMP__laN__aaA__rs102__m1__alt.	6YMJ__ADN__laN__aaA__rs202__m1__alt.
canonical_selected_sequence_sha256	b7c6d6226e1c6d67295f1ebdeebd8b7c2969230226cc11ba7c40c3baf23d2305	6YMI__AMP__laN__aaA__rs102__m1__alt.	6YMJ__ADN__laS__aaF__rs201__m1__alt.
canonical_selected_sequence_sha256	b7c6d6226e1c6d67295f1ebdeebd8b7c2969230226cc11ba7c40c3baf23d2305	6YMI__AMP__laN__aaA__rs102__m1__alt.	6YMJ__ADN__laT__aaF__rs202__m1__alt.
canonical_selected_sequence_sha256	b7c6d6226e1c6d67295f1ebdeebd8b7c2969230226cc11ba7c40c3baf23d2305	6YMI__AMP__laN__aaA__rs102__m1__alt.	6YMJ__ADN__laV__aaM__rs201__m1__alt.
canonical_selected_sequence_sha256	b7c6d6226e1c6d67295f1ebdeebd8b7c2969230226cc11ba7c40c3baf23d2305	6YMI__AMP__laN__aaA__rs102__m1__alt.	6YMJ__ADN__laY__aaN__rs101__m1__alt.
canonical_selected_sequence_sha256	b7c6d6226e1c6d67295f1ebdeebd8b7c2969230226cc11ba7c40c3baf23d2305	6YMI__AMP__laN__aaA__rs102__m1__alt.	6YMK__MTA__laM__aaA__rs101__m1__alt.
canonical_selected_sequence_sha256	b7c6d6226e1c6d67295f1ebdeebd8b7c2969230226cc11ba7c40c3baf23d2305	6YMI__AMP__laN__aaA__rs102__m1__alt.	6YMK__MTA__laN__aaB__rs101__m1__alt.
canonical_selected_sequence_sha256	b7c6d6226e1c6d67295f1ebdeebd8b7c2969230226cc11ba7c40c3baf23d2305	6YMI__AMP__laN__aaA__rs102__m1__alt.	6YMK__MTA__laR__aaF__rs101__m1__alt.
canonical_selected_sequence_sha256	b7c6d6226e1c6d67295f1ebdeebd8b7c2969230226cc11ba7c40c3baf23d2305	6YMI__AMP__laN__aaA__rs102__m1__alt.	6YMK__MTA__laT__aaG__rs101__m1__alt.
canonical_selected_sequence_sha256	b7c6d6226e1c6d67295f1ebdeebd8b7c2969230226cc11ba7c40c3baf23d2305	6YMI__AMP__laN__aaA__rs102__m1__alt.	6YMK__MTA__laW__aaM__rs101__m1__alt.
canonical_selected_sequence_sha256	b7c6d6226e1c6d67295f1ebdeebd8b7c2969230226cc11ba7c40c3baf23d2305	6YMI__AMP__laN__aaA__rs102__m1__alt.	6YMK__MTA__laX__aaM__rs102__m1__alt.
canonical_selected_sequence_sha256	bb50610bc9542135f2926f9247b2fce4b48ff652b77f5be559c30d55af61d44c	5LIT__6XV__laE__aaD__rs101__m1__alt.	5LIT__6XV__laG__aaC__rs101__m1__alt.
canonical_selected_sequence_sha256	bb50610bc9542135f2926f9247b2fce4b48ff652b77f5be559c30d55af61d44c	5LIT__6XV__laE__aaD__rs101__m1__alt.	6GIM__EZK__laE__aaD__rs101__m1__alt.
canonical_selected_sequence_sha256	bb50610bc9542135f2926f9247b2fce4b48ff652b77f5be559c30d55af61d44c	5LIT__6XV__laE__aaD__rs101__m1__alt.	6GIM__EZK__laF__aaC__rs101__m1__alt.
canonical_selected_sequence_sha256	bdcfad570f83ab9e7f4ff5ec7a6ac51d8459ab37049d26cda55aef99172a0249	2KD4__PRL__laC__aaA__rs17__m1__alt.	2KD4__PRL__laD__aaB__rs17__m1__alt.
canonical_selected_sequence_sha256	be5fa2eaf52c9178ae8bb5cd29f33bb25da14f41b3479f273e5dc715b29463e3	6GZK__FH8__laB__aaA__rs101__m1__alt.	6GZR__FH8__laB__aaA__rs101__m1__alt.
canonical_selected_sequence_sha256	bf3638c8d76eb2a53bd624ee9a18807865b4c0cadd239f1678fe89e107403ae4	5JVW__6O6__laJ__aaB__rs102__m1__alt.	5JVW__6O6__laP__aaC__rs102__m1__alt.
canonical_selected_sequence_sha256	bf3638c8d76eb2a53bd624ee9a18807865b4c0cadd239f1678fe89e107403ae4	5JVW__6O6__laJ__aaB__rs102__m1__alt.	9MOZ__A1BNI__laI__aaA__rs103__m1__alt.
canonical_selected_sequence_sha256	bf3638c8d76eb2a53bd624ee9a18807865b4c0cadd239f1678fe89e107403ae4	5JVW__6O6__laJ__aaB__rs102__m1__alt.	9MOZ__A1BNI__laJ__aaA__rs104__m1__alt.
canonical_selected_sequence_sha256	bf3638c8d76eb2a53bd624ee9a18807865b4c0cadd239f1678fe89e107403ae4	5JVW__6O6__laJ__aaB__rs102__m1__alt.	9MOZ__A1BNI__laLA__aaG__rs105__m1__alt.
canonical_selected_sequence_sha256	bf3638c8d76eb2a53bd624ee9a18807865b4c0cadd239f1678fe89e107403ae4	5JVW__6O6__laJ__aaB__rs102__m1__alt.	9MOZ__A1BNI__laW__aaD__rs104__m1__alt.
canonical_selected_sequence_sha256	c03484e1f75bd939c540e672af9277473e74cb897c59e8c21184c3d8f0dc0f04	8I44__53D__laB__aaA__rs20__m1__alt.	9U6Z__53D__laB__aaA__rs101__m1__alt.
canonical_selected_sequence_sha256	c1469ea0081c4b4c3ccfbdc0c5ff20e779fab5fb29cef8c16ab65aecba581138	6N5N__2BA__laB__aaA__rs201__m1__alt.	6N5N__2BA__laC__aaA__rs202__m1__alt.
canonical_selected_sequence_sha256	c1b75684e6373d7e60c4ddb3f49f650143c8303a4b2c6058ab302efa471c23f7	9I9W__B2R__laC__aaAAA__rs101__m1__alt.	9I9W__B2R__laD__aaAAA__rs102__m1__alt.
canonical_selected_sequence_sha256	c1b75684e6373d7e60c4ddb3f49f650143c8303a4b2c6058ab302efa471c23f7	9I9W__B2R__laC__aaAAA__rs101__m1__alt.	9I9W__B2R__laE__aaBBB__rs101__m1__alt.
canonical_selected_sequence_sha256	c23b3e77f41fc574a0b17329535280e4c1d83ae54aef79860362773489ecf3e5	9HRD__GTP__laFA__aaD__rs107__m1__alt.	9HRD__GTP__laY__aaC__rs107__m1__alt.
canonical_selected_sequence_sha256	c27e6f0a5aace74e4142396a2927aaa5c2c223f348d1dcb9d9fd59e4a556295c	2O5C__TDR__laE__aaD__rs799__m1__alt.	2O5E__TDR__laE__aaD__rs9__m1__alt.
canonical_selected_sequence_sha256	c2b5028e0586574422f04ed5d594df15fb561befdff1ed1ff0254bb43b7cefad	8TB8__HT1__laF__aaD__rs101__m1__alt.	8TBO__NT__laE__aaA__rs101__m1__alt.
canonical_selected_sequence_sha256	c4f7010888e104dafd253799ee69e11cf75e37a414b5f4d56834cae8771b64ec	8VXZ__A1AED__laG__aaA__rs104__m1__alt.	8VY0__A1AEE__laH__aaA__rs105__m1__alt.
canonical_selected_sequence_sha256	c4f7010888e104dafd253799ee69e11cf75e37a414b5f4d56834cae8771b64ec	8VXZ__A1AED__laG__aaA__rs104__m1__alt.	8VY1__A1AEF__laL__aaB__rs103__m1__alt.
canonical_selected_sequence_sha256	c5044276a7dc813622f3505dff430343b62fe242e6ab5b55b0b0c97a26647c7e	3NX5__SAU__laE__aaC__rs7__m1__alt.	4D9X__KPT__laF__aaC__rs101__m1__alt.
canonical_selected_sequence_sha256	c5044276a7dc813622f3505dff430343b62fe242e6ab5b55b0b0c97a26647c7e	3NX5__SAU__laE__aaC__rs7__m1__alt.	4D9Y__CTI__laE__aaA__rs201__m1__alt.
canonical_selected_sequence_sha256	c5ab9afe34664d20dbf9964ccbf4c81b9c7df3ae7fe6e5b363a491ce5c503a83	26JR__A1EOV__laB__aaA__rs101__m1__alt.	26JT__A1EOB__laB__aaA__rs101__m1__alt.
canonical_selected_sequence_sha256	c5ab9afe34664d20dbf9964ccbf4c81b9c7df3ae7fe6e5b363a491ce5c503a83	26JR__A1EOV__laB__aaA__rs101__m1__alt.	7X2Z__7U0__laB__aaA__rs101__m1__alt.
canonical_selected_sequence_sha256	c5ab9afe34664d20dbf9964ccbf4c81b9c7df3ae7fe6e5b363a491ce5c503a83	26JR__A1EOV__laB__aaA__rs101__m1__alt.	7X3A__7V8__laB__aaA__rs101__m1__alt.
canonical_selected_sequence_sha256	c7c58704da92761f48abed7b8dd5f0fb852c4d47c6b994ffead86e56ef0c7591	2L7V__QUL__laD__aaA__rs1__m1__alt.	2L7V__QUL__laE__aaA__rs2__m1__alt.
canonical_selected_sequence_sha256	c7c58704da92761f48abed7b8dd5f0fb852c4d47c6b994ffead86e56ef0c7591	2L7V__QUL__laD__aaA__rs1__m1__alt.	5W77__9WP__laD__aaA__rs103__m1__alt.
canonical_selected_sequence_sha256	c7c58704da92761f48abed7b8dd5f0fb852c4d47c6b994ffead86e56ef0c7591	2L7V__QUL__laD__aaA__rs1__m1__alt.	5W77__9WP__laE__aaA__rs104__m1__alt.
canonical_selected_sequence_sha256	c7c58704da92761f48abed7b8dd5f0fb852c4d47c6b994ffead86e56ef0c7591	2L7V__QUL__laD__aaA__rs1__m1__alt.	6JJ0__BO6__laB__aaA__rs101__m1__alt.
canonical_selected_sequence_sha256	c7c58704da92761f48abed7b8dd5f0fb852c4d47c6b994ffead86e56ef0c7591	2L7V__QUL__laD__aaA__rs1__m1__alt.	6O2L__BO6__laB__aaA__rs101__m1__alt.
canonical_selected_sequence_sha256	c7c58704da92761f48abed7b8dd5f0fb852c4d47c6b994ffead86e56ef0c7591	2L7V__QUL__laD__aaA__rs1__m1__alt.	6O2L__BO6__laC__aaA__rs102__m1__alt.
canonical_selected_sequence_sha256	c7c58704da92761f48abed7b8dd5f0fb852c4d47c6b994ffead86e56ef0c7591	2L7V__QUL__laD__aaA__rs1__m1__alt.	7KBX__WAM__laB__aaA__rs101__m1__alt.
canonical_selected_sequence_sha256	c7c58704da92761f48abed7b8dd5f0fb852c4d47c6b994ffead86e56ef0c7591	2L7V__QUL__laD__aaA__rs1__m1__alt.	7KBX__WAM__laC__aaA__rs102__m1__alt.
canonical_selected_sequence_sha256	c7c58704da92761f48abed7b8dd5f0fb852c4d47c6b994ffead86e56ef0c7591	2L7V__QUL__laD__aaA__rs1__m1__alt.	9L4E__A1EIH__laB__aaA__rs101__m1__alt.
canonical_selected_sequence_sha256	c7c58704da92761f48abed7b8dd5f0fb852c4d47c6b994ffead86e56ef0c7591	2L7V__QUL__laD__aaA__rs1__m1__alt.	9L4E__A1EIH__laC__aaA__rs102__m1__alt.
canonical_selected_sequence_sha256	c8a432fb573da6675f09a9c16f13592dd2fb7b382503643a68be2e345c5c78b6	3KUY__ATV__laL__aaI__rs73__m1__alt.	3KUY__ATV__laM__aaJ__rs73__m1__alt.
canonical_selected_sequence_sha256	c8bbbeab96986d6705f8e6b7020b3783634b324562f05498790b0f422176c7bb	4QLM__2BA__laD__aaA__rs203__m1__alt.	4QLM__2BA__laE__aaA__rs204__m1__alt.
canonical_selected_sequence_sha256	ca847a6a8e2aa4765dd48ce06162df88694a7f46c77d07685985d57f7b3906ff	7WIE__7DG__laB__aaV__rs101__m1__alt.	7WIF__H4B__laB__aaV__rs101__m1__alt.
canonical_selected_sequence_sha256	ca847a6a8e2aa4765dd48ce06162df88694a7f46c77d07685985d57f7b3906ff	7WIE__7DG__laB__aaV__rs101__m1__alt.	7WII__NPR__laB__aaV__rs101__m1__alt.
canonical_selected_sequence_sha256	cb0a16964cc7b9068c53df96fa8fc730e2bcfeaac508e8e402a293b23f3c8796	8HBA__NAD__laD__aaA__rs102__m1__alt.	8HBA__NMN__laF__aaB__rs102__m1__alt.
canonical_selected_sequence_sha256	cca59af1378834f51a4a79b070efccd17802e1b93f7c2690644197e914379849	6YML__DSH__laF__aaA__rs102__m1__alt.	6YML__DSH__laH__aaC__rs101__m1__alt.
canonical_selected_sequence_sha256	ceb7d1956a0ec65eb5b80b0a322f671d289082f5a5fe2d0b1c1b1f8cda61cd71	7EOH__J8F__laB__aaA__rs101__m1__alt.	7EOI__J8F__laB__aaA__rs101__m1__alt.
canonical_selected_sequence_sha256	ceb7d1956a0ec65eb5b80b0a322f671d289082f5a5fe2d0b1c1b1f8cda61cd71	7EOH__J8F__laB__aaA__rs101__m1__alt.	7EOJ__J8F__laB__aaA__rs101__m1__alt.
canonical_selected_sequence_sha256	cfd1115e8717e7f6b4a5e2e36269e59a05ae71f3c4afa7c1e784dc1aac3d14a9	2MG8__XR2__laC__aaB__rs101__m1__alt.	2MG8__XR2__laD__aaB__rs102__m1__alt.
canonical_selected_sequence_sha256	d00ebbcf578a03bdb9eeb214602087769367c82aa32bf0cee25db8bc3bfa950e	5BJO__747__laK__aaY__rs104__m1__alt.	5BJP__747__laL__aaY__rs104__m1__alt.
canonical_selected_sequence_sha256	d7f62117e791f680230d21c768ee947147ff6e13ea4a49a3cd1e214f56997066	8TAP__NT__laE__aaC__rs101__m1__alt.	8TAQ__HT1__laF__aaC__rs101__m1__alt.
canonical_selected_sequence_sha256	d7f62117e791f680230d21c768ee947147ff6e13ea4a49a3cd1e214f56997066	8TAP__NT__laE__aaC__rs101__m1__alt.	8TDT__DAP__laJ__aaC__rs101__m1__alt.
canonical_selected_sequence_sha256	d85f6e1bca51922c3a5a8ca7a814a383fd274a8292349d6ad1f15ec338134834	8JY0__V8C__laO__aaD__rs203__m1__alt.	8JY0__V8C__laQ__aaF__rs101__m1__alt.
canonical_selected_sequence_sha256	d880dd43373486d9f354a9446ba81a840585559cca359926f1a53ae95b3592fb	9DLL__A1AZM__laC__aaB__rs101__m1__alt.	9DLM__A1AZL__laC__aaA__rs101__m1__alt.
canonical_selected_sequence_sha256	d880dd43373486d9f354a9446ba81a840585559cca359926f1a53ae95b3592fb	9DLL__A1AZM__laC__aaB__rs101__m1__alt.	9DLN__MQC__laC__aaA__rs101__m1__alt.
canonical_selected_sequence_sha256	dd400689a4b7bfdedf2c4facf27d5dcf17a4fcc3c70e0705c725f1b5ec9b308c	198D__DM5__laG__aaB__rs26__m1__alt.	198D__DM5__laH__aaD__rs27__m1__alt.
canonical_selected_sequence_sha256	dd915b70e493f3491bc3735c1713fdb9f888d01a3e3428bed6e1897d764a1bba	5OB3__1TU__laB__aaA__rs101__m1__alt.	7L0Z__2ZY__laB__aaG__rs101__m1__alt.
canonical_selected_sequence_sha256	ddb1f134210808b8cfb22bd9df3e9851d3d35810710c813fee3758527b193a01	6N5P__2BA__laB__aaA__rs201__m1__alt.	6N5P__2BA__laC__aaA__rs202__m1__alt.
canonical_selected_sequence_sha256	ddd23ec0dab8afb8ddf4b3688817035017ee5f5adbb51939f591b67793148585	1G5L__BLB__laG__aaC__rs1__m1__alt.	1GJ2__BLB__laG__aaC__rs1__m1__alt.
canonical_selected_sequence_sha256	de78c5931713c1e9476c724573c02e5bc5a9db729f54ed5c7beb8001ef38474a	4YAZ__4BW__laH__aaR__rs106__m1__alt.	4YAZ__4BW__laL__aaA__rs103__m1__alt.
canonical_selected_sequence_sha256	de9fd54ca3f00e90e20cf7922731257c9e9d1a03f1ae74394d01710fe467d099	3G8T__GLP__laR__aaQ__rs5002__m1__alt.	3G8T__GLP__laV__aaR__rs5003__m1__alt.
canonical_selected_sequence_sha256	df7a47b6b816d43c33263c3a7027343317e9d1056ef1aec934ef466651b150ab	7XQ5__HEZ__laF__aaC__rs101__m1__alt.	7XQ5__HEZ__laG__aaD__rs101__m1__alt.
canonical_selected_sequence_sha256	e113e5b915f73e777dc958ab552a355d8fa3f7efcffd0e7fb7b990fe0ba8d1ed	7ZJ4__1TU__laC__aaE__rs402__m1__alt.	7ZJ4__J93__laB__aaE__rs401__m1__alt.
canonical_selected_sequence_sha256	e1b1bd4543f5f81a3275559c12ab8477ae0e42ecc3b659cee8b4a93d4a7b02ea	8XZE__THG__laB__aaA__rs101__m1__alt.	8XZL__DHF__laB__aaA__rs101__m1__alt.
canonical_selected_sequence_sha256	e1b1bd4543f5f81a3275559c12ab8477ae0e42ecc3b659cee8b4a93d4a7b02ea	8XZE__THG__laB__aaA__rs101__m1__alt.	8XZM__NPR__laG__aaA__rs106__m1__alt.
canonical_selected_sequence_sha256	e1b1bd4543f5f81a3275559c12ab8477ae0e42ecc3b659cee8b4a93d4a7b02ea	8XZE__THG__laB__aaA__rs101__m1__alt.	8XZN__H4B__laB__aaA__rs101__m1__alt.
canonical_selected_sequence_sha256	e1b1bd4543f5f81a3275559c12ab8477ae0e42ecc3b659cee8b4a93d4a7b02ea	8XZE__THG__laB__aaA__rs101__m1__alt.	8XZO__GUN__laC__aaA__rs202__m1__alt.
canonical_selected_sequence_sha256	e1b1bd4543f5f81a3275559c12ab8477ae0e42ecc3b659cee8b4a93d4a7b02ea	8XZE__THG__laB__aaA__rs101__m1__alt.	8XZP__A1LXN__laG__aaA__rs106__m1__alt.
canonical_selected_sequence_sha256	e1b1bd4543f5f81a3275559c12ab8477ae0e42ecc3b659cee8b4a93d4a7b02ea	8XZE__THG__laB__aaA__rs101__m1__alt.	8XZQ__AZG__laB__aaA__rs101__m1__alt.
canonical_selected_sequence_sha256	e1b1bd4543f5f81a3275559c12ab8477ae0e42ecc3b659cee8b4a93d4a7b02ea	8XZE__THG__laB__aaA__rs101__m1__alt.	8XZR__ANG__laB__aaA__rs101__m1__alt.
canonical_selected_sequence_sha256	e1b1bd4543f5f81a3275559c12ab8477ae0e42ecc3b659cee8b4a93d4a7b02ea	8XZE__THG__laB__aaA__rs101__m1__alt.	8XZW__THG__laB__aaA__rs101__m1__alt.
canonical_selected_sequence_sha256	e2fab9440ee82df2e98aa5c15004c6d0a183b58f195cc5d831b4b8c43855a486	6IZP__B2R__laB__aaA__rs101__m1__alt.	6IZP__B2R__laC__aaA__rs102__m1__alt.
canonical_selected_sequence_sha256	e32d0759aa76f245fb7d9f36deb00ccb85242eac979e5a8fbfb89ae8c4f55e2c	6QIS__J48__laL__aaC__rs102__m1__alt.	6QIS__J48__laN__aaE__rs101__m1__alt.
canonical_selected_sequence_sha256	e32d0759aa76f245fb7d9f36deb00ccb85242eac979e5a8fbfb89ae8c4f55e2c	6QIS__J48__laL__aaC__rs102__m1__alt.	6QIS__J48__laP__aaG__rs101__m1__alt.
canonical_selected_sequence_sha256	e32d0759aa76f245fb7d9f36deb00ccb85242eac979e5a8fbfb89ae8c4f55e2c	6QIS__J48__laL__aaC__rs102__m1__alt.	6QIS__J48__laQ__aaH__rs101__m1__alt.
canonical_selected_sequence_sha256	e8adc295467371b31fd46cc1fbff0ead4ebab1908e76d34cb6cd1841f7a44b18	7ELP__XAN__laF__aaA__rs104__m1__alt.	7ELP__XAN__laU__aaB__rs103__m1__alt.
canonical_selected_sequence_sha256	e8adc295467371b31fd46cc1fbff0ead4ebab1908e76d34cb6cd1841f7a44b18	7ELP__XAN__laF__aaA__rs104__m1__alt.	7ELQ__XAN__laD__aaA__rs102__m1__alt.
canonical_selected_sequence_sha256	e8adc295467371b31fd46cc1fbff0ead4ebab1908e76d34cb6cd1841f7a44b18	7ELP__XAN__laF__aaA__rs104__m1__alt.	7ELQ__XAN__laO__aaB__rs102__m1__alt.
canonical_selected_sequence_sha256	e8adc295467371b31fd46cc1fbff0ead4ebab1908e76d34cb6cd1841f7a44b18	7ELP__XAN__laF__aaA__rs104__m1__alt.	7ELR__XAN__laD__aaA__rs102__m1__alt.
canonical_selected_sequence_sha256	e8adc295467371b31fd46cc1fbff0ead4ebab1908e76d34cb6cd1841f7a44b18	7ELP__XAN__laF__aaA__rs104__m1__alt.	7ELR__XAN__laN__aaB__rs102__m1__alt.
canonical_selected_sequence_sha256	e8adc295467371b31fd46cc1fbff0ead4ebab1908e76d34cb6cd1841f7a44b18	7ELP__XAN__laF__aaA__rs104__m1__alt.	7ELS__AZA__laK__aaA__rs109__m1__alt.
canonical_selected_sequence_sha256	e8adc295467371b31fd46cc1fbff0ead4ebab1908e76d34cb6cd1841f7a44b18	7ELP__XAN__laF__aaA__rs104__m1__alt.	7ELS__AZA__laS__aaB__rs108__m1__alt.
canonical_selected_sequence_sha256	ebfd097b6621dc065e521c831618574d7db2bb6f33f95334153c82bdaba4f77b	7EOG__J8F__laC__aaA__rs102__m1__alt.	7EOK__J8L__laC__aaA__rs102__m1__alt.
canonical_selected_sequence_sha256	ebfd097b6621dc065e521c831618574d7db2bb6f33f95334153c82bdaba4f77b	7EOG__J8F__laC__aaA__rs102__m1__alt.	7EOL__J8O__laH__aaA__rs107__m1__alt.
canonical_selected_sequence_sha256	ebfd097b6621dc065e521c831618574d7db2bb6f33f95334153c82bdaba4f77b	7EOG__J8F__laC__aaA__rs102__m1__alt.	7EOM__J8R__laC__aaA__rs102__m1__alt.
canonical_selected_sequence_sha256	ebfd097b6621dc065e521c831618574d7db2bb6f33f95334153c82bdaba4f77b	7EOG__J8F__laC__aaA__rs102__m1__alt.	7EON__J8U__laC__aaA__rs102__m1__alt.
canonical_selected_sequence_sha256	ebfd097b6621dc065e521c831618574d7db2bb6f33f95334153c82bdaba4f77b	7EOG__J8F__laC__aaA__rs102__m1__alt.	7EOO__J8X__laC__aaA__rs102__m1__alt.
canonical_selected_sequence_sha256	ebfd097b6621dc065e521c831618574d7db2bb6f33f95334153c82bdaba4f77b	7EOG__J8F__laC__aaA__rs102__m1__alt.	7EOP__J93__laH__aaA__rs107__m1__alt.
canonical_selected_sequence_sha256	ec4f77d22048b83fa2c11f0bf25786005f7077ef0264e6b9722d28bb8c3bea08	8UFZ__Y5U__laG__aaB__rs101__m1__alt.	8UFZ__Y5U__laH__aaD__rs101__m1__alt.
canonical_selected_sequence_sha256	ece479b524f9463b6ee1e753cf3ec8aa50c27ce239fff6dc8bafcd8099a0c440	7REX__PRF__laD__aaA__rs101__m1__alt.	7REX__PRF__laE__aaA__rs102__m1__alt.
canonical_selected_sequence_sha256	ece479b524f9463b6ee1e753cf3ec8aa50c27ce239fff6dc8bafcd8099a0c440	7REX__PRF__laD__aaA__rs101__m1__alt.	7REX__PRF__laI__aaB__rs101__m1__alt.
canonical_selected_sequence_sha256	ece479b524f9463b6ee1e753cf3ec8aa50c27ce239fff6dc8bafcd8099a0c440	7REX__PRF__laD__aaA__rs101__m1__alt.	7REX__PRF__laJ__aaB__rs102__m1__alt.
canonical_selected_sequence_sha256	ece479b524f9463b6ee1e753cf3ec8aa50c27ce239fff6dc8bafcd8099a0c440	7REX__PRF__laD__aaA__rs101__m1__alt.	7REX__PRF__laK__aaC__rs101__m1__alt.
canonical_selected_sequence_sha256	ece479b524f9463b6ee1e753cf3ec8aa50c27ce239fff6dc8bafcd8099a0c440	7REX__PRF__laD__aaA__rs101__m1__alt.	7REX__PRF__laL__aaC__rs102__m1__alt.
canonical_selected_sequence_sha256	ece479b524f9463b6ee1e753cf3ec8aa50c27ce239fff6dc8bafcd8099a0c440	7REX__PRF__laD__aaA__rs101__m1__alt.	8FB3__PRF__laD__aaA__rs101__m1__altA
canonical_selected_sequence_sha256	ece479b524f9463b6ee1e753cf3ec8aa50c27ce239fff6dc8bafcd8099a0c440	7REX__PRF__laD__aaA__rs101__m1__alt.	8FB3__PRF__laJ__aaC__rs101__m1__altA
canonical_selected_sequence_sha256	ece479b524f9463b6ee1e753cf3ec8aa50c27ce239fff6dc8bafcd8099a0c440	7REX__PRF__laD__aaA__rs101__m1__alt.	8FB3__PRF__laK__aaC__rs102__m1__altA
canonical_selected_sequence_sha256	ed273cd1b60238536c04683066c599c016aca73e689705ac1bc3df6b3c734c2c	8TA8__NT__laE__aaA__rs101__m1__alt.	8TAM__HT1__laE__aaA__rs101__m1__alt.
canonical_selected_sequence_sha256	ed7dfe97f549ba9344d018dc0de534dacc86efcfa7a37ba4501bf518541e05f5	1M18__1SZ__laV__aaJ__rs1601__m1__alt.	1S32__DIB__laBA__aaI__rs1611__m1__alt.
canonical_selected_sequence_sha256	ed7dfe97f549ba9344d018dc0de534dacc86efcfa7a37ba4501bf518541e05f5	1M18__1SZ__laV__aaJ__rs1601__m1__alt.	1S32__DIB__laMA__aaI__rs1631__m1__alt.
canonical_selected_sequence_sha256	ed7dfe97f549ba9344d018dc0de534dacc86efcfa7a37ba4501bf518541e05f5	1M18__1SZ__laV__aaJ__rs1601__m1__alt.	1S32__OGG__laTA__aaJ__rs1700__m1__alt.
canonical_selected_sequence_sha256	efee820629ae4ff9f023b6002fa01e41c181ba4c2cda8178454bbd87e41f6fbf	6N5Q__2BA__laB__aaA__rs201__m1__alt.	6N5Q__2BA__laC__aaA__rs202__m1__alt.
canonical_selected_sequence_sha256	eff708b5c5e1aa84fef863a073dcd0878e376a8cb272987bdfc77e0c4e0b48c0	1X26__NAZ__laC__aaA__rs25__m1__alt.	1X26__NAZ__laD__aaB__rs24__m1__alt.
canonical_selected_sequence_sha256	f0c89fd0fda1539f90513bfc66b1a60de4eec8c7e4400fc3b62645b6cbfca06b	1FDG__9TA__laD__aaB__rs13__m1__alt.	2DES__DMM__laC__aaA__rs13__m1__alt.
canonical_selected_sequence_sha256	f0c89fd0fda1539f90513bfc66b1a60de4eec8c7e4400fc3b62645b6cbfca06b	1FDG__9TA__laD__aaB__rs13__m1__alt.	2DES__DMM__laD__aaA__rs14__m1__alt.
canonical_selected_sequence_sha256	f0c89fd0fda1539f90513bfc66b1a60de4eec8c7e4400fc3b62645b6cbfca06b	1FDG__9TA__laD__aaB__rs13__m1__alt.	308D__DM1__laD__aaA__rs14__m1__alt.
canonical_selected_sequence_sha256	f0c89fd0fda1539f90513bfc66b1a60de4eec8c7e4400fc3b62645b6cbfca06b	1FDG__9TA__laD__aaB__rs13__m1__alt.	308D__DM1__laH__aaB__rs14__m1__alt.
canonical_selected_sequence_sha256	f0c89fd0fda1539f90513bfc66b1a60de4eec8c7e4400fc3b62645b6cbfca06b	1FDG__9TA__laD__aaB__rs13__m1__alt.	3I1D__NPM__laP__aaB__rs204__m1__alt.
canonical_selected_sequence_sha256	f0ecccce81831baadb34101eb92e9c70d6f690f62088ff889911fe978a5c6a0b	4YB0__C2E__laD__aaR__rs102__m1__alt.	4YB0__C2E__laK__aaA__rs102__m1__alt.
canonical_selected_sequence_sha256	f111e291f7db638bb37fa548e21315f01750279c4d705c25539a2d48d411ad11	2NZ4__GLP__laR__aaF__rs5002__m1__alt.	2NZ4__GLP__laW__aaG__rs5003__m1__alt.
canonical_selected_sequence_sha256	f111e291f7db638bb37fa548e21315f01750279c4d705c25539a2d48d411ad11	2NZ4__GLP__laR__aaF__rs5002__m1__alt.	3G96__6MN__laM__aaF__rs12__m1__alt.
canonical_selected_sequence_sha256	f111e291f7db638bb37fa548e21315f01750279c4d705c25539a2d48d411ad11	2NZ4__GLP__laR__aaF__rs5002__m1__alt.	3L3C__G6P__laS__aaQ__rs5002__m1__alt.
canonical_selected_sequence_sha256	f16b248efc57ce6df92114ee803bd5b59b7309e6f46bc4979c6c13bb2204ef93	9NDV__QI9__laB__aaA__rs201__m1__alt.	9NDX__QI9__laC__aaA__rs201__m1__alt.
canonical_selected_sequence_sha256	f16b248efc57ce6df92114ee803bd5b59b7309e6f46bc4979c6c13bb2204ef93	9NDV__QI9__laB__aaA__rs201__m1__alt.	9NDX__QI9__laD__aaB__rs201__m1__alt.
canonical_selected_sequence_sha256	f226872f0292f1223a712ad207f23ecaa33b446e80fedfa101c425c8913f7fd2	203D__PSO__laC__aaA__rs9__m1__alt.	204D__PSO__laC__aaB__rs1__m1__alt.
canonical_selected_sequence_sha256	f2da88acf4514fc96732db3f29da0982a6ae251b71b8507df5a64226a13660ff	6QIS__J48__laI__aaA__rs101__m1__alt.	6QIS__J48__laJ__aaB__rs101__m1__alt.
canonical_selected_sequence_sha256	f2da88acf4514fc96732db3f29da0982a6ae251b71b8507df5a64226a13660ff	6QIS__J48__laI__aaA__rs101__m1__alt.	6QIS__J48__laO__aaE__rs102__m1__altB
canonical_selected_sequence_sha256	f30dc69d6f6e14c5ba9ef507a957e362fc2b27e331ed5aa6f3123e8adfc93aa2	7KBW__WAM__laB__aaA__rs101__m1__alt.	7KBW__WAM__laC__aaA__rs102__m1__alt.
canonical_selected_sequence_sha256	f30dc69d6f6e14c5ba9ef507a957e362fc2b27e331ed5aa6f3123e8adfc93aa2	7KBW__WAM__laB__aaA__rs101__m1__alt.	7N7D__BER__laB__aaA__rs101__m1__alt.
canonical_selected_sequence_sha256	f30dc69d6f6e14c5ba9ef507a957e362fc2b27e331ed5aa6f3123e8adfc93aa2	7KBW__WAM__laB__aaA__rs101__m1__alt.	7N7D__BER__laC__aaA__rs102__m1__alt.
canonical_selected_sequence_sha256	f30dc69d6f6e14c5ba9ef507a957e362fc2b27e331ed5aa6f3123e8adfc93aa2	7KBW__WAM__laB__aaA__rs101__m1__alt.	7N7E__BER__laB__aaA__rs101__m1__alt.
canonical_selected_sequence_sha256	f30dc69d6f6e14c5ba9ef507a957e362fc2b27e331ed5aa6f3123e8adfc93aa2	7KBW__WAM__laB__aaA__rs101__m1__alt.	7N7E__BER__laC__aaA__rs102__m1__alt.
canonical_selected_sequence_sha256	f4d004675b03cab6e13bbb914ec30517f37a005529f2b6c0a3b26063456076bf	4OCD__MWB__laD__aaA__rs101__m1__alt.	4OCD__MWB__laE__aaB__rs101__m1__alt.
canonical_selected_sequence_sha256	f5b484dc6867b6315a5dbd3c8be6126800e3ea955fcdc07cbc2c8854ba46e6d3	6N5O__2BA__laB__aaA__rs201__m1__alt.	6N5O__2BA__laC__aaA__rs202__m1__alt.
canonical_selected_sequence_sha256	f7f225c0aa698b49dc6e511da948da9f7202bce91d2c93bae8f6ee093e821ca2	1DJ6__104__laD__aaA__rs13__m1__alt.	1DJ6__104__laE__aaB__rs14__m1__alt.
canonical_selected_sequence_sha256	f7f225c0aa698b49dc6e511da948da9f7202bce91d2c93bae8f6ee093e821ca2	1DJ6__104__laD__aaA__rs13__m1__alt.	1V9G__SPW__laC__aaA__rs13__m1__alt.
canonical_selected_sequence_sha256	f7f225c0aa698b49dc6e511da948da9f7202bce91d2c93bae8f6ee093e821ca2	1DJ6__104__laD__aaA__rs13__m1__alt.	292D__P24__laC__aaA__rs13__m1__alt.
canonical_selected_sequence_sha256	f7f225c0aa698b49dc6e511da948da9f7202bce91d2c93bae8f6ee093e821ca2	1DJ6__104__laD__aaA__rs13__m1__alt.	2IE1__PAW__laC__aaA__rs101__m1__alt.
canonical_selected_sequence_sha256	f7f225c0aa698b49dc6e511da948da9f7202bce91d2c93bae8f6ee093e821ca2	1DJ6__104__laD__aaA__rs13__m1__alt.	2IE1__PAW__laD__aaB__rs102__m1__alt.
canonical_selected_sequence_sha256	f7f225c0aa698b49dc6e511da948da9f7202bce91d2c93bae8f6ee093e821ca2	1DJ6__104__laD__aaA__rs13__m1__alt.	6BST__SR0__laC__aaA__rs101__m1__alt.
canonical_selected_sequence_sha256	f7f225c0aa698b49dc6e511da948da9f7202bce91d2c93bae8f6ee093e821ca2	1DJ6__104__laD__aaA__rs13__m1__alt.	7ATG__58I__laD__aaB__rs101__m1__altA
canonical_selected_sequence_sha256	fab2c01b20a2c6710ce319acf3507031c2c3aa07278fccbd090582fb376b102c	1RMX__AIK__laC__aaA__rs11__m1__alt.	1RMX__AIK__laD__aaB__rs2__m1__alt.
canonical_selected_sequence_sha256	fab2c01b20a2c6710ce319acf3507031c2c3aa07278fccbd090582fb376b102c	1RMX__AIK__laC__aaA__rs11__m1__alt.	2MNE__3B5__laC__aaA__rs101__m1__alt.
canonical_selected_sequence_sha256	fab2c01b20a2c6710ce319acf3507031c2c3aa07278fccbd090582fb376b102c	1RMX__AIK__laC__aaA__rs11__m1__alt.	2MNE__3B5__laD__aaB__rs101__m1__alt.
canonical_selected_sequence_sha256	fcb7b85e068b8c04b9f3415de03ef78b1acfd672629b1cfe89282785b44fc279	6N5K__2BA__laB__aaA__rs201__m1__alt.	6N5K__2BA__laC__aaA__rs202__m1__alt.
canonical_selected_sequence_sha256	fd81226af3dc2758d616d4eaab236595e0b6916f4250ae3193bb69aae200cb16	7D7V__GTP__laC__aaA__rs101__m1__alt.	7D7V__NAD__laL__aaA__rs110__m1__alt.
parent_pdb	198D	198D__DM5__laE__aaA__rs25__m1__alt.	198D__DM5__laG__aaB__rs26__m1__alt.
parent_pdb	198D	198D__DM5__laE__aaA__rs25__m1__alt.	198D__DM5__laH__aaD__rs27__m1__alt.
parent_pdb	198D	198D__DM5__laE__aaA__rs25__m1__alt.	198D__DM5__laI__aaD__rs28__m1__alt.
parent_pdb	1AW4	1AW4__AMP__laB__aaA__rs28__m1__alt.	1AW4__AMP__laC__aaA__rs29__m1__alt.
parent_pdb	1DJ6	1DJ6__104__laD__aaA__rs13__m1__alt.	1DJ6__104__laE__aaB__rs14__m1__alt.
parent_pdb	1DL8	1DL8__DA7__laB__aaA__rs3014__m1__alt.	1DL8__DA7__laC__aaA__rs3015__m1__altA
parent_pdb	1I5V	1I5V__PPZ__laC__aaA__rs7__m1__alt.	1I5V__PPZ__laD__aaB__rs7__m1__alt.
parent_pdb	1K9G	1K9G__DR1__laB__aaA__rs7__m1__alt.	1K9G__DR1__laC__aaA__rs8__m1__alt.
parent_pdb	1KCI	1KCI__DRC__laB__aaA__rs3014__m1__alt.	1KCI__DRC__laC__aaA__rs3015__m1__alt.
parent_pdb	1M69	1M69__DAX__laB__aaA__rs2000__m1__altC	1M69__DAX__laC__aaA__rs3000__m1__altD
parent_pdb	1NAB	1NAB__44D__laC__aaA__rs41__m1__alt.	1NAB__44D__laD__aaB__rs40__m1__alt.
parent_pdb	1QSX	1QSX__HT__laJ__aaB__rs25__m1__alt.	1QSX__HT__laK__aaB__rs26__m1__alt.
parent_pdb	1RMX	1RMX__AIK__laC__aaA__rs11__m1__alt.	1RMX__AIK__laD__aaB__rs2__m1__alt.
parent_pdb	1S32	1S32__DIB__laBA__aaI__rs1611__m1__alt.	1S32__DIB__laMA__aaI__rs1631__m1__alt.
parent_pdb	1S32	1S32__DIB__laBA__aaI__rs1611__m1__alt.	1S32__OGG__laTA__aaJ__rs1700__m1__alt.
parent_pdb	1X26	1X26__NAZ__laC__aaA__rs25__m1__alt.	1X26__NAZ__laD__aaB__rs24__m1__alt.
parent_pdb	1Z3F	1Z3F__EL__laC__aaA__rs41__m1__alt.	1Z3F__EL__laE__aaB__rs42__m1__alt.
parent_pdb	202D	202D__MNG__laC__aaA__rs9__m1__alt.	202D__MNG__laD__aaB__rs9__m1__alt.
parent_pdb	207D	207D__CRH__laL__aaA__rs13__m1__alt.	207D__CRH__laM__aaA__rs27__m1__alt.
parent_pdb	207D	207D__CRH__laL__aaA__rs13__m1__alt.	207D__CRH__laO__aaB__rs17__m1__alt.
parent_pdb	207D	207D__CRH__laL__aaA__rs13__m1__alt.	207D__CRH__laP__aaB__rs23__m1__alt.
parent_pdb	224D	224D__NGM__laC__aaA__rs14__m1__altA	224D__NGM__laD__aaB__rs13__m1__alt.
parent_pdb	23KA	23KA__AMR__laF__aaB__rs101__m1__alt.	23KA__AMR__laI__aaC__rs101__m1__alt.
parent_pdb	245D	245D__NGM__laC__aaA__rs14__m1__altA	245D__NGM__laD__aaB__rs13__m1__alt.
parent_pdb	258D	258D__NGM__laE__aaA__rs26__m1__alt.	258D__NGM__laG__aaB__rs25__m1__alt.
parent_pdb	258D	258D__NGM__laE__aaA__rs26__m1__alt.	258D__NGM__laK__aaC__rs28__m1__alt.
parent_pdb	258D	258D__NGM__laE__aaA__rs26__m1__alt.	258D__NGM__laL__aaD__rs27__m1__alt.
parent_pdb	2DES	2DES__DMM__laC__aaA__rs13__m1__alt.	2DES__DMM__laD__aaA__rs14__m1__alt.
parent_pdb	2HRI	2HRI__POH__laF__aaA__rs26__m1__alt.	2HRI__POH__laG__aaA__rs27__m1__alt.
parent_pdb	2IE1	2IE1__PAW__laC__aaA__rs101__m1__alt.	2IE1__PAW__laD__aaB__rs102__m1__alt.
parent_pdb	2KD4	2KD4__PRL__laC__aaA__rs17__m1__alt.	2KD4__PRL__laD__aaB__rs17__m1__alt.
parent_pdb	2L7V	2L7V__QUL__laD__aaA__rs1__m1__alt.	2L7V__QUL__laE__aaA__rs2__m1__alt.
parent_pdb	2MG8	2MG8__XR2__laC__aaB__rs101__m1__alt.	2MG8__XR2__laD__aaB__rs102__m1__alt.
parent_pdb	2MNE	2MNE__3B5__laC__aaA__rs101__m1__alt.	2MNE__3B5__laD__aaB__rs101__m1__alt.
parent_pdb	2N6C	2N6C__QUE__laB__aaA__rs101__m1__alt.	2N6C__QUE__laC__aaA__rs102__m1__alt.
parent_pdb	2NZ4	2NZ4__GLP__laR__aaF__rs5002__m1__alt.	2NZ4__GLP__laW__aaG__rs5003__m1__alt.
parent_pdb	2QWY	2QWY__SAM__laH__aaA__rs100__m1__alt.	2QWY__SAM__laK__aaB__rs300__m1__alt.
parent_pdb	2QWY	2QWY__SAM__laH__aaA__rs100__m1__alt.	2QWY__SAM__laO__aaC__rs500__m1__alt.
parent_pdb	308D	308D__DM1__laD__aaA__rs14__m1__alt.	308D__DM1__laH__aaB__rs14__m1__alt.
parent_pdb	366D	366D__DA6__laB__aaA__rs3013__m1__alt.	366D__DA6__laC__aaA__rs3015__m1__alt.
parent_pdb	378D	378D__DMY__laE__aaA__rs34__m1__alt.	378D__DMY__laG__aaB__rs33__m1__alt.
parent_pdb	378D	378D__DMY__laE__aaA__rs34__m1__alt.	378D__DMY__laH__aaC__rs36__m1__alt.
parent_pdb	378D	378D__DMY__laE__aaA__rs34__m1__alt.	378D__DMY__laI__aaD__rs35__m1__alt.
parent_pdb	37CM	37CM__N3D__laD__aaA__rs102__m1__alt.	37CM__N3D__laQ__aaB__rs102__m1__alt.
parent_pdb	3CDM	3CDM__NII__laD__aaA__rs27__m1__alt.	3CDM__NII__laH__aaB__rs27__m1__alt.
parent_pdb	3CDM	3CDM__NII__laD__aaA__rs27__m1__alt.	3CDM__NII__laI__aaB__rs28__m1__alt.
parent_pdb	3CDM	3CDM__NII__laD__aaA__rs27__m1__alt.	3CDM__NII__laJ__aaB__rs29__m1__alt.
parent_pdb	3EUI	3EUI__NC5__laH__aaA__rs57__m1__alt.	3EUI__NCI__laN__aaC__rs58__m1__alt.
parent_pdb	3FT6	3FT6__PRL__laC__aaA__rs21__m1__alt.	3FT6__PRL__laF__aaB__rs22__m1__alt.
parent_pdb	3G8T	3G8T__GLP__laM__aaE__rs5001__m1__alt.	3G8T__GLP__laR__aaQ__rs5002__m1__alt.
parent_pdb	3G8T	3G8T__GLP__laM__aaE__rs5001__m1__alt.	3G8T__GLP__laV__aaR__rs5003__m1__alt.
parent_pdb	3G8T	3G8T__GLP__laM__aaE__rs5001__m1__alt.	3G8T__GLP__laZ__aaH__rs5004__m1__alt.
parent_pdb	3I1D	3I1D__NPM__laF__aaA__rs203__m1__alt.	3I1D__NPM__laN__aaB__rs8__m1__alt.
parent_pdb	3I1D	3I1D__NPM__laF__aaA__rs203__m1__alt.	3I1D__NPM__laP__aaB__rs204__m1__alt.
parent_pdb	3KUY	3KUY__ATV__laL__aaI__rs73__m1__alt.	3KUY__ATV__laM__aaJ__rs73__m1__alt.
parent_pdb	3L3C	3L3C__G6P__laBA__aaH__rs5004__m1__alt.	3L3C__G6P__laN__aaP__rs5001__m1__alt.
parent_pdb	3L3C	3L3C__G6P__laBA__aaH__rs5004__m1__alt.	3L3C__G6P__laS__aaQ__rs5002__m1__alt.
parent_pdb	3U4M	3U4M__MLI__laO__aaB__rs2202__m1__alt.	3U4M__MLI__laP__aaB__rs2203__m1__alt.
parent_pdb	3U4M	3U4M__MLI__laO__aaB__rs2202__m1__alt.	3U4M__MLI__laQ__aaB__rs2204__m1__alt.
parent_pdb	3U4M	3U4M__MLI__laO__aaB__rs2202__m1__alt.	3U4M__MLI__laR__aaB__rs2205__m1__alt.
parent_pdb	452D	452D__9AD__laB__aaA__rs3013__m1__alt.	452D__9AD__laC__aaA__rs3015__m1__alt.
parent_pdb	465D	465D__9AD__laB__aaA__rs3014__m1__alt.	465D__9AD__laC__aaA__rs3015__m1__altA
parent_pdb	4OCD	4OCD__MWB__laD__aaA__rs101__m1__alt.	4OCD__MWB__laE__aaB__rs101__m1__alt.
parent_pdb	4OCD	4OCD__MWB__laD__aaA__rs101__m1__alt.	4OCD__MWB__laF__aaC__rs101__m1__alt.
parent_pdb	4QK8	4QK8__2BA__laB__aaA__rs201__m1__alt.	4QK8__2BA__laC__aaA__rs202__m1__alt.
parent_pdb	4QK9	4QK9__2BA__laB__aaA__rs201__m1__alt.	4QK9__2BA__laC__aaA__rs202__m1__alt.
parent_pdb	4QKA	4QKA__2BA__laB__aaA__rs201__m1__alt.	4QKA__2BA__laC__aaA__rs202__m1__alt.
parent_pdb	4QLM	4QLM__2BA__laD__aaA__rs203__m1__alt.	4QLM__2BA__laE__aaA__rs204__m1__alt.
parent_pdb	4W90	4W90__2BA__laC__aaC__rs201__m1__alt.	4W90__2BA__laD__aaC__rs202__m1__alt.
parent_pdb	4W92	4W92__2BA__laJ__aaC__rs208__m1__alt.	4W92__2BA__laK__aaC__rs209__m1__alt.
parent_pdb	4Y1I	4Y1I__GTP__laBA__aaA__rs226__m1__alt.	4Y1I__GTP__laC__aaA__rs201__m1__alt.
parent_pdb	4Y1J	4Y1J__GTP__laC__aaA__rs201__m1__alt.	4Y1J__GTP__laYA__aaB__rs202__m1__alt.
parent_pdb	4Y1M	4Y1M__GTP__laGB__aaA__rs208__m1__alt.	4Y1M__GTP__laN__aaB__rs212__m1__alt.
parent_pdb	4YAZ	4YAZ__4BW__laH__aaR__rs106__m1__alt.	4YAZ__4BW__laL__aaA__rs103__m1__alt.
parent_pdb	4YB0	4YB0__C2E__laD__aaR__rs102__m1__alt.	4YB0__C2E__laK__aaA__rs102__m1__alt.
parent_pdb	4ZNP	4ZNP__AMZ__laC__aaA__rs101__m1__alt.	4ZNP__AMZ__laF__aaB__rs101__m1__alt.
parent_pdb	5BTP	5BTP__AMZ__laJ__aaB__rs108__m1__alt.	5BTP__AMZ__laQ__aaA__rs106__m1__alt.
parent_pdb	5DDP	5DDP__GLN__laE__aaA__rs101__m1__alt.	5DDP__GLN__laP__aaB__rs101__m1__alt.
parent_pdb	5DDQ	5DDQ__GLN__laE__aaA__rs101__m1__alt.	5DDQ__GLN__laP__aaB__rs101__m1__alt.
parent_pdb	5DDR	5DDR__GLN__laE__aaA__rs101__m1__alt.	5DDR__GLN__laS__aaB__rs101__m1__alt.
parent_pdb	5IHD	5IHD__2OP__laG__aaA__rs103__m1__alt.	5IHD__2OP__laJ__aaB__rs103__m1__alt.
parent_pdb	5IHD	5IHD__2OP__laG__aaA__rs103__m1__alt.	5IHD__SIN__laM__aaD__rs101__m1__alt.
parent_pdb	5JVW	5JVW__6O6__laJ__aaB__rs102__m1__alt.	5JVW__6O6__laP__aaC__rs102__m1__alt.
parent_pdb	5JW0	5JW0__6O7__laC__aaA__rs101__m1__alt.	5JW0__6O7__laD__aaA__rs102__m1__alt.
parent_pdb	5JW0	5JW0__6O7__laC__aaA__rs101__m1__alt.	5JW0__6O7__laE__aaA__rs103__m1__alt.
parent_pdb	5JW0	5JW0__6O7__laC__aaA__rs101__m1__alt.	5JW0__6O7__laK__aaB__rs101__m1__alt.
parent_pdb	5JW2	5JW2__6O7__laC__aaA__rs101__m1__alt.	5JW2__6O7__laD__aaA__rs102__m1__alt.
parent_pdb	5JW2	5JW2__6O7__laC__aaA__rs101__m1__alt.	5JW2__6O7__laE__aaA__rs103__m1__alt.
parent_pdb	5JW2	5JW2__6O7__laC__aaA__rs101__m1__alt.	5JW2__6O7__laI__aaB__rs101__m1__alt.
parent_pdb	5LIT	5LIT__6XV__laE__aaD__rs101__m1__alt.	5LIT__6XV__laG__aaC__rs101__m1__alt.
parent_pdb	5LIT	5LIT__6XV__laE__aaD__rs101__m1__alt.	5LIT__6XV__laJ__aaB__rs102__m1__alt.
parent_pdb	5OBM	5OBM__LLL__laCEA__aa4__rs224__m1__alt.	5OBM__LLL__laGTB__aa8__rs221__m1__alt.
parent_pdb	5OBM	5OBM__LLL__laCEA__aa4__rs224__m1__alt.	5OBM__LLL__laJSB__aa7__rs231__m1__alt.
parent_pdb	5OBM	5OBM__LLL__laCEA__aa4__rs224__m1__alt.	5OBM__LLL__laLSB__aa7__rs233__m1__alt.
parent_pdb	5V3F	5V3F__74G__laF__aaA__rs104__m1__alt.	5V3F__74G__laJ__aaB__rs104__m1__alt.
parent_pdb	5W77	5W77__9WP__laD__aaA__rs103__m1__alt.	5W77__9WP__laE__aaA__rs104__m1__alt.
parent_pdb	6AZ3	6AZ3__PAR__laAC__aa2__rs1703__m1__alt.	6AZ3__PAR__laBB__aa1__rs1804__m1__alt.
parent_pdb	6AZ3	6AZ3__PAR__laAC__aa2__rs1703__m1__alt.	6AZ3__PAR__laCB__aa1__rs1805__m1__alt.
parent_pdb	6AZ3	6AZ3__PAR__laAC__aa2__rs1703__m1__alt.	6AZ3__PAR__laZB__aa2__rs1702__m1__alt.
parent_pdb	6C63	6C63__EKJ__laD__aaA__rs101__m1__alt.	6C63__EKJ__laH__aaB__rs101__m1__alt.
parent_pdb	6C64	6C64__EKM__laD__aaA__rs101__m1__alt.	6C64__EKM__laH__aaB__rs101__m1__alt.
parent_pdb	6C65	6C65__EKJ__laD__aaA__rs101__m1__alt.	6C65__EKJ__laH__aaB__rs101__m1__alt.
parent_pdb	6C65	6C65__EKJ__laD__aaA__rs101__m1__alt.	6C65__EKJ__laL__aaC__rs101__m1__alt.
parent_pdb	6CB3	6CB3__GTP__laAB__aaB__rs221__m1__alt.	6CB3__GTP__laU__aaA__rs219__m1__alt.
parent_pdb	6E8S	6E8S__EKJ__laC__aaA__rs101__m1__alt.	6E8S__EKJ__laG__aaB__rs101__m1__alt.
parent_pdb	6E8T	6E8T__HZG__laE__aaD__rs101__m1__alt.	6E8T__HZG__laG__aaC__rs101__m1__alt.
parent_pdb	6E8T	6E8T__HZG__laE__aaD__rs101__m1__alt.	6E8T__HZG__laJ__aaB__rs101__m1__alt.
parent_pdb	6E8T	6E8T__HZG__laE__aaD__rs101__m1__alt.	6E8T__HZG__laL__aaA__rs101__m1__alt.
parent_pdb	6GIM	6GIM__EZK__laE__aaD__rs101__m1__alt.	6GIM__EZK__laF__aaC__rs101__m1__alt.
parent_pdb	6GIM	6GIM__EZK__laE__aaD__rs101__m1__alt.	6GIM__EZK__laI__aaB__rs101__m1__alt.
parent_pdb	6IZP	6IZP__B2R__laB__aaA__rs101__m1__alt.	6IZP__B2R__laC__aaA__rs102__m1__alt.
parent_pdb	6JJH	6JJH__POH__laB__aaB__rs101__m1__alt.	6JJH__POH__laC__aaB__rs102__m1__alt.
parent_pdb	6LAS	6LAS__SAM__laF__aaA__rs101__m1__alt.	6LAS__SAM__laG__aaB__rs101__m1__alt.
parent_pdb	6LAU	6LAU__SAH__laF__aaA__rs101__m1__alt.	6LAU__SAH__laI__aaB__rs101__m1__alt.
parent_pdb	6LAX	6LAX__SAM__laF__aaA__rs101__m1__alt.	6LAX__SAM__laG__aaB__rs101__m1__alt.
parent_pdb	6LAZ	6LAZ__E7X__laG__aaA__rs102__m1__alt.	6LAZ__E7X__laH__aaB__rs101__m1__alt.
parent_pdb	6M4T	6M4T__F1R__laG__aaA__rs103__m1__alt.	6M4T__F1R__laJ__aaB__rs103__m1__alt.
parent_pdb	6M4T	6M4T__F1R__laG__aaA__rs103__m1__alt.	6M4T__F1R__laK__aaC__rs101__m1__alt.
parent_pdb	6M4T	6M4T__F1R__laG__aaA__rs103__m1__alt.	6M4T__F1R__laL__aaD__rs101__m1__alt.
parent_pdb	6M5J	6M5J__F1R__laG__aaA__rs103__m1__alt.	6M5J__F1R__laJ__aaB__rs103__m1__alt.
parent_pdb	6M5J	6M5J__F1R__laG__aaA__rs103__m1__alt.	6M5J__F1R__laK__aaC__rs101__m1__alt.
parent_pdb	6M5J	6M5J__F1R__laG__aaA__rs103__m1__alt.	6M5J__F1R__laL__aaD__rs101__m1__alt.
parent_pdb	6N5K	6N5K__2BA__laB__aaA__rs201__m1__alt.	6N5K__2BA__laC__aaA__rs202__m1__alt.
parent_pdb	6N5N	6N5N__2BA__laB__aaA__rs201__m1__alt.	6N5N__2BA__laC__aaA__rs202__m1__alt.
parent_pdb	6N5O	6N5O__2BA__laB__aaA__rs201__m1__alt.	6N5O__2BA__laC__aaA__rs202__m1__alt.
parent_pdb	6N5P	6N5P__2BA__laB__aaA__rs201__m1__alt.	6N5P__2BA__laC__aaA__rs202__m1__alt.
parent_pdb	6N5Q	6N5Q__2BA__laB__aaA__rs201__m1__alt.	6N5Q__2BA__laC__aaA__rs202__m1__alt.
parent_pdb	6N5S	6N5S__2BA__laC__aaA__rs202__m1__alt.	6N5S__2BA__laD__aaA__rs203__m1__alt.
parent_pdb	6N5T	6N5T__2BA__laB__aaA__rs201__m1__alt.	6N5T__2BA__laC__aaA__rs202__m1__alt.
parent_pdb	6O2L	6O2L__BO6__laB__aaA__rs101__m1__alt.	6O2L__BO6__laC__aaA__rs102__m1__alt.
parent_pdb	6OD9	6OD9__AMZ__laD__aaA__rs102__m1__alt.	6OD9__AMZ__laI__aaB__rs102__m1__alt.
parent_pdb	6QIR	6QIR__J48__laE__aaA__rs101__m1__alt.	6QIR__J48__laF__aaA__rs102__m1__alt.
parent_pdb	6QIR	6QIR__J48__laE__aaA__rs101__m1__alt.	6QIR__J48__laG__aaC__rs101__m1__alt.
parent_pdb	6QIR	6QIR__J48__laE__aaA__rs101__m1__alt.	6QIR__J48__laH__aaD__rs101__m1__alt.
parent_pdb	6QIS	6QIS__J48__laI__aaA__rs101__m1__alt.	6QIS__J48__laJ__aaB__rs101__m1__alt.
parent_pdb	6QIS	6QIS__J48__laI__aaA__rs101__m1__alt.	6QIS__J48__laK__aaC__rs101__m1__alt.
parent_pdb	6QIS	6QIS__J48__laI__aaA__rs101__m1__alt.	6QIS__J48__laL__aaC__rs102__m1__alt.
parent_pdb	6QIS	6QIS__J48__laI__aaA__rs101__m1__alt.	6QIS__J48__laN__aaE__rs101__m1__alt.
parent_pdb	6QIS	6QIS__J48__laI__aaA__rs101__m1__alt.	6QIS__J48__laO__aaE__rs102__m1__altB
parent_pdb	6QIS	6QIS__J48__laI__aaA__rs101__m1__alt.	6QIS__J48__laP__aaG__rs101__m1__alt.
parent_pdb	6QIS	6QIS__J48__laI__aaA__rs101__m1__alt.	6QIS__J48__laQ__aaH__rs101__m1__alt.
parent_pdb	6QIT	6QIT__J48__laE__aaA__rs101__m1__altA	6QIT__J48__laF__aaA__rs102__m1__altA
parent_pdb	6QIT	6QIT__J48__laE__aaA__rs101__m1__altA	6QIT__J48__laG__aaC__rs101__m1__alt.
parent_pdb	6QIT	6QIT__J48__laE__aaA__rs101__m1__altA	6QIT__J48__laH__aaD__rs101__m1__altA
parent_pdb	6QN3	6QN3__GLN__laG__aaA__rs105__m1__alt.	6QN3__GLN__laL__aaB__rs205__m1__alt.
parent_pdb	6UP0	6UP0__YO3__laF__aaC__rs104__m1__alt.	6UP0__YO3__laK__aaD__rs104__m1__alt.
parent_pdb	6V9D	6V9D__QW4__laC__aaB__rs101__m1__alt.	6V9D__QW4__laD__aaB__rs102__m1__alt.
parent_pdb	6V9D	6V9D__QW4__laC__aaB__rs101__m1__alt.	6V9D__QW4__laH__aaE__rs101__m1__alt.
parent_pdb	6WK7	6WK7__AX2__laC__aaB__rs101__m1__alt.	6WK7__AX2__laD__aaB__rs102__m1__alt.
parent_pdb	6WK7	6WK7__AX2__laC__aaB__rs101__m1__alt.	6WK7__AX2__laE__aaB__rs103__m1__alt.
parent_pdb	6WK7	6WK7__AX2__laC__aaB__rs101__m1__alt.	6WK7__AX2__laF__aaC__rs101__m1__alt.
parent_pdb	6WK7	6WK7__AX2__laC__aaB__rs101__m1__alt.	6WK7__AX2__laG__aaC__rs102__m1__alt.
parent_pdb	6WK7	6WK7__AX2__laC__aaB__rs101__m1__alt.	6WK7__AX2__laH__aaC__rs103__m1__alt.
parent_pdb	6WTL	6WTL__2BA__laB__aaA__rs201__m1__alt.	6WTL__2BA__laC__aaA__rs202__m1__alt.
parent_pdb	6WTR	6WTR__2BA__laB__aaA__rs201__m1__alt.	6WTR__2BA__laC__aaA__rs202__m1__alt.
parent_pdb	6WZR	6WZR__UG1__laH__aaA__rs106__m1__alt.	6WZR__UG1__laK__aaB__rs103__m1__alt.
parent_pdb	6WZS	6WZS__UG4__laI__aaB__rs107__m1__alt.	6WZS__UG4__laP__aaA__rs107__m1__alt.
parent_pdb	6XRQ	6XRQ__V8A__laF__aaA__rs102__m1__alt.	6XRQ__V8A__laG__aaA__rs103__m1__alt.
parent_pdb	6YL5	6YL5__SAH__laAA__aaE__rs101__m1__alt.	6YL5__SAH__laFA__aaG__rs101__m1__alt.
parent_pdb	6YL5	6YL5__SAH__laAA__aaE__rs101__m1__alt.	6YL5__SAH__laJA__aaI__rs101__m1__alt.
parent_pdb	6YL5	6YL5__SAH__laAA__aaE__rs101__m1__alt.	6YL5__SAH__laM__aaA__rs101__m1__alt.
parent_pdb	6YL5	6YL5__SAH__laAA__aaE__rs101__m1__alt.	6YL5__SAH__laNA__aaK__rs101__m1__alt.
parent_pdb	6YL5	6YL5__SAH__laAA__aaE__rs101__m1__alt.	6YL5__SAH__laW__aaC__rs101__m1__alt.
parent_pdb	6YMI	6YMI__AMP__laN__aaA__rs102__m1__alt.	6YMI__AMP__laO__aaA__rs103__m1__alt.
parent_pdb	6YMI	6YMI__AMP__laN__aaA__rs102__m1__alt.	6YMI__AMP__laQ__aaC__rs102__m1__alt.
parent_pdb	6YMI	6YMI__AMP__laN__aaA__rs102__m1__alt.	6YMI__AMP__laS__aaF__rs102__m1__alt.
parent_pdb	6YMI	6YMI__AMP__laN__aaA__rs102__m1__alt.	6YMI__AMP__laT__aaG__rs101__m1__alt.
parent_pdb	6YMI	6YMI__AMP__laN__aaA__rs102__m1__alt.	6YMI__AMP__laV__aaI__rs102__m1__alt.
parent_pdb	6YMI	6YMI__AMP__laN__aaA__rs102__m1__alt.	6YMI__AMP__laX__aaM__rs102__m1__alt.
parent_pdb	6YMI	6YMI__AMP__laN__aaA__rs102__m1__alt.	6YMI__AMP__laY__aaN__rs101__m1__alt.
parent_pdb	6YMI	6YMI__AMP__laN__aaA__rs102__m1__alt.	6YMI__AMP__laZ__aaO__rs201__m1__alt.
parent_pdb	6YMJ	6YMJ__ADN__laAA__aaO__rs102__m1__alt.	6YMJ__ADN__laM__aaA__rs201__m1__alt.
parent_pdb	6YMJ	6YMJ__ADN__laAA__aaO__rs102__m1__alt.	6YMJ__ADN__laN__aaA__rs202__m1__alt.
parent_pdb	6YMJ	6YMJ__ADN__laAA__aaO__rs102__m1__alt.	6YMJ__ADN__laQ__aaC__rs102__m1__alt.
parent_pdb	6YMJ	6YMJ__ADN__laAA__aaO__rs102__m1__alt.	6YMJ__ADN__laS__aaF__rs201__m1__alt.
parent_pdb	6YMJ	6YMJ__ADN__laAA__aaO__rs102__m1__alt.	6YMJ__ADN__laT__aaF__rs202__m1__alt.
parent_pdb	6YMJ	6YMJ__ADN__laAA__aaO__rs102__m1__alt.	6YMJ__ADN__laU__aaI__rs201__m1__alt.
parent_pdb	6YMJ	6YMJ__ADN__laAA__aaO__rs102__m1__alt.	6YMJ__ADN__laV__aaM__rs201__m1__alt.
parent_pdb	6YMJ	6YMJ__ADN__laAA__aaO__rs102__m1__alt.	6YMJ__ADN__laY__aaN__rs101__m1__alt.
parent_pdb	6YMK	6YMK__MTA__laM__aaA__rs101__m1__alt.	6YMK__MTA__laN__aaB__rs101__m1__alt.
parent_pdb	6YMK	6YMK__MTA__laM__aaA__rs101__m1__alt.	6YMK__MTA__laO__aaC__rs101__m1__alt.
parent_pdb	6YMK	6YMK__MTA__laM__aaA__rs101__m1__alt.	6YMK__MTA__laR__aaF__rs101__m1__alt.
parent_pdb	6YMK	6YMK__MTA__laM__aaA__rs101__m1__alt.	6YMK__MTA__laT__aaG__rs101__m1__alt.
parent_pdb	6YMK	6YMK__MTA__laM__aaA__rs101__m1__alt.	6YMK__MTA__laU__aaI__rs101__m1__alt.
parent_pdb	6YMK	6YMK__MTA__laM__aaA__rs101__m1__alt.	6YMK__MTA__laW__aaM__rs101__m1__alt.
parent_pdb	6YMK	6YMK__MTA__laM__aaA__rs101__m1__alt.	6YMK__MTA__laX__aaM__rs102__m1__alt.
parent_pdb	6YMK	6YMK__MTA__laM__aaA__rs101__m1__alt.	6YMK__MTA__laY__aaO__rs101__m1__alt.
parent_pdb	6YML	6YML__DSH__laF__aaA__rs102__m1__alt.	6YML__DSH__laH__aaC__rs101__m1__alt.
parent_pdb	7D7V	7D7V__GTP__laC__aaA__rs101__m1__alt.	7D7V__NAD__laL__aaA__rs110__m1__alt.
parent_pdb	7D7X	7D7X__ADP__laK__aaA__rs110__m1__alt.	7D7X__GTP__laB__aaA__rs101__m1__alt.
parent_pdb	7D7Y	7D7Y__ATP__laC__aaA__rs102__m1__alt.	7D7Y__GTP__laB__aaA__rs101__m1__alt.
parent_pdb	7D7Z	7D7Z__GTP__laB__aaA__rs101__m1__alt.	7D7Z__NAD__laDA__aaA__rs129__m1__alt.
parent_pdb	7ELP	7ELP__XAN__laF__aaA__rs104__m1__alt.	7ELP__XAN__laU__aaB__rs103__m1__alt.
parent_pdb	7ELQ	7ELQ__XAN__laD__aaA__rs102__m1__alt.	7ELQ__XAN__laO__aaB__rs102__m1__alt.
parent_pdb	7ELR	7ELR__XAN__laD__aaA__rs102__m1__alt.	7ELR__XAN__laN__aaB__rs102__m1__alt.
parent_pdb	7ELS	7ELS__AZA__laK__aaA__rs109__m1__alt.	7ELS__AZA__laS__aaB__rs108__m1__alt.
parent_pdb	7KBW	7KBW__WAM__laB__aaA__rs101__m1__alt.	7KBW__WAM__laC__aaA__rs102__m1__alt.
parent_pdb	7KBX	7KBX__WAM__laB__aaA__rs101__m1__alt.	7KBX__WAM__laC__aaA__rs102__m1__alt.
parent_pdb	7MSV	7MSV__BER__laC__aaX__rs102__m1__alt.	7MSV__BER__laD__aaX__rs103__m1__alt.
parent_pdb	7MSV	7MSV__BER__laC__aaX__rs102__m1__alt.	7MSV__DGP__laB__aaX__rs101__m1__alt.
parent_pdb	7N7D	7N7D__BER__laB__aaA__rs101__m1__alt.	7N7D__BER__laC__aaA__rs102__m1__alt.
parent_pdb	7N7E	7N7E__BER__laB__aaA__rs101__m1__alt.	7N7E__BER__laC__aaA__rs102__m1__alt.
parent_pdb	7OAV	7OAV__GTP__laQ__aaC__rs102__m1__alt.	7OAV__V5Z__laE__aaA__rs101__m1__alt.
parent_pdb	7OAV	7OAV__GTP__laQ__aaC__rs102__m1__alt.	7OAV__V5Z__laK__aaB__rs101__m1__alt.
parent_pdb	7OAV	7OAV__GTP__laQ__aaC__rs102__m1__alt.	7OAV__V5Z__laP__aaC__rs101__m1__alt.
parent_pdb	7OAV	7OAV__GTP__laQ__aaC__rs102__m1__alt.	7OAV__V5Z__laT__aaD__rs101__m1__alt.
parent_pdb	7OAW	7OAW__GTP__laK__aaB__rs101__m1__alt.	7OAW__GTP__laQ__aaC__rs102__m1__alt.
parent_pdb	7OAW	7OAW__GTP__laK__aaB__rs101__m1__alt.	7OAW__V6T__laH__aaA__rs104__m1__alt.
parent_pdb	7OAW	7OAW__GTP__laK__aaB__rs101__m1__alt.	7OAW__V6T__laN__aaB__rs104__m1__alt.
parent_pdb	7OAW	7OAW__GTP__laK__aaB__rs101__m1__alt.	7OAW__V6T__laT__aaC__rs105__m1__alt.
parent_pdb	7OAW	7OAW__GTP__laK__aaB__rs101__m1__alt.	7OAW__V6T__laY__aaD__rs104__m1__alt.
parent_pdb	7OAX	7OAX__V5Z__laDA__aaD__rs103__m1__alt.	7OAX__V5Z__laF__aaA__rs102__m1__alt.
parent_pdb	7OAX	7OAX__V5Z__laDA__aaD__rs103__m1__alt.	7OAX__V5Z__laO__aaB__rs103__m1__alt.
parent_pdb	7OAX	7OAX__V5Z__laDA__aaD__rs103__m1__alt.	7OAX__V5Z__laW__aaC__rs103__m1__alt.
parent_pdb	7REX	7REX__PRF__laD__aaA__rs101__m1__alt.	7REX__PRF__laE__aaA__rs102__m1__alt.
parent_pdb	7REX	7REX__PRF__laD__aaA__rs101__m1__alt.	7REX__PRF__laI__aaB__rs101__m1__alt.
parent_pdb	7REX	7REX__PRF__laD__aaA__rs101__m1__alt.	7REX__PRF__laJ__aaB__rs102__m1__alt.
parent_pdb	7REX	7REX__PRF__laD__aaA__rs101__m1__alt.	7REX__PRF__laK__aaC__rs101__m1__alt.
parent_pdb	7REX	7REX__PRF__laD__aaA__rs101__m1__alt.	7REX__PRF__laL__aaC__rs102__m1__alt.
parent_pdb	7X8M	7X8M__BER__laB__aaX__rs101__m1__alt.	7X8M__BER__laC__aaX__rs102__m1__alt.
parent_pdb	7X8O	7X8O__KPT__laB__aaX__rs101__m1__alt.	7X8O__KPT__laC__aaX__rs102__m1__alt.
parent_pdb	7XQ5	7XQ5__HEZ__laF__aaC__rs101__m1__alt.	7XQ5__HEZ__laG__aaD__rs101__m1__alt.
parent_pdb	7YVW	7YVW__B2R__laC__aaA__rs101__m1__alt.	7YVW__B2R__laD__aaA__rs102__m1__alt.
parent_pdb	7ZJ4	7ZJ4__1TU__laC__aaE__rs402__m1__alt.	7ZJ4__J93__laB__aaE__rs401__m1__alt.
parent_pdb	8EYU	8EYU__X5R__laE__aaB__rs103__m1__alt.	8EYU__X5R__laI__aaA__rs104__m1__alt.
parent_pdb	8EYV	8EYV__747__laF__aaA__rs104__m1__alt.	8EYV__747__laI__aaB__rs103__m1__alt.
parent_pdb	8FB3	8FB3__PRF__laD__aaA__rs101__m1__altA	8FB3__PRF__laE__aaA__rs102__m1__altA
parent_pdb	8FB3	8FB3__PRF__laD__aaA__rs101__m1__altA	8FB3__PRF__laJ__aaC__rs101__m1__altA
parent_pdb	8FB3	8FB3__PRF__laD__aaA__rs101__m1__altA	8FB3__PRF__laK__aaC__rs102__m1__altA
parent_pdb	8GXB	8GXB__NAD__laH__aaA__rs101__m1__alt.	8GXB__NAD__laS__aaB__rs101__m1__alt.
parent_pdb	8GXC	8GXC__NMN__laH__aaA__rs101__m1__alt.	8GXC__NMN__laO__aaB__rs101__m1__alt.
parent_pdb	8HB1	8HB1__NMN__laF__aaB__rs101__m1__alt.	8HB1__NMN__laG__aaB__rs102__m1__alt.
parent_pdb	8HB3	8HB3__NNR__laC__aaA__rs101__m1__alt.	8HB3__NNR__laD__aaB__rs101__m1__alt.
parent_pdb	8HB8	8HB8__NMN__laB__aaA__rs101__m1__alt.	8HB8__NMN__laC__aaA__rs102__m1__alt.
parent_pdb	8HBA	8HBA__NAD__laC__aaA__rs101__m1__alt.	8HBA__NAD__laD__aaA__rs102__m1__alt.
parent_pdb	8HBA	8HBA__NAD__laC__aaA__rs101__m1__alt.	8HBA__NMN__laF__aaB__rs102__m1__alt.
parent_pdb	8HZD	8HZD__O2I__laF__aaA__rs104__m1__alt.	8HZD__O2I__laK__aaB__rs105__m1__alt.
parent_pdb	8HZE	8HZE__NI4__laK__aaA__rs109__m1__alt.	8HZE__NI4__laT__aaB__rs109__m1__alt.
parent_pdb	8HZF	8HZF__NJL__laG__aaA__rs105__m1__alt.	8HZF__NJL__laL__aaB__rs105__m1__alt.
parent_pdb	8HZJ	8HZJ__O00__laI__aaA__rs107__m1__alt.	8HZJ__O00__laN__aaB__rs105__m1__alt.
parent_pdb	8HZK	8HZK__NI4__laBA__aaB__rs110__m1__alt.	8HZK__NI4__laR__aaA__rs116__m1__alt.
parent_pdb	8HZL	8HZL__NI4__laCA__aaB__rs114__m1__alt.	8HZL__NI4__laDA__aaB__rs115__m1__alt.
parent_pdb	8HZL	8HZL__NI4__laCA__aaB__rs114__m1__alt.	8HZL__NI4__laEA__aaB__rs116__m1__alt.
parent_pdb	8HZL	8HZL__NI4__laCA__aaB__rs114__m1__alt.	8HZL__NI4__laM__aaA__rs111__m1__alt.
parent_pdb	8HZL	8HZL__NI4__laCA__aaB__rs114__m1__alt.	8HZL__NI4__laN__aaA__rs112__m1__alt.
parent_pdb	8HZL	8HZL__NI4__laCA__aaB__rs114__m1__alt.	8HZL__NI4__laO__aaA__rs113__m1__alt.
parent_pdb	8HZM	8HZM__NI4__laN__aaA__rs112__m1__alt.	8HZM__NI4__laX__aaB__rs110__m1__alt.
parent_pdb	8I3Z	8I3Z__NMN__laD__aaB__rs101__m1__alt.	8I3Z__NMN__laE__aaB__rs102__m1__alt.
parent_pdb	8JY0	8JY0__V8C__laO__aaD__rs203__m1__alt.	8JY0__V8C__laQ__aaF__rs101__m1__alt.
parent_pdb	8SYK	8SYK__TAC__laCA__aaB__rs202__m1__alt.	8SYK__TAC__laF__aaA__rs202__m1__alt.
parent_pdb	8SYK	8SYK__TAC__laCA__aaB__rs202__m1__alt.	8SYK__TAC__laIB__aaD__rs202__m1__alt.
parent_pdb	8SYK	8SYK__TAC__laCA__aaB__rs202__m1__alt.	8SYK__TAC__laQA__aaC__rs202__m1__alt.
parent_pdb	8T7X	8T7X__DAP__laE__aaA__rs101__m1__alt.	8T7X__DAP__laG__aaD__rs101__m1__alt.
parent_pdb	8T80	8T80__HT1__laF__aaA__rs102__m1__alt.	8T80__HT1__laG__aaD__rs101__m1__alt.
parent_pdb	8TA8	8TA8__NT__laE__aaA__rs101__m1__alt.	8TA8__NT__laF__aaA__rs102__m1__alt.
parent_pdb	8TAM	8TAM__HT1__laE__aaA__rs101__m1__alt.	8TAM__HT1__laG__aaD__rs101__m1__alt.
parent_pdb	8TC4	8TC4__ZQQ__laE__aaA__rs101__m1__alt.	8TC4__ZQQ__laG__aaC__rs101__m1__alt.
parent_pdb	8TC6	8TC6__NT__laE__aaA__rs101__m1__alt.	8TC6__ZQQ__laF__aaA__rs102__m1__alt.
parent_pdb	8TC6	8TC6__NT__laE__aaA__rs101__m1__alt.	8TC6__ZQQ__laH__aaC__rs101__m1__alt.
parent_pdb	8TWH	8TWH__LG1__laBA__aaE__rs104__m1__alt.	8TWH__LG1__laEA__aaF__rs103__m1__alt.
parent_pdb	8TWH	8TWH__LG1__laBA__aaE__rs104__m1__alt.	8TWH__LG1__laIA__aaG__rs104__m1__alt.
parent_pdb	8TWH	8TWH__LG1__laBA__aaE__rs104__m1__alt.	8TWH__LG1__laLA__aaH__rs103__m1__alt.
parent_pdb	8TWH	8TWH__LG1__laBA__aaE__rs104__m1__alt.	8TWH__LG1__laN__aaA__rs104__m1__alt.
parent_pdb	8TWH	8TWH__LG1__laBA__aaE__rs104__m1__alt.	8TWH__LG1__laOA__aaI__rs103__m1__alt.
parent_pdb	8TWH	8TWH__LG1__laBA__aaE__rs104__m1__alt.	8TWH__LG1__laQ__aaB__rs103__m1__alt.
parent_pdb	8TWH	8TWH__LG1__laBA__aaE__rs104__m1__alt.	8TWH__LG1__laSA__aaJ__rs104__m1__alt.
parent_pdb	8TWH	8TWH__LG1__laBA__aaE__rs104__m1__alt.	8TWH__LG1__laU__aaC__rs104__m1__alt.
parent_pdb	8TWH	8TWH__LG1__laBA__aaE__rs104__m1__alt.	8TWH__LG1__laX__aaD__rs103__m1__alt.
parent_pdb	8UFZ	8UFZ__Y5U__laG__aaB__rs101__m1__alt.	8UFZ__Y5U__laH__aaD__rs101__m1__alt.
parent_pdb	8UIW	8UIW__CTI__laH__aaN__rs202__m1__alt.	8UIW__CTI__laM__aaR__rs205__m1__alt.
parent_pdb	8UTA	8UTA__PRL__laJ__aaN__rs204__m1__alt.	8UTA__PRL__laN__aaR__rs204__m1__alt.
parent_pdb	8WU5	8WU5__A1LYO__laE__aaB__rs101__m1__alt.	8WU5__A1LYO__laF__aaC__rs101__m1__alt.
parent_pdb	8Y2R	8Y2R__KPT__laB__aaX__rs101__m1__alt.	8Y2R__KPT__laC__aaX__rs102__m1__alt.
parent_pdb	8ZD2	8ZD2__A1L1S__laC__aa1__rs101__m1__alt.	8ZD2__A1L1S__laD__aa2__rs101__m1__alt.
parent_pdb	8ZW3	8ZW3__BER__laB__aaX__rs101__m1__alt.	8ZW3__BER__laC__aaX__rs102__m1__alt.
parent_pdb	9BUN	9BUN__FH8__laH__aaA__rs104__m1__alt.	9BUN__FH8__laM__aaB__rs105__m1__alt.
parent_pdb	9BUN	9BUN__FH8__laH__aaA__rs104__m1__alt.	9BUN__FH8__laS__aaC__rs106__m1__alt.
parent_pdb	9BUN	9BUN__FH8__laH__aaA__rs104__m1__alt.	9BUN__FH8__laW__aaD__rs104__m1__alt.
parent_pdb	9BZ1	9BZ1__5AC__laG__aaA__rs105__m1__alt.	9BZ1__5AC__laM__aaB__rs103__m1__alt.
parent_pdb	9CKM	9CKM__A1AY9__laM__aaC__rs101__m1__alt.	9CKM__A1AY9__laT__aaB__rs101__m1__alt.
parent_pdb	9DQE	9DQE__KPT__laB__aaX__rs101__m1__alt.	9DQE__KPT__laC__aaX__rs102__m1__alt.
parent_pdb	9E5H	9E5H__N3D__laD__aaA__rs102__m1__alt.	9E5H__N3D__laQ__aaB__rs102__m1__alt.
parent_pdb	9E5I	9E5I__N3D__laD__aaA__rs102__m1__alt.	9E5I__N3D__laQ__aaB__rs102__m1__alt.
parent_pdb	9E5K	9E5K__N3D__laFA__aaC__rs102__m1__alt.	9E5K__N3D__laF__aaA__rs102__m1__alt.
parent_pdb	9E5K	9E5K__N3D__laFA__aaC__rs102__m1__alt.	9E5K__N3D__laSA__aaD__rs102__m1__alt.
parent_pdb	9E5K	9E5K__N3D__laFA__aaC__rs102__m1__alt.	9E5K__N3D__laS__aaB__rs102__m1__alt.
parent_pdb	9E5L	9E5L__N3D__laD__aaA__rs102__m1__alt.	9E5L__N3D__laQ__aaB__rs102__m1__alt.
parent_pdb	9E5M	9E5M__N3D__laD__aaA__rs102__m1__alt.	9E5M__N3D__laQ__aaB__rs102__m1__alt.
parent_pdb	9E5O	9E5O__N3D__laD__aaA__rs102__m1__alt.	9E5O__N3D__laQ__aaB__rs102__m1__alt.
parent_pdb	9E5P	9E5P__N3D__laD__aaA__rs102__m1__alt.	9E5P__N3D__laP__aaB__rs102__m1__alt.
parent_pdb	9E5Q	9E5Q__N3D__laD__aaA__rs102__m1__alt.	9E5Q__N3D__laQ__aaB__rs102__m1__alt.
parent_pdb	9E5R	9E5R__N3D__laD__aaA__rs102__m1__alt.	9E5R__N3D__laP__aaB__rs102__m1__alt.
parent_pdb	9E5T	9E5T__N3D__laD__aaA__rs102__m1__alt.	9E5T__N3D__laQ__aaB__rs102__m1__alt.
parent_pdb	9EBP	9EBP__LUM__laC__aaA__rs101__m1__alt.	9EBP__LUM__laJ__aaM__rs101__m1__alt.
parent_pdb	9EBV	9EBV__LUM__laK__aaA__rs109__m1__alt.	9EBV__LUM__laU__aaM__rs110__m1__alt.
parent_pdb	9EC4	9EC4__CTI__laC__aaM__rs101__m1__alt.	9EC4__CTI__laO__aaA__rs101__m1__alt.
parent_pdb	9ELR	9ELR__N3D__laD__aaA__rs102__m1__alt.	9ELR__N3D__laQ__aaB__rs102__m1__alt.
parent_pdb	9FXO	9FXO__PAR__laEO__aaL2__rs1728__m1__alt.	9FXO__PAR__laGJ__aaL1__rs1978__m1__alt.
parent_pdb	9FXO	9FXO__PAR__laEO__aaL2__rs1728__m1__alt.	9FXO__PAR__laUP__aaL7__rs208__m1__alt.
parent_pdb	9HRD	9HRD__GTP__laFA__aaD__rs107__m1__alt.	9HRD__GTP__laK__aaA__rs107__m1__alt.
parent_pdb	9HRD	9HRD__GTP__laFA__aaD__rs107__m1__alt.	9HRD__GTP__laR__aaB__rs107__m1__alt.
parent_pdb	9HRD	9HRD__GTP__laFA__aaD__rs107__m1__alt.	9HRD__GTP__laY__aaC__rs107__m1__alt.
parent_pdb	9HRG	9HRG__GTP__laG__aaA__rs103__m1__alt.	9HRG__GTP__laM__aaB__rs103__m1__alt.
parent_pdb	9HRG	9HRG__GTP__laG__aaA__rs103__m1__alt.	9HRG__GTP__laS__aaC__rs103__m1__alt.
parent_pdb	9HRG	9HRG__GTP__laG__aaA__rs103__m1__alt.	9HRG__GTP__laY__aaD__rs103__m1__alt.
parent_pdb	9I9W	9I9W__B2R__laC__aaAAA__rs101__m1__alt.	9I9W__B2R__laD__aaAAA__rs102__m1__alt.
parent_pdb	9I9W	9I9W__B2R__laC__aaAAA__rs101__m1__alt.	9I9W__B2R__laE__aaBBB__rs101__m1__alt.
parent_pdb	9IF0	9IF0__B2R__laC__aaAAA__rs101__m1__alt.	9IF0__B2R__laD__aaBBB__rs101__m1__alt.
parent_pdb	9JO1	9JO1__BER__laB__aaX__rs101__m1__alt.	9JO1__BER__laC__aaX__rs102__m1__alt.
parent_pdb	9KG8	9KG8__BER__laB__aaX__rs101__m1__alt.	9KG8__BER__laC__aaX__rs102__m1__alt.
parent_pdb	9L4E	9L4E__A1EIH__laB__aaA__rs101__m1__alt.	9L4E__A1EIH__laC__aaA__rs102__m1__alt.
parent_pdb	9MOZ	9MOZ__A1BNI__laI__aaA__rs103__m1__alt.	9MOZ__A1BNI__laJA__aaG__rs103__m1__alt.
parent_pdb	9MOZ	9MOZ__A1BNI__laI__aaA__rs103__m1__alt.	9MOZ__A1BNI__laJ__aaA__rs104__m1__alt.
parent_pdb	9MOZ	9MOZ__A1BNI__laI__aaA__rs103__m1__alt.	9MOZ__A1BNI__laLA__aaG__rs105__m1__alt.
parent_pdb	9MOZ	9MOZ__A1BNI__laI__aaA__rs103__m1__alt.	9MOZ__A1BNI__laV__aaD__rs103__m1__alt.
parent_pdb	9MOZ	9MOZ__A1BNI__laI__aaA__rs103__m1__alt.	9MOZ__A1BNI__laW__aaD__rs104__m1__alt.
parent_pdb	9MP1	9MP1__A1BNK__laC__aaA__rs101__m1__alt.	9MP1__A1BNK__laK__aaB__rs101__m1__alt.
parent_pdb	9NDX	9NDX__QI9__laC__aaA__rs201__m1__alt.	9NDX__QI9__laD__aaB__rs201__m1__alt.
parent_pdb	9VXM	9VXM__NMY__laWM__aaAA__rs1784__m1__alt.	9VXM__NMY__laYM__aaAA__rs1786__m1__alt.
selected_sequence_signature	00d39ddf0280c67dd3ca333565f33aa0c5eecbe4	8WU5__A1LYO__laE__aaB__rs101__m1__alt.	8WU5__A1LYO__laF__aaC__rs101__m1__alt.
selected_sequence_signature	031caab35227057aecad31b14a9a6f380fd35545	6M5J__F1R__laG__aaA__rs103__m1__alt.	6M5J__F1R__laJ__aaB__rs103__m1__alt.
selected_sequence_signature	031caab35227057aecad31b14a9a6f380fd35545	6M5J__F1R__laG__aaA__rs103__m1__alt.	6M5J__F1R__laK__aaC__rs101__m1__alt.
selected_sequence_signature	031caab35227057aecad31b14a9a6f380fd35545	6M5J__F1R__laG__aaA__rs103__m1__alt.	6M5J__F1R__laL__aaD__rs101__m1__alt.
selected_sequence_signature	039bc858c04413bcf7e028697ec319b7a4da2002	8UIW__CTI__laH__aaN__rs202__m1__alt.	8UIW__CTI__laM__aaR__rs205__m1__alt.
selected_sequence_signature	039bc858c04413bcf7e028697ec319b7a4da2002	8UIW__CTI__laH__aaN__rs202__m1__alt.	8UTA__PRL__laJ__aaN__rs204__m1__alt.
selected_sequence_signature	039bc858c04413bcf7e028697ec319b7a4da2002	8UIW__CTI__laH__aaN__rs202__m1__alt.	8UTA__PRL__laN__aaR__rs204__m1__alt.
selected_sequence_signature	093c12ee206bb7d179c81a525303f6ac330b0246	3L3C__G6P__laBA__aaH__rs5004__m1__alt.	3L3C__G6P__laN__aaP__rs5001__m1__alt.
selected_sequence_signature	0b631278a04428aa497e033a373ab35c7b917368	8K0T__TEP__laB__aaA__rs101__m1__alt.	8K0U__HPA__laB__aaA__rs101__m1__alt.
selected_sequence_signature	0b631278a04428aa497e033a373ab35c7b917368	8K0T__TEP__laB__aaA__rs101__m1__alt.	8K0V__I7U__laB__aaA__rs101__m1__alt.
selected_sequence_signature	0b631278a04428aa497e033a373ab35c7b917368	8K0T__TEP__laB__aaA__rs101__m1__alt.	8K0W__TEP__laB__aaA__rs101__m1__alt.
selected_sequence_signature	0d6e6c59d23e8fd7086dd7a109daf44a94191c39	8TB4__DAP__laE__aaA__rs101__m1__alt.	8TBD__HT1__laI__aaC__rs101__m1__alt.
selected_sequence_signature	10ff52be5a3a363489d3466bdb96c03203e966a7	7PNG__7V5__laB__aaA__rs101__m1__alt.	8ABD__PQ3__laB__aaA__rs101__m1__alt.
selected_sequence_signature	11818fd6791cb8f08d874251b23b0250403fdae3	6N5T__2BA__laB__aaA__rs201__m1__alt.	6N5T__2BA__laC__aaA__rs202__m1__alt.
selected_sequence_signature	123563724ecd7854322e743e053b9126737a919c	37CM__N3D__laD__aaA__rs102__m1__alt.	37CM__N3D__laQ__aaB__rs102__m1__alt.
selected_sequence_signature	123563724ecd7854322e743e053b9126737a919c	37CM__N3D__laD__aaA__rs102__m1__alt.	9E5H__N3D__laD__aaA__rs102__m1__alt.
selected_sequence_signature	123563724ecd7854322e743e053b9126737a919c	37CM__N3D__laD__aaA__rs102__m1__alt.	9E5H__N3D__laQ__aaB__rs102__m1__alt.
selected_sequence_signature	123563724ecd7854322e743e053b9126737a919c	37CM__N3D__laD__aaA__rs102__m1__alt.	9E5I__N3D__laD__aaA__rs102__m1__alt.
selected_sequence_signature	123563724ecd7854322e743e053b9126737a919c	37CM__N3D__laD__aaA__rs102__m1__alt.	9E5I__N3D__laQ__aaB__rs102__m1__alt.
selected_sequence_signature	123563724ecd7854322e743e053b9126737a919c	37CM__N3D__laD__aaA__rs102__m1__alt.	9E5J__N3D__laD__aaA__rs102__m1__alt.
selected_sequence_signature	123563724ecd7854322e743e053b9126737a919c	37CM__N3D__laD__aaA__rs102__m1__alt.	9E5K__N3D__laFA__aaC__rs102__m1__alt.
selected_sequence_signature	123563724ecd7854322e743e053b9126737a919c	37CM__N3D__laD__aaA__rs102__m1__alt.	9E5K__N3D__laS__aaB__rs102__m1__alt.
selected_sequence_signature	123563724ecd7854322e743e053b9126737a919c	37CM__N3D__laD__aaA__rs102__m1__alt.	9E5L__N3D__laD__aaA__rs102__m1__alt.
selected_sequence_signature	123563724ecd7854322e743e053b9126737a919c	37CM__N3D__laD__aaA__rs102__m1__alt.	9E5L__N3D__laQ__aaB__rs102__m1__alt.
selected_sequence_signature	123563724ecd7854322e743e053b9126737a919c	37CM__N3D__laD__aaA__rs102__m1__alt.	9E5M__N3D__laD__aaA__rs102__m1__alt.
selected_sequence_signature	123563724ecd7854322e743e053b9126737a919c	37CM__N3D__laD__aaA__rs102__m1__alt.	9E5M__N3D__laQ__aaB__rs102__m1__alt.
selected_sequence_signature	123563724ecd7854322e743e053b9126737a919c	37CM__N3D__laD__aaA__rs102__m1__alt.	9E5O__N3D__laD__aaA__rs102__m1__alt.
selected_sequence_signature	123563724ecd7854322e743e053b9126737a919c	37CM__N3D__laD__aaA__rs102__m1__alt.	9E5O__N3D__laQ__aaB__rs102__m1__alt.
selected_sequence_signature	123563724ecd7854322e743e053b9126737a919c	37CM__N3D__laD__aaA__rs102__m1__alt.	9E5P__N3D__laD__aaA__rs102__m1__alt.
selected_sequence_signature	123563724ecd7854322e743e053b9126737a919c	37CM__N3D__laD__aaA__rs102__m1__alt.	9E5P__N3D__laP__aaB__rs102__m1__alt.
selected_sequence_signature	123563724ecd7854322e743e053b9126737a919c	37CM__N3D__laD__aaA__rs102__m1__alt.	9E5Q__N3D__laD__aaA__rs102__m1__alt.
selected_sequence_signature	123563724ecd7854322e743e053b9126737a919c	37CM__N3D__laD__aaA__rs102__m1__alt.	9E5Q__N3D__laQ__aaB__rs102__m1__alt.
selected_sequence_signature	123563724ecd7854322e743e053b9126737a919c	37CM__N3D__laD__aaA__rs102__m1__alt.	9E5R__N3D__laD__aaA__rs102__m1__alt.
selected_sequence_signature	123563724ecd7854322e743e053b9126737a919c	37CM__N3D__laD__aaA__rs102__m1__alt.	9E5R__N3D__laP__aaB__rs102__m1__alt.
selected_sequence_signature	123563724ecd7854322e743e053b9126737a919c	37CM__N3D__laD__aaA__rs102__m1__alt.	9E5S__N3D__laD__aaA__rs102__m1__alt.
selected_sequence_signature	123563724ecd7854322e743e053b9126737a919c	37CM__N3D__laD__aaA__rs102__m1__alt.	9E5T__N3D__laD__aaA__rs102__m1__alt.
selected_sequence_signature	123563724ecd7854322e743e053b9126737a919c	37CM__N3D__laD__aaA__rs102__m1__alt.	9E5T__N3D__laQ__aaB__rs102__m1__alt.
selected_sequence_signature	123563724ecd7854322e743e053b9126737a919c	37CM__N3D__laD__aaA__rs102__m1__alt.	9ELR__N3D__laD__aaA__rs102__m1__alt.
selected_sequence_signature	123563724ecd7854322e743e053b9126737a919c	37CM__N3D__laD__aaA__rs102__m1__alt.	9ELR__N3D__laQ__aaB__rs102__m1__alt.
selected_sequence_signature	1267aff14c6f333038b21d20621cd5ad6304eeb9	9CJW__A1AAQ__laK__aaC__rs101__m1__alt.	9CKM__A1AY9__laM__aaC__rs101__m1__alt.
selected_sequence_signature	127b98943ddcc2c30d52cc619939d0d98619271d	6YML__DSH__laF__aaA__rs102__m1__alt.	6YML__DSH__laH__aaC__rs101__m1__alt.
selected_sequence_signature	1284d1199e54b552edfbfdfb9d9b8f256fc99c54	9HRD__GTP__laK__aaA__rs107__m1__alt.	9HRD__GTP__laR__aaB__rs107__m1__alt.
selected_sequence_signature	151fbe7b1582df8ba51c923158e95c474e4433b8	5DDP__GLN__laE__aaA__rs101__m1__alt.	5DDQ__GLN__laE__aaA__rs101__m1__alt.
selected_sequence_signature	151fbe7b1582df8ba51c923158e95c474e4433b8	5DDP__GLN__laE__aaA__rs101__m1__alt.	5DDR__GLN__laE__aaA__rs101__m1__alt.
selected_sequence_signature	16c368da11c91a9c6fb284829a6bcac3a9a9f4d5	2NZ4__GLP__laR__aaF__rs5002__m1__alt.	2NZ4__GLP__laW__aaG__rs5003__m1__alt.
selected_sequence_signature	16c368da11c91a9c6fb284829a6bcac3a9a9f4d5	2NZ4__GLP__laR__aaF__rs5002__m1__alt.	3G96__6MN__laM__aaF__rs12__m1__alt.
selected_sequence_signature	16c368da11c91a9c6fb284829a6bcac3a9a9f4d5	2NZ4__GLP__laR__aaF__rs5002__m1__alt.	3L3C__G6P__laS__aaQ__rs5002__m1__alt.
selected_sequence_signature	1785544b49dea9408aa998b3f748529d4796d59e	7RIM__5N0__laN__aaT__rs101__m1__alt.	7RIP__5N0__laO__aaT__rs101__m1__alt.
selected_sequence_signature	1785544b49dea9408aa998b3f748529d4796d59e	7RIM__5N0__laN__aaT__rs101__m1__alt.	7RIX__5N0__laO__aaT__rs101__m1__alt.
selected_sequence_signature	1785544b49dea9408aa998b3f748529d4796d59e	7RIM__5N0__laN__aaT__rs101__m1__alt.	7RIY__5N0__laO__aaT__rs101__m1__alt.
selected_sequence_signature	1a5f16e315ade6a2a81b89658da7baa668dc15b9	9MP1__A1BNK__laC__aaA__rs101__m1__alt.	9MP1__A1BNK__laK__aaB__rs101__m1__alt.
selected_sequence_signature	1aa02406505015ca0249019dcfd133f797678364	8HZE__NI4__laT__aaB__rs109__m1__alt.	8HZF__NJL__laG__aaA__rs105__m1__alt.
selected_sequence_signature	1aa02406505015ca0249019dcfd133f797678364	8HZE__NI4__laT__aaB__rs109__m1__alt.	8HZF__NJL__laL__aaB__rs105__m1__alt.
selected_sequence_signature	1aa02406505015ca0249019dcfd133f797678364	8HZE__NI4__laT__aaB__rs109__m1__alt.	8HZJ__O00__laI__aaA__rs107__m1__alt.
selected_sequence_signature	1aa02406505015ca0249019dcfd133f797678364	8HZE__NI4__laT__aaB__rs109__m1__alt.	8HZJ__O00__laN__aaB__rs105__m1__alt.
selected_sequence_signature	1aa02406505015ca0249019dcfd133f797678364	8HZE__NI4__laT__aaB__rs109__m1__alt.	8HZM__NI4__laN__aaA__rs112__m1__alt.
selected_sequence_signature	1aa02406505015ca0249019dcfd133f797678364	8HZE__NI4__laT__aaB__rs109__m1__alt.	8HZM__NI4__laX__aaB__rs110__m1__alt.
selected_sequence_signature	1bb8c1ea40d36f21c963d1df9f1bf4154edf2805	2KXM__RIO__laB__aaA__rs101__m1__alt.	2MXS__PAR__laB__aaA__rs101__m1__alt.
selected_sequence_signature	1bb8c1ea40d36f21c963d1df9f1bf4154edf2805	2KXM__RIO__laB__aaA__rs101__m1__alt.	2N0J__RIO__laB__aaA__rs101__m1__alt.
selected_sequence_signature	1fd3404901adea0296b8f68e84321c0b66ad3d1c	6C65__EKJ__laD__aaA__rs101__m1__alt.	6C65__EKJ__laH__aaB__rs101__m1__alt.
selected_sequence_signature	21be2250ae64353a465971ceceaa69235f1c2ee8	8G4W__PRF__laI__aaR__rs101__m1__alt.	8G7E__PRF__laI__aaR__rs101__m1__alt.
selected_sequence_signature	22d7ebf7e5a0c2c91b4f8fdc138f7cf7c3cb1e67	6E81__TFX__laB__aaA__rs101__m1__altA	6E84__J0D__laC__aaA__rs102__m1__alt.
selected_sequence_signature	27f17ab0f227cd65a830edc6fe3a46f778875ef2	6WTL__2BA__laB__aaA__rs201__m1__alt.	6WTL__2BA__laC__aaA__rs202__m1__alt.
selected_sequence_signature	2900b3983f749231a93cecc8ae54aedb00555c46	6TB7__AMP__laB__aaA__rs101__m1__alt.	6TF1__ADP__laJ__aaA__rs109__m1__alt.
selected_sequence_signature	2900b3983f749231a93cecc8ae54aedb00555c46	6TB7__AMP__laB__aaA__rs101__m1__alt.	6TF2__ATP__laJ__aaA__rs109__m1__alt.
selected_sequence_signature	2900b3983f749231a93cecc8ae54aedb00555c46	6TB7__AMP__laB__aaA__rs101__m1__alt.	6TFE__N6E__laR__aaA__rs117__m1__alt.
selected_sequence_signature	2900b3983f749231a93cecc8ae54aedb00555c46	6TB7__AMP__laB__aaA__rs101__m1__alt.	6TFG__PPS__laM__aaA__rs112__m1__alt.
selected_sequence_signature	2a2ee4859ae8dde5841e789dd8204a8316dbf081	9DLL__A1AZM__laC__aaB__rs101__m1__alt.	9DLM__A1AZL__laC__aaA__rs101__m1__alt.
selected_sequence_signature	2a2ee4859ae8dde5841e789dd8204a8316dbf081	9DLL__A1AZM__laC__aaB__rs101__m1__alt.	9DLN__MQC__laC__aaA__rs101__m1__alt.
selected_sequence_signature	2aed7d3f38ee51a62a919194db5400db681c73be	5JW0__6O7__laC__aaA__rs101__m1__alt.	5JW0__6O7__laD__aaA__rs102__m1__alt.
selected_sequence_signature	2aed7d3f38ee51a62a919194db5400db681c73be	5JW0__6O7__laC__aaA__rs101__m1__alt.	5JW0__6O7__laE__aaA__rs103__m1__alt.
selected_sequence_signature	2aed7d3f38ee51a62a919194db5400db681c73be	5JW0__6O7__laC__aaA__rs101__m1__alt.	5JW0__6O7__laK__aaB__rs101__m1__alt.
selected_sequence_signature	2b757c4c874692972c54593cacb8a36093f464e9	8TWH__LG1__laQ__aaB__rs103__m1__alt.	8TWH__LG1__laU__aaC__rs104__m1__alt.
selected_sequence_signature	2d2bbef6c644a9789c63b976f9ea9cd2788f27bb	5BJO__747__laK__aaY__rs104__m1__alt.	5BJP__747__laL__aaY__rs104__m1__alt.
selected_sequence_signature	316e6134edbfe72c7c962035e0322ffd418a734b	366D__DA6__laB__aaA__rs3013__m1__alt.	366D__DA6__laC__aaA__rs3015__m1__alt.
selected_sequence_signature	3333d0c80b5f47d6ca51075d09fc30bb62e35097	3U4M__MLI__laO__aaB__rs2202__m1__alt.	3U4M__MLI__laP__aaB__rs2203__m1__alt.
selected_sequence_signature	3333d0c80b5f47d6ca51075d09fc30bb62e35097	3U4M__MLI__laO__aaB__rs2202__m1__alt.	3U4M__MLI__laQ__aaB__rs2204__m1__alt.
selected_sequence_signature	3333d0c80b5f47d6ca51075d09fc30bb62e35097	3U4M__MLI__laO__aaB__rs2202__m1__alt.	3U4M__MLI__laR__aaB__rs2205__m1__alt.
selected_sequence_signature	3333d0c80b5f47d6ca51075d09fc30bb62e35097	3U4M__MLI__laO__aaB__rs2202__m1__alt.	3U56__MLI__laD__aaB__rs2201__m1__alt.
selected_sequence_signature	3333d0c80b5f47d6ca51075d09fc30bb62e35097	3U4M__MLI__laO__aaB__rs2202__m1__alt.	5NPM__MLI__laC__aaB__rs101__m1__alt.
selected_sequence_signature	33d8d6975ad92466bd9b17f9c8b0c7da60eb0f4b	7REX__PRF__laD__aaA__rs101__m1__alt.	7REX__PRF__laE__aaA__rs102__m1__alt.
selected_sequence_signature	33d8d6975ad92466bd9b17f9c8b0c7da60eb0f4b	7REX__PRF__laD__aaA__rs101__m1__alt.	7REX__PRF__laI__aaB__rs101__m1__alt.
selected_sequence_signature	33d8d6975ad92466bd9b17f9c8b0c7da60eb0f4b	7REX__PRF__laD__aaA__rs101__m1__alt.	7REX__PRF__laJ__aaB__rs102__m1__alt.
selected_sequence_signature	33d8d6975ad92466bd9b17f9c8b0c7da60eb0f4b	7REX__PRF__laD__aaA__rs101__m1__alt.	7REX__PRF__laK__aaC__rs101__m1__alt.
selected_sequence_signature	33d8d6975ad92466bd9b17f9c8b0c7da60eb0f4b	7REX__PRF__laD__aaA__rs101__m1__alt.	7REX__PRF__laL__aaC__rs102__m1__alt.
selected_sequence_signature	33d8d6975ad92466bd9b17f9c8b0c7da60eb0f4b	7REX__PRF__laD__aaA__rs101__m1__alt.	8FB3__PRF__laD__aaA__rs101__m1__altA
selected_sequence_signature	33d8d6975ad92466bd9b17f9c8b0c7da60eb0f4b	7REX__PRF__laD__aaA__rs101__m1__alt.	8FB3__PRF__laJ__aaC__rs101__m1__altA
selected_sequence_signature	33d8d6975ad92466bd9b17f9c8b0c7da60eb0f4b	7REX__PRF__laD__aaA__rs101__m1__alt.	8FB3__PRF__laK__aaC__rs102__m1__altA
selected_sequence_signature	35425ee08026d71752bf403f0d2577a2a8a1a26a	1K9G__DR1__laB__aaA__rs7__m1__alt.	1K9G__DR1__laC__aaA__rs8__m1__alt.
selected_sequence_signature	361e755b39265bfd4d03d78f454397d6d77eb6c4	8FI2__2ZY__laG__aaA__rs106__m1__alt.	8FI7__747__laG__aaA__rs106__m1__alt.
selected_sequence_signature	361e755b39265bfd4d03d78f454397d6d77eb6c4	8FI2__2ZY__laG__aaA__rs106__m1__alt.	8FI8__X5R__laG__aaA__rs106__m1__alt.
selected_sequence_signature	3724973cacd5b61d93cbe52a439a16c4b60f241b	224D__NGM__laC__aaA__rs14__m1__altA	224D__NGM__laD__aaB__rs13__m1__alt.
selected_sequence_signature	3724973cacd5b61d93cbe52a439a16c4b60f241b	224D__NGM__laC__aaA__rs14__m1__altA	245D__NGM__laC__aaA__rs14__m1__altA
selected_sequence_signature	3724973cacd5b61d93cbe52a439a16c4b60f241b	224D__NGM__laC__aaA__rs14__m1__altA	245D__NGM__laD__aaB__rs13__m1__alt.
selected_sequence_signature	3749d8214656018e46d9d9d2e134f53f89ce69a6	9CPD__MQC__laC__aaB__rs101__m1__alt.	9CPG__A1AZM__laC__aaB__rs101__m1__alt.
selected_sequence_signature	3749d8214656018e46d9d9d2e134f53f89ce69a6	9CPD__MQC__laC__aaB__rs101__m1__alt.	9CPI__A1AZL__laC__aaB__rs101__m1__alt.
selected_sequence_signature	391c6268ce35bfd5b5eae730b1a2c95eafaee587	6DLQ__PRP__laB__aaA__rs201__m1__altA	6DLR__PRP__laB__aaA__rs201__m1__altA
selected_sequence_signature	391c6268ce35bfd5b5eae730b1a2c95eafaee587	6DLQ__PRP__laB__aaA__rs201__m1__altA	6DLS__PRP__laB__aaA__rs201__m1__altA
selected_sequence_signature	391c6268ce35bfd5b5eae730b1a2c95eafaee587	6DLQ__PRP__laB__aaA__rs201__m1__altA	6DLT__PRP__laH__aaA__rs207__m1__altA
selected_sequence_signature	3a5d3f4ac3a6595802a2d77e337754c27596d093	8JY0__V8C__laO__aaD__rs203__m1__alt.	8JY0__V8C__laQ__aaF__rs101__m1__alt.
selected_sequence_signature	3a7c297a56ad1817e21c1c4767da38fe679e8d28	1RMX__AIK__laC__aaA__rs11__m1__alt.	1RMX__AIK__laD__aaB__rs2__m1__alt.
selected_sequence_signature	3a7c297a56ad1817e21c1c4767da38fe679e8d28	1RMX__AIK__laC__aaA__rs11__m1__alt.	2MNE__3B5__laC__aaA__rs101__m1__alt.
selected_sequence_signature	3a7c297a56ad1817e21c1c4767da38fe679e8d28	1RMX__AIK__laC__aaA__rs11__m1__alt.	2MNE__3B5__laD__aaB__rs101__m1__alt.
selected_sequence_signature	3bda3de43e9a98e5a4dd2f105d5c2b356969defc	7WIE__7DG__laB__aaV__rs101__m1__alt.	7WIF__H4B__laB__aaV__rs101__m1__alt.
selected_sequence_signature	3bda3de43e9a98e5a4dd2f105d5c2b356969defc	7WIE__7DG__laB__aaV__rs101__m1__alt.	7WII__NPR__laB__aaV__rs101__m1__alt.
selected_sequence_signature	3bf1dbc70acc4a9ef2ab6beacad28ba58be3983a	5JW2__6O7__laC__aaA__rs101__m1__alt.	5JW2__6O7__laD__aaA__rs102__m1__alt.
selected_sequence_signature	3bf1dbc70acc4a9ef2ab6beacad28ba58be3983a	5JW2__6O7__laC__aaA__rs101__m1__alt.	5JW2__6O7__laE__aaA__rs103__m1__alt.
selected_sequence_signature	3bf1dbc70acc4a9ef2ab6beacad28ba58be3983a	5JW2__6O7__laC__aaA__rs101__m1__alt.	5JW2__6O7__laI__aaB__rs101__m1__alt.
selected_sequence_signature	3c1a4594a25e2d4f0a7108da261198304d301516	8EYU__X5R__laE__aaB__rs103__m1__alt.	8EYU__X5R__laI__aaA__rs104__m1__alt.
selected_sequence_signature	3c1a4594a25e2d4f0a7108da261198304d301516	8EYU__X5R__laE__aaB__rs103__m1__alt.	8EYV__747__laF__aaA__rs104__m1__alt.
selected_sequence_signature	3c1a4594a25e2d4f0a7108da261198304d301516	8EYU__X5R__laE__aaB__rs103__m1__alt.	8EYV__747__laI__aaB__rs103__m1__alt.
selected_sequence_signature	3c1a4594a25e2d4f0a7108da261198304d301516	8EYU__X5R__laE__aaB__rs103__m1__alt.	8EYW__TFX__laI__aaA__rs103__m1__alt.
selected_sequence_signature	3c6433a9f5141ba5b718f6a7a8b59fa1e8659909	6LAX__SAM__laF__aaA__rs101__m1__alt.	6LAX__SAM__laG__aaB__rs101__m1__alt.
selected_sequence_signature	3ca5620d36f8f7233ae5196b740c61d630ee02a3	203D__PSO__laC__aaA__rs9__m1__alt.	204D__PSO__laC__aaB__rs1__m1__alt.
selected_sequence_signature	3d03cb59534f710e45bef076f6a530dbfb9a9125	1CX3__NF__laC__aaA__rs7__m1__alt.	1QCH__NGM__laC__aaA__rs13__m1__alt.
selected_sequence_signature	3d03cb59534f710e45bef076f6a530dbfb9a9125	1CX3__NF__laC__aaA__rs7__m1__alt.	1X95__XR2__laC__aaA__rs21__m1__alt.
selected_sequence_signature	3d03cb59534f710e45bef076f6a530dbfb9a9125	1CX3__NF__laC__aaA__rs7__m1__alt.	4BZT__XR2__laC__aaA__rs13__m1__alt.
selected_sequence_signature	3eac9f7f88d6e5353b313e0406585654611b9d58	4QLM__2BA__laD__aaA__rs203__m1__alt.	4QLM__2BA__laE__aaA__rs204__m1__alt.
selected_sequence_signature	42da93a1d93d3dbaabb0cbdd12c6000ccf65fe96	6GZK__FH8__laB__aaA__rs101__m1__alt.	6GZR__FH8__laB__aaA__rs101__m1__alt.
selected_sequence_signature	476632d658a0574de9195f3cf1943d91a8ef388d	9IF0__B2R__laC__aaAAA__rs101__m1__alt.	9IF0__B2R__laD__aaBBB__rs101__m1__alt.
selected_sequence_signature	479a2e3452dbcaa2a41e87ef1ad9433ebbcce15e	3G8T__GLP__laR__aaQ__rs5002__m1__alt.	3G8T__GLP__laV__aaR__rs5003__m1__alt.
selected_sequence_signature	4a0b657aeb1383f398edaada4cbd6e264f211c78	6WTR__2BA__laB__aaA__rs201__m1__alt.	6WTR__2BA__laC__aaA__rs202__m1__alt.
selected_sequence_signature	4c7cbd86421126312ac372abcbcff34c34ca7910	6C63__EKJ__laD__aaA__rs101__m1__alt.	6C63__EKJ__laH__aaB__rs101__m1__alt.
selected_sequence_signature	4c7cbd86421126312ac372abcbcff34c34ca7910	6C63__EKJ__laD__aaA__rs101__m1__alt.	6C64__EKM__laD__aaA__rs101__m1__alt.
selected_sequence_signature	4c7cbd86421126312ac372abcbcff34c34ca7910	6C63__EKJ__laD__aaA__rs101__m1__alt.	6C64__EKM__laH__aaB__rs101__m1__alt.
selected_sequence_signature	4dbf82369e79f49d5df34d3d4baec49bee4a2ba7	9BUN__FH8__laM__aaB__rs105__m1__alt.	9BUN__FH8__laW__aaD__rs104__m1__alt.
selected_sequence_signature	4e6f83494463bf4b1cd4cac285a93ec78b10c0ee	6IZP__B2R__laB__aaA__rs101__m1__alt.	6IZP__B2R__laC__aaA__rs102__m1__alt.
selected_sequence_signature	4ed5a18bf6afd2b1b443e3a7a4c04a697fb2914f	6N5O__2BA__laB__aaA__rs201__m1__alt.	6N5O__2BA__laC__aaA__rs202__m1__alt.
selected_sequence_signature	4f06484d126392b37ac879710029093a82b23260	9KG8__BER__laB__aaX__rs101__m1__alt.	9KG8__BER__laC__aaX__rs102__m1__alt.
selected_sequence_signature	53425e30bff23fd09625d527651f823e800fa1dc	8HZL__NI4__laCA__aaB__rs114__m1__alt.	8HZL__NI4__laN__aaA__rs112__m1__alt.
selected_sequence_signature	53ff1dbfaa5805e5b124403ffd12b7bcc2d7feb0	198D__DM5__laG__aaB__rs26__m1__alt.	198D__DM5__laH__aaD__rs27__m1__alt.
selected_sequence_signature	5447af163e043517cac700a87b95d4e8659d2725	8HZD__O2I__laF__aaA__rs104__m1__alt.	8HZD__O2I__laK__aaB__rs105__m1__alt.
selected_sequence_signature	5447af163e043517cac700a87b95d4e8659d2725	8HZD__O2I__laF__aaA__rs104__m1__alt.	8HZK__NI4__laBA__aaB__rs110__m1__alt.
selected_sequence_signature	5447af163e043517cac700a87b95d4e8659d2725	8HZD__O2I__laF__aaA__rs104__m1__alt.	8HZK__NI4__laR__aaA__rs116__m1__alt.
selected_sequence_signature	55fbb3dbe06b3c667fd13eb885c362b49b78a9c1	9DQE__KPT__laB__aaX__rs101__m1__alt.	9DQE__KPT__laC__aaX__rs102__m1__alt.
selected_sequence_signature	55fbb3dbe06b3c667fd13eb885c362b49b78a9c1	9DQE__KPT__laB__aaX__rs101__m1__alt.	9JO1__BER__laB__aaX__rs101__m1__alt.
selected_sequence_signature	55fbb3dbe06b3c667fd13eb885c362b49b78a9c1	9DQE__KPT__laB__aaX__rs101__m1__alt.	9JO1__BER__laC__aaX__rs102__m1__alt.
selected_sequence_signature	567c8b319d8586616d0fa1016d7c33cd34e1f282	1D54__DM6__laB__aaA__rs7__m1__alt.	1IMR__DM7__laB__aaA__rs7__m1__alt.
selected_sequence_signature	567c8b319d8586616d0fa1016d7c33cd34e1f282	1D54__DM6__laB__aaA__rs7__m1__alt.	1VTH__DM1__laB__aaA__rs7__m1__alt.
selected_sequence_signature	57d4e7a06b77fa61882ff01d6c1a731f71641651	1M18__1SZ__laV__aaJ__rs1601__m1__alt.	1S32__DIB__laBA__aaI__rs1611__m1__alt.
selected_sequence_signature	57d4e7a06b77fa61882ff01d6c1a731f71641651	1M18__1SZ__laV__aaJ__rs1601__m1__alt.	1S32__DIB__laMA__aaI__rs1631__m1__alt.
selected_sequence_signature	57d4e7a06b77fa61882ff01d6c1a731f71641651	1M18__1SZ__laV__aaJ__rs1601__m1__alt.	1S32__OGG__laTA__aaJ__rs1700__m1__alt.
selected_sequence_signature	5846c7f9bc7923993a9d3ec922b53ea2e47f6d21	7OAV__V5Z__laE__aaA__rs101__m1__alt.	7OAV__V5Z__laK__aaB__rs101__m1__alt.
selected_sequence_signature	5846c7f9bc7923993a9d3ec922b53ea2e47f6d21	7OAV__V5Z__laE__aaA__rs101__m1__alt.	7OAV__V5Z__laP__aaC__rs101__m1__alt.
selected_sequence_signature	5846c7f9bc7923993a9d3ec922b53ea2e47f6d21	7OAV__V5Z__laE__aaA__rs101__m1__alt.	7OAV__V5Z__laT__aaD__rs101__m1__alt.
selected_sequence_signature	5846c7f9bc7923993a9d3ec922b53ea2e47f6d21	7OAV__V5Z__laE__aaA__rs101__m1__alt.	7OAW__V6T__laH__aaA__rs104__m1__alt.
selected_sequence_signature	5846c7f9bc7923993a9d3ec922b53ea2e47f6d21	7OAV__V5Z__laE__aaA__rs101__m1__alt.	7OAW__V6T__laN__aaB__rs104__m1__alt.
selected_sequence_signature	5846c7f9bc7923993a9d3ec922b53ea2e47f6d21	7OAV__V5Z__laE__aaA__rs101__m1__alt.	7OAW__V6T__laT__aaC__rs105__m1__alt.
selected_sequence_signature	5846c7f9bc7923993a9d3ec922b53ea2e47f6d21	7OAV__V5Z__laE__aaA__rs101__m1__alt.	7OAW__V6T__laY__aaD__rs104__m1__alt.
selected_sequence_signature	5846c7f9bc7923993a9d3ec922b53ea2e47f6d21	7OAV__V5Z__laE__aaA__rs101__m1__alt.	7OAX__V5Z__laDA__aaD__rs103__m1__alt.
selected_sequence_signature	5846c7f9bc7923993a9d3ec922b53ea2e47f6d21	7OAV__V5Z__laE__aaA__rs101__m1__alt.	7OAX__V5Z__laF__aaA__rs102__m1__alt.
selected_sequence_signature	5846c7f9bc7923993a9d3ec922b53ea2e47f6d21	7OAV__V5Z__laE__aaA__rs101__m1__alt.	7OAX__V5Z__laO__aaB__rs103__m1__alt.
selected_sequence_signature	5846c7f9bc7923993a9d3ec922b53ea2e47f6d21	7OAV__V5Z__laE__aaA__rs101__m1__alt.	7OAX__V5Z__laW__aaC__rs103__m1__alt.
selected_sequence_signature	5bbddf623dd92e40138863074975d3f7b46fd5fc	3G8T__GLP__laM__aaE__rs5001__m1__alt.	3G8T__GLP__laZ__aaH__rs5004__m1__alt.
selected_sequence_signature	5c69fd3ab8f8d55663942a231e975d8f2caee67a	8TC4__ZQQ__laE__aaA__rs101__m1__alt.	8TC4__ZQQ__laG__aaC__rs101__m1__alt.
selected_sequence_signature	5c69fd3ab8f8d55663942a231e975d8f2caee67a	8TC4__ZQQ__laE__aaA__rs101__m1__alt.	8TC6__ZQQ__laF__aaA__rs102__m1__alt.
selected_sequence_signature	5c69fd3ab8f8d55663942a231e975d8f2caee67a	8TC4__ZQQ__laE__aaA__rs101__m1__alt.	8TC6__ZQQ__laH__aaC__rs101__m1__alt.
selected_sequence_signature	5d426e64c97ec8ccb3da40e6b86b5decf5781b50	8TWH__LG1__laBA__aaE__rs104__m1__alt.	8TWH__LG1__laIA__aaG__rs104__m1__alt.
selected_sequence_signature	5d426e64c97ec8ccb3da40e6b86b5decf5781b50	8TWH__LG1__laBA__aaE__rs104__m1__alt.	8TWH__LG1__laLA__aaH__rs103__m1__alt.
selected_sequence_signature	5d426e64c97ec8ccb3da40e6b86b5decf5781b50	8TWH__LG1__laBA__aaE__rs104__m1__alt.	8TWH__LG1__laOA__aaI__rs103__m1__alt.
selected_sequence_signature	5d426e64c97ec8ccb3da40e6b86b5decf5781b50	8TWH__LG1__laBA__aaE__rs104__m1__alt.	8TWH__LG1__laX__aaD__rs103__m1__alt.
selected_sequence_signature	5d8be15e13e740fd5a4ec0e8d05f1d75926f615d	8VPG__A1AC7__laJ__aaD__rs101__m1__alt.	8VPH__A1AC7__laM__aaD__rs101__m1__alt.
selected_sequence_signature	5d8be15e13e740fd5a4ec0e8d05f1d75926f615d	8VPG__A1AC7__laJ__aaD__rs101__m1__alt.	8VPI__A1ADB__laJ__aaE__rs101__m1__alt.
selected_sequence_signature	5e3907790f19bb1fd426cb14bf1ebcbc7f9147cd	8GXB__NAD__laH__aaA__rs101__m1__alt.	8GXB__NAD__laS__aaB__rs101__m1__alt.
selected_sequence_signature	5e3907790f19bb1fd426cb14bf1ebcbc7f9147cd	8GXB__NAD__laH__aaA__rs101__m1__alt.	8GXC__NMN__laH__aaA__rs101__m1__alt.
selected_sequence_signature	5e3907790f19bb1fd426cb14bf1ebcbc7f9147cd	8GXB__NAD__laH__aaA__rs101__m1__alt.	8GXC__NMN__laO__aaB__rs101__m1__alt.
selected_sequence_signature	6040b21571f607e11cd4b6722f162d1a930ccd63	7ZJ4__1TU__laC__aaE__rs402__m1__alt.	7ZJ4__J93__laB__aaE__rs401__m1__alt.
selected_sequence_signature	60bfbb1e2190905f3d4bc477afa30f9de71ff1dd	1D11__DM1__laB__aaA__rs7__m1__alt.	1D36__MAR__laB__aaA__rs7__m1__alt.
selected_sequence_signature	60bfbb1e2190905f3d4bc477afa30f9de71ff1dd	1D11__DM1__laB__aaA__rs7__m1__alt.	1DL8__DA7__laB__aaA__rs3014__m1__alt.
selected_sequence_signature	60bfbb1e2190905f3d4bc477afa30f9de71ff1dd	1D11__DM1__laB__aaA__rs7__m1__alt.	1DL8__DA7__laC__aaA__rs3015__m1__altA
selected_sequence_signature	60bfbb1e2190905f3d4bc477afa30f9de71ff1dd	1D11__DM1__laB__aaA__rs7__m1__alt.	1KCI__DRC__laB__aaA__rs3014__m1__alt.
selected_sequence_signature	60bfbb1e2190905f3d4bc477afa30f9de71ff1dd	1D11__DM1__laB__aaA__rs7__m1__alt.	1KCI__DRC__laC__aaA__rs3015__m1__alt.
selected_sequence_signature	60bfbb1e2190905f3d4bc477afa30f9de71ff1dd	1D11__DM1__laB__aaA__rs7__m1__alt.	1M69__DAX__laB__aaA__rs2000__m1__altC
selected_sequence_signature	60bfbb1e2190905f3d4bc477afa30f9de71ff1dd	1D11__DM1__laB__aaA__rs7__m1__alt.	1M69__DAX__laC__aaA__rs3000__m1__altD
selected_sequence_signature	60bfbb1e2190905f3d4bc477afa30f9de71ff1dd	1D11__DM1__laB__aaA__rs7__m1__alt.	215D__DMM__laB__aaA__rs7__m1__alt.
selected_sequence_signature	60bfbb1e2190905f3d4bc477afa30f9de71ff1dd	1D11__DM1__laB__aaA__rs7__m1__alt.	288D__DM8__laB__aaA__rs7__m1__alt.
selected_sequence_signature	60bfbb1e2190905f3d4bc477afa30f9de71ff1dd	1D11__DM1__laB__aaA__rs7__m1__alt.	2ET0__NPM__laJ__aaA__rs10__m1__alt.
selected_sequence_signature	60bfbb1e2190905f3d4bc477afa30f9de71ff1dd	1D11__DM1__laB__aaA__rs7__m1__alt.	386D__AQS__laB__aaA__rs7__m1__alt.
selected_sequence_signature	60bfbb1e2190905f3d4bc477afa30f9de71ff1dd	1D11__DM1__laB__aaA__rs7__m1__alt.	3FX8__5PM__laG__aaC__rs211__m1__alt.
selected_sequence_signature	60bfbb1e2190905f3d4bc477afa30f9de71ff1dd	1D11__DM1__laB__aaA__rs7__m1__alt.	3I1D__NPM__laF__aaA__rs203__m1__alt.
selected_sequence_signature	60bfbb1e2190905f3d4bc477afa30f9de71ff1dd	1D11__DM1__laB__aaA__rs7__m1__alt.	3I1D__NPM__laN__aaB__rs8__m1__alt.
selected_sequence_signature	60bfbb1e2190905f3d4bc477afa30f9de71ff1dd	1D11__DM1__laB__aaA__rs7__m1__alt.	452D__9AD__laB__aaA__rs3013__m1__alt.
selected_sequence_signature	60bfbb1e2190905f3d4bc477afa30f9de71ff1dd	1D11__DM1__laB__aaA__rs7__m1__alt.	452D__9AD__laC__aaA__rs3015__m1__alt.
selected_sequence_signature	60bfbb1e2190905f3d4bc477afa30f9de71ff1dd	1D11__DM1__laB__aaA__rs7__m1__alt.	465D__9AD__laB__aaA__rs3014__m1__alt.
selected_sequence_signature	60bfbb1e2190905f3d4bc477afa30f9de71ff1dd	1D11__DM1__laB__aaA__rs7__m1__alt.	465D__9AD__laC__aaA__rs3015__m1__altA
selected_sequence_signature	61a2569a7513e96435bcffb77d7261eaf970421a	8TWH__LG1__laEA__aaF__rs103__m1__alt.	8TWH__LG1__laN__aaA__rs104__m1__alt.
selected_sequence_signature	61a2569a7513e96435bcffb77d7261eaf970421a	8TWH__LG1__laEA__aaF__rs103__m1__alt.	8TWH__LG1__laSA__aaJ__rs104__m1__alt.
selected_sequence_signature	62eaca6fc71278e235c2f5b69dba5bb76e0e5655	1FDG__9TA__laD__aaB__rs13__m1__alt.	2DES__DMM__laC__aaA__rs13__m1__alt.
selected_sequence_signature	62eaca6fc71278e235c2f5b69dba5bb76e0e5655	1FDG__9TA__laD__aaB__rs13__m1__alt.	2DES__DMM__laD__aaA__rs14__m1__alt.
selected_sequence_signature	62eaca6fc71278e235c2f5b69dba5bb76e0e5655	1FDG__9TA__laD__aaB__rs13__m1__alt.	308D__DM1__laD__aaA__rs14__m1__alt.
selected_sequence_signature	62eaca6fc71278e235c2f5b69dba5bb76e0e5655	1FDG__9TA__laD__aaB__rs13__m1__alt.	308D__DM1__laH__aaB__rs14__m1__alt.
selected_sequence_signature	62eaca6fc71278e235c2f5b69dba5bb76e0e5655	1FDG__9TA__laD__aaB__rs13__m1__alt.	3I1D__NPM__laP__aaB__rs204__m1__alt.
selected_sequence_signature	62fdebc94c95256ce9a80d2dc5f200636c4c4eab	5O62__EGD__laC__aaA__rs101__m1__alt.	5O69__AG2__laC__aaA__rs101__m1__alt.
selected_sequence_signature	64744e5d2d3ac4bbdc32c5326790a9ee57cea9fa	110D__DM1__laB__aaA__rs7__m1__alt.	278D__DM8__laB__aaA__rs7__m1__alt.
selected_sequence_signature	6491bb6fb6d53be67d2733d50c8ffefeaf9f3cfc	4OCD__MWB__laD__aaA__rs101__m1__alt.	4OCD__MWB__laE__aaB__rs101__m1__alt.
selected_sequence_signature	6697356dd27631df249c431f9863bc9af76fa04e	9I9W__B2R__laC__aaAAA__rs101__m1__alt.	9I9W__B2R__laD__aaAAA__rs102__m1__alt.
selected_sequence_signature	6697356dd27631df249c431f9863bc9af76fa04e	9I9W__B2R__laC__aaAAA__rs101__m1__alt.	9I9W__B2R__laE__aaBBB__rs101__m1__alt.
selected_sequence_signature	67e26852fa570a0139e25d774eeac703752f411c	8FHV__2ZY__laH__aaA__rs107__m1__alt.	8FHX__2ZY__laH__aaA__rs107__m1__alt.
selected_sequence_signature	67e26852fa570a0139e25d774eeac703752f411c	8FHV__2ZY__laH__aaA__rs107__m1__alt.	8FHZ__747__laH__aaA__rs107__m1__alt.
selected_sequence_signature	67e26852fa570a0139e25d774eeac703752f411c	8FHV__2ZY__laH__aaA__rs107__m1__alt.	8FI0__X5R__laH__aaA__rs107__m1__alt.
selected_sequence_signature	68aefe85a640e9d941f076c68d36da0357034262	6AZ3__PAR__laAC__aa2__rs1703__m1__alt.	6AZ3__PAR__laZB__aa2__rs1702__m1__alt.
selected_sequence_signature	69309ba3e505f2d97f0b36ff2e7a25445da5a107	8HB3__NNR__laC__aaA__rs101__m1__alt.	8HB3__NNR__laD__aaB__rs101__m1__alt.
selected_sequence_signature	69309ba3e505f2d97f0b36ff2e7a25445da5a107	8HB3__NNR__laC__aaA__rs101__m1__alt.	8I3Z__NMN__laD__aaB__rs101__m1__alt.
selected_sequence_signature	69309ba3e505f2d97f0b36ff2e7a25445da5a107	8HB3__NNR__laC__aaA__rs101__m1__alt.	8I3Z__NMN__laE__aaB__rs102__m1__alt.
selected_sequence_signature	6dd7a8d09a7deaedf233e9b85bb994a73b1021c2	6UP0__YO3__laF__aaC__rs104__m1__alt.	6UP0__YO3__laK__aaD__rs104__m1__alt.
selected_sequence_signature	6de1a53329f574b1402357ed3fa9aad81690ec70	2MG8__XR2__laC__aaB__rs101__m1__alt.	2MG8__XR2__laD__aaB__rs102__m1__alt.
selected_sequence_signature	6e09b21436ce6c240ec66e213b6fa341315a4fb2	9HRD__GTP__laFA__aaD__rs107__m1__alt.	9HRD__GTP__laY__aaC__rs107__m1__alt.
selected_sequence_signature	709584a1097bd9e7bf003abe846c6d01086579da	5LIT__6XV__laE__aaD__rs101__m1__alt.	5LIT__6XV__laG__aaC__rs101__m1__alt.
selected_sequence_signature	709584a1097bd9e7bf003abe846c6d01086579da	5LIT__6XV__laE__aaD__rs101__m1__alt.	6GIM__EZK__laE__aaD__rs101__m1__alt.
selected_sequence_signature	709584a1097bd9e7bf003abe846c6d01086579da	5LIT__6XV__laE__aaD__rs101__m1__alt.	6GIM__EZK__laF__aaC__rs101__m1__alt.
selected_sequence_signature	71f0076eca3ad2cbc296cba88e59a9d50c8d175b	5OB3__1TU__laB__aaA__rs101__m1__alt.	7L0Z__2ZY__laB__aaG__rs101__m1__alt.
selected_sequence_signature	732f8448551cfd487506a660f33917e6d3f2d3ef	8CXF__PG5__laC__aaB__rs101__m1__alt.	8DHC__PG5__laC__aaB__rs101__m1__alt.
selected_sequence_signature	73673f99833ff966fc08da36b17d11bcac5a0d04	6FC9__D5B__laB__aaA__rs101__m1__alt.	8ABN__LNF__laB__aaA__rs101__m1__alt.
selected_sequence_signature	77596434a376c6cc7cdf536ef1bc8e74421cd603	3CE5__BRA__laE__aaA__rs27__m1__alt.	4P1D__KPT__laE__aaA__rs103__m1__alt.
selected_sequence_signature	7779769d9d0380b8fd337a19cc82346015c46a95	6N5Q__2BA__laB__aaA__rs201__m1__alt.	6N5Q__2BA__laC__aaA__rs202__m1__alt.
selected_sequence_signature	7884027412f0f3775a4f980bf6c15124e2882b2f	9MQS__5GP__laJ__aaA__rs409__m1__alt.	9MQT__A1BNU__laB__aaA__rs401__m1__alt.
selected_sequence_signature	7884027412f0f3775a4f980bf6c15124e2882b2f	9MQS__5GP__laJ__aaA__rs409__m1__alt.	9MQU__A1BNU__laB__aaA__rs401__m1__alt.
selected_sequence_signature	79c3f8dc86119405d8d1132e1e8e2daf59bd997b	2L7V__QUL__laD__aaA__rs1__m1__alt.	2L7V__QUL__laE__aaA__rs2__m1__alt.
selected_sequence_signature	79c3f8dc86119405d8d1132e1e8e2daf59bd997b	2L7V__QUL__laD__aaA__rs1__m1__alt.	5W77__9WP__laD__aaA__rs103__m1__alt.
selected_sequence_signature	79c3f8dc86119405d8d1132e1e8e2daf59bd997b	2L7V__QUL__laD__aaA__rs1__m1__alt.	5W77__9WP__laE__aaA__rs104__m1__alt.
selected_sequence_signature	79c3f8dc86119405d8d1132e1e8e2daf59bd997b	2L7V__QUL__laD__aaA__rs1__m1__alt.	6JJ0__BO6__laB__aaA__rs101__m1__alt.
selected_sequence_signature	79c3f8dc86119405d8d1132e1e8e2daf59bd997b	2L7V__QUL__laD__aaA__rs1__m1__alt.	6O2L__BO6__laB__aaA__rs101__m1__alt.
selected_sequence_signature	79c3f8dc86119405d8d1132e1e8e2daf59bd997b	2L7V__QUL__laD__aaA__rs1__m1__alt.	6O2L__BO6__laC__aaA__rs102__m1__alt.
selected_sequence_signature	79c3f8dc86119405d8d1132e1e8e2daf59bd997b	2L7V__QUL__laD__aaA__rs1__m1__alt.	7KBX__WAM__laB__aaA__rs101__m1__alt.
selected_sequence_signature	79c3f8dc86119405d8d1132e1e8e2daf59bd997b	2L7V__QUL__laD__aaA__rs1__m1__alt.	7KBX__WAM__laC__aaA__rs102__m1__alt.
selected_sequence_signature	79c3f8dc86119405d8d1132e1e8e2daf59bd997b	2L7V__QUL__laD__aaA__rs1__m1__alt.	9L4E__A1EIH__laB__aaA__rs101__m1__alt.
selected_sequence_signature	79c3f8dc86119405d8d1132e1e8e2daf59bd997b	2L7V__QUL__laD__aaA__rs1__m1__alt.	9L4E__A1EIH__laC__aaA__rs102__m1__alt.
selected_sequence_signature	7abb726396bbdb72fad1c8f5b9e5659e0b3115c8	7D7V__GTP__laC__aaA__rs101__m1__alt.	7D7V__NAD__laL__aaA__rs110__m1__alt.
selected_sequence_signature	7b00c95d0a2b7424b2f720cb26ad243c66c6a764	207D__CRH__laL__aaA__rs13__m1__alt.	207D__CRH__laM__aaA__rs27__m1__alt.
selected_sequence_signature	7b00c95d0a2b7424b2f720cb26ad243c66c6a764	207D__CRH__laL__aaA__rs13__m1__alt.	207D__CRH__laO__aaB__rs17__m1__alt.
selected_sequence_signature	7b00c95d0a2b7424b2f720cb26ad243c66c6a764	207D__CRH__laL__aaA__rs13__m1__alt.	207D__CRH__laP__aaB__rs23__m1__alt.
selected_sequence_signature	7c3a43f2e7fa1ea153b8b50b4b9f66e298b936e8	7D7W__NAD__laC__aaA__rs102__m1__alt.	7D7X__ADP__laK__aaA__rs110__m1__alt.
selected_sequence_signature	7c3a43f2e7fa1ea153b8b50b4b9f66e298b936e8	7D7W__NAD__laC__aaA__rs102__m1__alt.	7D7X__GTP__laB__aaA__rs101__m1__alt.
selected_sequence_signature	7c3a43f2e7fa1ea153b8b50b4b9f66e298b936e8	7D7W__NAD__laC__aaA__rs102__m1__alt.	7D7Y__ATP__laC__aaA__rs102__m1__alt.
selected_sequence_signature	7c3a43f2e7fa1ea153b8b50b4b9f66e298b936e8	7D7W__NAD__laC__aaA__rs102__m1__alt.	7D7Y__GTP__laB__aaA__rs101__m1__alt.
selected_sequence_signature	7c3a43f2e7fa1ea153b8b50b4b9f66e298b936e8	7D7W__NAD__laC__aaA__rs102__m1__alt.	7D7Z__GTP__laB__aaA__rs101__m1__alt.
selected_sequence_signature	7c3a43f2e7fa1ea153b8b50b4b9f66e298b936e8	7D7W__NAD__laC__aaA__rs102__m1__alt.	7D7Z__NAD__laDA__aaA__rs129__m1__alt.
selected_sequence_signature	7d5253f58edf6ccfe2d05d27d53cc031e24e1fcd	1AMD__BNR__laC__aaB__rs13__m1__alt.	258D__NGM__laK__aaC__rs28__m1__alt.
selected_sequence_signature	7d583b8b9535e97eed359f1dd99ff648ba7cc845	8ZW3__BER__laB__aaX__rs101__m1__alt.	8ZW3__BER__laC__aaX__rs102__m1__alt.
selected_sequence_signature	7dd6675ca84586ee8fabb24fdcedeffd0db43371	3NX5__SAU__laE__aaC__rs7__m1__alt.	4D9X__KPT__laF__aaC__rs101__m1__alt.
selected_sequence_signature	7dd6675ca84586ee8fabb24fdcedeffd0db43371	3NX5__SAU__laE__aaC__rs7__m1__alt.	4D9Y__CTI__laE__aaA__rs201__m1__alt.
selected_sequence_signature	7def3a52d1722d332db042e64535000f9e408a34	7KBW__WAM__laB__aaA__rs101__m1__alt.	7KBW__WAM__laC__aaA__rs102__m1__alt.
selected_sequence_signature	7def3a52d1722d332db042e64535000f9e408a34	7KBW__WAM__laB__aaA__rs101__m1__alt.	7N7D__BER__laB__aaA__rs101__m1__alt.
selected_sequence_signature	7def3a52d1722d332db042e64535000f9e408a34	7KBW__WAM__laB__aaA__rs101__m1__alt.	7N7D__BER__laC__aaA__rs102__m1__alt.
selected_sequence_signature	7def3a52d1722d332db042e64535000f9e408a34	7KBW__WAM__laB__aaA__rs101__m1__alt.	7N7E__BER__laB__aaA__rs101__m1__alt.
selected_sequence_signature	7def3a52d1722d332db042e64535000f9e408a34	7KBW__WAM__laB__aaA__rs101__m1__alt.	7N7E__BER__laC__aaA__rs102__m1__alt.
selected_sequence_signature	7ec3aa5dc624ec0ba2c99099ef7e9462b5abeade	151D__DM2__laB__aaA__rs7__m1__alt.	152D__DM1__laB__aaA__rs7__m1__alt.
selected_sequence_signature	7ec3aa5dc624ec0ba2c99099ef7e9462b5abeade	151D__DM2__laB__aaA__rs7__m1__alt.	1D10__DM1__laB__aaA__rs7__m1__alt.
selected_sequence_signature	7ec3aa5dc624ec0ba2c99099ef7e9462b5abeade	151D__DM2__laB__aaA__rs7__m1__alt.	1D12__DM2__laB__aaA__rs7__m1__alt.
selected_sequence_signature	7ec3aa5dc624ec0ba2c99099ef7e9462b5abeade	151D__DM2__laB__aaA__rs7__m1__alt.	1D15__DM6__laB__aaA__rs7__m1__alt.
selected_sequence_signature	7ec3aa5dc624ec0ba2c99099ef7e9462b5abeade	151D__DM2__laB__aaA__rs7__m1__alt.	1D37__DM4__laB__aaA__rs7__m1__alt.
selected_sequence_signature	7ec3aa5dc624ec0ba2c99099ef7e9462b5abeade	151D__DM2__laB__aaA__rs7__m1__alt.	1D38__DM5__laB__aaA__rs7__m1__alt.
selected_sequence_signature	7ec3aa5dc624ec0ba2c99099ef7e9462b5abeade	151D__DM2__laB__aaA__rs7__m1__alt.	1DA0__DM1__laB__aaA__rs7__m1__alt.
selected_sequence_signature	7ec3aa5dc624ec0ba2c99099ef7e9462b5abeade	151D__DM2__laB__aaA__rs7__m1__alt.	1IMS__DM7__laB__aaA__rs7__m1__alt.
selected_sequence_signature	7ec3aa5dc624ec0ba2c99099ef7e9462b5abeade	151D__DM2__laB__aaA__rs7__m1__alt.	1JO2__DM1__laB__aaA__rs7__m1__alt.
selected_sequence_signature	7ec3aa5dc624ec0ba2c99099ef7e9462b5abeade	151D__DM2__laB__aaA__rs7__m1__alt.	1P20__DM2__laB__aaA__rs7__m1__alt.
selected_sequence_signature	7ec3aa5dc624ec0ba2c99099ef7e9462b5abeade	151D__DM2__laB__aaA__rs7__m1__alt.	1R68__MAR__laB__aaA__rs7__m1__alt.
selected_sequence_signature	7ec3aa5dc624ec0ba2c99099ef7e9462b5abeade	151D__DM2__laB__aaA__rs7__m1__alt.	234D__DMM__laB__aaA__rs7__m1__alt.
selected_sequence_signature	7ec3aa5dc624ec0ba2c99099ef7e9462b5abeade	151D__DM2__laB__aaA__rs7__m1__alt.	235D__DMM__laB__aaA__rs7__m1__altA
selected_sequence_signature	7ec3aa5dc624ec0ba2c99099ef7e9462b5abeade	151D__DM2__laB__aaA__rs7__m1__alt.	236D__CMD__laB__aaA__rs7__m1__alt.
selected_sequence_signature	7ec3aa5dc624ec0ba2c99099ef7e9462b5abeade	151D__DM2__laB__aaA__rs7__m1__alt.	276D__DM8__laB__aaA__rs7__m1__alt.
selected_sequence_signature	7ec3aa5dc624ec0ba2c99099ef7e9462b5abeade	151D__DM2__laB__aaA__rs7__m1__alt.	385D__NOD__laB__aaA__rs7__m1__alt.
selected_sequence_signature	7ec3aa5dc624ec0ba2c99099ef7e9462b5abeade	151D__DM2__laB__aaA__rs7__m1__alt.	482D__DM9__laB__aaA__rs7__m1__alt.
selected_sequence_signature	7ec3aa5dc624ec0ba2c99099ef7e9462b5abeade	151D__DM2__laB__aaA__rs7__m1__alt.	4L5K__KPT__laB__aaA__rs101__m1__alt.
selected_sequence_signature	7fb696c219721c0a9a8304c9c5606f174545aec0	7EOG__J8F__laC__aaA__rs102__m1__alt.	7EOK__J8L__laC__aaA__rs102__m1__alt.
selected_sequence_signature	7fb696c219721c0a9a8304c9c5606f174545aec0	7EOG__J8F__laC__aaA__rs102__m1__alt.	7EOL__J8O__laH__aaA__rs107__m1__alt.
selected_sequence_signature	7fb696c219721c0a9a8304c9c5606f174545aec0	7EOG__J8F__laC__aaA__rs102__m1__alt.	7EOM__J8R__laC__aaA__rs102__m1__alt.
selected_sequence_signature	7fb696c219721c0a9a8304c9c5606f174545aec0	7EOG__J8F__laC__aaA__rs102__m1__alt.	7EON__J8U__laC__aaA__rs102__m1__alt.
selected_sequence_signature	7fb696c219721c0a9a8304c9c5606f174545aec0	7EOG__J8F__laC__aaA__rs102__m1__alt.	7EOO__J8X__laC__aaA__rs102__m1__alt.
selected_sequence_signature	7fb696c219721c0a9a8304c9c5606f174545aec0	7EOG__J8F__laC__aaA__rs102__m1__alt.	7EOP__J93__laH__aaA__rs107__m1__alt.
selected_sequence_signature	82f20a8b6657376b6d2071d9e608aaa098a2b878	378D__DMY__laE__aaA__rs34__m1__alt.	378D__DMY__laH__aaC__rs36__m1__alt.
selected_sequence_signature	82f20a8b6657376b6d2071d9e608aaa098a2b878	378D__DMY__laE__aaA__rs34__m1__alt.	378D__DMY__laI__aaD__rs35__m1__alt.
selected_sequence_signature	8376aec738dac7298875a9a522629a730718727e	1X26__NAZ__laC__aaA__rs25__m1__alt.	1X26__NAZ__laD__aaB__rs24__m1__alt.
selected_sequence_signature	83a53aef6cff62978f0cd55bdb7fd6b5ee8cbc23	7ELP__XAN__laF__aaA__rs104__m1__alt.	7ELP__XAN__laU__aaB__rs103__m1__alt.
selected_sequence_signature	83a53aef6cff62978f0cd55bdb7fd6b5ee8cbc23	7ELP__XAN__laF__aaA__rs104__m1__alt.	7ELQ__XAN__laD__aaA__rs102__m1__alt.
selected_sequence_signature	83a53aef6cff62978f0cd55bdb7fd6b5ee8cbc23	7ELP__XAN__laF__aaA__rs104__m1__alt.	7ELQ__XAN__laO__aaB__rs102__m1__alt.
selected_sequence_signature	83a53aef6cff62978f0cd55bdb7fd6b5ee8cbc23	7ELP__XAN__laF__aaA__rs104__m1__alt.	7ELR__XAN__laD__aaA__rs102__m1__alt.
selected_sequence_signature	83a53aef6cff62978f0cd55bdb7fd6b5ee8cbc23	7ELP__XAN__laF__aaA__rs104__m1__alt.	7ELR__XAN__laN__aaB__rs102__m1__alt.
selected_sequence_signature	83a53aef6cff62978f0cd55bdb7fd6b5ee8cbc23	7ELP__XAN__laF__aaA__rs104__m1__alt.	7ELS__AZA__laK__aaA__rs109__m1__alt.
selected_sequence_signature	83a53aef6cff62978f0cd55bdb7fd6b5ee8cbc23	7ELP__XAN__laF__aaA__rs104__m1__alt.	7ELS__AZA__laS__aaB__rs108__m1__alt.
selected_sequence_signature	87bb0135c4763913edae106603015d4690253de3	4Y1M__GTP__laGB__aaA__rs208__m1__alt.	4Y1M__GTP__laN__aaB__rs212__m1__alt.
selected_sequence_signature	886b34b4a2dabe423257772701c2b035867700ba	4XW7__AMZ__laB__aaA__rs101__m1__alt.	4XWF__AMZ__laB__aaA__rs101__m1__alt.
selected_sequence_signature	886b34b4a2dabe423257772701c2b035867700ba	4XW7__AMZ__laB__aaA__rs101__m1__alt.	8VQV__UG4__laD__aaA__rs103__m1__alt.
selected_sequence_signature	886b34b4a2dabe423257772701c2b035867700ba	4XW7__AMZ__laB__aaA__rs101__m1__alt.	8VVJ__A1AD3__laE__aaA__rs104__m1__alt.
selected_sequence_signature	893f26229c07394c9ae8aba6bf2bad97441dfa35	2KD4__PRL__laC__aaA__rs17__m1__alt.	2KD4__PRL__laD__aaB__rs17__m1__alt.
selected_sequence_signature	8b8328effaa3ae2fc69b9da3e6087bb7f9acdea4	6VA2__QSV__laC__aaA__rs101__m1__alt.	6VA3__MQC__laC__aaA__rs101__m1__alt.
selected_sequence_signature	8b8328effaa3ae2fc69b9da3e6087bb7f9acdea4	6VA2__QSV__laC__aaA__rs101__m1__alt.	6VA4__QSY__laC__aaB__rs101__m1__alt.
selected_sequence_signature	8bba2b91593c7558373634a47b79ad572d4dfa14	2HRI__POH__laF__aaA__rs26__m1__alt.	2HRI__POH__laG__aaA__rs27__m1__alt.
selected_sequence_signature	8d8355f7d1e1495e9552e90265c323337b0a366e	1D58__DM6__laB__aaA__rs7__m1__alt.	1D67__DM5__laB__aaA__rs7__m1__alt.
selected_sequence_signature	8d8355f7d1e1495e9552e90265c323337b0a366e	1D58__DM6__laB__aaA__rs7__m1__alt.	1VTI__DM1__laB__aaA__rs7__m1__alt.
selected_sequence_signature	8d9e45b0e5bdc749d7c5466ce8a2c861394b92dd	6V9D__QW4__laC__aaB__rs101__m1__alt.	6V9D__QW4__laD__aaB__rs102__m1__alt.
selected_sequence_signature	8d9e45b0e5bdc749d7c5466ce8a2c861394b92dd	6V9D__QW4__laC__aaB__rs101__m1__alt.	6V9D__QW4__laH__aaE__rs101__m1__alt.
selected_sequence_signature	8e25cf7a0da53f371bf8d394c61d8ffb29c86fd1	7KVT__2ZY__laB__aaB__rs101__m1__alt.	7KVU__2ZY__laG__aaG__rs106__m1__alt.
selected_sequence_signature	921c66657de7f2ccde5c206f6ae732174ce0af40	8I44__53D__laB__aaA__rs20__m1__alt.	9U6Z__53D__laB__aaA__rs101__m1__alt.
selected_sequence_signature	9316625c871d3ee32b97ab6661d07d9fd7122cf1	6N5P__2BA__laB__aaA__rs201__m1__alt.	6N5P__2BA__laC__aaA__rs202__m1__alt.
selected_sequence_signature	93d68f5e177b6e1853acce3785994445b87c523d	6QIT__J48__laE__aaA__rs101__m1__altA	6QIT__J48__laF__aaA__rs102__m1__altA
selected_sequence_signature	93d68f5e177b6e1853acce3785994445b87c523d	6QIT__J48__laE__aaA__rs101__m1__altA	6QIT__J48__laG__aaC__rs101__m1__alt.
selected_sequence_signature	93d68f5e177b6e1853acce3785994445b87c523d	6QIT__J48__laE__aaA__rs101__m1__altA	6QIT__J48__laH__aaD__rs101__m1__altA
selected_sequence_signature	95fa8b7500a14c7ed54b61505ec7c2ed5ab2e7db	5IHD__2OP__laG__aaA__rs103__m1__alt.	5IHD__2OP__laJ__aaB__rs103__m1__alt.
selected_sequence_signature	95fa8b7500a14c7ed54b61505ec7c2ed5ab2e7db	5IHD__2OP__laG__aaA__rs103__m1__alt.	5IHD__SIN__laM__aaD__rs101__m1__alt.
selected_sequence_signature	9670af2d3a0967ea954e3df2d0f47108cf6dc54c	9NDV__QI9__laB__aaA__rs201__m1__alt.	9NDX__QI9__laC__aaA__rs201__m1__alt.
selected_sequence_signature	9670af2d3a0967ea954e3df2d0f47108cf6dc54c	9NDV__QI9__laB__aaA__rs201__m1__alt.	9NDX__QI9__laD__aaB__rs201__m1__alt.
selected_sequence_signature	9a40d6b4bffd5fa15eef9c1ff3ebd9599ae46ef9	6N5S__2BA__laC__aaA__rs202__m1__alt.	6N5S__2BA__laD__aaA__rs203__m1__alt.
selected_sequence_signature	9b28f0f2ee87473a0a5c8bbd8e776b9fed2704e9	8TAP__NT__laE__aaC__rs101__m1__alt.	8TAQ__HT1__laF__aaC__rs101__m1__alt.
selected_sequence_signature	9b28f0f2ee87473a0a5c8bbd8e776b9fed2704e9	8TAP__NT__laE__aaC__rs101__m1__alt.	8TDT__DAP__laJ__aaC__rs101__m1__alt.
selected_sequence_signature	9c3810cdfb358031758a30d8fb46c5dc08026431	1G5L__BLB__laG__aaC__rs1__m1__alt.	1GJ2__BLB__laG__aaC__rs1__m1__alt.
selected_sequence_signature	9deb4bc66abc52a8dec1fe9dc894a80bd182f5a0	8SYK__TAC__laCA__aaB__rs202__m1__alt.	8SYK__TAC__laF__aaA__rs202__m1__alt.
selected_sequence_signature	9deb4bc66abc52a8dec1fe9dc894a80bd182f5a0	8SYK__TAC__laCA__aaB__rs202__m1__alt.	8SYK__TAC__laIB__aaD__rs202__m1__alt.
selected_sequence_signature	9ea2d8aa64c7e6ac4a01e73530cb5c41dbd8cd76	5NDV__PAR__laTJA__aa3__rs201__m1__alt.	5OBM__LLL__laJSB__aa7__rs231__m1__alt.
selected_sequence_signature	9ea2d8aa64c7e6ac4a01e73530cb5c41dbd8cd76	5NDV__PAR__laTJA__aa3__rs201__m1__alt.	5OBM__LLL__laLSB__aa7__rs233__m1__alt.
selected_sequence_signature	a3bd74bd522bda185babfef7eeaaa9826ecb5fec	6JJH__POH__laB__aaB__rs101__m1__alt.	6JJH__POH__laC__aaB__rs102__m1__alt.
selected_sequence_signature	a3bd74bd522bda185babfef7eeaaa9826ecb5fec	6JJH__POH__laB__aaB__rs101__m1__alt.	6JJI__POH__laE__aaB__rs104__m1__alt.
selected_sequence_signature	a4fa2ac74caa3ba56e4b1c551a206846971e6912	6QIS__J48__laL__aaC__rs102__m1__alt.	6QIS__J48__laN__aaE__rs101__m1__alt.
selected_sequence_signature	a4fa2ac74caa3ba56e4b1c551a206846971e6912	6QIS__J48__laL__aaC__rs102__m1__alt.	6QIS__J48__laP__aaG__rs101__m1__alt.
selected_sequence_signature	a4fa2ac74caa3ba56e4b1c551a206846971e6912	6QIS__J48__laL__aaC__rs102__m1__alt.	6QIS__J48__laQ__aaH__rs101__m1__alt.
selected_sequence_signature	a59c92472ec569333918855b9f10b18be1ceb3f4	23JZ__AMR__laB__aaA__rs101__m1__alt.	23KA__AMR__laI__aaC__rs101__m1__alt.
selected_sequence_signature	a6f158999bf35697360341c8dbc6446d75a7a19a	6JWD__BER__laB__aaA__rs101__m1__alt.	6JWE__LOC__laB__aaA__rs101__m1__alt.
selected_sequence_signature	a793c36a2af915059c4bcaf376634e7b283c4797	9HRG__GTP__laG__aaA__rs103__m1__alt.	9HRG__GTP__laM__aaB__rs103__m1__alt.
selected_sequence_signature	a79b2a3886feafea94a0462b5e58b34526f6015e	6M4T__F1R__laG__aaA__rs103__m1__alt.	6M4T__F1R__laJ__aaB__rs103__m1__alt.
selected_sequence_signature	a79b2a3886feafea94a0462b5e58b34526f6015e	6M4T__F1R__laG__aaA__rs103__m1__alt.	6M4T__F1R__laK__aaC__rs101__m1__alt.
selected_sequence_signature	a79b2a3886feafea94a0462b5e58b34526f6015e	6M4T__F1R__laG__aaA__rs103__m1__alt.	6M4T__F1R__laL__aaD__rs101__m1__alt.
selected_sequence_signature	a862366211551e7e536988c1a4a52dd615eb337b	4Y1J__GTP__laC__aaA__rs201__m1__alt.	4Y1J__GTP__laYA__aaB__rs202__m1__alt.
selected_sequence_signature	a926799aa59723e7310f11f7bad517e330269abf	2MGN__PQ3__laB__aaA__rs25__m1__alt.	2N6C__QUE__laB__aaA__rs101__m1__alt.
selected_sequence_signature	a926799aa59723e7310f11f7bad517e330269abf	2MGN__PQ3__laB__aaA__rs25__m1__alt.	2N6C__QUE__laC__aaA__rs102__m1__alt.
selected_sequence_signature	a982927988f12ef5c1a093583b719701fab7e479	7MSV__BER__laC__aaX__rs102__m1__alt.	7MSV__BER__laD__aaX__rs103__m1__alt.
selected_sequence_signature	a982927988f12ef5c1a093583b719701fab7e479	7MSV__BER__laC__aaX__rs102__m1__alt.	7MSV__DGP__laB__aaX__rs101__m1__alt.
selected_sequence_signature	a995742662360227bd92dbe5b39a8bf9d6f22afb	8TB8__HT1__laF__aaD__rs101__m1__alt.	8TBO__NT__laE__aaA__rs101__m1__alt.
selected_sequence_signature	ab8d9026600b5072129c1517582344f93e3a2945	9VA0__CP0__laD__aaA__rs503__m1__alt.	9VA3__A1EQ9__laD__aaA__rs503__m1__alt.
selected_sequence_signature	ae00430754ebd7bcaa7f46872ceb40efb7abac99	6YMJ__ADN__laAA__aaO__rs102__m1__alt.	6YMJ__ADN__laQ__aaC__rs102__m1__alt.
selected_sequence_signature	ae00430754ebd7bcaa7f46872ceb40efb7abac99	6YMJ__ADN__laAA__aaO__rs102__m1__alt.	6YMJ__ADN__laU__aaI__rs201__m1__alt.
selected_sequence_signature	ae00430754ebd7bcaa7f46872ceb40efb7abac99	6YMJ__ADN__laAA__aaO__rs102__m1__alt.	6YMK__MTA__laO__aaC__rs101__m1__alt.
selected_sequence_signature	ae00430754ebd7bcaa7f46872ceb40efb7abac99	6YMJ__ADN__laAA__aaO__rs102__m1__alt.	6YMK__MTA__laU__aaI__rs101__m1__alt.
selected_sequence_signature	ae00430754ebd7bcaa7f46872ceb40efb7abac99	6YMJ__ADN__laAA__aaO__rs102__m1__alt.	6YMK__MTA__laY__aaO__rs101__m1__alt.
selected_sequence_signature	b536d9b652eeabfa2702e0e7a01f5953ae860a46	7D81__NAD__laE__aaA__rs104__m1__alt.	7D82__NAD__laI__aaA__rs108__m1__alt.
selected_sequence_signature	b7c8bfcf52f9de1f6bd8ca55ad668d45cc772bdc	9EBP__LUM__laC__aaA__rs101__m1__alt.	9EBP__LUM__laJ__aaM__rs101__m1__alt.
selected_sequence_signature	b7c8bfcf52f9de1f6bd8ca55ad668d45cc772bdc	9EBP__LUM__laC__aaA__rs101__m1__alt.	9EBV__LUM__laK__aaA__rs109__m1__alt.
selected_sequence_signature	b7c8bfcf52f9de1f6bd8ca55ad668d45cc772bdc	9EBP__LUM__laC__aaA__rs101__m1__alt.	9EBV__LUM__laU__aaM__rs110__m1__alt.
selected_sequence_signature	b7c8bfcf52f9de1f6bd8ca55ad668d45cc772bdc	9EBP__LUM__laC__aaA__rs101__m1__alt.	9EC4__CTI__laC__aaM__rs101__m1__alt.
selected_sequence_signature	b7c8bfcf52f9de1f6bd8ca55ad668d45cc772bdc	9EBP__LUM__laC__aaA__rs101__m1__alt.	9EC4__CTI__laO__aaA__rs101__m1__alt.
selected_sequence_signature	b986b42db12568c54db9fa6e6a6f3e9db35e374d	6OZK__TLA__laS__aaD__rs101__m1__alt.	6OZL__TLA__laN__aaD__rs101__m1__alt.
selected_sequence_signature	ba36a6a1a919a80d92e30c12592da68d3143c066	7EOH__J8F__laB__aaA__rs101__m1__alt.	7EOI__J8F__laB__aaA__rs101__m1__alt.
selected_sequence_signature	ba36a6a1a919a80d92e30c12592da68d3143c066	7EOH__J8F__laB__aaA__rs101__m1__alt.	7EOJ__J8F__laB__aaA__rs101__m1__alt.
selected_sequence_signature	bb887b945127d128e9fe26d568ed2a49356edef5	6XRQ__V8A__laF__aaA__rs102__m1__alt.	6XRQ__V8A__laG__aaA__rs103__m1__alt.
selected_sequence_signature	bbe0ae6cc55133acdecc1eed88887bb50213fcda	1DJ6__104__laD__aaA__rs13__m1__alt.	1DJ6__104__laE__aaB__rs14__m1__alt.
selected_sequence_signature	bbe0ae6cc55133acdecc1eed88887bb50213fcda	1DJ6__104__laD__aaA__rs13__m1__alt.	1V9G__SPW__laC__aaA__rs13__m1__alt.
selected_sequence_signature	bbe0ae6cc55133acdecc1eed88887bb50213fcda	1DJ6__104__laD__aaA__rs13__m1__alt.	292D__P24__laC__aaA__rs13__m1__alt.
selected_sequence_signature	bbe0ae6cc55133acdecc1eed88887bb50213fcda	1DJ6__104__laD__aaA__rs13__m1__alt.	2IE1__PAW__laC__aaA__rs101__m1__alt.
selected_sequence_signature	bbe0ae6cc55133acdecc1eed88887bb50213fcda	1DJ6__104__laD__aaA__rs13__m1__alt.	2IE1__PAW__laD__aaB__rs102__m1__alt.
selected_sequence_signature	bbe0ae6cc55133acdecc1eed88887bb50213fcda	1DJ6__104__laD__aaA__rs13__m1__alt.	6BST__SR0__laC__aaA__rs101__m1__alt.
selected_sequence_signature	bbe0ae6cc55133acdecc1eed88887bb50213fcda	1DJ6__104__laD__aaA__rs13__m1__alt.	7ATG__58I__laD__aaB__rs101__m1__altA
selected_sequence_signature	bc855e875b4596596e9770077380780a4c502ea1	258D__NGM__laE__aaA__rs26__m1__alt.	258D__NGM__laL__aaD__rs27__m1__alt.
selected_sequence_signature	bddc2778159043e163992d5e6d4e7f695724e324	7OA3__V5Z__laC__aaA__rs101__m1__alt.	7OAV__GTP__laQ__aaC__rs102__m1__alt.
selected_sequence_signature	bddc2778159043e163992d5e6d4e7f695724e324	7OA3__V5Z__laC__aaA__rs101__m1__alt.	7OAW__GTP__laK__aaB__rs101__m1__alt.
selected_sequence_signature	bddc2778159043e163992d5e6d4e7f695724e324	7OA3__V5Z__laC__aaA__rs101__m1__alt.	7OAW__GTP__laQ__aaC__rs102__m1__alt.
selected_sequence_signature	bf206ff4014e815f27d0b377b60e3ab434aad816	7XQ5__HEZ__laF__aaC__rs101__m1__alt.	7XQ5__HEZ__laG__aaD__rs101__m1__alt.
selected_sequence_signature	c196459f7c4cb145a255e347cedcfd28ac4ca682	4ZNP__AMZ__laC__aaA__rs101__m1__alt.	4ZNP__AMZ__laF__aaB__rs101__m1__alt.
selected_sequence_signature	c38db100c70c1468e56741a0d6d8d07dc3dc7a0c	5LIT__6XV__laJ__aaB__rs102__m1__alt.	6GIM__EZK__laI__aaB__rs101__m1__alt.
selected_sequence_signature	c40eb493a4f0e779e6887a4447b1c1d0db627964	6N5N__2BA__laB__aaA__rs201__m1__alt.	6N5N__2BA__laC__aaA__rs202__m1__alt.
selected_sequence_signature	c4ee7e98c20d8b062131704274c02f8de36b1048	4QK8__2BA__laB__aaA__rs201__m1__alt.	4QK8__2BA__laC__aaA__rs202__m1__alt.
selected_sequence_signature	c4ee7e98c20d8b062131704274c02f8de36b1048	4QK8__2BA__laB__aaA__rs201__m1__alt.	4QKA__2BA__laB__aaA__rs201__m1__alt.
selected_sequence_signature	c4ee7e98c20d8b062131704274c02f8de36b1048	4QK8__2BA__laB__aaA__rs201__m1__alt.	4QKA__2BA__laC__aaA__rs202__m1__alt.
selected_sequence_signature	c63955ea466b5223deedae2ceae3fe4a1a756565	6QN3__GLN__laG__aaA__rs105__m1__alt.	6QN3__GLN__laL__aaB__rs205__m1__alt.
selected_sequence_signature	c81ef669ea06cb53e97d2ec92b7081eaba356ee0	7YC8__GTP__laB__aaN__rs501__m1__alt.	7YCG__GTP__laC__aaN__rs501__m1__alt.
selected_sequence_signature	c8326fab8b9708ffcd0bec7985e3744a1dd71511	7X8M__BER__laB__aaX__rs101__m1__alt.	7X8M__BER__laC__aaX__rs102__m1__alt.
selected_sequence_signature	c8326fab8b9708ffcd0bec7985e3744a1dd71511	7X8M__BER__laB__aaX__rs101__m1__alt.	7X8O__KPT__laB__aaX__rs101__m1__alt.
selected_sequence_signature	c8326fab8b9708ffcd0bec7985e3744a1dd71511	7X8M__BER__laB__aaX__rs101__m1__alt.	7X8O__KPT__laC__aaX__rs102__m1__alt.
selected_sequence_signature	caa3394d43e32019d9b40993ec2b522cd48865dc	5VCF__8OS__laC__aaA__rs101__m1__alt.	5VCI__8OS__laC__aaA__rs101__m1__alt.
selected_sequence_signature	cc2b045c28248465bca909485c79e9b23efa444b	8TA8__NT__laE__aaA__rs101__m1__alt.	8TAM__HT1__laE__aaA__rs101__m1__alt.
selected_sequence_signature	cc7eab7c175dd0e17177760d16d720cd0631f35f	6QIR__J48__laE__aaA__rs101__m1__alt.	6QIR__J48__laF__aaA__rs102__m1__alt.
selected_sequence_signature	cc7eab7c175dd0e17177760d16d720cd0631f35f	6QIR__J48__laE__aaA__rs101__m1__alt.	6QIR__J48__laG__aaC__rs101__m1__alt.
selected_sequence_signature	cc7eab7c175dd0e17177760d16d720cd0631f35f	6QIR__J48__laE__aaA__rs101__m1__alt.	6QIR__J48__laH__aaD__rs101__m1__alt.
selected_sequence_signature	cd73569b939576bdd4e625fe3ac918163b3fb32d	9BZ1__5AC__laG__aaA__rs105__m1__alt.	9BZC__AMZ__laF__aaA__rs105__m1__alt.
selected_sequence_signature	cdb7862123489bb77ba6c37616b147448c3c11ce	8VXZ__A1AED__laG__aaA__rs104__m1__alt.	8VY0__A1AEE__laH__aaA__rs105__m1__alt.
selected_sequence_signature	cdb7862123489bb77ba6c37616b147448c3c11ce	8VXZ__A1AED__laG__aaA__rs104__m1__alt.	8VY1__A1AEF__laL__aaB__rs103__m1__alt.
selected_sequence_signature	ce31662dd7afe296cecae9f5adbe3e332ed15327	7YVW__B2R__laC__aaA__rs101__m1__alt.	7YVW__B2R__laD__aaA__rs102__m1__alt.
selected_sequence_signature	ce31662dd7afe296cecae9f5adbe3e332ed15327	7YVW__B2R__laC__aaA__rs101__m1__alt.	8ZD2__A1L1S__laC__aa1__rs101__m1__alt.
selected_sequence_signature	ce31662dd7afe296cecae9f5adbe3e332ed15327	7YVW__B2R__laC__aaA__rs101__m1__alt.	8ZD2__A1L1S__laD__aa2__rs101__m1__alt.
selected_sequence_signature	ce31662dd7afe296cecae9f5adbe3e332ed15327	7YVW__B2R__laC__aaA__rs101__m1__alt.	8ZD7__A1L1R__laC__aa2__rs101__m1__alt.
selected_sequence_signature	ce31662dd7afe296cecae9f5adbe3e332ed15327	7YVW__B2R__laC__aaA__rs101__m1__alt.	8ZD8__A1L1S__laC__aa1__rs101__m1__alt.
selected_sequence_signature	cf9c6fa5b05d60ec45aaabfa6d7b75d2eb95458c	2QWY__SAM__laH__aaA__rs100__m1__alt.	2QWY__SAM__laK__aaB__rs300__m1__alt.
selected_sequence_signature	cf9c6fa5b05d60ec45aaabfa6d7b75d2eb95458c	2QWY__SAM__laH__aaA__rs100__m1__alt.	2QWY__SAM__laO__aaC__rs500__m1__alt.
selected_sequence_signature	cff0fb020d0ae876a1534b38be215ff31b250558	6YL5__SAH__laAA__aaE__rs101__m1__alt.	6YL5__SAH__laFA__aaG__rs101__m1__alt.
selected_sequence_signature	cff0fb020d0ae876a1534b38be215ff31b250558	6YL5__SAH__laAA__aaE__rs101__m1__alt.	6YL5__SAH__laJA__aaI__rs101__m1__alt.
selected_sequence_signature	cff0fb020d0ae876a1534b38be215ff31b250558	6YL5__SAH__laAA__aaE__rs101__m1__alt.	6YL5__SAH__laM__aaA__rs101__m1__alt.
selected_sequence_signature	cff0fb020d0ae876a1534b38be215ff31b250558	6YL5__SAH__laAA__aaE__rs101__m1__alt.	6YL5__SAH__laNA__aaK__rs101__m1__alt.
selected_sequence_signature	cff0fb020d0ae876a1534b38be215ff31b250558	6YL5__SAH__laAA__aaE__rs101__m1__alt.	6YL5__SAH__laW__aaC__rs101__m1__alt.
selected_sequence_signature	d4db8e727d55f31d9f3e4f31edeb7f81530e44a7	4W90__2BA__laC__aaC__rs201__m1__alt.	4W90__2BA__laD__aaC__rs202__m1__alt.
selected_sequence_signature	d4db8e727d55f31d9f3e4f31edeb7f81530e44a7	4W90__2BA__laC__aaC__rs201__m1__alt.	4W92__2BA__laJ__aaC__rs208__m1__alt.
selected_sequence_signature	d4db8e727d55f31d9f3e4f31edeb7f81530e44a7	4W90__2BA__laC__aaC__rs201__m1__alt.	4W92__2BA__laK__aaC__rs209__m1__alt.
selected_sequence_signature	d52d5319061f4687933d43ccd4890c508887af28	4RPX__DCP__laT__aaD__rs101__m1__alt.	4RPY__DCP__laU__aaT__rs101__m1__alt.
selected_sequence_signature	d52d5319061f4687933d43ccd4890c508887af28	4RPX__DCP__laT__aaD__rs101__m1__alt.	4RPZ__DCP__laO__aaD__rs101__m1__alt.
selected_sequence_signature	d52d5319061f4687933d43ccd4890c508887af28	4RPX__DCP__laT__aaD__rs101__m1__alt.	7RBI__DCP__laM__aaD__rs101__m1__alt.
selected_sequence_signature	d682c5c0e704d6b2ae7e426b2d8514f1081d958d	5DDP__GLN__laP__aaB__rs101__m1__alt.	5DDQ__GLN__laP__aaB__rs101__m1__alt.
selected_sequence_signature	d682c5c0e704d6b2ae7e426b2d8514f1081d958d	5DDP__GLN__laP__aaB__rs101__m1__alt.	5DDR__GLN__laS__aaB__rs101__m1__alt.
selected_sequence_signature	d85605b51c7eeca64eed825522c527920194bb26	8XZE__THG__laB__aaA__rs101__m1__alt.	8XZL__DHF__laB__aaA__rs101__m1__alt.
selected_sequence_signature	d85605b51c7eeca64eed825522c527920194bb26	8XZE__THG__laB__aaA__rs101__m1__alt.	8XZM__NPR__laG__aaA__rs106__m1__alt.
selected_sequence_signature	d85605b51c7eeca64eed825522c527920194bb26	8XZE__THG__laB__aaA__rs101__m1__alt.	8XZN__H4B__laB__aaA__rs101__m1__alt.
selected_sequence_signature	d85605b51c7eeca64eed825522c527920194bb26	8XZE__THG__laB__aaA__rs101__m1__alt.	8XZO__GUN__laC__aaA__rs202__m1__alt.
selected_sequence_signature	d85605b51c7eeca64eed825522c527920194bb26	8XZE__THG__laB__aaA__rs101__m1__alt.	8XZP__A1LXN__laG__aaA__rs106__m1__alt.
selected_sequence_signature	d85605b51c7eeca64eed825522c527920194bb26	8XZE__THG__laB__aaA__rs101__m1__alt.	8XZQ__AZG__laB__aaA__rs101__m1__alt.
selected_sequence_signature	d85605b51c7eeca64eed825522c527920194bb26	8XZE__THG__laB__aaA__rs101__m1__alt.	8XZR__ANG__laB__aaA__rs101__m1__alt.
selected_sequence_signature	d85605b51c7eeca64eed825522c527920194bb26	8XZE__THG__laB__aaA__rs101__m1__alt.	8XZW__THG__laB__aaA__rs101__m1__alt.
selected_sequence_signature	d95dff4165002ef96bfaf681a3dd2a005388ed3f	6LAS__SAM__laF__aaA__rs101__m1__alt.	6LAS__SAM__laG__aaB__rs101__m1__alt.
selected_sequence_signature	d95dff4165002ef96bfaf681a3dd2a005388ed3f	6LAS__SAM__laF__aaA__rs101__m1__alt.	6LAU__SAH__laF__aaA__rs101__m1__alt.
selected_sequence_signature	d95dff4165002ef96bfaf681a3dd2a005388ed3f	6LAS__SAM__laF__aaA__rs101__m1__alt.	6LAU__SAH__laI__aaB__rs101__m1__alt.
selected_sequence_signature	d95dff4165002ef96bfaf681a3dd2a005388ed3f	6LAS__SAM__laF__aaA__rs101__m1__alt.	6LAZ__E7X__laG__aaA__rs102__m1__alt.
selected_sequence_signature	d95dff4165002ef96bfaf681a3dd2a005388ed3f	6LAS__SAM__laF__aaA__rs101__m1__alt.	6LAZ__E7X__laH__aaB__rs101__m1__alt.
selected_sequence_signature	d9d6298ee2c085a88e9a04ab551c1cea4164b844	9MOZ__A1BNI__laJA__aaG__rs103__m1__alt.	9MOZ__A1BNI__laV__aaD__rs103__m1__alt.
selected_sequence_signature	dbbaef5474d0a27a0c5b7fd3e434fcc356475ebb	202D__MNG__laC__aaA__rs9__m1__alt.	202D__MNG__laD__aaB__rs9__m1__alt.
selected_sequence_signature	dbde7fb89ad8e992c57490ff77c5d0ac2b13977d	8HB1__NMN__laF__aaB__rs101__m1__alt.	8HB1__NMN__laG__aaB__rs102__m1__alt.
selected_sequence_signature	dbf02938ffe44bff0f9f4d2e6fade0da55a99e9f	5BTP__AMZ__laJ__aaB__rs108__m1__alt.	5BTP__AMZ__laQ__aaA__rs106__m1__alt.
selected_sequence_signature	dbf02938ffe44bff0f9f4d2e6fade0da55a99e9f	5BTP__AMZ__laJ__aaB__rs108__m1__alt.	6OD9__AMZ__laD__aaA__rs102__m1__alt.
selected_sequence_signature	dbf02938ffe44bff0f9f4d2e6fade0da55a99e9f	5BTP__AMZ__laJ__aaB__rs108__m1__alt.	6OD9__AMZ__laI__aaB__rs102__m1__alt.
selected_sequence_signature	dbf02938ffe44bff0f9f4d2e6fade0da55a99e9f	5BTP__AMZ__laJ__aaB__rs108__m1__alt.	6WZR__UG1__laH__aaA__rs106__m1__alt.
selected_sequence_signature	dbf02938ffe44bff0f9f4d2e6fade0da55a99e9f	5BTP__AMZ__laJ__aaB__rs108__m1__alt.	6WZR__UG1__laK__aaB__rs103__m1__alt.
selected_sequence_signature	dbf02938ffe44bff0f9f4d2e6fade0da55a99e9f	5BTP__AMZ__laJ__aaB__rs108__m1__alt.	6WZS__UG4__laI__aaB__rs107__m1__alt.
selected_sequence_signature	dbf02938ffe44bff0f9f4d2e6fade0da55a99e9f	5BTP__AMZ__laJ__aaB__rs108__m1__alt.	6WZS__UG4__laP__aaA__rs107__m1__alt.
selected_sequence_signature	dc502224b0cbb82c01162aa4561746a2eb22e038	6N5K__2BA__laB__aaA__rs201__m1__alt.	6N5K__2BA__laC__aaA__rs202__m1__alt.
selected_sequence_signature	de4245ef548298e9ab62a6afdf5c20fe54a4f955	6E8T__HZG__laE__aaD__rs101__m1__alt.	6E8T__HZG__laG__aaC__rs101__m1__alt.
selected_sequence_signature	de4245ef548298e9ab62a6afdf5c20fe54a4f955	6E8T__HZG__laE__aaD__rs101__m1__alt.	6E8T__HZG__laL__aaA__rs101__m1__alt.
selected_sequence_signature	de87553305e2cb6f621e58a2c8c22b2230ea6bde	8K7W__2ZY__laB__aaA__rs101__m1__alt.	9VMZ__A1EST__laC__aaA__rs102__m1__alt.
selected_sequence_signature	debea44961740eafdad3bcd2cbcf8c77888e5b98	5ODF__CWN__laC__aaA__rs101__m1__alt.	6RIO__K4Z__laC__aaA__rs101__m1__alt.
selected_sequence_signature	debf173bb35fe340176525cf0400d2fcd89f03a3	8HB8__NMN__laB__aaA__rs101__m1__alt.	8HB8__NMN__laC__aaA__rs102__m1__alt.
selected_sequence_signature	df62cb9cae36c7935273aebe2e741add276dbb84	3CDM__NII__laD__aaA__rs27__m1__alt.	3CDM__NII__laH__aaB__rs27__m1__alt.
selected_sequence_signature	df62cb9cae36c7935273aebe2e741add276dbb84	3CDM__NII__laD__aaA__rs27__m1__alt.	3CDM__NII__laI__aaB__rs28__m1__alt.
selected_sequence_signature	df62cb9cae36c7935273aebe2e741add276dbb84	3CDM__NII__laD__aaA__rs27__m1__alt.	3CDM__NII__laJ__aaB__rs29__m1__alt.
selected_sequence_signature	e04237409f296e9c1576cdab0eaf06b6d907e3e9	1AW4__AMP__laB__aaA__rs28__m1__alt.	1AW4__AMP__laC__aaA__rs29__m1__alt.
selected_sequence_signature	e21e1bf62ae36a6031570419a25a52b130d801c2	8I46__53D__laB__aaA__rs20__m1__alt.	9U70__53D__laB__aaA__rs101__m1__alt.
selected_sequence_signature	e2b6620dde594ab31d3c5880ba25cc68da1ff3b4	9E5K__N3D__laF__aaA__rs102__m1__alt.	9E5K__N3D__laSA__aaD__rs102__m1__alt.
selected_sequence_signature	e319fcbe1733c13324fce994a4c790530928055f	1QSX__HT__laJ__aaB__rs25__m1__alt.	1QSX__HT__laK__aaB__rs26__m1__alt.
selected_sequence_signature	e338fa276165ddd68df4370f6cd7b1f2fe20261e	9GVI__PQ3__laB__aaA__rs101__m1__alt.	9GVV__LWQ__laB__aaA__rs101__m1__alt.
selected_sequence_signature	e552b05ebcf1d9cc3132cae4d699b597b8aee07d	4TS0__38E__laR__aaY__rs206__m1__alt.	4TS2__38E__laH__aaY__rs204__m1__alt.
selected_sequence_signature	e5f67be5aed38e437c71805ca9705d610d0d516b	9HRG__GTP__laS__aaC__rs103__m1__alt.	9HRG__GTP__laY__aaD__rs103__m1__alt.
selected_sequence_signature	e8eadfb462e27d4b138039f7962f7fcb21c8ed14	4YAZ__4BW__laH__aaR__rs106__m1__alt.	4YAZ__4BW__laL__aaA__rs103__m1__alt.
selected_sequence_signature	e94ad729ccd0affa9bcdb706f92e4c0834579c7f	6CB3__GTP__laAB__aaB__rs221__m1__alt.	6CB3__GTP__laU__aaA__rs219__m1__alt.
selected_sequence_signature	e9c83917e95a86b466738a977ee316a20aaef01e	3EM2__NCE__laF__aaA__rs29__m1__alt.	3EQW__NCI__laF__aaA__rs29__m1__alt.
selected_sequence_signature	e9c83917e95a86b466738a977ee316a20aaef01e	3EM2__NCE__laF__aaA__rs29__m1__alt.	3ERU__NCJ__laF__aaA__rs29__m1__alt.
selected_sequence_signature	e9c83917e95a86b466738a977ee316a20aaef01e	3EM2__NCE__laF__aaA__rs29__m1__alt.	3ES0__NCK__laF__aaA__rs29__m1__alt.
selected_sequence_signature	e9c83917e95a86b466738a977ee316a20aaef01e	3EM2__NCE__laF__aaA__rs29__m1__alt.	3ET8__NCL__laF__aaA__rs29__m1__alt.
selected_sequence_signature	e9c83917e95a86b466738a977ee316a20aaef01e	3EM2__NCE__laF__aaA__rs29__m1__alt.	3EUI__NC5__laH__aaA__rs57__m1__alt.
selected_sequence_signature	e9c83917e95a86b466738a977ee316a20aaef01e	3EM2__NCE__laF__aaA__rs29__m1__alt.	3EUI__NCI__laN__aaC__rs58__m1__alt.
selected_sequence_signature	e9c83917e95a86b466738a977ee316a20aaef01e	3EM2__NCE__laF__aaA__rs29__m1__alt.	3EUM__NCQ__laF__aaA__rs29__m1__alt.
selected_sequence_signature	e9c83917e95a86b466738a977ee316a20aaef01e	3EM2__NCE__laF__aaA__rs29__m1__alt.	3NYP__RNR__laF__aaA__rs17__m1__alt.
selected_sequence_signature	e9c83917e95a86b466738a977ee316a20aaef01e	3EM2__NCE__laF__aaA__rs29__m1__alt.	3NZ7__SNS__laF__aaA__rs17__m1__alt.
selected_sequence_signature	ebce86266709da039c9d5d89939e74aacd814cb2	8HBA__NAD__laD__aaA__rs102__m1__alt.	8HBA__NMN__laF__aaB__rs102__m1__alt.
selected_sequence_signature	ecf84c6a8e3502a27552a690896fee631bf92c9f	3KUY__ATV__laL__aaI__rs73__m1__alt.	3KUY__ATV__laM__aaJ__rs73__m1__alt.
selected_sequence_signature	ed9be5cee38b64586216bc8e09983c3a53faa648	198D__DM5__laE__aaA__rs25__m1__alt.	198D__DM5__laI__aaD__rs28__m1__alt.
selected_sequence_signature	ed9be5cee38b64586216bc8e09983c3a53faa648	198D__DM5__laE__aaA__rs25__m1__alt.	1I5V__PPZ__laC__aaA__rs7__m1__alt.
selected_sequence_signature	ed9be5cee38b64586216bc8e09983c3a53faa648	198D__DM5__laE__aaA__rs25__m1__alt.	1I5V__PPZ__laD__aaB__rs7__m1__alt.
selected_sequence_signature	ed9be5cee38b64586216bc8e09983c3a53faa648	198D__DM5__laE__aaA__rs25__m1__alt.	1NAB__44D__laC__aaA__rs41__m1__alt.
selected_sequence_signature	ed9be5cee38b64586216bc8e09983c3a53faa648	198D__DM5__laE__aaA__rs25__m1__alt.	1NAB__44D__laD__aaB__rs40__m1__alt.
selected_sequence_signature	ed9be5cee38b64586216bc8e09983c3a53faa648	198D__DM5__laE__aaA__rs25__m1__alt.	1Z3F__EL__laC__aaA__rs41__m1__alt.
selected_sequence_signature	ed9be5cee38b64586216bc8e09983c3a53faa648	198D__DM5__laE__aaA__rs25__m1__alt.	1Z3F__EL__laE__aaB__rs42__m1__alt.
selected_sequence_signature	ed9be5cee38b64586216bc8e09983c3a53faa648	198D__DM5__laE__aaA__rs25__m1__alt.	3FT6__PRL__laC__aaA__rs21__m1__alt.
selected_sequence_signature	ed9be5cee38b64586216bc8e09983c3a53faa648	198D__DM5__laE__aaA__rs25__m1__alt.	3FT6__PRL__laF__aaB__rs22__m1__alt.
selected_sequence_signature	ee5e955235e4636b7b121b643f3a81030f49a30b	4KZD__1TU__laG__aaR__rs103__m1__alt.	4Q9Q__2ZZ__laF__aaR__rs103__m1__alt.
selected_sequence_signature	ee5e955235e4636b7b121b643f3a81030f49a30b	4KZD__1TU__laG__aaR__rs103__m1__alt.	4Q9R__2ZY__laE__aaR__rs102__m1__alt.
selected_sequence_signature	ee6d5bdcf805e88177b6c8f1997aee42806ae1f3	6YMI__AMP__laN__aaA__rs102__m1__alt.	6YMI__AMP__laO__aaA__rs103__m1__alt.
selected_sequence_signature	ee6d5bdcf805e88177b6c8f1997aee42806ae1f3	6YMI__AMP__laN__aaA__rs102__m1__alt.	6YMI__AMP__laQ__aaC__rs102__m1__alt.
selected_sequence_signature	ee6d5bdcf805e88177b6c8f1997aee42806ae1f3	6YMI__AMP__laN__aaA__rs102__m1__alt.	6YMI__AMP__laS__aaF__rs102__m1__alt.
selected_sequence_signature	ee6d5bdcf805e88177b6c8f1997aee42806ae1f3	6YMI__AMP__laN__aaA__rs102__m1__alt.	6YMI__AMP__laT__aaG__rs101__m1__alt.
selected_sequence_signature	ee6d5bdcf805e88177b6c8f1997aee42806ae1f3	6YMI__AMP__laN__aaA__rs102__m1__alt.	6YMI__AMP__laV__aaI__rs102__m1__alt.
selected_sequence_signature	ee6d5bdcf805e88177b6c8f1997aee42806ae1f3	6YMI__AMP__laN__aaA__rs102__m1__alt.	6YMI__AMP__laX__aaM__rs102__m1__alt.
selected_sequence_signature	ee6d5bdcf805e88177b6c8f1997aee42806ae1f3	6YMI__AMP__laN__aaA__rs102__m1__alt.	6YMI__AMP__laY__aaN__rs101__m1__alt.
selected_sequence_signature	ee6d5bdcf805e88177b6c8f1997aee42806ae1f3	6YMI__AMP__laN__aaA__rs102__m1__alt.	6YMI__AMP__laZ__aaO__rs201__m1__alt.
selected_sequence_signature	ee6d5bdcf805e88177b6c8f1997aee42806ae1f3	6YMI__AMP__laN__aaA__rs102__m1__alt.	6YMJ__ADN__laM__aaA__rs201__m1__alt.
selected_sequence_signature	ee6d5bdcf805e88177b6c8f1997aee42806ae1f3	6YMI__AMP__laN__aaA__rs102__m1__alt.	6YMJ__ADN__laN__aaA__rs202__m1__alt.
selected_sequence_signature	ee6d5bdcf805e88177b6c8f1997aee42806ae1f3	6YMI__AMP__laN__aaA__rs102__m1__alt.	6YMJ__ADN__laS__aaF__rs201__m1__alt.
selected_sequence_signature	ee6d5bdcf805e88177b6c8f1997aee42806ae1f3	6YMI__AMP__laN__aaA__rs102__m1__alt.	6YMJ__ADN__laT__aaF__rs202__m1__alt.
selected_sequence_signature	ee6d5bdcf805e88177b6c8f1997aee42806ae1f3	6YMI__AMP__laN__aaA__rs102__m1__alt.	6YMJ__ADN__laV__aaM__rs201__m1__alt.
selected_sequence_signature	ee6d5bdcf805e88177b6c8f1997aee42806ae1f3	6YMI__AMP__laN__aaA__rs102__m1__alt.	6YMJ__ADN__laY__aaN__rs101__m1__alt.
selected_sequence_signature	ee6d5bdcf805e88177b6c8f1997aee42806ae1f3	6YMI__AMP__laN__aaA__rs102__m1__alt.	6YMK__MTA__laM__aaA__rs101__m1__alt.
selected_sequence_signature	ee6d5bdcf805e88177b6c8f1997aee42806ae1f3	6YMI__AMP__laN__aaA__rs102__m1__alt.	6YMK__MTA__laN__aaB__rs101__m1__alt.
selected_sequence_signature	ee6d5bdcf805e88177b6c8f1997aee42806ae1f3	6YMI__AMP__laN__aaA__rs102__m1__alt.	6YMK__MTA__laR__aaF__rs101__m1__alt.
selected_sequence_signature	ee6d5bdcf805e88177b6c8f1997aee42806ae1f3	6YMI__AMP__laN__aaA__rs102__m1__alt.	6YMK__MTA__laT__aaG__rs101__m1__alt.
selected_sequence_signature	ee6d5bdcf805e88177b6c8f1997aee42806ae1f3	6YMI__AMP__laN__aaA__rs102__m1__alt.	6YMK__MTA__laW__aaM__rs101__m1__alt.
selected_sequence_signature	ee6d5bdcf805e88177b6c8f1997aee42806ae1f3	6YMI__AMP__laN__aaA__rs102__m1__alt.	6YMK__MTA__laX__aaM__rs102__m1__alt.
selected_sequence_signature	ef5158c417921ecd9a13493aeb2d01c9d039c0a5	4QK9__2BA__laB__aaA__rs201__m1__alt.	4QK9__2BA__laC__aaA__rs202__m1__alt.
selected_sequence_signature	f0abe67340589660825483848dd9f99240685689	8CF2__ULR__laC__aaA__rs101__m1__alt.	8R63__Y53__laC__aaB__rs101__m1__alt.
selected_sequence_signature	f0abe67340589660825483848dd9f99240685689	8CF2__ULR__laC__aaA__rs101__m1__alt.	8R8P__YB3__laC__aaB__rs101__m1__alt.
selected_sequence_signature	f114457f9b55ccaff49d9cef378fd5d8408ab917	8UFZ__Y5U__laG__aaB__rs101__m1__alt.	8UFZ__Y5U__laH__aaD__rs101__m1__alt.
selected_sequence_signature	f1ebcf51261b19774420fc5fba54cb21701b2b31	2O5C__TDR__laE__aaD__rs799__m1__alt.	2O5E__TDR__laE__aaD__rs9__m1__alt.
selected_sequence_signature	f5fe74352f8e377ae7c838c92247e1418a992266	8Y2R__KPT__laB__aaX__rs101__m1__alt.	8Y2R__KPT__laC__aaX__rs102__m1__alt.
selected_sequence_signature	f9173c99d5190464f849b5d75c9ed5c76f6fe6bf	4YB0__C2E__laD__aaR__rs102__m1__alt.	4YB0__C2E__laK__aaA__rs102__m1__alt.
selected_sequence_signature	fb403976a85c03bd5dfe7dabd64ded5471b9a679	5JVW__6O6__laJ__aaB__rs102__m1__alt.	5JVW__6O6__laP__aaC__rs102__m1__alt.
selected_sequence_signature	fb403976a85c03bd5dfe7dabd64ded5471b9a679	5JVW__6O6__laJ__aaB__rs102__m1__alt.	9MOZ__A1BNI__laI__aaA__rs103__m1__alt.
selected_sequence_signature	fb403976a85c03bd5dfe7dabd64ded5471b9a679	5JVW__6O6__laJ__aaB__rs102__m1__alt.	9MOZ__A1BNI__laJ__aaA__rs104__m1__alt.
selected_sequence_signature	fb403976a85c03bd5dfe7dabd64ded5471b9a679	5JVW__6O6__laJ__aaB__rs102__m1__alt.	9MOZ__A1BNI__laLA__aaG__rs105__m1__alt.
selected_sequence_signature	fb403976a85c03bd5dfe7dabd64ded5471b9a679	5JVW__6O6__laJ__aaB__rs102__m1__alt.	9MOZ__A1BNI__laW__aaD__rs104__m1__alt.
selected_sequence_signature	fb81ee5070e3bb01d75802a11d45b45bd3adc1da	6QIS__J48__laI__aaA__rs101__m1__alt.	6QIS__J48__laJ__aaB__rs101__m1__alt.
selected_sequence_signature	fb81ee5070e3bb01d75802a11d45b45bd3adc1da	6QIS__J48__laI__aaA__rs101__m1__alt.	6QIS__J48__laO__aaE__rs102__m1__altB
selected_sequence_signature	fc2c9d04df97f4dff33b0c279b814fa49ae54751	6WK7__AX2__laC__aaB__rs101__m1__alt.	6WK7__AX2__laD__aaB__rs102__m1__alt.
selected_sequence_signature	fc2c9d04df97f4dff33b0c279b814fa49ae54751	6WK7__AX2__laC__aaB__rs101__m1__alt.	6WK7__AX2__laE__aaB__rs103__m1__alt.
selected_sequence_signature	fc2c9d04df97f4dff33b0c279b814fa49ae54751	6WK7__AX2__laC__aaB__rs101__m1__alt.	6WK7__AX2__laF__aaC__rs101__m1__alt.
selected_sequence_signature	fc2c9d04df97f4dff33b0c279b814fa49ae54751	6WK7__AX2__laC__aaB__rs101__m1__alt.	6WK7__AX2__laG__aaC__rs102__m1__alt.
selected_sequence_signature	fc2c9d04df97f4dff33b0c279b814fa49ae54751	6WK7__AX2__laC__aaB__rs101__m1__alt.	6WK7__AX2__laH__aaC__rs103__m1__alt.
selected_sequence_signature	fda815b95cbd9950c9e5cf9420c1c15ab95dee3e	8HZL__NI4__laDA__aaB__rs115__m1__alt.	8HZL__NI4__laEA__aaB__rs116__m1__alt.
selected_sequence_signature	fda815b95cbd9950c9e5cf9420c1c15ab95dee3e	8HZL__NI4__laDA__aaB__rs115__m1__alt.	8HZL__NI4__laM__aaA__rs111__m1__alt.
selected_sequence_signature	fda815b95cbd9950c9e5cf9420c1c15ab95dee3e	8HZL__NI4__laDA__aaB__rs115__m1__alt.	8HZL__NI4__laO__aaA__rs113__m1__alt.
selected_sequence_signature	fdb33c431bbd8c20ce8a09fbf824e9b748b6c0bc	21HS__A1L8R__laC__aaA__rs101__m1__alt.	9V88__XAU__laD__aaA__rs102__m1__alt.
selected_sequence_signature	fdb33c431bbd8c20ce8a09fbf824e9b748b6c0bc	21HS__A1L8R__laC__aaA__rs101__m1__alt.	9V89__W1H__laE__aaB__rs101__m1__alt.
selected_sequence_signature	fe4829a4316ed18cb53060d625a0c8420085e5b9	7SZU__J8F__laF__aaR__rs103__m1__alt.	7U0Y__KY6__laD__aaR__rs301__m1__alt.
selected_sequence_signature	fe5b06f531aa1b298d46aa5a21e1d108500a4f49	26JR__A1EOV__laB__aaA__rs101__m1__alt.	26JT__A1EOB__laB__aaA__rs101__m1__alt.
selected_sequence_signature	fe5b06f531aa1b298d46aa5a21e1d108500a4f49	26JR__A1EOV__laB__aaA__rs101__m1__alt.	7X2Z__7U0__laB__aaA__rs101__m1__alt.
selected_sequence_signature	fe5b06f531aa1b298d46aa5a21e1d108500a4f49	26JR__A1EOV__laB__aaA__rs101__m1__alt.	7X3A__7V8__laB__aaA__rs101__m1__alt.
selected_sequence_signature	ff25199169d12120f22da6a11053a5dfd81f32ca	6E8S__EKJ__laC__aaA__rs101__m1__alt.	6E8S__EKJ__laG__aaB__rs101__m1__alt.
selected_sequence_signature	ff4efdaa7d5cbd83c04ec7c9dcc1fcf991749795	9BUN__FH8__laH__aaA__rs104__m1__alt.	9BUN__FH8__laS__aaC__rs106__m1__alt.
standardized_pdb_sha256	00c978ede09e23249773850dd900faa3aa815692cdf6eccfbeb63d65b5e23445	7D7V__GTP__laC__aaA__rs101__m1__alt.	7D7V__NAD__laL__aaA__rs110__m1__alt.
standardized_pdb_sha256	0188a4e980404134bc3c5ad086dbd170d3fde9cb72ad0e0358e1f4ea9150fb8a	4QK8__2BA__laB__aaA__rs201__m1__alt.	4QK8__2BA__laC__aaA__rs202__m1__alt.
standardized_pdb_sha256	02372eba40dd9ba486c92fb68d4386916685f42268d865623af989db043ad5c3	198D__DM5__laG__aaB__rs26__m1__alt.	198D__DM5__laH__aaD__rs27__m1__alt.
standardized_pdb_sha256	03f85ea693703b2cee2fdafb701a452038f928595b2ae631619b3857faaef020	6XRQ__V8A__laF__aaA__rs102__m1__alt.	6XRQ__V8A__laG__aaA__rs103__m1__alt.
standardized_pdb_sha256	09db796b8e0291db7971e770d5bc4eb68703be7a0b08472214ecd33d5113d12b	2HRI__POH__laF__aaA__rs26__m1__alt.	2HRI__POH__laG__aaA__rs27__m1__alt.
standardized_pdb_sha256	0a8f4080c33e269a1724040cd6c459d9fe352c716cbf2651f13ebdc26c209cbe	7N7E__BER__laB__aaA__rs101__m1__alt.	7N7E__BER__laC__aaA__rs102__m1__alt.
standardized_pdb_sha256	0c5cbe099e1abd78e4f287b6f55f535a0464100d673fc66d9f5138b0c1b7cde1	8TC4__ZQQ__laE__aaA__rs101__m1__alt.	8TC4__ZQQ__laG__aaC__rs101__m1__alt.
standardized_pdb_sha256	0d5db526b37f83d94dece5f9b3a88d68fd2195fe17193f5400e2e9045e011653	9MOZ__A1BNI__laLA__aaG__rs105__m1__alt.	9MOZ__A1BNI__laW__aaD__rs104__m1__alt.
standardized_pdb_sha256	0d60d22510eb656c1008210d63239b8d35c36d553e4d8c879ef0990e6b7feb2c	6YMJ__ADN__laV__aaM__rs201__m1__alt.	6YMJ__ADN__laY__aaN__rs101__m1__alt.
standardized_pdb_sha256	10af8823982dcdb214298b290f0387a6a20ced11652e4a65cfb30983c6d8ba05	6O2L__BO6__laB__aaA__rs101__m1__alt.	6O2L__BO6__laC__aaA__rs102__m1__alt.
standardized_pdb_sha256	1144a5ababc8858b9186d27c8fba2c5f7ba061e78a09763143372524c1307384	8HZM__NI4__laN__aaA__rs112__m1__alt.	8HZM__NI4__laX__aaB__rs110__m1__alt.
standardized_pdb_sha256	125b1a512d27b4235d8ebf2ed0426529e100fabd0063d92d931e5e7247ed4f84	5W77__9WP__laD__aaA__rs103__m1__alt.	5W77__9WP__laE__aaA__rs104__m1__alt.
standardized_pdb_sha256	12dde6e27b95059477caa25309367ee2896f891b0f75fbc029fd9547739543bf	6C65__EKJ__laD__aaA__rs101__m1__alt.	6C65__EKJ__laH__aaB__rs101__m1__alt.
standardized_pdb_sha256	12f4dd3a86268adc97163ed7b44e68f2e5b3e73af752ab1d6e72e508f253b79c	1DJ6__104__laD__aaA__rs13__m1__alt.	1DJ6__104__laE__aaB__rs14__m1__alt.
standardized_pdb_sha256	15573c8a921ad2c62147acece9508a97da5fc3c168c5c611536a96673d3435f8	8HB1__NMN__laF__aaB__rs101__m1__alt.	8HB1__NMN__laG__aaB__rs102__m1__alt.
standardized_pdb_sha256	18cf34c8afe0108ec54c321b708912255945e70f6e67c5104ba846c1f8457e99	452D__9AD__laB__aaA__rs3013__m1__alt.	452D__9AD__laC__aaA__rs3015__m1__alt.
standardized_pdb_sha256	1bb9363dd920a91f5e76f3b08aac7bba74d5f056af8cdce57865e29f46be759a	5IHD__2OP__laG__aaA__rs103__m1__alt.	5IHD__2OP__laJ__aaB__rs103__m1__alt.
standardized_pdb_sha256	1bb9363dd920a91f5e76f3b08aac7bba74d5f056af8cdce57865e29f46be759a	5IHD__2OP__laG__aaA__rs103__m1__alt.	5IHD__SIN__laM__aaD__rs101__m1__alt.
standardized_pdb_sha256	1bc2e30a05ce977a759ef8a50c63a342b2a39ef3e0a531913cb795333c3d01c9	6QIR__J48__laG__aaC__rs101__m1__alt.	6QIR__J48__laH__aaD__rs101__m1__alt.
standardized_pdb_sha256	1d78be2de1421c30a4347d65d4e415a8b0e96a3103bc4cfdc473c8655c6d6e3a	8I3Z__NMN__laD__aaB__rs101__m1__alt.	8I3Z__NMN__laE__aaB__rs102__m1__alt.
standardized_pdb_sha256	1df5da29ad0e01dda6005f560dd3ecd543651c55ba86919a16e9db15391fa2c2	202D__MNG__laC__aaA__rs9__m1__alt.	202D__MNG__laD__aaB__rs9__m1__alt.
standardized_pdb_sha256	1e4a8879d3a1c7164709aed41327064a94b28258eec99743c7d84eab78cf4c27	6YMI__AMP__laN__aaA__rs102__m1__alt.	6YMI__AMP__laO__aaA__rs103__m1__alt.
standardized_pdb_sha256	1e4a8879d3a1c7164709aed41327064a94b28258eec99743c7d84eab78cf4c27	6YMI__AMP__laN__aaA__rs102__m1__alt.	6YMI__AMP__laV__aaI__rs102__m1__alt.
standardized_pdb_sha256	1f860d02522da701b9176c4908ddb17610f3d6130f6aba1b044461c829d275bf	6QIT__J48__laE__aaA__rs101__m1__altA	6QIT__J48__laF__aaA__rs102__m1__altA
standardized_pdb_sha256	1f860d02522da701b9176c4908ddb17610f3d6130f6aba1b044461c829d275bf	6QIT__J48__laE__aaA__rs101__m1__altA	6QIT__J48__laG__aaC__rs101__m1__alt.
standardized_pdb_sha256	1f860d02522da701b9176c4908ddb17610f3d6130f6aba1b044461c829d275bf	6QIT__J48__laE__aaA__rs101__m1__altA	6QIT__J48__laH__aaD__rs101__m1__altA
standardized_pdb_sha256	2008c7c05e71252fdacb5c3a78f020c3391853b8cebe1f8f5b46f4dc2173f380	1QSX__HT__laJ__aaB__rs25__m1__alt.	1QSX__HT__laK__aaB__rs26__m1__alt.
standardized_pdb_sha256	249639fe72282314df98258a677b9c1d674cbf29a1f3e53d31c8c58ec8f05a9d	1K9G__DR1__laB__aaA__rs7__m1__alt.	1K9G__DR1__laC__aaA__rs8__m1__alt.
standardized_pdb_sha256	2adb0b2fd711e9cc523368ff4dddd8b15832008baffd64757df453e759c532ef	245D__NGM__laC__aaA__rs14__m1__altA	245D__NGM__laD__aaB__rs13__m1__alt.
standardized_pdb_sha256	2ba3b622c739285eb06f1aa993b64a3b7b193dffc51685c7829bd6f0c058bcb9	6N5K__2BA__laB__aaA__rs201__m1__alt.	6N5K__2BA__laC__aaA__rs202__m1__alt.
standardized_pdb_sha256	30497491f41d7930a4c74de18ae72c6a5cf57249c85348616289de02afc532bc	9BUN__FH8__laH__aaA__rs104__m1__alt.	9BUN__FH8__laS__aaC__rs106__m1__alt.
standardized_pdb_sha256	314850be0d7de6f51efde9205f950c5665aba5e6b5cd756cc80d6b59a053ed41	7KBX__WAM__laB__aaA__rs101__m1__alt.	7KBX__WAM__laC__aaA__rs102__m1__alt.
standardized_pdb_sha256	31fdac72ea180852637c01b59e95cb9bcae4fd626932f68abe0fe18d40cd759f	6QN3__GLN__laG__aaA__rs105__m1__alt.	6QN3__GLN__laL__aaB__rs205__m1__alt.
standardized_pdb_sha256	37168bf4b4ab7f7ea16bbdced3b157c082074a2f8f32b2fe0dd572661bebbd0d	2MNE__3B5__laC__aaA__rs101__m1__alt.	2MNE__3B5__laD__aaB__rs101__m1__alt.
standardized_pdb_sha256	37655c283c3892449933d42b4ab7d1bc00fbd3ef3c0086b13108b56de9ea9d40	6E8S__EKJ__laC__aaA__rs101__m1__alt.	6E8S__EKJ__laG__aaB__rs101__m1__alt.
standardized_pdb_sha256	39da5fbd5f4bacf0ef6329d8c5b255c89d32ae575fcd7fae83db66a5f735452f	2DES__DMM__laC__aaA__rs13__m1__alt.	2DES__DMM__laD__aaA__rs14__m1__alt.
standardized_pdb_sha256	3ae0634b0fd252a6c564e4a3357406d6fbfdd1a307f4643018581303b976faae	4W92__2BA__laJ__aaC__rs208__m1__alt.	4W92__2BA__laK__aaC__rs209__m1__alt.
standardized_pdb_sha256	3aea37e66a76898703aaca7cd4028b69089cc6a526a960395f501a762d8dd780	8HB8__NMN__laB__aaA__rs101__m1__alt.	8HB8__NMN__laC__aaA__rs102__m1__alt.
standardized_pdb_sha256	3ba55df152177742178375dea01f43e1c37e393cbf13469ddda295e3cf6f30d0	6YL5__SAH__laAA__aaE__rs101__m1__alt.	6YL5__SAH__laNA__aaK__rs101__m1__alt.
standardized_pdb_sha256	3d3585e1fd1c673d6a734f87119c23eded1cbbb0c6e215ac2a84c7d8d7daa01a	5JW2__6O7__laC__aaA__rs101__m1__alt.	5JW2__6O7__laD__aaA__rs102__m1__alt.
standardized_pdb_sha256	3d3585e1fd1c673d6a734f87119c23eded1cbbb0c6e215ac2a84c7d8d7daa01a	5JW2__6O7__laC__aaA__rs101__m1__alt.	5JW2__6O7__laE__aaA__rs103__m1__alt.
standardized_pdb_sha256	3d3585e1fd1c673d6a734f87119c23eded1cbbb0c6e215ac2a84c7d8d7daa01a	5JW2__6O7__laC__aaA__rs101__m1__alt.	5JW2__6O7__laI__aaB__rs101__m1__alt.
standardized_pdb_sha256	3d9fd90e55af69d085cf27255accfbe0937a469a7f2e7fb2899e60e3e1ae3dc8	6N5Q__2BA__laB__aaA__rs201__m1__alt.	6N5Q__2BA__laC__aaA__rs202__m1__alt.
standardized_pdb_sha256	3ecbac1df0f7dbc7f0c28d99c801886445117fbbc95922cc52bd70b331ebc8f1	7X8M__BER__laB__aaX__rs101__m1__alt.	7X8M__BER__laC__aaX__rs102__m1__alt.
standardized_pdb_sha256	3ef4fef44b68ac507c8f160488ad67db3b68f1539fd71e7a459a9a8943c2528c	1KCI__DRC__laB__aaA__rs3014__m1__alt.	1KCI__DRC__laC__aaA__rs3015__m1__alt.
standardized_pdb_sha256	3fefbc23f7316c3ef5418707837fa7fe8cbedbf25c89670e376e4e6ca67f25ee	8ZD2__A1L1S__laC__aa1__rs101__m1__alt.	8ZD2__A1L1S__laD__aa2__rs101__m1__alt.
standardized_pdb_sha256	41def6544b41a829a26374a0852b92b3b18ddfe3b61d9d1e228bd086c9454f86	6N5T__2BA__laB__aaA__rs201__m1__alt.	6N5T__2BA__laC__aaA__rs202__m1__alt.
standardized_pdb_sha256	44a42a5b5e127a48840a42f8d71dab8435cef9ddd06613cdd8b248fc2a56118e	6E8T__HZG__laE__aaD__rs101__m1__alt.	6E8T__HZG__laL__aaA__rs101__m1__alt.
standardized_pdb_sha256	44e6a05486208f7f4d432550fbcd9ee41349c1ba14322065522fc82848722240	6V9D__QW4__laC__aaB__rs101__m1__alt.	6V9D__QW4__laD__aaB__rs102__m1__alt.
standardized_pdb_sha256	4635042426b04b7b800635c5ddf2933d9d9e37443e9eb9ee34a20209499af74a	6M5J__F1R__laG__aaA__rs103__m1__alt.	6M5J__F1R__laJ__aaB__rs103__m1__alt.
standardized_pdb_sha256	4635042426b04b7b800635c5ddf2933d9d9e37443e9eb9ee34a20209499af74a	6M5J__F1R__laG__aaA__rs103__m1__alt.	6M5J__F1R__laK__aaC__rs101__m1__alt.
standardized_pdb_sha256	4635042426b04b7b800635c5ddf2933d9d9e37443e9eb9ee34a20209499af74a	6M5J__F1R__laG__aaA__rs103__m1__alt.	6M5J__F1R__laL__aaD__rs101__m1__alt.
standardized_pdb_sha256	48524075c8925d8478f2f487e6304c6c2719a5d09adc445a423893175a6a2907	6N5N__2BA__laB__aaA__rs201__m1__alt.	6N5N__2BA__laC__aaA__rs202__m1__alt.
standardized_pdb_sha256	4bfd12be85742dc3aad74cd830dc9d2fedd53d3ba072ce2b2d20fb4646802239	4QK9__2BA__laB__aaA__rs201__m1__alt.	4QK9__2BA__laC__aaA__rs202__m1__alt.
standardized_pdb_sha256	510e9933e115a2aa3eeba30a9211286046a67e97bb264c0696a01bf13ebdcd4b	6C63__EKJ__laD__aaA__rs101__m1__alt.	6C63__EKJ__laH__aaB__rs101__m1__alt.
standardized_pdb_sha256	531c5964bd4b6a4474280e8299fcf3eee627f1f6134818a12af7e58b0613e30e	2L7V__QUL__laD__aaA__rs1__m1__alt.	2L7V__QUL__laE__aaA__rs2__m1__alt.
standardized_pdb_sha256	53beac7908a94966fd430711f2eb1e1d44e97093c014714f96fe71c01e24589e	366D__DA6__laB__aaA__rs3013__m1__alt.	366D__DA6__laC__aaA__rs3015__m1__alt.
standardized_pdb_sha256	5622e492e819238a5d69675c0be032f3c5037b38adadabaec8128853356cfb5d	1DL8__DA7__laB__aaA__rs3014__m1__alt.	1DL8__DA7__laC__aaA__rs3015__m1__altA
standardized_pdb_sha256	590654010df7f50ce8c3987e1fbe0647541213878e1ac8cfb7a004256bca92a8	258D__NGM__laE__aaA__rs26__m1__alt.	258D__NGM__laL__aaD__rs27__m1__alt.
standardized_pdb_sha256	5a39fad40c48d6859e0534fd0cd163080b51d0b168dd95b60cf2165cc39c0fcc	6QIS__J48__laL__aaC__rs102__m1__alt.	6QIS__J48__laN__aaE__rs101__m1__alt.
standardized_pdb_sha256	5b09345a4c49bafe9e4383605bf88c3de5ec79a554f69f99bbd3bbc7fe509e44	6WTL__2BA__laB__aaA__rs201__m1__alt.	6WTL__2BA__laC__aaA__rs202__m1__alt.
standardized_pdb_sha256	5c2e573d08087199c38de78b3d5426fff03149f5a022d14d06f7cc5dc58d8214	6YMK__MTA__laW__aaM__rs101__m1__alt.	6YMK__MTA__laX__aaM__rs102__m1__alt.
standardized_pdb_sha256	602801a1f9c39b55a876f071972a7f35b98001f0ca22e56bc49a55ab3e3e3bf3	1Z3F__EL__laC__aaA__rs41__m1__alt.	1Z3F__EL__laE__aaB__rs42__m1__alt.
standardized_pdb_sha256	618751e28516e8724db7afb02d9a7fe1745f1fe7e558834f40137fa2a5299228	465D__9AD__laB__aaA__rs3014__m1__alt.	465D__9AD__laC__aaA__rs3015__m1__altA
standardized_pdb_sha256	61f7eea7c2ee6d3c1a44e322e6b031abae71184cc548f3a656d225e3c26c49ae	8HZL__NI4__laM__aaA__rs111__m1__alt.	8HZL__NI4__laO__aaA__rs113__m1__alt.
standardized_pdb_sha256	669cd256d972061ee08af27b71f6c72a2dab9931e7720cfba2daed69a8eb8acd	6N5P__2BA__laB__aaA__rs201__m1__alt.	6N5P__2BA__laC__aaA__rs202__m1__alt.
standardized_pdb_sha256	69324fcc5f67ceaca882df493996352cc19cd1e07e7b2049640d22429f80ec3b	2IE1__PAW__laC__aaA__rs101__m1__alt.	2IE1__PAW__laD__aaB__rs102__m1__alt.
standardized_pdb_sha256	6a18fdae461982837ce1b563319522478099b65364b80c7f645872a5931fdab3	7MSV__BER__laC__aaX__rs102__m1__alt.	7MSV__BER__laD__aaX__rs103__m1__alt.
standardized_pdb_sha256	6a18fdae461982837ce1b563319522478099b65364b80c7f645872a5931fdab3	7MSV__BER__laC__aaX__rs102__m1__alt.	7MSV__DGP__laB__aaX__rs101__m1__alt.
standardized_pdb_sha256	6e319814cfc319a9a870896779303cdc0be156dbc29b0ce599cabb81fd7d587a	6WTR__2BA__laB__aaA__rs201__m1__alt.	6WTR__2BA__laC__aaA__rs202__m1__alt.
standardized_pdb_sha256	6e5c64eaf658ad4bc424531bfec416bdd5436620e76b52c7c23cb9e02b3edab3	1S32__DIB__laBA__aaI__rs1611__m1__alt.	1S32__DIB__laMA__aaI__rs1631__m1__alt.
standardized_pdb_sha256	6e5c64eaf658ad4bc424531bfec416bdd5436620e76b52c7c23cb9e02b3edab3	1S32__DIB__laBA__aaI__rs1611__m1__alt.	1S32__OGG__laTA__aaJ__rs1700__m1__alt.
standardized_pdb_sha256	6f02ceb041041d9a0d58b3fa7f72a47ca849ef1eed660408c4c49ecefea5ab9f	4W90__2BA__laC__aaC__rs201__m1__alt.	4W90__2BA__laD__aaC__rs202__m1__alt.
standardized_pdb_sha256	70094705f0b0d139196ee990e9ae95d11cb3286bb07302b20659ff7415566562	224D__NGM__laC__aaA__rs14__m1__altA	224D__NGM__laD__aaB__rs13__m1__alt.
standardized_pdb_sha256	7616eb046e9b22196eb399b740bc3d7a9622124c0e8e1e6f6530fc4a2b507d2d	8HZJ__O00__laI__aaA__rs107__m1__alt.	8HZJ__O00__laN__aaB__rs105__m1__alt.
standardized_pdb_sha256	76595f829c2b59a677eaa54dfdaa576a586295f79d75607f3f28b68fe37b5c05	7REX__PRF__laI__aaB__rs101__m1__alt.	7REX__PRF__laJ__aaB__rs102__m1__alt.
standardized_pdb_sha256	769774c2773c11f71fa204e3aff13ce3a6dabf6c109ae0eb0d9282c735552bc7	9HRG__GTP__laG__aaA__rs103__m1__alt.	9HRG__GTP__laM__aaB__rs103__m1__alt.
standardized_pdb_sha256	7854c6334468b61f1365a2f7e7ab2f15e6ec0a1c7875ada4691844055586ff5e	5OBM__LLL__laJSB__aa7__rs231__m1__alt.	5OBM__LLL__laLSB__aa7__rs233__m1__alt.
standardized_pdb_sha256	78de3bdea87c0d97c02460d519ccac47f1d2566801daaf7b378dfb32f6468aa4	8FB3__PRF__laJ__aaC__rs101__m1__altA	8FB3__PRF__laK__aaC__rs102__m1__altA
standardized_pdb_sha256	796ed6a994cb8efc44dbade19b2c89387b68ef49bc523b319f42baaa518cf26f	9JO1__BER__laB__aaX__rs101__m1__alt.	9JO1__BER__laC__aaX__rs102__m1__alt.
standardized_pdb_sha256	7975b0aec34a423e3e0a1e19461afadfe586e433794e845bebd52cdce4426413	1I5V__PPZ__laC__aaA__rs7__m1__alt.	1I5V__PPZ__laD__aaB__rs7__m1__alt.
standardized_pdb_sha256	7ad358e672298a7a9a9d5dcb57837936504f69151fbb77ee0ffe9345b8724637	6JJH__POH__laB__aaB__rs101__m1__alt.	6JJH__POH__laC__aaB__rs102__m1__alt.
standardized_pdb_sha256	7c683505e2610b808e6d76318d9fd870e98a53faff3ce1369ac19a4c6ae303ab	7YVW__B2R__laC__aaA__rs101__m1__alt.	7YVW__B2R__laD__aaA__rs102__m1__alt.
standardized_pdb_sha256	7e11501bad7ae4d7e0517eb2c390331657e188aace34ed5c2fb7fa40088f7830	9MP1__A1BNK__laC__aaA__rs101__m1__alt.	9MP1__A1BNK__laK__aaB__rs101__m1__alt.
standardized_pdb_sha256	80b1cfbde93c0bd1a7bc8bd77e33b5f5759945bd210b8993d85bbb66bf47ad33	6QIS__J48__laI__aaA__rs101__m1__alt.	6QIS__J48__laJ__aaB__rs101__m1__alt.
standardized_pdb_sha256	80e827e23d9eccb80d6b9e6a5c4fffbc26fa2d0410e85635f3631ea92adedc5d	9KG8__BER__laB__aaX__rs101__m1__alt.	9KG8__BER__laC__aaX__rs102__m1__alt.
standardized_pdb_sha256	841320a098615d92841cceeedd79679baeaa15b9c54b9a86c0bf648244293553	9HRD__GTP__laK__aaA__rs107__m1__alt.	9HRD__GTP__laR__aaB__rs107__m1__alt.
standardized_pdb_sha256	85ca54e71968cd51233fef6273d03007fdc4f878348a4dab5da1209d9f2f1205	8HB3__NNR__laC__aaA__rs101__m1__alt.	8HB3__NNR__laD__aaB__rs101__m1__alt.
standardized_pdb_sha256	876ea58c7779c4f5014c00a5181bc1d43d496a5937772a1af9449e5923a448c6	4QKA__2BA__laB__aaA__rs201__m1__alt.	4QKA__2BA__laC__aaA__rs202__m1__alt.
standardized_pdb_sha256	878d3d68bf216bccb29483f5135be66d0907075e8e63501439315e0318b73733	207D__CRH__laL__aaA__rs13__m1__alt.	207D__CRH__laM__aaA__rs27__m1__alt.
standardized_pdb_sha256	878d3d68bf216bccb29483f5135be66d0907075e8e63501439315e0318b73733	207D__CRH__laL__aaA__rs13__m1__alt.	207D__CRH__laO__aaB__rs17__m1__alt.
standardized_pdb_sha256	878d3d68bf216bccb29483f5135be66d0907075e8e63501439315e0318b73733	207D__CRH__laL__aaA__rs13__m1__alt.	207D__CRH__laP__aaB__rs23__m1__alt.
standardized_pdb_sha256	8790500f8476033fe122dc4e810e3e3b2fa0a2f4714949205b08b298ae857b2d	6WK7__AX2__laC__aaB__rs101__m1__alt.	6WK7__AX2__laD__aaB__rs102__m1__alt.
standardized_pdb_sha256	8790500f8476033fe122dc4e810e3e3b2fa0a2f4714949205b08b298ae857b2d	6WK7__AX2__laC__aaB__rs101__m1__alt.	6WK7__AX2__laE__aaB__rs103__m1__alt.
standardized_pdb_sha256	8790500f8476033fe122dc4e810e3e3b2fa0a2f4714949205b08b298ae857b2d	6WK7__AX2__laC__aaB__rs101__m1__alt.	6WK7__AX2__laF__aaC__rs101__m1__alt.
standardized_pdb_sha256	8790500f8476033fe122dc4e810e3e3b2fa0a2f4714949205b08b298ae857b2d	6WK7__AX2__laC__aaB__rs101__m1__alt.	6WK7__AX2__laG__aaC__rs102__m1__alt.
standardized_pdb_sha256	8790500f8476033fe122dc4e810e3e3b2fa0a2f4714949205b08b298ae857b2d	6WK7__AX2__laC__aaB__rs101__m1__alt.	6WK7__AX2__laH__aaC__rs103__m1__alt.
standardized_pdb_sha256	8c6273064796fc6759bcc43e2b58e7adc3ec8dd8e52e55825a4180b763271ae7	378D__DMY__laH__aaC__rs36__m1__alt.	378D__DMY__laI__aaD__rs35__m1__alt.
standardized_pdb_sha256	8d5d3628bcdf9b7dbbbd28efe89ec7deaa8f9dd977bf8050a04cffa7f8b3c424	3CDM__NII__laD__aaA__rs27__m1__alt.	3CDM__NII__laH__aaB__rs27__m1__alt.
standardized_pdb_sha256	8d5d3628bcdf9b7dbbbd28efe89ec7deaa8f9dd977bf8050a04cffa7f8b3c424	3CDM__NII__laD__aaA__rs27__m1__alt.	3CDM__NII__laI__aaB__rs28__m1__alt.
standardized_pdb_sha256	8d5d3628bcdf9b7dbbbd28efe89ec7deaa8f9dd977bf8050a04cffa7f8b3c424	3CDM__NII__laD__aaA__rs27__m1__alt.	3CDM__NII__laJ__aaB__rs29__m1__alt.
standardized_pdb_sha256	9180294cc69b6d0f42daecbb0cedb3f6860f8a6a73622af8d072133dd3a1a2b7	308D__DM1__laD__aaA__rs14__m1__alt.	308D__DM1__laH__aaB__rs14__m1__alt.
standardized_pdb_sha256	946b14dafb9b9a28ee040d582e11d32a631f7aa3c4b2154b48bcc7b3b81a8174	1M69__DAX__laB__aaA__rs2000__m1__altC	1M69__DAX__laC__aaA__rs3000__m1__altD
standardized_pdb_sha256	96d47b60d8e0a85d0ec8886f0ac3bbc35251821fc0ad58c6808a901a8fa4d556	7XQ5__HEZ__laF__aaC__rs101__m1__alt.	7XQ5__HEZ__laG__aaD__rs101__m1__alt.
standardized_pdb_sha256	9827fcc280cc7d77b37d25a5e0dea904e0524ddbb006d8d3bd0eff7528cb0708	8HZF__NJL__laG__aaA__rs105__m1__alt.	8HZF__NJL__laL__aaB__rs105__m1__alt.
standardized_pdb_sha256	9b94a4fdfa6f4d43a090f54204279609ff9876e79c1aa099fb0d58605858c3eb	6YL5__SAH__laJA__aaI__rs101__m1__alt.	6YL5__SAH__laW__aaC__rs101__m1__alt.
standardized_pdb_sha256	9db0c5f6bd300a2d501beb1d059928400a7b715a2667c6e7eb7f5e6fd6968dd0	6N5S__2BA__laC__aaA__rs202__m1__alt.	6N5S__2BA__laD__aaA__rs203__m1__alt.
standardized_pdb_sha256	9fb89a2cef6b0600ff5d77d5a7291dc237ec7f060cf5beb0b2661478050617ff	9L4E__A1EIH__laB__aaA__rs101__m1__alt.	9L4E__A1EIH__laC__aaA__rs102__m1__alt.
standardized_pdb_sha256	a18eb8081f4ecb3d045b10b422cd91b8943d8f26a17d53f17d55871bf0ff506d	6YMK__MTA__laR__aaF__rs101__m1__alt.	6YMK__MTA__laT__aaG__rs101__m1__alt.
standardized_pdb_sha256	a53343f7816d699673cea485e0cd260ecc1d34f9051ed76d029f0eae67990637	4OCD__MWB__laD__aaA__rs101__m1__alt.	4OCD__MWB__laE__aaB__rs101__m1__alt.
standardized_pdb_sha256	a573f03ee0110541b012e25754548d6e28d4030085f956609d67a9eba0f2d730	2MG8__XR2__laC__aaB__rs101__m1__alt.	2MG8__XR2__laD__aaB__rs102__m1__alt.
standardized_pdb_sha256	a86453f77be3ee6cce8b7342838e553d93a44fbfd0771e34d9fa33610c2fa70d	2KD4__PRL__laC__aaA__rs17__m1__alt.	2KD4__PRL__laD__aaB__rs17__m1__alt.
standardized_pdb_sha256	a8ebc781c546866c9fd450617136d4d55d606ddb99d3521f199e9c511d03cc0f	6N5O__2BA__laB__aaA__rs201__m1__alt.	6N5O__2BA__laC__aaA__rs202__m1__alt.
standardized_pdb_sha256	ac3a65fc2a9b9c37860a7c6b7f357572a8b715ae2f5ca9fbd51c75ff845b07af	6QIR__J48__laE__aaA__rs101__m1__alt.	6QIR__J48__laF__aaA__rs102__m1__alt.
standardized_pdb_sha256	ad2bf8a6c928005a2453df0a3c693b4cd7e1649a1c04655a3d82b39ea0d3c562	6YMJ__ADN__laS__aaF__rs201__m1__alt.	6YMJ__ADN__laT__aaF__rs202__m1__alt.
standardized_pdb_sha256	adbdfe5e3339b2bb7d1dde2d0bfb7e2ce141eb957fb4d5dcfc01a102f8f678a3	8Y2R__KPT__laB__aaX__rs101__m1__alt.	8Y2R__KPT__laC__aaX__rs102__m1__alt.
standardized_pdb_sha256	ae8a0be82992890792ba77d1f77debc8b50c7d6d457b4cb20de253c920c1f6d0	8TC6__ZQQ__laF__aaA__rs102__m1__alt.	8TC6__ZQQ__laH__aaC__rs101__m1__alt.
standardized_pdb_sha256	af6244fb257733f264968c44da292076cf572dcd2a50ebf084a7144fffac661d	9DQE__KPT__laB__aaX__rs101__m1__alt.	9DQE__KPT__laC__aaX__rs102__m1__alt.
standardized_pdb_sha256	aff446301089a4266e8b5b25633bde898ce2ceab9f4eb067b6a9a7b068fb0f4f	6C64__EKM__laD__aaA__rs101__m1__alt.	6C64__EKM__laH__aaB__rs101__m1__alt.
standardized_pdb_sha256	b77409d2dfebda244dec2a85c5cac1afcaca14864f988908a9c46ee554109e3a	9MOZ__A1BNI__laI__aaA__rs103__m1__alt.	9MOZ__A1BNI__laJ__aaA__rs104__m1__alt.
standardized_pdb_sha256	b84d98e32df624799760348821c55715324aa95564b45415438b10b6d7c07fda	4YB0__C2E__laD__aaR__rs102__m1__alt.	4YB0__C2E__laK__aaA__rs102__m1__alt.
standardized_pdb_sha256	bbc9b7ef21943809c212e96053199ed4e9814c9b4d39154d604fb477c881275f	3U4M__MLI__laO__aaB__rs2202__m1__alt.	3U4M__MLI__laP__aaB__rs2203__m1__alt.
standardized_pdb_sha256	bbc9b7ef21943809c212e96053199ed4e9814c9b4d39154d604fb477c881275f	3U4M__MLI__laO__aaB__rs2202__m1__alt.	3U4M__MLI__laQ__aaB__rs2204__m1__alt.
standardized_pdb_sha256	bbc9b7ef21943809c212e96053199ed4e9814c9b4d39154d604fb477c881275f	3U4M__MLI__laO__aaB__rs2202__m1__alt.	3U4M__MLI__laR__aaB__rs2205__m1__alt.
standardized_pdb_sha256	bc0a1019932569c3a308fcf7ffcee68fa3388306a7edabbd4857f6352e3d2fbb	5JW0__6O7__laC__aaA__rs101__m1__alt.	5JW0__6O7__laD__aaA__rs102__m1__alt.
standardized_pdb_sha256	bc0a1019932569c3a308fcf7ffcee68fa3388306a7edabbd4857f6352e3d2fbb	5JW0__6O7__laC__aaA__rs101__m1__alt.	5JW0__6O7__laE__aaA__rs103__m1__alt.
standardized_pdb_sha256	bc0a1019932569c3a308fcf7ffcee68fa3388306a7edabbd4857f6352e3d2fbb	5JW0__6O7__laC__aaA__rs101__m1__alt.	5JW0__6O7__laK__aaB__rs101__m1__alt.
standardized_pdb_sha256	bc2fc369b2091349c3efaf2d814df0056c557295a15a26688661bf000b7315f7	7D7Y__ATP__laC__aaA__rs102__m1__alt.	7D7Y__GTP__laB__aaA__rs101__m1__alt.
standardized_pdb_sha256	bdb77eb5f58262d4088678af8168789f7c271b86a2a24a6828180c814de0f22d	8HZL__NI4__laDA__aaB__rs115__m1__alt.	8HZL__NI4__laEA__aaB__rs116__m1__alt.
standardized_pdb_sha256	c04ddbed0c425623ceb88e86d5fd967b4c74b6e8b39d577ade69a0a043ca15ae	6M4T__F1R__laG__aaA__rs103__m1__alt.	6M4T__F1R__laJ__aaB__rs103__m1__alt.
standardized_pdb_sha256	c04ddbed0c425623ceb88e86d5fd967b4c74b6e8b39d577ade69a0a043ca15ae	6M4T__F1R__laG__aaA__rs103__m1__alt.	6M4T__F1R__laK__aaC__rs101__m1__alt.
standardized_pdb_sha256	c04ddbed0c425623ceb88e86d5fd967b4c74b6e8b39d577ade69a0a043ca15ae	6M4T__F1R__laG__aaA__rs103__m1__alt.	6M4T__F1R__laL__aaD__rs101__m1__alt.
standardized_pdb_sha256	c1a2c9965318b45a4dde9fb3f315093c5a784c7902a928e4dbf3fa48123307fb	7N7D__BER__laB__aaA__rs101__m1__alt.	7N7D__BER__laC__aaA__rs102__m1__alt.
standardized_pdb_sha256	c77a95ee050fd3219ba4a38400cfcc178b675b7dbdafa59e74d8768f7c26d4f7	6YMI__AMP__laQ__aaC__rs102__m1__alt.	6YMI__AMP__laX__aaM__rs102__m1__alt.
standardized_pdb_sha256	c77a95ee050fd3219ba4a38400cfcc178b675b7dbdafa59e74d8768f7c26d4f7	6YMI__AMP__laQ__aaC__rs102__m1__alt.	6YMI__AMP__laY__aaN__rs101__m1__alt.
standardized_pdb_sha256	c879dcdd2ae2b2f21400b4f435d57a04cb3aae287c57df1e3f28d2451e111318	7ZJ4__1TU__laC__aaE__rs402__m1__alt.	7ZJ4__J93__laB__aaE__rs401__m1__alt.
standardized_pdb_sha256	c9d0f855159c4b4cbe198d50291024a80295c6a04fe7784fa767c8517de48b35	9IF0__B2R__laC__aaAAA__rs101__m1__alt.	9IF0__B2R__laD__aaBBB__rs101__m1__alt.
standardized_pdb_sha256	cacaa452b0723658e16edffcc4bde4b93dbc0098ea021e342efd272926cd9fce	1AW4__AMP__laB__aaA__rs28__m1__alt.	1AW4__AMP__laC__aaA__rs29__m1__alt.
standardized_pdb_sha256	cacc88e1b924410149f4d2b0297db5aee81e6bce5ff2f5126ad6968baf3acc1b	1X26__NAZ__laC__aaA__rs25__m1__alt.	1X26__NAZ__laD__aaB__rs24__m1__alt.
standardized_pdb_sha256	ceb76c1b410f8c90d135b142c1069890d8db48bcb91ed36eede60fc0e2f76e5d	8HZD__O2I__laF__aaA__rs104__m1__alt.	8HZD__O2I__laK__aaB__rs105__m1__alt.
standardized_pdb_sha256	d584c47c8e2af5b3974188dc5c0f02390178ef39195a0ebd9c12d3413c8c6a5d	6AZ3__PAR__laAC__aa2__rs1703__m1__alt.	6AZ3__PAR__laZB__aa2__rs1702__m1__alt.
standardized_pdb_sha256	d5950571f1f3d7e83a1b554347b4e284471baaf3b00e1065e67b762d80fdc5db	7REX__PRF__laK__aaC__rs101__m1__alt.	7REX__PRF__laL__aaC__rs102__m1__alt.
standardized_pdb_sha256	d9c00f78fb5fbbe5e2048e80718db860b525fd3ef659d4e39d938676e1ab1d9f	8HZK__NI4__laBA__aaB__rs110__m1__alt.	8HZK__NI4__laR__aaA__rs116__m1__alt.
standardized_pdb_sha256	d9cd5d5c3d9d06546eb4c2d5b729d5a12566d5cef64212240b326374bdd41753	1RMX__AIK__laC__aaA__rs11__m1__alt.	1RMX__AIK__laD__aaB__rs2__m1__alt.
standardized_pdb_sha256	dc1c9694423b6f4f43ad560f31282afb9f03658d996bc48688af825c52ccd26b	6CB3__GTP__laAB__aaB__rs221__m1__alt.	6CB3__GTP__laU__aaA__rs219__m1__alt.
standardized_pdb_sha256	dc48bfbbe4538f84381c4e168d1258ef63e4cbc8dffe4d6be3d62c3a8dc7b529	8HZL__NI4__laCA__aaB__rs114__m1__alt.	8HZL__NI4__laN__aaA__rs112__m1__alt.
standardized_pdb_sha256	dd8c2f73b661ef7e6ca0493096fdb3d8876c3a94825061be52f20ec04639c483	6YMJ__ADN__laM__aaA__rs201__m1__alt.	6YMJ__ADN__laN__aaA__rs202__m1__alt.
standardized_pdb_sha256	dfd55d279fbe64013b024d662bccdb4204e78616362b36190bf946b7290ce40f	1NAB__44D__laC__aaA__rs41__m1__alt.	1NAB__44D__laD__aaB__rs40__m1__alt.
standardized_pdb_sha256	e0e4978096e720cf2832828782f961be7b6cf2f8c4677ba9617de31a0a3ce775	7KBW__WAM__laB__aaA__rs101__m1__alt.	7KBW__WAM__laC__aaA__rs102__m1__alt.
standardized_pdb_sha256	e33ed94e3eb4240d90845a8ec9bb76b6e51dc3a765c3320671ca3f1d8498bcbb	4QLM__2BA__laD__aaA__rs203__m1__alt.	4QLM__2BA__laE__aaA__rs204__m1__alt.
standardized_pdb_sha256	e455c83d9dfb762752039ce5f11003ce86a1a73cc5ba7567aaa9839b8ba7cb5c	6YMI__AMP__laS__aaF__rs102__m1__alt.	6YMI__AMP__laT__aaG__rs101__m1__alt.
standardized_pdb_sha256	e455c83d9dfb762752039ce5f11003ce86a1a73cc5ba7567aaa9839b8ba7cb5c	6YMI__AMP__laS__aaF__rs102__m1__alt.	6YMI__AMP__laZ__aaO__rs201__m1__alt.
standardized_pdb_sha256	e813a05271edc3b2fddf0bc28d6ee0e85703830a4c335dcfb2eec16f91210306	7X8O__KPT__laB__aaX__rs101__m1__alt.	7X8O__KPT__laC__aaX__rs102__m1__alt.
standardized_pdb_sha256	e8cd9715d3bdfa1c690d0e46ac696e60159693e81261850390d572d3bbc7d10b	3KUY__ATV__laL__aaI__rs73__m1__alt.	3KUY__ATV__laM__aaJ__rs73__m1__alt.
standardized_pdb_sha256	eb7d0cc4da3ae3e4b3819a286129aac678e5427e3fb6dc67a22e467341ba5c7d	6IZP__B2R__laB__aaA__rs101__m1__alt.	6IZP__B2R__laC__aaA__rs102__m1__alt.
standardized_pdb_sha256	ee98854211767c26c7b97712686fe35b3db8a432a70bb235462e6d2181b18a74	7REX__PRF__laD__aaA__rs101__m1__alt.	7REX__PRF__laE__aaA__rs102__m1__alt.
standardized_pdb_sha256	efbc08f2fd2841ba366f7ed68a701c6dced5658673338610a85486c260b70489	3FT6__PRL__laC__aaA__rs21__m1__alt.	3FT6__PRL__laF__aaB__rs22__m1__alt.
standardized_pdb_sha256	f251acd7e92ad48c3e887da20114368dba5e60c8b4f796c4f456a933c39e9514	6YL5__SAH__laFA__aaG__rs101__m1__alt.	6YL5__SAH__laM__aaA__rs101__m1__alt.
standardized_pdb_sha256	f2b2d75ca9bc48724da0ab5ed8293863e0f8e653e58f38ccf26e75361c962b59	2N6C__QUE__laB__aaA__rs101__m1__alt.	2N6C__QUE__laC__aaA__rs102__m1__alt.
standardized_pdb_sha256	f3a8073e9a189d32063d6586e0d429ff81c466767addd9d9c0a381ca65f73680	9I9W__B2R__laC__aaAAA__rs101__m1__alt.	9I9W__B2R__laD__aaAAA__rs102__m1__alt.
standardized_pdb_sha256	f3a8073e9a189d32063d6586e0d429ff81c466767addd9d9c0a381ca65f73680	9I9W__B2R__laC__aaAAA__rs101__m1__alt.	9I9W__B2R__laE__aaBBB__rs101__m1__alt.
standardized_pdb_sha256	f89970341373c877263e96b7d1281bf596a1601be9ea694cd04a67e134fa2b4e	8ZW3__BER__laB__aaX__rs101__m1__alt.	8ZW3__BER__laC__aaX__rs102__m1__alt.
standardized_pdb_sha256	fa476ab2c467a98d94c314a5a8a8ec08e1673d91046eb130cdb97ca0078529ab	7D7X__ADP__laK__aaA__rs110__m1__alt.	7D7X__GTP__laB__aaA__rs101__m1__alt.
standardized_pdb_sha256	fa4ff15339e44454ecb6da9370531d976829ef09cf97cd2f63c089252fba796e	5JVW__6O6__laJ__aaB__rs102__m1__alt.	5JVW__6O6__laP__aaC__rs102__m1__alt.
standardized_pdb_sha256	fed98e0b9d031bc2f55ddc3cd2a88164a27d4c999c325bd733ccf5f49d69c46c	7D7Z__GTP__laB__aaA__rs101__m1__alt.	7D7Z__NAD__laDA__aaA__rs129__m1__alt.
standardized_pdb_sha256	ff87a32ab67c045ab1c5db1c9392630291287180ede8d2d1a223306ba44ebc5e	6YMK__MTA__laM__aaA__rs101__m1__alt.	6YMK__MTA__laN__aaB__rs101__m1__alt.
