subset	fraction_pct	left	right	metric	difference_left_minus_right	ci95_low	ci95_high	unit	bootstrap_draws	resampling	ci_status	finite_bootstrap_draws
All128	10	Transfer-All	Transfer-NonSurface	pose_density_lt2_pct	9.713541666666668	7.03125	12.604166666666668	percentage_points	10000	paired_surface_transfer	POINTWISE_EXPLORATORY	10000
All128	10	Transfer-All	Transfer-NonSurface	coverage_k10_lt2_pct	23.177083333333332	16.145833333333336	30.46875	percentage_points	10000	paired_surface_transfer	POINTWISE_EXPLORATORY	10000
All128	10	Transfer-All	Transfer-NonSurface	median_best_rmsd_A	-0.804782917944801	-1.1918710021641121	-0.5658100229981511	Angstrom	10000	paired_surface_transfer	POINTWISE_EXPLORATORY	10000
All128	10	Transfer-All	Transfer-NonSurface	valid_fraction_pct	0.0	0.0	0.0	percentage_points	10000	paired_surface_transfer	POINTWISE_EXPLORATORY	10000
All128	25	Transfer-All	Transfer-NonSurface	pose_density_lt2_pct	7.317708333333333	4.973958333333334	9.869791666666666	percentage_points	10000	paired_surface_transfer	POINTWISE_EXPLORATORY	10000
All128	25	Transfer-All	Transfer-NonSurface	coverage_k10_lt2_pct	17.1875	10.416666666666671	23.958333333333336	percentage_points	10000	paired_surface_transfer	POINTWISE_EXPLORATORY	10000
All128	25	Transfer-All	Transfer-NonSurface	median_best_rmsd_A	-0.5902473491212121	-0.8461019056246779	-0.3099994186064468	Angstrom	10000	paired_surface_transfer	POINTWISE_EXPLORATORY	10000
All128	25	Transfer-All	Transfer-NonSurface	valid_fraction_pct	0.0	0.0	0.0	percentage_points	10000	paired_surface_transfer	POINTWISE_EXPLORATORY	10000
All128	50	Transfer-All	Transfer-NonSurface	pose_density_lt2_pct	7.057291666666666	4.479166666666666	9.739583333333334	percentage_points	10000	paired_surface_transfer	POINTWISE_EXPLORATORY	10000
All128	50	Transfer-All	Transfer-NonSurface	coverage_k10_lt2_pct	11.458333333333329	5.208333333333336	17.96875	percentage_points	10000	paired_surface_transfer	POINTWISE_EXPLORATORY	10000
All128	50	Transfer-All	Transfer-NonSurface	median_best_rmsd_A	-0.42895167102368004	-0.6049353578166587	-0.16571635522326994	Angstrom	10000	paired_surface_transfer	POINTWISE_EXPLORATORY	10000
All128	50	Transfer-All	Transfer-NonSurface	valid_fraction_pct	0.0	0.0	0.0	percentage_points	10000	paired_surface_transfer	POINTWISE_EXPLORATORY	10000
All128	100	Transfer-All	Transfer-NonSurface	pose_density_lt2_pct	4.557291666666668	2.395833333333332	6.796875000000002	percentage_points	10000	paired_surface_transfer	POINTWISE_EXPLORATORY	10000
All128	100	Transfer-All	Transfer-NonSurface	coverage_k10_lt2_pct	11.197916666666671	4.947916666666671	17.708333333333336	percentage_points	10000	paired_surface_transfer	POINTWISE_EXPLORATORY	10000
All128	100	Transfer-All	Transfer-NonSurface	median_best_rmsd_A	-0.35110264449984996	-0.6092430902715529	-0.16004627382209174	Angstrom	10000	paired_surface_transfer	POINTWISE_EXPLORATORY	10000
All128	100	Transfer-All	Transfer-NonSurface	valid_fraction_pct	0.0	0.0	0.0	percentage_points	10000	paired_surface_transfer	POINTWISE_EXPLORATORY	10000
All128	10	Transfer-All	Vina	pose_density_lt2_pct	7.395833333333333	4.322916666666667	10.546875	percentage_points	10000	independent_repeats_shared_complexes	POINTWISE_EXPLORATORY	10000
All128	10	Transfer-All	Vina	coverage_k10_lt2_pct	7.8125	-1.3020833333333288	16.666666666666664	percentage_points	10000	independent_repeats_shared_complexes	POINTWISE_EXPLORATORY	10000
All128	10	Transfer-All	Vina	median_best_rmsd_A	-1.0325643085425336	-1.6982634634736102	-0.18427947594385255	Angstrom	10000	independent_repeats_shared_complexes	POINTWISE_EXPLORATORY	10000
All128	10	Transfer-All	Vina	valid_fraction_pct	17.1875	10.9375	23.69791666666667	percentage_points	10000	independent_repeats_shared_complexes	POINTWISE_EXPLORATORY	10000
All128	10	Transfer-All	rDock	pose_density_lt2_pct	-11.354166666666668	-17.317708333333336	-5.520833333333334	percentage_points	10000	independent_repeats_shared_complexes	POINTWISE_EXPLORATORY	10000
All128	10	Transfer-All	rDock	coverage_k10_lt2_pct	6.510416666666664	-2.8645833333333286	15.104166666666671	percentage_points	10000	independent_repeats_shared_complexes	POINTWISE_EXPLORATORY	10000
All128	10	Transfer-All	rDock	median_best_rmsd_A	-0.6895160552092001	-1.1017995627745112	-0.11964010721707566	Angstrom	10000	independent_repeats_shared_complexes	POINTWISE_EXPLORATORY	10000
All128	10	Transfer-All	rDock	valid_fraction_pct	0.78125	0.0	2.34375	percentage_points	10000	independent_repeats_shared_complexes	POINTWISE_EXPLORATORY	10000
All128	10	Transfer-All	LeDock	pose_density_lt2_pct	-10.989583333333332	-16.822916666666668	-5.46875	percentage_points	10000	independent_repeats_shared_complexes	POINTWISE_EXPLORATORY	10000
All128	10	Transfer-All	LeDock	coverage_k10_lt2_pct	-1.5625	-11.197916666666664	7.552083333333336	percentage_points	10000	independent_repeats_shared_complexes	POINTWISE_EXPLORATORY	10000
All128	10	Transfer-All	LeDock	median_best_rmsd_A	0.02884548645746632	-0.310810718521472	0.406017190839991	Angstrom	10000	independent_repeats_shared_complexes	POINTWISE_EXPLORATORY	10000
All128	10	Transfer-All	LeDock	valid_fraction_pct	6.276041666666671	3.0208333333333286	10.0	percentage_points	10000	independent_repeats_shared_complexes	POINTWISE_EXPLORATORY	10000
All128	10	Transfer-All	PLANTS	pose_density_lt2_pct	6.354166666666667	2.994791666666666	9.791666666666664	percentage_points	10000	independent_repeats_shared_complexes	POINTWISE_EXPLORATORY	10000
All128	10	Transfer-All	PLANTS	coverage_k10_lt2_pct	6.510416666666664	-2.3502604166666607	15.364583333333336	percentage_points	10000	independent_repeats_shared_complexes	POINTWISE_EXPLORATORY	10000
All128	10	Transfer-All	PLANTS	median_best_rmsd_A	-1.2376296802092002	-1.787397594390843	-0.4847146561804295	Angstrom	10000	independent_repeats_shared_complexes	POINTWISE_EXPLORATORY	10000
All128	10	Transfer-All	PLANTS	valid_fraction_pct	10.15625	5.46875	15.625	percentage_points	10000	independent_repeats_shared_complexes	POINTWISE_EXPLORATORY	10000
All128	10	Transfer-All	AutoDock-GPU	pose_density_lt2_pct	2.369791666666666	-1.276041666666666	6.119791666666666	percentage_points	10000	independent_repeats_shared_complexes	POINTWISE_EXPLORATORY	10000
All128	10	Transfer-All	AutoDock-GPU	coverage_k10_lt2_pct	9.635416666666664	1.295572916666668	17.96875	percentage_points	10000	independent_repeats_shared_complexes	POINTWISE_EXPLORATORY	10000
All128	10	Transfer-All	AutoDock-GPU	median_best_rmsd_A	-0.6947167485425334	-1.2220131704357153	-0.2823090898375588	Angstrom	10000	independent_repeats_shared_complexes	POINTWISE_EXPLORATORY	10000
All128	10	Transfer-All	AutoDock-GPU	valid_fraction_pct	4.6875	1.5625	8.59375	percentage_points	10000	independent_repeats_shared_complexes	POINTWISE_EXPLORATORY	10000
All128	10	Transfer-NonSurface	Vina	pose_density_lt2_pct	-2.317708333333334	-4.271484375	-0.4947916666666665	percentage_points	10000	independent_repeats_shared_complexes	POINTWISE_EXPLORATORY	10000
All128	10	Transfer-NonSurface	Vina	coverage_k10_lt2_pct	-15.364583333333332	-23.4375	-7.291666666666664	percentage_points	10000	independent_repeats_shared_complexes	POINTWISE_EXPLORATORY	10000
All128	10	Transfer-NonSurface	Vina	median_best_rmsd_A	-0.2277813905977326	-0.8203418077043951	0.6506102407856919	Angstrom	10000	independent_repeats_shared_complexes	POINTWISE_EXPLORATORY	10000
All128	10	Transfer-NonSurface	Vina	valid_fraction_pct	17.1875	10.9375	23.69791666666667	percentage_points	10000	independent_repeats_shared_complexes	POINTWISE_EXPLORATORY	10000
All128	10	Transfer-NonSurface	rDock	pose_density_lt2_pct	-21.067708333333336	-27.291666666666664	-15.260416666666668	percentage_points	10000	independent_repeats_shared_complexes	POINTWISE_EXPLORATORY	10000
All128	10	Transfer-NonSurface	rDock	coverage_k10_lt2_pct	-16.666666666666668	-25.260416666666668	-8.333333333333336	percentage_points	10000	independent_repeats_shared_complexes	POINTWISE_EXPLORATORY	10000
All128	10	Transfer-NonSurface	rDock	median_best_rmsd_A	0.11526686273560083	-0.27285371296533384	0.7400750206885508	Angstrom	10000	independent_repeats_shared_complexes	POINTWISE_EXPLORATORY	10000
All128	10	Transfer-NonSurface	rDock	valid_fraction_pct	0.78125	0.0	2.34375	percentage_points	10000	independent_repeats_shared_complexes	POINTWISE_EXPLORATORY	10000
All128	10	Transfer-NonSurface	LeDock	pose_density_lt2_pct	-20.703125	-26.276041666666668	-15.416666666666666	percentage_points	10000	independent_repeats_shared_complexes	POINTWISE_EXPLORATORY	10000
All128	10	Transfer-NonSurface	LeDock	coverage_k10_lt2_pct	-24.739583333333332	-33.854166666666664	-16.145833333333332	percentage_points	10000	independent_repeats_shared_complexes	POINTWISE_EXPLORATORY	10000
All128	10	Transfer-NonSurface	LeDock	median_best_rmsd_A	0.8336284044022673	0.5248229049250096	1.3058056071090516	Angstrom	10000	independent_repeats_shared_complexes	POINTWISE_EXPLORATORY	10000
All128	10	Transfer-NonSurface	LeDock	valid_fraction_pct	6.276041666666671	3.0208333333333286	10.0	percentage_points	10000	independent_repeats_shared_complexes	POINTWISE_EXPLORATORY	10000
All128	10	Transfer-NonSurface	PLANTS	pose_density_lt2_pct	-3.359375	-5.520833333333334	-1.380208333333333	percentage_points	10000	independent_repeats_shared_complexes	POINTWISE_EXPLORATORY	10000
All128	10	Transfer-NonSurface	PLANTS	coverage_k10_lt2_pct	-16.666666666666668	-25.0	-8.333333333333336	percentage_points	10000	independent_repeats_shared_complexes	POINTWISE_EXPLORATORY	10000
All128	10	Transfer-NonSurface	PLANTS	median_best_rmsd_A	-0.4328467622643992	-0.9145533915247062	0.3516021953465561	Angstrom	10000	independent_repeats_shared_complexes	POINTWISE_EXPLORATORY	10000
All128	10	Transfer-NonSurface	PLANTS	valid_fraction_pct	10.15625	5.46875	15.625	percentage_points	10000	independent_repeats_shared_complexes	POINTWISE_EXPLORATORY	10000
All128	10	Transfer-NonSurface	AutoDock-GPU	pose_density_lt2_pct	-7.343750000000001	-10.677734375	-4.270833333333334	percentage_points	10000	independent_repeats_shared_complexes	POINTWISE_EXPLORATORY	10000
All128	10	Transfer-NonSurface	AutoDock-GPU	coverage_k10_lt2_pct	-13.541666666666668	-21.614583333333332	-5.989583333333332	percentage_points	10000	independent_repeats_shared_complexes	POINTWISE_EXPLORATORY	10000
All128	10	Transfer-NonSurface	AutoDock-GPU	median_best_rmsd_A	0.11006616940226754	-0.35478431892005574	0.6001068371267309	Angstrom	10000	independent_repeats_shared_complexes	POINTWISE_EXPLORATORY	10000
All128	10	Transfer-NonSurface	AutoDock-GPU	valid_fraction_pct	4.6875	1.5625	8.59375	percentage_points	10000	independent_repeats_shared_complexes	POINTWISE_EXPLORATORY	10000
All128	25	Transfer-All	Vina	pose_density_lt2_pct	8.880208333333332	5.885416666666667	12.162109374999993	percentage_points	10000	independent_repeats_shared_complexes	POINTWISE_EXPLORATORY	10000
All128	25	Transfer-All	Vina	coverage_k10_lt2_pct	13.802083333333336	4.6875	22.916666666666664	percentage_points	10000	independent_repeats_shared_complexes	POINTWISE_EXPLORATORY	10000
All128	25	Transfer-All	Vina	median_best_rmsd_A	-1.2162651732509215	-1.8996056674448611	-0.36938222932552	Angstrom	10000	independent_repeats_shared_complexes	POINTWISE_EXPLORATORY	10000
All128	25	Transfer-All	Vina	valid_fraction_pct	17.1875	10.9375	23.69791666666667	percentage_points	10000	independent_repeats_shared_complexes	POINTWISE_EXPLORATORY	10000
All128	25	Transfer-All	rDock	pose_density_lt2_pct	-9.869791666666668	-16.25	-3.7239583333333357	percentage_points	10000	independent_repeats_shared_complexes	POINTWISE_EXPLORATORY	10000
All128	25	Transfer-All	rDock	coverage_k10_lt2_pct	12.5	3.125	21.875	percentage_points	10000	independent_repeats_shared_complexes	POINTWISE_EXPLORATORY	10000
All128	25	Transfer-All	rDock	median_best_rmsd_A	-0.8732169199175881	-1.3031507155284807	-0.32338377094342946	Angstrom	10000	independent_repeats_shared_complexes	POINTWISE_EXPLORATORY	10000
All128	25	Transfer-All	rDock	valid_fraction_pct	0.78125	0.0	2.34375	percentage_points	10000	independent_repeats_shared_complexes	POINTWISE_EXPLORATORY	10000
All128	25	Transfer-All	LeDock	pose_density_lt2_pct	-9.505208333333332	-15.234375000000002	-4.0625	percentage_points	10000	independent_repeats_shared_complexes	POINTWISE_EXPLORATORY	10000
All128	25	Transfer-All	LeDock	coverage_k10_lt2_pct	4.427083333333336	-4.947916666666671	13.802083333333336	percentage_points	10000	independent_repeats_shared_complexes	POINTWISE_EXPLORATORY	10000
All128	25	Transfer-All	LeDock	median_best_rmsd_A	-0.15485537825092166	-0.518552721948946	0.20978182339468188	Angstrom	10000	independent_repeats_shared_complexes	POINTWISE_EXPLORATORY	10000
All128	25	Transfer-All	LeDock	valid_fraction_pct	6.276041666666671	3.0208333333333286	10.0	percentage_points	10000	independent_repeats_shared_complexes	POINTWISE_EXPLORATORY	10000
All128	25	Transfer-All	PLANTS	pose_density_lt2_pct	7.838541666666667	4.583333333333334	11.328125	percentage_points	10000	independent_repeats_shared_complexes	POINTWISE_EXPLORATORY	10000
All128	25	Transfer-All	PLANTS	coverage_k10_lt2_pct	12.5	3.3854166666666643	21.875	percentage_points	10000	independent_repeats_shared_complexes	POINTWISE_EXPLORATORY	10000
All128	25	Transfer-All	PLANTS	median_best_rmsd_A	-1.4213305449175881	-2.015792483595359	-0.6621393654620075	Angstrom	10000	independent_repeats_shared_complexes	POINTWISE_EXPLORATORY	10000
All128	25	Transfer-All	PLANTS	valid_fraction_pct	10.15625	5.46875	15.625	percentage_points	10000	independent_repeats_shared_complexes	POINTWISE_EXPLORATORY	10000
All128	25	Transfer-All	AutoDock-GPU	pose_density_lt2_pct	3.854166666666666	0.0	7.786458333333333	percentage_points	10000	independent_repeats_shared_complexes	POINTWISE_EXPLORATORY	10000
All128	25	Transfer-All	AutoDock-GPU	coverage_k10_lt2_pct	15.625	7.03125	24.479166666666664	percentage_points	10000	independent_repeats_shared_complexes	POINTWISE_EXPLORATORY	10000
All128	25	Transfer-All	AutoDock-GPU	median_best_rmsd_A	-0.8784176132509214	-1.4327637673655709	-0.475864427590161	Angstrom	10000	independent_repeats_shared_complexes	POINTWISE_EXPLORATORY	10000
All128	25	Transfer-All	AutoDock-GPU	valid_fraction_pct	4.6875	1.5625	8.59375	percentage_points	10000	independent_repeats_shared_complexes	POINTWISE_EXPLORATORY	10000
All128	25	Transfer-NonSurface	Vina	pose_density_lt2_pct	1.5625	-0.703125	3.75	percentage_points	10000	independent_repeats_shared_complexes	POINTWISE_EXPLORATORY	10000
All128	25	Transfer-NonSurface	Vina	coverage_k10_lt2_pct	-3.3854166666666643	-12.239583333333332	5.208333333333336	percentage_points	10000	independent_repeats_shared_complexes	POINTWISE_EXPLORATORY	10000
All128	25	Transfer-NonSurface	Vina	median_best_rmsd_A	-0.6260178241297094	-1.3034635589781303	0.17354705577797638	Angstrom	10000	independent_repeats_shared_complexes	POINTWISE_EXPLORATORY	10000
All128	25	Transfer-NonSurface	Vina	valid_fraction_pct	17.1875	10.9375	23.69791666666667	percentage_points	10000	independent_repeats_shared_complexes	POINTWISE_EXPLORATORY	10000
All128	25	Transfer-NonSurface	rDock	pose_density_lt2_pct	-17.1875	-23.307291666666668	-11.458333333333336	percentage_points	10000	independent_repeats_shared_complexes	POINTWISE_EXPLORATORY	10000
All128	25	Transfer-NonSurface	rDock	coverage_k10_lt2_pct	-4.6875	-13.541666666666664	3.9062499999999964	percentage_points	10000	independent_repeats_shared_complexes	POINTWISE_EXPLORATORY	10000
All128	25	Transfer-NonSurface	rDock	median_best_rmsd_A	-0.28296957079637597	-0.7152880180766059	0.2301828480759733	Angstrom	10000	independent_repeats_shared_complexes	POINTWISE_EXPLORATORY	10000
All128	25	Transfer-NonSurface	rDock	valid_fraction_pct	0.78125	0.0	2.34375	percentage_points	10000	independent_repeats_shared_complexes	POINTWISE_EXPLORATORY	10000
All128	25	Transfer-NonSurface	LeDock	pose_density_lt2_pct	-16.822916666666664	-22.369791666666668	-11.588541666666668	percentage_points	10000	independent_repeats_shared_complexes	POINTWISE_EXPLORATORY	10000
All128	25	Transfer-NonSurface	LeDock	coverage_k10_lt2_pct	-12.760416666666664	-21.875	-3.90625	percentage_points	10000	independent_repeats_shared_complexes	POINTWISE_EXPLORATORY	10000
All128	25	Transfer-NonSurface	LeDock	median_best_rmsd_A	0.43539197087029047	0.07541080883371812	0.7414314157583123	Angstrom	10000	independent_repeats_shared_complexes	POINTWISE_EXPLORATORY	10000
All128	25	Transfer-NonSurface	LeDock	valid_fraction_pct	6.276041666666671	3.0208333333333286	10.0	percentage_points	10000	independent_repeats_shared_complexes	POINTWISE_EXPLORATORY	10000
All128	25	Transfer-NonSurface	PLANTS	pose_density_lt2_pct	0.5208333333333339	-1.953125	2.890625000000001	percentage_points	10000	independent_repeats_shared_complexes	POINTWISE_EXPLORATORY	10000
All128	25	Transfer-NonSurface	PLANTS	coverage_k10_lt2_pct	-4.6875	-13.020833333333332	3.6458333333333357	percentage_points	10000	independent_repeats_shared_complexes	POINTWISE_EXPLORATORY	10000
All128	25	Transfer-NonSurface	PLANTS	median_best_rmsd_A	-0.831083195796376	-1.3958065853782324	-0.12387113833307965	Angstrom	10000	independent_repeats_shared_complexes	POINTWISE_EXPLORATORY	10000
All128	25	Transfer-NonSurface	PLANTS	valid_fraction_pct	10.15625	5.46875	15.625	percentage_points	10000	independent_repeats_shared_complexes	POINTWISE_EXPLORATORY	10000
All128	25	Transfer-NonSurface	AutoDock-GPU	pose_density_lt2_pct	-3.463541666666667	-6.848958333333332	-0.36458333333333215	percentage_points	10000	independent_repeats_shared_complexes	POINTWISE_EXPLORATORY	10000
All128	25	Transfer-NonSurface	AutoDock-GPU	coverage_k10_lt2_pct	-1.5625	-9.635416666666664	6.2500000000000036	percentage_points	10000	independent_repeats_shared_complexes	POINTWISE_EXPLORATORY	10000
All128	25	Transfer-NonSurface	AutoDock-GPU	median_best_rmsd_A	-0.28817026412970925	-0.841844626857595	0.07871605905340223	Angstrom	10000	independent_repeats_shared_complexes	POINTWISE_EXPLORATORY	10000
All128	25	Transfer-NonSurface	AutoDock-GPU	valid_fraction_pct	4.6875	1.5625	8.59375	percentage_points	10000	independent_repeats_shared_complexes	POINTWISE_EXPLORATORY	10000
All128	50	Transfer-All	Vina	pose_density_lt2_pct	11.588541666666664	8.411458333333332	14.921875	percentage_points	10000	independent_repeats_shared_complexes	POINTWISE_EXPLORATORY	10000
All128	50	Transfer-All	Vina	coverage_k10_lt2_pct	18.229166666666664	9.895833333333336	26.5625	percentage_points	10000	independent_repeats_shared_complexes	POINTWISE_EXPLORATORY	10000
All128	50	Transfer-All	Vina	median_best_rmsd_A	-1.4293232727942071	-2.077373337411872	-0.5670407888470478	Angstrom	10000	independent_repeats_shared_complexes	POINTWISE_EXPLORATORY	10000
All128	50	Transfer-All	Vina	valid_fraction_pct	17.1875	10.9375	23.69791666666667	percentage_points	10000	independent_repeats_shared_complexes	POINTWISE_EXPLORATORY	10000
All128	50	Transfer-All	rDock	pose_density_lt2_pct	-7.161458333333336	-13.489583333333332	-0.9895833333333321	percentage_points	10000	independent_repeats_shared_complexes	POINTWISE_EXPLORATORY	10000
All128	50	Transfer-All	rDock	coverage_k10_lt2_pct	16.92708333333333	7.8125	25.781250000000004	percentage_points	10000	independent_repeats_shared_complexes	POINTWISE_EXPLORATORY	10000
All128	50	Transfer-All	rDock	median_best_rmsd_A	-1.0862750194608737	-1.4623989717171022	-0.5202678365381299	Angstrom	10000	independent_repeats_shared_complexes	POINTWISE_EXPLORATORY	10000
All128	50	Transfer-All	rDock	valid_fraction_pct	0.78125	0.0	2.34375	percentage_points	10000	independent_repeats_shared_complexes	POINTWISE_EXPLORATORY	10000
All128	50	Transfer-All	LeDock	pose_density_lt2_pct	-6.796875	-12.136067708333334	-1.640625	percentage_points	10000	independent_repeats_shared_complexes	POINTWISE_EXPLORATORY	10000
All128	50	Transfer-All	LeDock	coverage_k10_lt2_pct	8.854166666666664	-0.2604166666666643	17.447916666666664	percentage_points	10000	independent_repeats_shared_complexes	POINTWISE_EXPLORATORY	10000
All128	50	Transfer-All	LeDock	median_best_rmsd_A	-0.36791347779420724	-0.6596332135420747	0.004846663617449567	Angstrom	10000	independent_repeats_shared_complexes	POINTWISE_EXPLORATORY	10000
All128	50	Transfer-All	LeDock	valid_fraction_pct	6.276041666666671	3.0208333333333286	10.0	percentage_points	10000	independent_repeats_shared_complexes	POINTWISE_EXPLORATORY	10000
All128	50	Transfer-All	PLANTS	pose_density_lt2_pct	10.546875	7.213541666666668	14.036458333333332	percentage_points	10000	independent_repeats_shared_complexes	POINTWISE_EXPLORATORY	10000
All128	50	Transfer-All	PLANTS	coverage_k10_lt2_pct	16.92708333333333	8.59375	25.52083333333333	percentage_points	10000	independent_repeats_shared_complexes	POINTWISE_EXPLORATORY	10000
All128	50	Transfer-All	PLANTS	median_best_rmsd_A	-1.6343886444608737	-2.1638998956681825	-0.8708876014173911	Angstrom	10000	independent_repeats_shared_complexes	POINTWISE_EXPLORATORY	10000
All128	50	Transfer-All	PLANTS	valid_fraction_pct	10.15625	5.46875	15.625	percentage_points	10000	independent_repeats_shared_complexes	POINTWISE_EXPLORATORY	10000
All128	50	Transfer-All	AutoDock-GPU	pose_density_lt2_pct	6.562499999999998	2.785807291666666	10.46875	percentage_points	10000	independent_repeats_shared_complexes	POINTWISE_EXPLORATORY	10000
All128	50	Transfer-All	AutoDock-GPU	coverage_k10_lt2_pct	20.05208333333333	11.979166666666664	28.125	percentage_points	10000	independent_repeats_shared_complexes	POINTWISE_EXPLORATORY	10000
All128	50	Transfer-All	AutoDock-GPU	median_best_rmsd_A	-1.091475712794207	-1.584067755408292	-0.6808412332805144	Angstrom	10000	independent_repeats_shared_complexes	POINTWISE_EXPLORATORY	10000
All128	50	Transfer-All	AutoDock-GPU	valid_fraction_pct	4.6875	1.5625	8.59375	percentage_points	10000	independent_repeats_shared_complexes	POINTWISE_EXPLORATORY	10000
All128	50	Transfer-NonSurface	Vina	pose_density_lt2_pct	4.531249999999999	2.005208333333334	7.083333333333334	percentage_points	10000	independent_repeats_shared_complexes	POINTWISE_EXPLORATORY	10000
All128	50	Transfer-NonSurface	Vina	coverage_k10_lt2_pct	6.770833333333336	-1.5625	15.104166666666664	percentage_points	10000	independent_repeats_shared_complexes	POINTWISE_EXPLORATORY	10000
All128	50	Transfer-NonSurface	Vina	median_best_rmsd_A	-1.000371601770527	-1.67723205358052	-0.166247062461836	Angstrom	10000	independent_repeats_shared_complexes	POINTWISE_EXPLORATORY	10000
All128	50	Transfer-NonSurface	Vina	valid_fraction_pct	17.1875	10.9375	23.69791666666667	percentage_points	10000	independent_repeats_shared_complexes	POINTWISE_EXPLORATORY	10000
All128	50	Transfer-NonSurface	rDock	pose_density_lt2_pct	-14.218750000000002	-20.598958333333336	-8.203125	percentage_points	10000	independent_repeats_shared_complexes	POINTWISE_EXPLORATORY	10000
All128	50	Transfer-NonSurface	rDock	coverage_k10_lt2_pct	5.46875	-3.125	13.802083333333336	percentage_points	10000	independent_repeats_shared_complexes	POINTWISE_EXPLORATORY	10000
All128	50	Transfer-NonSurface	rDock	median_best_rmsd_A	-0.6573233484371936	-1.075542150810316	-0.11764184664247618	Angstrom	10000	independent_repeats_shared_complexes	POINTWISE_EXPLORATORY	10000
All128	50	Transfer-NonSurface	rDock	valid_fraction_pct	0.78125	0.0	2.34375	percentage_points	10000	independent_repeats_shared_complexes	POINTWISE_EXPLORATORY	10000
All128	50	Transfer-NonSurface	LeDock	pose_density_lt2_pct	-13.854166666666666	-19.557291666666664	-8.333333333333334	percentage_points	10000	independent_repeats_shared_complexes	POINTWISE_EXPLORATORY	10000
All128	50	Transfer-NonSurface	LeDock	coverage_k10_lt2_pct	-2.6041666666666643	-11.458333333333336	5.989583333333336	percentage_points	10000	independent_repeats_shared_complexes	POINTWISE_EXPLORATORY	10000
All128	50	Transfer-NonSurface	LeDock	median_best_rmsd_A	0.06103819322947279	-0.27559617022637356	0.39460759425078423	Angstrom	10000	independent_repeats_shared_complexes	POINTWISE_EXPLORATORY	10000
All128	50	Transfer-NonSurface	LeDock	valid_fraction_pct	6.276041666666671	3.0208333333333286	10.0	percentage_points	10000	independent_repeats_shared_complexes	POINTWISE_EXPLORATORY	10000
All128	50	Transfer-NonSurface	PLANTS	pose_density_lt2_pct	3.489583333333333	0.8326822916666662	6.197916666666666	percentage_points	10000	independent_repeats_shared_complexes	POINTWISE_EXPLORATORY	10000
All128	50	Transfer-NonSurface	PLANTS	coverage_k10_lt2_pct	5.46875	-2.6041666666666643	13.802083333333336	percentage_points	10000	independent_repeats_shared_complexes	POINTWISE_EXPLORATORY	10000
All128	50	Transfer-NonSurface	PLANTS	median_best_rmsd_A	-1.2054369734371937	-1.7637396280528004	-0.4663766073915051	Angstrom	10000	independent_repeats_shared_complexes	POINTWISE_EXPLORATORY	10000
All128	50	Transfer-NonSurface	PLANTS	valid_fraction_pct	10.15625	5.46875	15.625	percentage_points	10000	independent_repeats_shared_complexes	POINTWISE_EXPLORATORY	10000
All128	50	Transfer-NonSurface	AutoDock-GPU	pose_density_lt2_pct	-0.49479166666666785	-4.21875	3.020833333333332	percentage_points	10000	independent_repeats_shared_complexes	POINTWISE_EXPLORATORY	10000
All128	50	Transfer-NonSurface	AutoDock-GPU	coverage_k10_lt2_pct	8.59375	0.5208333333333286	16.40625	percentage_points	10000	independent_repeats_shared_complexes	POINTWISE_EXPLORATORY	10000
All128	50	Transfer-NonSurface	AutoDock-GPU	median_best_rmsd_A	-0.6625240417705269	-1.208289209175108	-0.267023172612072	Angstrom	10000	independent_repeats_shared_complexes	POINTWISE_EXPLORATORY	10000
All128	50	Transfer-NonSurface	AutoDock-GPU	valid_fraction_pct	4.6875	1.5625	8.59375	percentage_points	10000	independent_repeats_shared_complexes	POINTWISE_EXPLORATORY	10000
All128	100	Transfer-All	Vina	pose_density_lt2_pct	11.25	7.760416666666667	15.0	percentage_points	10000	independent_repeats_shared_complexes	POINTWISE_EXPLORATORY	10000
All128	100	Transfer-All	Vina	coverage_k10_lt2_pct	21.614583333333336	12.5	30.46875	percentage_points	10000	independent_repeats_shared_complexes	POINTWISE_EXPLORATORY	10000
All128	100	Transfer-All	Vina	median_best_rmsd_A	-1.4617427879100764	-2.1541120634534847	-0.6036339265013517	Angstrom	10000	independent_repeats_shared_complexes	POINTWISE_EXPLORATORY	10000
All128	100	Transfer-All	Vina	valid_fraction_pct	17.1875	10.9375	23.69791666666667	percentage_points	10000	independent_repeats_shared_complexes	POINTWISE_EXPLORATORY	10000
All128	100	Transfer-All	rDock	pose_density_lt2_pct	-7.5	-14.192708333333332	-1.067057291666675	percentage_points	10000	independent_repeats_shared_complexes	POINTWISE_EXPLORATORY	10000
All128	100	Transfer-All	rDock	coverage_k10_lt2_pct	20.3125	10.416666666666671	29.6875	percentage_points	10000	independent_repeats_shared_complexes	POINTWISE_EXPLORATORY	10000
All128	100	Transfer-All	rDock	median_best_rmsd_A	-1.118694534576743	-1.5325772781436526	-0.5606970518086355	Angstrom	10000	independent_repeats_shared_complexes	POINTWISE_EXPLORATORY	10000
All128	100	Transfer-All	rDock	valid_fraction_pct	0.78125	0.0	2.34375	percentage_points	10000	independent_repeats_shared_complexes	POINTWISE_EXPLORATORY	10000
All128	100	Transfer-All	LeDock	pose_density_lt2_pct	-7.135416666666664	-12.864583333333332	-1.6145833333333321	percentage_points	10000	independent_repeats_shared_complexes	POINTWISE_EXPLORATORY	10000
All128	100	Transfer-All	LeDock	coverage_k10_lt2_pct	12.239583333333336	3.125	21.093749999999993	percentage_points	10000	independent_repeats_shared_complexes	POINTWISE_EXPLORATORY	10000
All128	100	Transfer-All	LeDock	median_best_rmsd_A	-0.4003329929100765	-0.7176070156715751	-0.0795841722597848	Angstrom	10000	independent_repeats_shared_complexes	POINTWISE_EXPLORATORY	10000
All128	100	Transfer-All	LeDock	valid_fraction_pct	6.276041666666671	3.0208333333333286	10.0	percentage_points	10000	independent_repeats_shared_complexes	POINTWISE_EXPLORATORY	10000
All128	100	Transfer-All	PLANTS	pose_density_lt2_pct	10.208333333333336	6.588541666666668	14.010416666666664	percentage_points	10000	independent_repeats_shared_complexes	POINTWISE_EXPLORATORY	10000
All128	100	Transfer-All	PLANTS	coverage_k10_lt2_pct	20.3125	11.197916666666664	29.166666666666668	percentage_points	10000	independent_repeats_shared_complexes	POINTWISE_EXPLORATORY	10000
All128	100	Transfer-All	PLANTS	median_best_rmsd_A	-1.666808159576743	-2.212726510627077	-0.9007151157693204	Angstrom	10000	independent_repeats_shared_complexes	POINTWISE_EXPLORATORY	10000
All128	100	Transfer-All	PLANTS	valid_fraction_pct	10.15625	5.46875	15.625	percentage_points	10000	independent_repeats_shared_complexes	POINTWISE_EXPLORATORY	10000
All128	100	Transfer-All	AutoDock-GPU	pose_density_lt2_pct	6.223958333333334	2.083333333333334	10.442708333333332	percentage_points	10000	independent_repeats_shared_complexes	POINTWISE_EXPLORATORY	10000
All128	100	Transfer-All	AutoDock-GPU	coverage_k10_lt2_pct	23.4375	14.84375	32.03125	percentage_points	10000	independent_repeats_shared_complexes	POINTWISE_EXPLORATORY	10000
All128	100	Transfer-All	AutoDock-GPU	median_best_rmsd_A	-1.1238952279100762	-1.673482547190286	-0.7280617336790061	Angstrom	10000	independent_repeats_shared_complexes	POINTWISE_EXPLORATORY	10000
All128	100	Transfer-All	AutoDock-GPU	valid_fraction_pct	4.6875	1.5625	8.59375	percentage_points	10000	independent_repeats_shared_complexes	POINTWISE_EXPLORATORY	10000
All128	100	Transfer-NonSurface	Vina	pose_density_lt2_pct	6.692708333333333	3.90625	9.557291666666664	percentage_points	10000	independent_repeats_shared_complexes	POINTWISE_EXPLORATORY	10000
All128	100	Transfer-NonSurface	Vina	coverage_k10_lt2_pct	10.416666666666664	1.5625	19.270833333333332	percentage_points	10000	independent_repeats_shared_complexes	POINTWISE_EXPLORATORY	10000
All128	100	Transfer-NonSurface	Vina	median_best_rmsd_A	-1.1106401434102264	-1.7723795315983188	-0.24580597084748865	Angstrom	10000	independent_repeats_shared_complexes	POINTWISE_EXPLORATORY	10000
All128	100	Transfer-NonSurface	Vina	valid_fraction_pct	17.1875	10.9375	23.69791666666667	percentage_points	10000	independent_repeats_shared_complexes	POINTWISE_EXPLORATORY	10000
All128	100	Transfer-NonSurface	rDock	pose_density_lt2_pct	-12.057291666666668	-18.359375	-6.09375	percentage_points	10000	independent_repeats_shared_complexes	POINTWISE_EXPLORATORY	10000
All128	100	Transfer-NonSurface	rDock	coverage_k10_lt2_pct	9.114583333333329	-0.00651041666666069	18.229166666666664	percentage_points	10000	independent_repeats_shared_complexes	POINTWISE_EXPLORATORY	10000
All128	100	Transfer-NonSurface	rDock	median_best_rmsd_A	-0.767591890076893	-1.1756426203648729	-0.20990439932794486	Angstrom	10000	independent_repeats_shared_complexes	POINTWISE_EXPLORATORY	10000
All128	100	Transfer-NonSurface	rDock	valid_fraction_pct	0.78125	0.0	2.34375	percentage_points	10000	independent_repeats_shared_complexes	POINTWISE_EXPLORATORY	10000
All128	100	Transfer-NonSurface	LeDock	pose_density_lt2_pct	-11.692708333333332	-17.1875	-6.354166666666668	percentage_points	10000	independent_repeats_shared_complexes	POINTWISE_EXPLORATORY	10000
All128	100	Transfer-NonSurface	LeDock	coverage_k10_lt2_pct	1.0416666666666643	-7.8125	9.635416666666671	percentage_points	10000	independent_repeats_shared_complexes	POINTWISE_EXPLORATORY	10000
All128	100	Transfer-NonSurface	LeDock	median_best_rmsd_A	-0.049230348410226554	-0.37525310664509937	0.3089542255789421	Angstrom	10000	independent_repeats_shared_complexes	POINTWISE_EXPLORATORY	10000
All128	100	Transfer-NonSurface	LeDock	valid_fraction_pct	6.276041666666671	3.0208333333333286	10.0	percentage_points	10000	independent_repeats_shared_complexes	POINTWISE_EXPLORATORY	10000
All128	100	Transfer-NonSurface	PLANTS	pose_density_lt2_pct	5.651041666666667	2.838541666666666	8.541666666666666	percentage_points	10000	independent_repeats_shared_complexes	POINTWISE_EXPLORATORY	10000
All128	100	Transfer-NonSurface	PLANTS	coverage_k10_lt2_pct	9.114583333333329	0.5208333333333355	17.96875	percentage_points	10000	independent_repeats_shared_complexes	POINTWISE_EXPLORATORY	10000
All128	100	Transfer-NonSurface	PLANTS	median_best_rmsd_A	-1.315705515076893	-1.865448778786461	-0.5488240899440194	Angstrom	10000	independent_repeats_shared_complexes	POINTWISE_EXPLORATORY	10000
All128	100	Transfer-NonSurface	PLANTS	valid_fraction_pct	10.15625	5.46875	15.625	percentage_points	10000	independent_repeats_shared_complexes	POINTWISE_EXPLORATORY	10000
All128	100	Transfer-NonSurface	AutoDock-GPU	pose_density_lt2_pct	1.666666666666666	-1.875	5.130208333333333	percentage_points	10000	independent_repeats_shared_complexes	POINTWISE_EXPLORATORY	10000
All128	100	Transfer-NonSurface	AutoDock-GPU	coverage_k10_lt2_pct	12.239583333333329	3.6458333333333357	20.833333333333336	percentage_points	10000	independent_repeats_shared_complexes	POINTWISE_EXPLORATORY	10000
All128	100	Transfer-NonSurface	AutoDock-GPU	median_best_rmsd_A	-0.7727925834102263	-1.3145245728999588	-0.34910537736595554	Angstrom	10000	independent_repeats_shared_complexes	POINTWISE_EXPLORATORY	10000
All128	100	Transfer-NonSurface	AutoDock-GPU	valid_fraction_pct	4.6875	1.5625	8.59375	percentage_points	10000	independent_repeats_shared_complexes	POINTWISE_EXPLORATORY	10000
Yan72	10	Transfer-All	Transfer-NonSurface	pose_density_lt2_pct	9.537037037037038	6.388888888888889	12.824074074074076	percentage_points	10000	paired_surface_transfer	POINTWISE_EXPLORATORY	10000
Yan72	10	Transfer-All	Transfer-NonSurface	coverage_k10_lt2_pct	19.907407407407405	11.111111111111114	29.166666666666664	percentage_points	10000	paired_surface_transfer	POINTWISE_EXPLORATORY	10000
Yan72	10	Transfer-All	Transfer-NonSurface	median_best_rmsd_A	-0.8863898599144548	-1.2639509251732495	-0.3944444958355397	Angstrom	10000	paired_surface_transfer	POINTWISE_EXPLORATORY	10000
Yan72	10	Transfer-All	Transfer-NonSurface	valid_fraction_pct	0.0	0.0	0.0	percentage_points	10000	paired_surface_transfer	POINTWISE_EXPLORATORY	10000
Yan72	25	Transfer-All	Transfer-NonSurface	pose_density_lt2_pct	6.064814814814815	3.287037037037038	9.074074074074073	percentage_points	10000	paired_surface_transfer	POINTWISE_EXPLORATORY	10000
Yan72	25	Transfer-All	Transfer-NonSurface	coverage_k10_lt2_pct	12.037037037037024	3.7037037037037024	21.29629629629629	percentage_points	10000	paired_surface_transfer	POINTWISE_EXPLORATORY	10000
Yan72	25	Transfer-All	Transfer-NonSurface	median_best_rmsd_A	-0.5285152528608885	-0.9813172883814033	-0.08539726332631316	Angstrom	10000	paired_surface_transfer	POINTWISE_EXPLORATORY	10000
Yan72	25	Transfer-All	Transfer-NonSurface	valid_fraction_pct	0.0	0.0	0.0	percentage_points	10000	paired_surface_transfer	POINTWISE_EXPLORATORY	10000
Yan72	50	Transfer-All	Transfer-NonSurface	pose_density_lt2_pct	6.666666666666666	3.101851851851853	10.416666666666664	percentage_points	10000	paired_surface_transfer	POINTWISE_EXPLORATORY	10000
Yan72	50	Transfer-All	Transfer-NonSurface	coverage_k10_lt2_pct	7.407407407407419	-0.462962962962969	15.74074074074074	percentage_points	10000	paired_surface_transfer	POINTWISE_EXPLORATORY	10000
Yan72	50	Transfer-All	Transfer-NonSurface	median_best_rmsd_A	-0.2539154639910439	-0.6773313654010271	0.06989288478865832	Angstrom	10000	paired_surface_transfer	POINTWISE_EXPLORATORY	10000
Yan72	50	Transfer-All	Transfer-NonSurface	valid_fraction_pct	0.0	0.0	0.0	percentage_points	10000	paired_surface_transfer	POINTWISE_EXPLORATORY	10000
Yan72	100	Transfer-All	Transfer-NonSurface	pose_density_lt2_pct	4.166666666666668	0.9722222222222232	7.361111111111109	percentage_points	10000	paired_surface_transfer	POINTWISE_EXPLORATORY	10000
Yan72	100	Transfer-All	Transfer-NonSurface	coverage_k10_lt2_pct	11.574074074074069	2.3148148148148096	20.833333333333336	percentage_points	10000	paired_surface_transfer	POINTWISE_EXPLORATORY	10000
Yan72	100	Transfer-All	Transfer-NonSurface	median_best_rmsd_A	-0.42821710435843463	-0.7688432419918516	0.09168692334789058	Angstrom	10000	paired_surface_transfer	POINTWISE_EXPLORATORY	10000
Yan72	100	Transfer-All	Transfer-NonSurface	valid_fraction_pct	0.0	0.0	0.0	percentage_points	10000	paired_surface_transfer	POINTWISE_EXPLORATORY	10000
Yan72	10	Transfer-All	Vina	pose_density_lt2_pct	8.564814814814817	4.583333333333333	12.638888888888891	percentage_points	10000	independent_repeats_shared_complexes	POINTWISE_EXPLORATORY	10000
Yan72	10	Transfer-All	Vina	coverage_k10_lt2_pct	7.870370370370367	-2.7777777777777715	18.981481481481474	percentage_points	10000	independent_repeats_shared_complexes	POINTWISE_EXPLORATORY	10000
Yan72	10	Transfer-All	Vina	median_best_rmsd_A	-0.639250703907589	-1.5442708469923883	0.225959090673197	Angstrom	10000	independent_repeats_shared_complexes	POINTWISE_EXPLORATORY	10000
Yan72	10	Transfer-All	Vina	valid_fraction_pct	12.962962962962976	5.555555555555557	20.83333333333333	percentage_points	10000	independent_repeats_shared_complexes	POINTWISE_EXPLORATORY	10000
Yan72	10	Transfer-All	rDock	pose_density_lt2_pct	-17.870370370370374	-26.620370370370367	-9.350694444444457	percentage_points	10000	independent_repeats_shared_complexes	POINTWISE_EXPLORATORY	10000
Yan72	10	Transfer-All	rDock	coverage_k10_lt2_pct	6.018518518518526	-5.092592592592595	17.129629629629633	percentage_points	10000	independent_repeats_shared_complexes	POINTWISE_EXPLORATORY	10000
Yan72	10	Transfer-All	rDock	median_best_rmsd_A	-0.40683152890758856	-1.1374673945693325	0.26933609941961656	Angstrom	10000	independent_repeats_shared_complexes	POINTWISE_EXPLORATORY	10000
Yan72	10	Transfer-All	rDock	valid_fraction_pct	1.3888888888888715	0.0	4.166666666666671	percentage_points	10000	independent_repeats_shared_complexes	POINTWISE_EXPLORATORY	10000
Yan72	10	Transfer-All	LeDock	pose_density_lt2_pct	-12.592592592592593	-20.37037037037037	-5.4629629629629655	percentage_points	10000	independent_repeats_shared_complexes	POINTWISE_EXPLORATORY	10000
Yan72	10	Transfer-All	LeDock	coverage_k10_lt2_pct	0.0	-12.037037037037038	12.037037037037038	percentage_points	10000	independent_repeats_shared_complexes	POINTWISE_EXPLORATORY	10000
Yan72	10	Transfer-All	LeDock	median_best_rmsd_A	-0.013864873907588837	-0.559281453421014	0.5746905158447324	Angstrom	10000	independent_repeats_shared_complexes	POINTWISE_EXPLORATORY	10000
Yan72	10	Transfer-All	LeDock	valid_fraction_pct	8.240740740740748	3.194444444444443	14.212962962962976	percentage_points	10000	independent_repeats_shared_complexes	POINTWISE_EXPLORATORY	10000
Yan72	10	Transfer-All	PLANTS	pose_density_lt2_pct	7.222222222222221	3.1006944444444433	11.481481481481483	percentage_points	10000	independent_repeats_shared_complexes	POINTWISE_EXPLORATORY	10000
Yan72	10	Transfer-All	PLANTS	coverage_k10_lt2_pct	3.2407407407407405	-7.870370370370374	14.81481481481481	percentage_points	10000	independent_repeats_shared_complexes	POINTWISE_EXPLORATORY	10000
Yan72	10	Transfer-All	PLANTS	median_best_rmsd_A	-0.7607859572409221	-1.752334101863905	0.6064548151910202	Angstrom	10000	independent_repeats_shared_complexes	POINTWISE_EXPLORATORY	10000
Yan72	10	Transfer-All	PLANTS	valid_fraction_pct	6.944444444444443	1.3888888888888715	13.888888888888872	percentage_points	10000	independent_repeats_shared_complexes	POINTWISE_EXPLORATORY	10000
Yan72	10	Transfer-All	AutoDock-GPU	pose_density_lt2_pct	-0.27777777777777857	-5.509259259259258	4.722222222222225	percentage_points	10000	independent_repeats_shared_complexes	POINTWISE_EXPLORATORY	10000
Yan72	10	Transfer-All	AutoDock-GPU	coverage_k10_lt2_pct	6.94444444444445	-2.7777777777777857	17.592592592592588	percentage_points	10000	independent_repeats_shared_complexes	POINTWISE_EXPLORATORY	10000
Yan72	10	Transfer-All	AutoDock-GPU	median_best_rmsd_A	-0.4380636055742555	-1.067910549036625	0.1942502202754883	Angstrom	10000	independent_repeats_shared_complexes	POINTWISE_EXPLORATORY	10000
Yan72	10	Transfer-All	AutoDock-GPU	valid_fraction_pct	1.3888888888888715	0.0	4.166666666666671	percentage_points	10000	independent_repeats_shared_complexes	POINTWISE_EXPLORATORY	10000
Yan72	10	Transfer-NonSurface	Vina	pose_density_lt2_pct	-0.9722222222222214	-3.564814814814815	1.5740740740740753	percentage_points	10000	independent_repeats_shared_complexes	POINTWISE_EXPLORATORY	10000
Yan72	10	Transfer-NonSurface	Vina	coverage_k10_lt2_pct	-12.037037037037038	-22.685185185185194	-1.3888888888888893	percentage_points	10000	independent_repeats_shared_complexes	POINTWISE_EXPLORATORY	10000
Yan72	10	Transfer-NonSurface	Vina	median_best_rmsd_A	0.24713915600686587	-0.7148245363483093	1.0800846499743573	Angstrom	10000	independent_repeats_shared_complexes	POINTWISE_EXPLORATORY	10000
Yan72	10	Transfer-NonSurface	Vina	valid_fraction_pct	12.962962962962976	5.555555555555557	20.83333333333333	percentage_points	10000	independent_repeats_shared_complexes	POINTWISE_EXPLORATORY	10000
Yan72	10	Transfer-NonSurface	rDock	pose_density_lt2_pct	-27.40740740740741	-36.574074074074076	-18.472222222222225	percentage_points	10000	independent_repeats_shared_complexes	POINTWISE_EXPLORATORY	10000
Yan72	10	Transfer-NonSurface	rDock	coverage_k10_lt2_pct	-13.888888888888879	-25.000000000000007	-3.2407407407407334	percentage_points	10000	independent_repeats_shared_complexes	POINTWISE_EXPLORATORY	10000
Yan72	10	Transfer-NonSurface	rDock	median_best_rmsd_A	0.4795583310068663	-0.2834898009847139	1.0786427256675597	Angstrom	10000	independent_repeats_shared_complexes	POINTWISE_EXPLORATORY	10000
Yan72	10	Transfer-NonSurface	rDock	valid_fraction_pct	1.3888888888888715	0.0	4.166666666666671	percentage_points	10000	independent_repeats_shared_complexes	POINTWISE_EXPLORATORY	10000
Yan72	10	Transfer-NonSurface	LeDock	pose_density_lt2_pct	-22.12962962962963	-29.90856481481482	-14.953703703703702	percentage_points	10000	independent_repeats_shared_complexes	POINTWISE_EXPLORATORY	10000
Yan72	10	Transfer-NonSurface	LeDock	coverage_k10_lt2_pct	-19.907407407407405	-31.944444444444446	-7.870370370370374	percentage_points	10000	independent_repeats_shared_complexes	POINTWISE_EXPLORATORY	10000
Yan72	10	Transfer-NonSurface	LeDock	median_best_rmsd_A	0.872524986006866	0.3246635500864624	1.4250148015003994	Angstrom	10000	independent_repeats_shared_complexes	POINTWISE_EXPLORATORY	10000
Yan72	10	Transfer-NonSurface	LeDock	valid_fraction_pct	8.240740740740748	3.194444444444443	14.212962962962976	percentage_points	10000	independent_repeats_shared_complexes	POINTWISE_EXPLORATORY	10000
Yan72	10	Transfer-NonSurface	PLANTS	pose_density_lt2_pct	-2.3148148148148158	-5.0925925925925934	0.4166666666666661	percentage_points	10000	independent_repeats_shared_complexes	POINTWISE_EXPLORATORY	10000
Yan72	10	Transfer-NonSurface	PLANTS	coverage_k10_lt2_pct	-16.666666666666664	-27.77777777777778	-6.018518518518512	percentage_points	10000	independent_repeats_shared_complexes	POINTWISE_EXPLORATORY	10000
Yan72	10	Transfer-NonSurface	PLANTS	median_best_rmsd_A	0.12560390267353272	-0.8851561373675902	1.4149672284884718	Angstrom	10000	independent_repeats_shared_complexes	POINTWISE_EXPLORATORY	10000
Yan72	10	Transfer-NonSurface	PLANTS	valid_fraction_pct	6.944444444444443	1.3888888888888715	13.888888888888872	percentage_points	10000	independent_repeats_shared_complexes	POINTWISE_EXPLORATORY	10000
Yan72	10	Transfer-NonSurface	AutoDock-GPU	pose_density_lt2_pct	-9.814814814814817	-15.231481481481481	-4.861111111111112	percentage_points	10000	independent_repeats_shared_complexes	POINTWISE_EXPLORATORY	10000
Yan72	10	Transfer-NonSurface	AutoDock-GPU	coverage_k10_lt2_pct	-12.962962962962955	-23.148148148148156	-2.7777777777777786	percentage_points	10000	independent_repeats_shared_complexes	POINTWISE_EXPLORATORY	10000
Yan72	10	Transfer-NonSurface	AutoDock-GPU	median_best_rmsd_A	0.44832625434019935	-0.20772602285892386	1.0225721338501665	Angstrom	10000	independent_repeats_shared_complexes	POINTWISE_EXPLORATORY	10000
Yan72	10	Transfer-NonSurface	AutoDock-GPU	valid_fraction_pct	1.3888888888888715	0.0	4.166666666666671	percentage_points	10000	independent_repeats_shared_complexes	POINTWISE_EXPLORATORY	10000
Yan72	25	Transfer-All	Vina	pose_density_lt2_pct	9.537037037037038	5.694444444444445	13.703703703703699	percentage_points	10000	independent_repeats_shared_complexes	POINTWISE_EXPLORATORY	10000
Yan72	25	Transfer-All	Vina	coverage_k10_lt2_pct	12.499999999999993	0.9259259259259309	23.611111111111114	percentage_points	10000	independent_repeats_shared_complexes	POINTWISE_EXPLORATORY	10000
Yan72	25	Transfer-All	Vina	median_best_rmsd_A	-0.885214160827535	-1.7871136524659574	0.06106956177277652	Angstrom	10000	independent_repeats_shared_complexes	POINTWISE_EXPLORATORY	10000
Yan72	25	Transfer-All	Vina	valid_fraction_pct	12.962962962962976	5.555555555555557	20.83333333333333	percentage_points	10000	independent_repeats_shared_complexes	POINTWISE_EXPLORATORY	10000
Yan72	25	Transfer-All	rDock	pose_density_lt2_pct	-16.89814814814815	-26.111111111111104	-7.916666666666664	percentage_points	10000	independent_repeats_shared_complexes	POINTWISE_EXPLORATORY	10000
Yan72	25	Transfer-All	rDock	coverage_k10_lt2_pct	10.648148148148152	-1.3888888888888857	22.68518518518517	percentage_points	10000	independent_repeats_shared_complexes	POINTWISE_EXPLORATORY	10000
Yan72	25	Transfer-All	rDock	median_best_rmsd_A	-0.6527949858275346	-1.3499969472305604	0.08275130620779936	Angstrom	10000	independent_repeats_shared_complexes	POINTWISE_EXPLORATORY	10000
Yan72	25	Transfer-All	rDock	valid_fraction_pct	1.3888888888888715	0.0	4.166666666666671	percentage_points	10000	independent_repeats_shared_complexes	POINTWISE_EXPLORATORY	10000
Yan72	25	Transfer-All	LeDock	pose_density_lt2_pct	-11.62037037037037	-19.25925925925926	-4.583333333333332	percentage_points	10000	independent_repeats_shared_complexes	POINTWISE_EXPLORATORY	10000
Yan72	25	Transfer-All	LeDock	coverage_k10_lt2_pct	4.629629629629626	-7.870370370370367	16.66666666666667	percentage_points	10000	independent_repeats_shared_complexes	POINTWISE_EXPLORATORY	10000
Yan72	25	Transfer-All	LeDock	median_best_rmsd_A	-0.25982833082753487	-0.7207290329000234	0.34662626638559335	Angstrom	10000	independent_repeats_shared_complexes	POINTWISE_EXPLORATORY	10000
Yan72	25	Transfer-All	LeDock	valid_fraction_pct	8.240740740740748	3.194444444444443	14.212962962962976	percentage_points	10000	independent_repeats_shared_complexes	POINTWISE_EXPLORATORY	10000
Yan72	25	Transfer-All	PLANTS	pose_density_lt2_pct	8.194444444444445	4.074074074074074	12.59259259259259	percentage_points	10000	independent_repeats_shared_complexes	POINTWISE_EXPLORATORY	10000
Yan72	25	Transfer-All	PLANTS	coverage_k10_lt2_pct	7.870370370370367	-4.166666666666664	19.907407407407398	percentage_points	10000	independent_repeats_shared_complexes	POINTWISE_EXPLORATORY	10000
Yan72	25	Transfer-All	PLANTS	median_best_rmsd_A	-1.0067494141608682	-1.9989889120300206	0.42119028336644976	Angstrom	10000	independent_repeats_shared_complexes	POINTWISE_EXPLORATORY	10000
Yan72	25	Transfer-All	PLANTS	valid_fraction_pct	6.944444444444443	1.3888888888888715	13.888888888888872	percentage_points	10000	independent_repeats_shared_complexes	POINTWISE_EXPLORATORY	10000
Yan72	25	Transfer-All	AutoDock-GPU	pose_density_lt2_pct	0.6944444444444446	-4.861111111111109	5.972222222222225	percentage_points	10000	independent_repeats_shared_complexes	POINTWISE_EXPLORATORY	10000
Yan72	25	Transfer-All	AutoDock-GPU	coverage_k10_lt2_pct	11.574074074074076	0.9259259259259238	22.222222222222236	percentage_points	10000	independent_repeats_shared_complexes	POINTWISE_EXPLORATORY	10000
Yan72	25	Transfer-All	AutoDock-GPU	median_best_rmsd_A	-0.6840270624942015	-1.2665226675013572	0.012619187148516916	Angstrom	10000	independent_repeats_shared_complexes	POINTWISE_EXPLORATORY	10000
Yan72	25	Transfer-All	AutoDock-GPU	valid_fraction_pct	1.3888888888888715	0.0	4.166666666666671	percentage_points	10000	independent_repeats_shared_complexes	POINTWISE_EXPLORATORY	10000
Yan72	25	Transfer-NonSurface	Vina	pose_density_lt2_pct	3.472222222222224	0.5555555555555562	6.481481481481481	percentage_points	10000	independent_repeats_shared_complexes	POINTWISE_EXPLORATORY	10000
Yan72	25	Transfer-NonSurface	Vina	coverage_k10_lt2_pct	0.462962962962969	-10.18518518518519	11.111111111111114	percentage_points	10000	independent_repeats_shared_complexes	POINTWISE_EXPLORATORY	10000
Yan72	25	Transfer-NonSurface	Vina	median_best_rmsd_A	-0.3566989079666465	-1.2509885214192777	0.567635270045454	Angstrom	10000	independent_repeats_shared_complexes	POINTWISE_EXPLORATORY	10000
Yan72	25	Transfer-NonSurface	Vina	valid_fraction_pct	12.962962962962976	5.555555555555557	20.83333333333333	percentage_points	10000	independent_repeats_shared_complexes	POINTWISE_EXPLORATORY	10000
Yan72	25	Transfer-NonSurface	rDock	pose_density_lt2_pct	-22.962962962962962	-31.760416666666664	-14.212962962962965	percentage_points	10000	independent_repeats_shared_complexes	POINTWISE_EXPLORATORY	10000
Yan72	25	Transfer-NonSurface	rDock	coverage_k10_lt2_pct	-1.3888888888888715	-12.037037037037038	9.259259259259267	percentage_points	10000	independent_repeats_shared_complexes	POINTWISE_EXPLORATORY	10000
Yan72	25	Transfer-NonSurface	rDock	median_best_rmsd_A	-0.12427973296664607	-0.8491898799440618	0.565321133281138	Angstrom	10000	independent_repeats_shared_complexes	POINTWISE_EXPLORATORY	10000
Yan72	25	Transfer-NonSurface	rDock	valid_fraction_pct	1.3888888888888715	0.0	4.166666666666671	percentage_points	10000	independent_repeats_shared_complexes	POINTWISE_EXPLORATORY	10000
Yan72	25	Transfer-NonSurface	LeDock	pose_density_lt2_pct	-17.685185185185183	-25.324074074074076	-10.694444444444448	percentage_points	10000	independent_repeats_shared_complexes	POINTWISE_EXPLORATORY	10000
Yan72	25	Transfer-NonSurface	LeDock	coverage_k10_lt2_pct	-7.407407407407398	-18.981481481481488	4.166666666666671	percentage_points	10000	independent_repeats_shared_complexes	POINTWISE_EXPLORATORY	10000
Yan72	25	Transfer-NonSurface	LeDock	median_best_rmsd_A	0.26868692203335365	-0.21767812564906622	0.8883829341114935	Angstrom	10000	independent_repeats_shared_complexes	POINTWISE_EXPLORATORY	10000
Yan72	25	Transfer-NonSurface	LeDock	valid_fraction_pct	8.240740740740748	3.194444444444443	14.212962962962976	percentage_points	10000	independent_repeats_shared_complexes	POINTWISE_EXPLORATORY	10000
Yan72	25	Transfer-NonSurface	PLANTS	pose_density_lt2_pct	2.1296296296296298	-1.0185185185185173	5.3240740740740735	percentage_points	10000	independent_repeats_shared_complexes	POINTWISE_EXPLORATORY	10000
Yan72	25	Transfer-NonSurface	PLANTS	coverage_k10_lt2_pct	-4.166666666666657	-14.351851851851855	6.018518518518526	percentage_points	10000	independent_repeats_shared_complexes	POINTWISE_EXPLORATORY	10000
Yan72	25	Transfer-NonSurface	PLANTS	median_best_rmsd_A	-0.47823416129997964	-1.4235110093020669	0.8944253763726234	Angstrom	10000	independent_repeats_shared_complexes	POINTWISE_EXPLORATORY	10000
Yan72	25	Transfer-NonSurface	PLANTS	valid_fraction_pct	6.944444444444443	1.3888888888888715	13.888888888888872	percentage_points	10000	independent_repeats_shared_complexes	POINTWISE_EXPLORATORY	10000
Yan72	25	Transfer-NonSurface	AutoDock-GPU	pose_density_lt2_pct	-5.37037037037037	-10.601851851851853	-0.5555555555555554	percentage_points	10000	independent_repeats_shared_complexes	POINTWISE_EXPLORATORY	10000
Yan72	25	Transfer-NonSurface	AutoDock-GPU	coverage_k10_lt2_pct	-0.4629629629629477	-9.722222222222229	8.796296296296283	percentage_points	10000	independent_repeats_shared_complexes	POINTWISE_EXPLORATORY	10000
Yan72	25	Transfer-NonSurface	AutoDock-GPU	median_best_rmsd_A	-0.15551180963331301	-0.7441540644352882	0.504551318546255	Angstrom	10000	independent_repeats_shared_complexes	POINTWISE_EXPLORATORY	10000
Yan72	25	Transfer-NonSurface	AutoDock-GPU	valid_fraction_pct	1.3888888888888715	0.0	4.166666666666671	percentage_points	10000	independent_repeats_shared_complexes	POINTWISE_EXPLORATORY	10000
Yan72	50	Transfer-All	Vina	pose_density_lt2_pct	13.472222222222221	9.166666666666666	18.055555555555557	percentage_points	10000	independent_repeats_shared_complexes	POINTWISE_EXPLORATORY	10000
Yan72	50	Transfer-All	Vina	coverage_k10_lt2_pct	17.592592592592595	6.944444444444436	28.703703703703702	percentage_points	10000	independent_repeats_shared_complexes	POINTWISE_EXPLORATORY	10000
Yan72	50	Transfer-All	Vina	median_best_rmsd_A	-1.0057709112778774	-1.949040836201787	-0.193028676038568	Angstrom	10000	independent_repeats_shared_complexes	POINTWISE_EXPLORATORY	10000
Yan72	50	Transfer-All	Vina	valid_fraction_pct	12.962962962962976	5.555555555555557	20.83333333333333	percentage_points	10000	independent_repeats_shared_complexes	POINTWISE_EXPLORATORY	10000
Yan72	50	Transfer-All	rDock	pose_density_lt2_pct	-12.962962962962965	-22.175925925925924	-3.8888888888888893	percentage_points	10000	independent_repeats_shared_complexes	POINTWISE_EXPLORATORY	10000
Yan72	50	Transfer-All	rDock	coverage_k10_lt2_pct	15.740740740740755	3.7037037037037024	27.77777777777777	percentage_points	10000	independent_repeats_shared_complexes	POINTWISE_EXPLORATORY	10000
Yan72	50	Transfer-All	rDock	median_best_rmsd_A	-0.773351736277877	-1.531090047812208	-0.15099686225676573	Angstrom	10000	independent_repeats_shared_complexes	POINTWISE_EXPLORATORY	10000
Yan72	50	Transfer-All	rDock	valid_fraction_pct	1.3888888888888715	0.0	4.166666666666671	percentage_points	10000	independent_repeats_shared_complexes	POINTWISE_EXPLORATORY	10000
Yan72	50	Transfer-All	LeDock	pose_density_lt2_pct	-7.685185185185187	-14.815972222222227	-0.8796296296296262	percentage_points	10000	independent_repeats_shared_complexes	POINTWISE_EXPLORATORY	10000
Yan72	50	Transfer-All	LeDock	coverage_k10_lt2_pct	9.722222222222229	-2.3148148148148096	21.759259259259252	percentage_points	10000	independent_repeats_shared_complexes	POINTWISE_EXPLORATORY	10000
Yan72	50	Transfer-All	LeDock	median_best_rmsd_A	-0.3803850812778773	-0.8952972357188359	0.07475484095254276	Angstrom	10000	independent_repeats_shared_complexes	POINTWISE_EXPLORATORY	10000
Yan72	50	Transfer-All	LeDock	valid_fraction_pct	8.240740740740748	3.194444444444443	14.212962962962976	percentage_points	10000	independent_repeats_shared_complexes	POINTWISE_EXPLORATORY	10000
Yan72	50	Transfer-All	PLANTS	pose_density_lt2_pct	12.129629629629628	7.824074074074074	16.712962962962965	percentage_points	10000	independent_repeats_shared_complexes	POINTWISE_EXPLORATORY	10000
Yan72	50	Transfer-All	PLANTS	coverage_k10_lt2_pct	12.962962962962969	1.8518518518518547	24.074074074074076	percentage_points	10000	independent_repeats_shared_complexes	POINTWISE_EXPLORATORY	10000
Yan72	50	Transfer-All	PLANTS	median_best_rmsd_A	-1.1273061646112106	-2.1616321967940464	0.1731963678569602	Angstrom	10000	independent_repeats_shared_complexes	POINTWISE_EXPLORATORY	10000
Yan72	50	Transfer-All	PLANTS	valid_fraction_pct	6.944444444444443	1.3888888888888715	13.888888888888872	percentage_points	10000	independent_repeats_shared_complexes	POINTWISE_EXPLORATORY	10000
Yan72	50	Transfer-All	AutoDock-GPU	pose_density_lt2_pct	4.629629629629628	-1.0648148148148167	10.277777777777779	percentage_points	10000	independent_repeats_shared_complexes	POINTWISE_EXPLORATORY	10000
Yan72	50	Transfer-All	AutoDock-GPU	coverage_k10_lt2_pct	16.66666666666668	6.018518518518526	27.314814814814817	percentage_points	10000	independent_repeats_shared_complexes	POINTWISE_EXPLORATORY	10000
Yan72	50	Transfer-All	AutoDock-GPU	median_best_rmsd_A	-0.804583812944544	-1.426029752400167	-0.2627113259815022	Angstrom	10000	independent_repeats_shared_complexes	POINTWISE_EXPLORATORY	10000
Yan72	50	Transfer-All	AutoDock-GPU	valid_fraction_pct	1.3888888888888715	0.0	4.166666666666671	percentage_points	10000	independent_repeats_shared_complexes	POINTWISE_EXPLORATORY	10000
Yan72	50	Transfer-NonSurface	Vina	pose_density_lt2_pct	6.805555555555556	3.3796296296296306	10.324074074074076	percentage_points	10000	independent_repeats_shared_complexes	POINTWISE_EXPLORATORY	10000
Yan72	50	Transfer-NonSurface	Vina	coverage_k10_lt2_pct	10.185185185185176	-0.9259259259259238	21.296296296296294	percentage_points	10000	independent_repeats_shared_complexes	POINTWISE_EXPLORATORY	10000
Yan72	50	Transfer-NonSurface	Vina	median_best_rmsd_A	-0.7518554472868335	-1.6756890541282186	0.10208487973201051	Angstrom	10000	independent_repeats_shared_complexes	POINTWISE_EXPLORATORY	10000
Yan72	50	Transfer-NonSurface	Vina	valid_fraction_pct	12.962962962962976	5.555555555555557	20.83333333333333	percentage_points	10000	independent_repeats_shared_complexes	POINTWISE_EXPLORATORY	10000
Yan72	50	Transfer-NonSurface	rDock	pose_density_lt2_pct	-19.629629629629633	-28.936342592592595	-10.324074074074073	percentage_points	10000	independent_repeats_shared_complexes	POINTWISE_EXPLORATORY	10000
Yan72	50	Transfer-NonSurface	rDock	coverage_k10_lt2_pct	8.333333333333336	-2.7777777777777786	19.44444444444445	percentage_points	10000	independent_repeats_shared_complexes	POINTWISE_EXPLORATORY	10000
Yan72	50	Transfer-NonSurface	rDock	median_best_rmsd_A	-0.5194362722868331	-1.3083044361826874	0.13108952128100135	Angstrom	10000	independent_repeats_shared_complexes	POINTWISE_EXPLORATORY	10000
Yan72	50	Transfer-NonSurface	rDock	valid_fraction_pct	1.3888888888888715	0.0	4.166666666666671	percentage_points	10000	independent_repeats_shared_complexes	POINTWISE_EXPLORATORY	10000
Yan72	50	Transfer-NonSurface	LeDock	pose_density_lt2_pct	-14.351851851851853	-22.361111111111114	-6.898148148148149	percentage_points	10000	independent_repeats_shared_complexes	POINTWISE_EXPLORATORY	10000
Yan72	50	Transfer-NonSurface	LeDock	coverage_k10_lt2_pct	2.3148148148148096	-10.185185185185176	14.351851851851862	percentage_points	10000	independent_repeats_shared_complexes	POINTWISE_EXPLORATORY	10000
Yan72	50	Transfer-NonSurface	LeDock	median_best_rmsd_A	-0.12646961728683337	-0.6786713363191893	0.46342201805991434	Angstrom	10000	independent_repeats_shared_complexes	POINTWISE_EXPLORATORY	10000
Yan72	50	Transfer-NonSurface	LeDock	valid_fraction_pct	8.240740740740748	3.194444444444443	14.212962962962976	percentage_points	10000	independent_repeats_shared_complexes	POINTWISE_EXPLORATORY	10000
Yan72	50	Transfer-NonSurface	PLANTS	pose_density_lt2_pct	5.462962962962962	1.9444444444444464	9.120370370370368	percentage_points	10000	independent_repeats_shared_complexes	POINTWISE_EXPLORATORY	10000
Yan72	50	Transfer-NonSurface	PLANTS	coverage_k10_lt2_pct	5.55555555555555	-5.567129629629627	17.12962962962962	percentage_points	10000	independent_repeats_shared_complexes	POINTWISE_EXPLORATORY	10000
Yan72	50	Transfer-NonSurface	PLANTS	median_best_rmsd_A	-0.8733907006201667	-1.9034052797533316	0.47736267905515306	Angstrom	10000	independent_repeats_shared_complexes	POINTWISE_EXPLORATORY	10000
Yan72	50	Transfer-NonSurface	PLANTS	valid_fraction_pct	6.944444444444443	1.3888888888888715	13.888888888888872	percentage_points	10000	independent_repeats_shared_complexes	POINTWISE_EXPLORATORY	10000
Yan72	50	Transfer-NonSurface	AutoDock-GPU	pose_density_lt2_pct	-2.037037037037038	-7.962962962962964	3.472222222222223	percentage_points	10000	independent_repeats_shared_complexes	POINTWISE_EXPLORATORY	10000
Yan72	50	Transfer-NonSurface	AutoDock-GPU	coverage_k10_lt2_pct	9.25925925925926	-0.9259259259259238	19.44444444444445	percentage_points	10000	independent_repeats_shared_complexes	POINTWISE_EXPLORATORY	10000
Yan72	50	Transfer-NonSurface	AutoDock-GPU	median_best_rmsd_A	-0.5506683489535	-1.2050063877383814	0.07364612521173064	Angstrom	10000	independent_repeats_shared_complexes	POINTWISE_EXPLORATORY	10000
Yan72	50	Transfer-NonSurface	AutoDock-GPU	valid_fraction_pct	1.3888888888888715	0.0	4.166666666666671	percentage_points	10000	independent_repeats_shared_complexes	POINTWISE_EXPLORATORY	10000
Yan72	100	Transfer-All	Vina	pose_density_lt2_pct	12.222222222222221	7.5925925925925934	17.037037037037035	percentage_points	10000	independent_repeats_shared_complexes	POINTWISE_EXPLORATORY	10000
Yan72	100	Transfer-All	Vina	coverage_k10_lt2_pct	17.129629629629626	5.555555555555564	28.703703703703702	percentage_points	10000	independent_repeats_shared_complexes	POINTWISE_EXPLORATORY	10000
Yan72	100	Transfer-All	Vina	median_best_rmsd_A	-0.9743774390090321	-1.930220052205456	-0.09496374513526348	Angstrom	10000	independent_repeats_shared_complexes	POINTWISE_EXPLORATORY	10000
Yan72	100	Transfer-All	Vina	valid_fraction_pct	12.962962962962976	5.555555555555557	20.83333333333333	percentage_points	10000	independent_repeats_shared_complexes	POINTWISE_EXPLORATORY	10000
Yan72	100	Transfer-All	rDock	pose_density_lt2_pct	-14.212962962962965	-23.888888888888893	-4.628472222222236	percentage_points	10000	independent_repeats_shared_complexes	POINTWISE_EXPLORATORY	10000
Yan72	100	Transfer-All	rDock	coverage_k10_lt2_pct	15.277777777777786	2.7777777777777715	27.77777777777778	percentage_points	10000	independent_repeats_shared_complexes	POINTWISE_EXPLORATORY	10000
Yan72	100	Transfer-All	rDock	median_best_rmsd_A	-0.7419582640090316	-1.4950307808496142	-0.05460597611994903	Angstrom	10000	independent_repeats_shared_complexes	POINTWISE_EXPLORATORY	10000
Yan72	100	Transfer-All	rDock	valid_fraction_pct	1.3888888888888715	0.0	4.166666666666671	percentage_points	10000	independent_repeats_shared_complexes	POINTWISE_EXPLORATORY	10000
Yan72	100	Transfer-All	LeDock	pose_density_lt2_pct	-8.935185185185187	-16.527777777777775	-1.759259259259263	percentage_points	10000	independent_repeats_shared_complexes	POINTWISE_EXPLORATORY	10000
Yan72	100	Transfer-All	LeDock	coverage_k10_lt2_pct	9.25925925925926	-2.3148148148148167	21.296296296296283	percentage_points	10000	independent_repeats_shared_complexes	POINTWISE_EXPLORATORY	10000
Yan72	100	Transfer-All	LeDock	median_best_rmsd_A	-0.3489916090090319	-0.8360135063594913	0.11870851133039932	Angstrom	10000	independent_repeats_shared_complexes	POINTWISE_EXPLORATORY	10000
Yan72	100	Transfer-All	LeDock	valid_fraction_pct	8.240740740740748	3.194444444444443	14.212962962962976	percentage_points	10000	independent_repeats_shared_complexes	POINTWISE_EXPLORATORY	10000
Yan72	100	Transfer-All	PLANTS	pose_density_lt2_pct	10.879629629629628	6.296296296296294	15.833333333333332	percentage_points	10000	independent_repeats_shared_complexes	POINTWISE_EXPLORATORY	10000
Yan72	100	Transfer-All	PLANTS	coverage_k10_lt2_pct	12.5	0.4629629629629619	24.537037037037038	percentage_points	10000	independent_repeats_shared_complexes	POINTWISE_EXPLORATORY	10000
Yan72	100	Transfer-All	PLANTS	median_best_rmsd_A	-1.0959126923423652	-2.1514533671204976	0.26420728528549675	Angstrom	10000	independent_repeats_shared_complexes	POINTWISE_EXPLORATORY	10000
Yan72	100	Transfer-All	PLANTS	valid_fraction_pct	6.944444444444443	1.3888888888888715	13.888888888888872	percentage_points	10000	independent_repeats_shared_complexes	POINTWISE_EXPLORATORY	10000
Yan72	100	Transfer-All	AutoDock-GPU	pose_density_lt2_pct	3.379629629629628	-2.59259259259259	9.305555555555554	percentage_points	10000	independent_repeats_shared_complexes	POINTWISE_EXPLORATORY	10000
Yan72	100	Transfer-All	AutoDock-GPU	coverage_k10_lt2_pct	16.20370370370371	5.092592592592588	27.77777777777777	percentage_points	10000	independent_repeats_shared_complexes	POINTWISE_EXPLORATORY	10000
Yan72	100	Transfer-All	AutoDock-GPU	median_best_rmsd_A	-0.7731903406756986	-1.4136437570471452	-0.16377179626106408	Angstrom	10000	independent_repeats_shared_complexes	POINTWISE_EXPLORATORY	10000
Yan72	100	Transfer-All	AutoDock-GPU	valid_fraction_pct	1.3888888888888715	0.0	4.166666666666671	percentage_points	10000	independent_repeats_shared_complexes	POINTWISE_EXPLORATORY	10000
Yan72	100	Transfer-NonSurface	Vina	pose_density_lt2_pct	8.055555555555554	4.120370370370371	12.175925925925927	percentage_points	10000	independent_repeats_shared_complexes	POINTWISE_EXPLORATORY	10000
Yan72	100	Transfer-NonSurface	Vina	coverage_k10_lt2_pct	5.555555555555557	-6.018518518518519	17.129629629629626	percentage_points	10000	independent_repeats_shared_complexes	POINTWISE_EXPLORATORY	10000
Yan72	100	Transfer-NonSurface	Vina	median_best_rmsd_A	-0.5461603346505974	-1.5666288915330002	0.2582398746192254	Angstrom	10000	independent_repeats_shared_complexes	POINTWISE_EXPLORATORY	10000
Yan72	100	Transfer-NonSurface	Vina	valid_fraction_pct	12.962962962962976	5.555555555555557	20.83333333333333	percentage_points	10000	independent_repeats_shared_complexes	POINTWISE_EXPLORATORY	10000
Yan72	100	Transfer-NonSurface	rDock	pose_density_lt2_pct	-18.379629629629633	-27.453703703703702	-9.444444444444443	percentage_points	10000	independent_repeats_shared_complexes	POINTWISE_EXPLORATORY	10000
Yan72	100	Transfer-NonSurface	rDock	coverage_k10_lt2_pct	3.7037037037037166	-8.333333333333336	15.740740740740733	percentage_points	10000	independent_repeats_shared_complexes	POINTWISE_EXPLORATORY	10000
Yan72	100	Transfer-NonSurface	rDock	median_best_rmsd_A	-0.313741159650597	-1.1643114631199603	0.3188146947534957	Angstrom	10000	independent_repeats_shared_complexes	POINTWISE_EXPLORATORY	10000
Yan72	100	Transfer-NonSurface	rDock	valid_fraction_pct	1.3888888888888715	0.0	4.166666666666671	percentage_points	10000	independent_repeats_shared_complexes	POINTWISE_EXPLORATORY	10000
Yan72	100	Transfer-NonSurface	LeDock	pose_density_lt2_pct	-13.101851851851855	-20.694444444444446	-5.972222222222218	percentage_points	10000	independent_repeats_shared_complexes	POINTWISE_EXPLORATORY	10000
Yan72	100	Transfer-NonSurface	LeDock	coverage_k10_lt2_pct	-2.3148148148148096	-13.888888888888893	9.25925925925926	percentage_points	10000	independent_repeats_shared_complexes	POINTWISE_EXPLORATORY	10000
Yan72	100	Transfer-NonSurface	LeDock	median_best_rmsd_A	0.07922549534940271	-0.5849145163598246	0.5548086003555619	Angstrom	10000	independent_repeats_shared_complexes	POINTWISE_EXPLORATORY	10000
Yan72	100	Transfer-NonSurface	LeDock	valid_fraction_pct	8.240740740740748	3.194444444444443	14.212962962962976	percentage_points	10000	independent_repeats_shared_complexes	POINTWISE_EXPLORATORY	10000
Yan72	100	Transfer-NonSurface	PLANTS	pose_density_lt2_pct	6.71296296296296	2.8240740740740744	10.833333333333332	percentage_points	10000	independent_repeats_shared_complexes	POINTWISE_EXPLORATORY	10000
Yan72	100	Transfer-NonSurface	PLANTS	coverage_k10_lt2_pct	0.9259259259259309	-11.1111111111111	12.962962962962962	percentage_points	10000	independent_repeats_shared_complexes	POINTWISE_EXPLORATORY	10000
Yan72	100	Transfer-NonSurface	PLANTS	median_best_rmsd_A	-0.6676955879839306	-1.7790658752976016	0.6747503576802041	Angstrom	10000	independent_repeats_shared_complexes	POINTWISE_EXPLORATORY	10000
Yan72	100	Transfer-NonSurface	PLANTS	valid_fraction_pct	6.944444444444443	1.3888888888888715	13.888888888888872	percentage_points	10000	independent_repeats_shared_complexes	POINTWISE_EXPLORATORY	10000
Yan72	100	Transfer-NonSurface	AutoDock-GPU	pose_density_lt2_pct	-0.7870370370370399	-6.111111111111111	4.444444444444445	percentage_points	10000	independent_repeats_shared_complexes	POINTWISE_EXPLORATORY	10000
Yan72	100	Transfer-NonSurface	AutoDock-GPU	coverage_k10_lt2_pct	4.62962962962964	-6.481481481481474	16.203703703703695	percentage_points	10000	independent_repeats_shared_complexes	POINTWISE_EXPLORATORY	10000
Yan72	100	Transfer-NonSurface	AutoDock-GPU	median_best_rmsd_A	-0.34497323631726395	-1.105404850460153	0.24821984517363788	Angstrom	10000	independent_repeats_shared_complexes	POINTWISE_EXPLORATORY	10000
Yan72	100	Transfer-NonSurface	AutoDock-GPU	valid_fraction_pct	1.3888888888888715	0.0	4.166666666666671	percentage_points	10000	independent_repeats_shared_complexes	POINTWISE_EXPLORATORY	10000
Ruiz52	10	Transfer-All	Transfer-NonSurface	pose_density_lt2_pct	7.948717948717951	4.55128205128205	12.307692307692307	percentage_points	10000	paired_surface_transfer	POINTWISE_EXPLORATORY	10000
Ruiz52	10	Transfer-All	Transfer-NonSurface	coverage_k10_lt2_pct	26.282051282051285	15.384615384615385	37.82051282051282	percentage_points	10000	paired_surface_transfer	POINTWISE_EXPLORATORY	10000
Ruiz52	10	Transfer-All	Transfer-NonSurface	median_best_rmsd_A	-0.966919603976307	-1.4406882862549897	-0.5372178790132703	Angstrom	10000	paired_surface_transfer	POINTWISE_EXPLORATORY	10000
Ruiz52	10	Transfer-All	Transfer-NonSurface	valid_fraction_pct	0.0	0.0	0.0	percentage_points	10000	paired_surface_transfer	POINTWISE_EXPLORATORY	10000
Ruiz52	25	Transfer-All	Transfer-NonSurface	pose_density_lt2_pct	5.064102564102565	2.3076923076923084	8.269230769230768	percentage_points	10000	paired_surface_transfer	POINTWISE_EXPLORATORY	10000
Ruiz52	25	Transfer-All	Transfer-NonSurface	coverage_k10_lt2_pct	14.743589743589745	5.128205128205131	24.999999999999996	percentage_points	10000	paired_surface_transfer	POINTWISE_EXPLORATORY	10000
Ruiz52	25	Transfer-All	Transfer-NonSurface	median_best_rmsd_A	-0.5304169115071793	-0.8718701417582231	-0.2700109494901809	Angstrom	10000	paired_surface_transfer	POINTWISE_EXPLORATORY	10000
Ruiz52	25	Transfer-All	Transfer-NonSurface	valid_fraction_pct	0.0	0.0	0.0	percentage_points	10000	paired_surface_transfer	POINTWISE_EXPLORATORY	10000
Ruiz52	50	Transfer-All	Transfer-NonSurface	pose_density_lt2_pct	4.615384615384614	1.7948717948717952	7.692307692307694	percentage_points	10000	paired_surface_transfer	POINTWISE_EXPLORATORY	10000
Ruiz52	50	Transfer-All	Transfer-NonSurface	coverage_k10_lt2_pct	12.820512820512821	3.2051282051282115	23.717948717948723	percentage_points	10000	paired_surface_transfer	POINTWISE_EXPLORATORY	10000
Ruiz52	50	Transfer-All	Transfer-NonSurface	median_best_rmsd_A	-0.36656515554415625	-0.6965930321730374	-0.09289667424332344	Angstrom	10000	paired_surface_transfer	POINTWISE_EXPLORATORY	10000
Ruiz52	50	Transfer-All	Transfer-NonSurface	valid_fraction_pct	0.0	0.0	0.0	percentage_points	10000	paired_surface_transfer	POINTWISE_EXPLORATORY	10000
Ruiz52	100	Transfer-All	Transfer-NonSurface	pose_density_lt2_pct	4.038461538461538	1.536858974358974	6.924679487179466	percentage_points	10000	paired_surface_transfer	POINTWISE_EXPLORATORY	10000
Ruiz52	100	Transfer-All	Transfer-NonSurface	coverage_k10_lt2_pct	14.102564102564116	3.8461538461538467	24.999999999999993	percentage_points	10000	paired_surface_transfer	POINTWISE_EXPLORATORY	10000
Ruiz52	100	Transfer-All	Transfer-NonSurface	median_best_rmsd_A	-0.47980814078611833	-0.8482027484477831	-0.09713443472346016	Angstrom	10000	paired_surface_transfer	POINTWISE_EXPLORATORY	10000
Ruiz52	100	Transfer-All	Transfer-NonSurface	valid_fraction_pct	0.0	0.0	0.0	percentage_points	10000	paired_surface_transfer	POINTWISE_EXPLORATORY	10000
Ruiz52	10	Transfer-All	Vina	pose_density_lt2_pct	6.53846153846154	2.6282051282051286	11.474358974358974	percentage_points	10000	independent_repeats_shared_complexes	POINTWISE_EXPLORATORY	10000
Ruiz52	10	Transfer-All	Vina	coverage_k10_lt2_pct	21.153846153846157	8.974358974358974	33.33333333333334	percentage_points	10000	independent_repeats_shared_complexes	POINTWISE_EXPLORATORY	10000
Ruiz52	10	Transfer-All	Vina	median_best_rmsd_A	-2.423766525930884	-3.7453418884659184	-1.281797855597126	Angstrom	10000	independent_repeats_shared_complexes	POINTWISE_EXPLORATORY_WITH_CENSORED_DRAWS	9961
Ruiz52	10	Transfer-All	Vina	valid_fraction_pct	28.846153846153854	17.307692307692307	41.666666666666664	percentage_points	10000	independent_repeats_shared_complexes	POINTWISE_EXPLORATORY	10000
Ruiz52	10	Transfer-All	rDock	pose_density_lt2_pct	-1.5384615384615365	-8.653846153846155	5.256410256410257	percentage_points	10000	independent_repeats_shared_complexes	POINTWISE_EXPLORATORY	10000
Ruiz52	10	Transfer-All	rDock	coverage_k10_lt2_pct	15.38461538461539	1.923076923076927	28.221153846153623	percentage_points	10000	independent_repeats_shared_complexes	POINTWISE_EXPLORATORY	10000
Ruiz52	10	Transfer-All	rDock	median_best_rmsd_A	-0.8899539275975505	-1.6911169043211134	-0.23983055391767766	Angstrom	10000	independent_repeats_shared_complexes	POINTWISE_EXPLORATORY	10000
Ruiz52	10	Transfer-All	rDock	valid_fraction_pct	0.0	0.0	0.0	percentage_points	10000	independent_repeats_shared_complexes	POINTWISE_EXPLORATORY	10000
Ruiz52	10	Transfer-All	LeDock	pose_density_lt2_pct	-2.051282051282051	-8.397435897435898	3.9118589743589522	percentage_points	10000	independent_repeats_shared_complexes	POINTWISE_EXPLORATORY	10000
Ruiz52	10	Transfer-All	LeDock	coverage_k10_lt2_pct	9.615384615384617	-3.846153846153843	23.076923076923073	percentage_points	10000	independent_repeats_shared_complexes	POINTWISE_EXPLORATORY	10000
Ruiz52	10	Transfer-All	LeDock	median_best_rmsd_A	-0.06348731759755033	-0.6761722955074514	0.42696330346020994	Angstrom	10000	independent_repeats_shared_complexes	POINTWISE_EXPLORATORY	10000
Ruiz52	10	Transfer-All	LeDock	valid_fraction_pct	2.948717948717942	0.06410256410255499	6.987179487179489	percentage_points	10000	independent_repeats_shared_complexes	POINTWISE_EXPLORATORY	10000
Ruiz52	10	Transfer-All	PLANTS	pose_density_lt2_pct	5.576923076923078	1.7948717948717952	10.19230769230769	percentage_points	10000	independent_repeats_shared_complexes	POINTWISE_EXPLORATORY	10000
Ruiz52	10	Transfer-All	PLANTS	coverage_k10_lt2_pct	17.307692307692314	6.410256410256409	28.846153846153847	percentage_points	10000	independent_repeats_shared_complexes	POINTWISE_EXPLORATORY	10000
Ruiz52	10	Transfer-All	PLANTS	median_best_rmsd_A	-1.2528204992642173	-2.0922957230145487	-0.694679803883366	Angstrom	10000	independent_repeats_shared_complexes	POINTWISE_EXPLORATORY	10000
Ruiz52	10	Transfer-All	PLANTS	valid_fraction_pct	3.846153846153854	0.0	9.615384615384599	percentage_points	10000	independent_repeats_shared_complexes	POINTWISE_EXPLORATORY	10000
Ruiz52	10	Transfer-All	AutoDock-GPU	pose_density_lt2_pct	3.9102564102564115	-0.512820512820511	8.782051282051281	percentage_points	10000	independent_repeats_shared_complexes	POINTWISE_EXPLORATORY	10000
Ruiz52	10	Transfer-All	AutoDock-GPU	coverage_k10_lt2_pct	19.87179487179488	8.33333333333334	31.410256410256416	percentage_points	10000	independent_repeats_shared_complexes	POINTWISE_EXPLORATORY	10000
Ruiz52	10	Transfer-All	AutoDock-GPU	median_best_rmsd_A	-1.1537833692642172	-1.9735135712690033	-0.5135799178465671	Angstrom	10000	independent_repeats_shared_complexes	POINTWISE_EXPLORATORY	10000
Ruiz52	10	Transfer-All	AutoDock-GPU	valid_fraction_pct	1.9230769230769482	0.0	5.769230769230774	percentage_points	10000	independent_repeats_shared_complexes	POINTWISE_EXPLORATORY	10000
Ruiz52	10	Transfer-NonSurface	Vina	pose_density_lt2_pct	-1.4102564102564106	-3.333333333333334	0.4487179487179487	percentage_points	10000	independent_repeats_shared_complexes	POINTWISE_EXPLORATORY	10000
Ruiz52	10	Transfer-NonSurface	Vina	coverage_k10_lt2_pct	-5.1282051282051295	-14.102564102564102	3.2051282051282044	percentage_points	10000	independent_repeats_shared_complexes	POINTWISE_EXPLORATORY	10000
Ruiz52	10	Transfer-NonSurface	Vina	median_best_rmsd_A	-1.4568469219545768	-2.8264047495367572	-0.31872111155344973	Angstrom	10000	independent_repeats_shared_complexes	POINTWISE_EXPLORATORY_WITH_CENSORED_DRAWS	9961
Ruiz52	10	Transfer-NonSurface	Vina	valid_fraction_pct	28.846153846153854	17.307692307692307	41.666666666666664	percentage_points	10000	independent_repeats_shared_complexes	POINTWISE_EXPLORATORY	10000
Ruiz52	10	Transfer-NonSurface	rDock	pose_density_lt2_pct	-9.487179487179487	-16.602564102564102	-3.4615384615384612	percentage_points	10000	independent_repeats_shared_complexes	POINTWISE_EXPLORATORY	10000
Ruiz52	10	Transfer-NonSurface	rDock	coverage_k10_lt2_pct	-10.897435897435896	-22.435897435897438	-1.7763568394002505e-15	percentage_points	10000	independent_repeats_shared_complexes	POINTWISE_EXPLORATORY	10000
Ruiz52	10	Transfer-NonSurface	rDock	median_best_rmsd_A	0.07696567637875651	-0.6142016178332314	0.6071850345948961	Angstrom	10000	independent_repeats_shared_complexes	POINTWISE_EXPLORATORY	10000
Ruiz52	10	Transfer-NonSurface	rDock	valid_fraction_pct	0.0	0.0	0.0	percentage_points	10000	independent_repeats_shared_complexes	POINTWISE_EXPLORATORY	10000
Ruiz52	10	Transfer-NonSurface	LeDock	pose_density_lt2_pct	-10.000000000000002	-16.474358974358974	-4.487179487179487	percentage_points	10000	independent_repeats_shared_complexes	POINTWISE_EXPLORATORY	10000
Ruiz52	10	Transfer-NonSurface	LeDock	coverage_k10_lt2_pct	-16.66666666666667	-29.48717948717949	-4.487179487179489	percentage_points	10000	independent_repeats_shared_complexes	POINTWISE_EXPLORATORY	10000
Ruiz52	10	Transfer-NonSurface	LeDock	median_best_rmsd_A	0.9034322863787567	0.3853594787052612	1.322001085254465	Angstrom	10000	independent_repeats_shared_complexes	POINTWISE_EXPLORATORY	10000
Ruiz52	10	Transfer-NonSurface	LeDock	valid_fraction_pct	2.948717948717942	0.06410256410255499	6.987179487179489	percentage_points	10000	independent_repeats_shared_complexes	POINTWISE_EXPLORATORY	10000
Ruiz52	10	Transfer-NonSurface	PLANTS	pose_density_lt2_pct	-2.371794871794872	-4.67948717948718	-0.5769230769230769	percentage_points	10000	independent_repeats_shared_complexes	POINTWISE_EXPLORATORY	10000
Ruiz52	10	Transfer-NonSurface	PLANTS	coverage_k10_lt2_pct	-8.974358974358973	-17.94871794871795	-1.9230769230769234	percentage_points	10000	independent_repeats_shared_complexes	POINTWISE_EXPLORATORY	10000
Ruiz52	10	Transfer-NonSurface	PLANTS	median_best_rmsd_A	-0.2859008952879103	-1.0672530692359536	0.19892127910204305	Angstrom	10000	independent_repeats_shared_complexes	POINTWISE_EXPLORATORY	10000
Ruiz52	10	Transfer-NonSurface	PLANTS	valid_fraction_pct	3.846153846153854	0.0	9.615384615384599	percentage_points	10000	independent_repeats_shared_complexes	POINTWISE_EXPLORATORY	10000
Ruiz52	10	Transfer-NonSurface	AutoDock-GPU	pose_density_lt2_pct	-4.038461538461538	-8.269230769230768	-0.8974358974358974	percentage_points	10000	independent_repeats_shared_complexes	POINTWISE_EXPLORATORY	10000
Ruiz52	10	Transfer-NonSurface	AutoDock-GPU	coverage_k10_lt2_pct	-6.410256410256407	-14.743589743589748	1.2820512820512802	percentage_points	10000	independent_repeats_shared_complexes	POINTWISE_EXPLORATORY	10000
Ruiz52	10	Transfer-NonSurface	AutoDock-GPU	median_best_rmsd_A	-0.18686376528791016	-0.9101300262189055	0.3480142905799361	Angstrom	10000	independent_repeats_shared_complexes	POINTWISE_EXPLORATORY	10000
Ruiz52	10	Transfer-NonSurface	AutoDock-GPU	valid_fraction_pct	1.9230769230769482	0.0	5.769230769230774	percentage_points	10000	independent_repeats_shared_complexes	POINTWISE_EXPLORATORY	10000
Ruiz52	25	Transfer-All	Vina	pose_density_lt2_pct	6.602564102564104	2.7564102564102573	11.282051282051281	percentage_points	10000	independent_repeats_shared_complexes	POINTWISE_EXPLORATORY	10000
Ruiz52	25	Transfer-All	Vina	coverage_k10_lt2_pct	21.15384615384615	7.692307692307693	35.256410256410255	percentage_points	10000	independent_repeats_shared_complexes	POINTWISE_EXPLORATORY	10000
Ruiz52	25	Transfer-All	Vina	median_best_rmsd_A	-2.597447896650965	-3.958685441462901	-1.4560245492308501	Angstrom	10000	independent_repeats_shared_complexes	POINTWISE_EXPLORATORY_WITH_CENSORED_DRAWS	9961
Ruiz52	25	Transfer-All	Vina	valid_fraction_pct	28.846153846153854	17.307692307692307	41.666666666666664	percentage_points	10000	independent_repeats_shared_complexes	POINTWISE_EXPLORATORY	10000
Ruiz52	25	Transfer-All	rDock	pose_density_lt2_pct	-1.4743589743589727	-8.717948717948719	5.384615384615383	percentage_points	10000	independent_repeats_shared_complexes	POINTWISE_EXPLORATORY	10000
Ruiz52	25	Transfer-All	rDock	coverage_k10_lt2_pct	15.384615384615383	1.2820512820512846	29.48717948717949	percentage_points	10000	independent_repeats_shared_complexes	POINTWISE_EXPLORATORY	10000
Ruiz52	25	Transfer-All	rDock	median_best_rmsd_A	-1.0636352983176316	-1.774761769864286	-0.5560000707252476	Angstrom	10000	independent_repeats_shared_complexes	POINTWISE_EXPLORATORY	10000
Ruiz52	25	Transfer-All	rDock	valid_fraction_pct	0.0	0.0	0.0	percentage_points	10000	independent_repeats_shared_complexes	POINTWISE_EXPLORATORY	10000
Ruiz52	25	Transfer-All	LeDock	pose_density_lt2_pct	-1.9871794871794872	-8.26923076923077	3.8461538461538467	percentage_points	10000	independent_repeats_shared_complexes	POINTWISE_EXPLORATORY	10000
Ruiz52	25	Transfer-All	LeDock	coverage_k10_lt2_pct	9.61538461538461	-5.128205128205131	24.358974358974365	percentage_points	10000	independent_repeats_shared_complexes	POINTWISE_EXPLORATORY	10000
Ruiz52	25	Transfer-All	LeDock	median_best_rmsd_A	-0.23716868831763138	-0.7729942009317675	0.17547762438673353	Angstrom	10000	independent_repeats_shared_complexes	POINTWISE_EXPLORATORY	10000
Ruiz52	25	Transfer-All	LeDock	valid_fraction_pct	2.948717948717942	0.06410256410255499	6.987179487179489	percentage_points	10000	independent_repeats_shared_complexes	POINTWISE_EXPLORATORY	10000
Ruiz52	25	Transfer-All	PLANTS	pose_density_lt2_pct	5.641025641025642	2.1153846153846168	9.871794871794872	percentage_points	10000	independent_repeats_shared_complexes	POINTWISE_EXPLORATORY	10000
Ruiz52	25	Transfer-All	PLANTS	coverage_k10_lt2_pct	17.307692307692307	5.128205128205128	30.128205128205128	percentage_points	10000	independent_repeats_shared_complexes	POINTWISE_EXPLORATORY	10000
Ruiz52	25	Transfer-All	PLANTS	median_best_rmsd_A	-1.4265018699842984	-2.2634119190163826	-0.9309070708708393	Angstrom	10000	independent_repeats_shared_complexes	POINTWISE_EXPLORATORY	10000
Ruiz52	25	Transfer-All	PLANTS	valid_fraction_pct	3.846153846153854	0.0	9.615384615384599	percentage_points	10000	independent_repeats_shared_complexes	POINTWISE_EXPLORATORY	10000
Ruiz52	25	Transfer-All	AutoDock-GPU	pose_density_lt2_pct	3.9743589743589753	-0.8974358974358942	8.84775641025639	percentage_points	10000	independent_repeats_shared_complexes	POINTWISE_EXPLORATORY	10000
Ruiz52	25	Transfer-All	AutoDock-GPU	coverage_k10_lt2_pct	19.871794871794872	7.051282051282051	33.33333333333333	percentage_points	10000	independent_repeats_shared_complexes	POINTWISE_EXPLORATORY	10000
Ruiz52	25	Transfer-All	AutoDock-GPU	median_best_rmsd_A	-1.3274647399842983	-2.0961853943302526	-0.7828008970118573	Angstrom	10000	independent_repeats_shared_complexes	POINTWISE_EXPLORATORY	10000
Ruiz52	25	Transfer-All	AutoDock-GPU	valid_fraction_pct	1.9230769230769482	0.0	5.769230769230774	percentage_points	10000	independent_repeats_shared_complexes	POINTWISE_EXPLORATORY	10000
Ruiz52	25	Transfer-NonSurface	Vina	pose_density_lt2_pct	1.5384615384615388	-0.833333333333333	4.102564102564103	percentage_points	10000	independent_repeats_shared_complexes	POINTWISE_EXPLORATORY	10000
Ruiz52	25	Transfer-NonSurface	Vina	coverage_k10_lt2_pct	6.410256410256405	-3.846153846153845	17.30769230769231	percentage_points	10000	independent_repeats_shared_complexes	POINTWISE_EXPLORATORY	10000
Ruiz52	25	Transfer-NonSurface	Vina	median_best_rmsd_A	-2.0670309851437856	-3.4350477715400554	-0.8858713050984194	Angstrom	10000	independent_repeats_shared_complexes	POINTWISE_EXPLORATORY_WITH_CENSORED_DRAWS	9961
Ruiz52	25	Transfer-NonSurface	Vina	valid_fraction_pct	28.846153846153854	17.307692307692307	41.666666666666664	percentage_points	10000	independent_repeats_shared_complexes	POINTWISE_EXPLORATORY	10000
Ruiz52	25	Transfer-NonSurface	rDock	pose_density_lt2_pct	-6.538461538461537	-13.461538461538463	-0.38461538461538414	percentage_points	10000	independent_repeats_shared_complexes	POINTWISE_EXPLORATORY	10000
Ruiz52	25	Transfer-NonSurface	rDock	coverage_k10_lt2_pct	0.6410256410256387	-11.538461538461537	12.82051282051282	percentage_points	10000	independent_repeats_shared_complexes	POINTWISE_EXPLORATORY	10000
Ruiz52	25	Transfer-NonSurface	rDock	median_best_rmsd_A	-0.5332183868104523	-1.229396126599655	0.05238036087469173	Angstrom	10000	independent_repeats_shared_complexes	POINTWISE_EXPLORATORY	10000
Ruiz52	25	Transfer-NonSurface	rDock	valid_fraction_pct	0.0	0.0	0.0	percentage_points	10000	independent_repeats_shared_complexes	POINTWISE_EXPLORATORY	10000
Ruiz52	25	Transfer-NonSurface	LeDock	pose_density_lt2_pct	-7.051282051282052	-13.525641025641026	-1.4102564102564106	percentage_points	10000	independent_repeats_shared_complexes	POINTWISE_EXPLORATORY	10000
Ruiz52	25	Transfer-NonSurface	LeDock	coverage_k10_lt2_pct	-5.128205128205135	-17.948717948717956	7.692307692307693	percentage_points	10000	independent_repeats_shared_complexes	POINTWISE_EXPLORATORY	10000
Ruiz52	25	Transfer-NonSurface	LeDock	median_best_rmsd_A	0.2932482231895479	-0.23578635432187237	0.76058549688993	Angstrom	10000	independent_repeats_shared_complexes	POINTWISE_EXPLORATORY	10000
Ruiz52	25	Transfer-NonSurface	LeDock	valid_fraction_pct	2.948717948717942	0.06410256410255499	6.987179487179489	percentage_points	10000	independent_repeats_shared_complexes	POINTWISE_EXPLORATORY	10000
Ruiz52	25	Transfer-NonSurface	PLANTS	pose_density_lt2_pct	0.5769230769230775	-1.9871794871794881	3.1410256410256414	percentage_points	10000	independent_repeats_shared_complexes	POINTWISE_EXPLORATORY	10000
Ruiz52	25	Transfer-NonSurface	PLANTS	coverage_k10_lt2_pct	2.564102564102562	-7.051282051282051	12.179487179487182	percentage_points	10000	independent_repeats_shared_complexes	POINTWISE_EXPLORATORY	10000
Ruiz52	25	Transfer-NonSurface	PLANTS	median_best_rmsd_A	-0.8960849584771191	-1.674970681074346	-0.3794433593338215	Angstrom	10000	independent_repeats_shared_complexes	POINTWISE_EXPLORATORY	10000
Ruiz52	25	Transfer-NonSurface	PLANTS	valid_fraction_pct	3.846153846153854	0.0	9.615384615384599	percentage_points	10000	independent_repeats_shared_complexes	POINTWISE_EXPLORATORY	10000
Ruiz52	25	Transfer-NonSurface	AutoDock-GPU	pose_density_lt2_pct	-1.0897435897435894	-5.44871794871795	2.5641025641025643	percentage_points	10000	independent_repeats_shared_complexes	POINTWISE_EXPLORATORY	10000
Ruiz52	25	Transfer-NonSurface	AutoDock-GPU	coverage_k10_lt2_pct	5.128205128205128	-5.128205128205128	16.025641025641022	percentage_points	10000	independent_repeats_shared_complexes	POINTWISE_EXPLORATORY	10000
Ruiz52	25	Transfer-NonSurface	AutoDock-GPU	median_best_rmsd_A	-0.797047828477119	-1.552927221161661	-0.19737762637331918	Angstrom	10000	independent_repeats_shared_complexes	POINTWISE_EXPLORATORY	10000
Ruiz52	25	Transfer-NonSurface	AutoDock-GPU	valid_fraction_pct	1.9230769230769482	0.0	5.769230769230774	percentage_points	10000	independent_repeats_shared_complexes	POINTWISE_EXPLORATORY	10000
Ruiz52	50	Transfer-All	Vina	pose_density_lt2_pct	8.333333333333332	4.03846153846154	13.461538461538463	percentage_points	10000	independent_repeats_shared_complexes	POINTWISE_EXPLORATORY	10000
Ruiz52	50	Transfer-All	Vina	coverage_k10_lt2_pct	24.358974358974354	12.179487179487175	37.17948717948718	percentage_points	10000	independent_repeats_shared_complexes	POINTWISE_EXPLORATORY	10000
Ruiz52	50	Transfer-All	Vina	median_best_rmsd_A	-2.6629104262997307	-4.042861770217617	-1.5756080371360686	Angstrom	10000	independent_repeats_shared_complexes	POINTWISE_EXPLORATORY_WITH_CENSORED_DRAWS	9961
Ruiz52	50	Transfer-All	Vina	valid_fraction_pct	28.846153846153854	17.307692307692307	41.666666666666664	percentage_points	10000	independent_repeats_shared_complexes	POINTWISE_EXPLORATORY	10000
Ruiz52	50	Transfer-All	rDock	pose_density_lt2_pct	0.2564102564102555	-7.371794871794867	7.435897435897436	percentage_points	10000	independent_repeats_shared_complexes	POINTWISE_EXPLORATORY	10000
Ruiz52	50	Transfer-All	rDock	coverage_k10_lt2_pct	18.589743589743588	5.128205128205128	32.05128205128206	percentage_points	10000	independent_repeats_shared_complexes	POINTWISE_EXPLORATORY	10000
Ruiz52	50	Transfer-All	rDock	median_best_rmsd_A	-1.1290978279663975	-1.860082725897472	-0.6263651847704159	Angstrom	10000	independent_repeats_shared_complexes	POINTWISE_EXPLORATORY	10000
Ruiz52	50	Transfer-All	rDock	valid_fraction_pct	0.0	0.0	0.0	percentage_points	10000	independent_repeats_shared_complexes	POINTWISE_EXPLORATORY	10000
Ruiz52	50	Transfer-All	LeDock	pose_density_lt2_pct	-0.25641025641025905	-6.73076923076923	5.96153846153846	percentage_points	10000	independent_repeats_shared_complexes	POINTWISE_EXPLORATORY	10000
Ruiz52	50	Transfer-All	LeDock	coverage_k10_lt2_pct	12.820512820512814	-1.2820512820512846	26.92307692307692	percentage_points	10000	independent_repeats_shared_complexes	POINTWISE_EXPLORATORY	10000
Ruiz52	50	Transfer-All	LeDock	median_best_rmsd_A	-0.30263121796639725	-0.864031050247558	0.07918069987804228	Angstrom	10000	independent_repeats_shared_complexes	POINTWISE_EXPLORATORY	10000
Ruiz52	50	Transfer-All	LeDock	valid_fraction_pct	2.948717948717942	0.06410256410255499	6.987179487179489	percentage_points	10000	independent_repeats_shared_complexes	POINTWISE_EXPLORATORY	10000
Ruiz52	50	Transfer-All	PLANTS	pose_density_lt2_pct	7.3717948717948705	3.5256410256410255	12.115384615384617	percentage_points	10000	independent_repeats_shared_complexes	POINTWISE_EXPLORATORY	10000
Ruiz52	50	Transfer-All	PLANTS	coverage_k10_lt2_pct	20.51282051282051	8.974358974358971	32.69230769230769	percentage_points	10000	independent_repeats_shared_complexes	POINTWISE_EXPLORATORY	10000
Ruiz52	50	Transfer-All	PLANTS	median_best_rmsd_A	-1.4919643996330643	-2.3318182567803403	-1.038536707556738	Angstrom	10000	independent_repeats_shared_complexes	POINTWISE_EXPLORATORY	10000
Ruiz52	50	Transfer-All	PLANTS	valid_fraction_pct	3.846153846153854	0.0	9.615384615384599	percentage_points	10000	independent_repeats_shared_complexes	POINTWISE_EXPLORATORY	10000
Ruiz52	50	Transfer-All	AutoDock-GPU	pose_density_lt2_pct	5.7051282051282035	0.8974358974358978	10.76923076923077	percentage_points	10000	independent_repeats_shared_complexes	POINTWISE_EXPLORATORY	10000
Ruiz52	50	Transfer-All	AutoDock-GPU	coverage_k10_lt2_pct	23.076923076923077	10.256410256410259	35.8974358974359	percentage_points	10000	independent_repeats_shared_complexes	POINTWISE_EXPLORATORY	10000
Ruiz52	50	Transfer-All	AutoDock-GPU	median_best_rmsd_A	-1.3929272696330641	-2.207638796908188	-0.8521531019745282	Angstrom	10000	independent_repeats_shared_complexes	POINTWISE_EXPLORATORY	10000
Ruiz52	50	Transfer-All	AutoDock-GPU	valid_fraction_pct	1.9230769230769482	0.0	5.769230769230774	percentage_points	10000	independent_repeats_shared_complexes	POINTWISE_EXPLORATORY	10000
Ruiz52	50	Transfer-NonSurface	Vina	pose_density_lt2_pct	3.7179487179487176	0.8333333333333339	7.2435897435897445	percentage_points	10000	independent_repeats_shared_complexes	POINTWISE_EXPLORATORY	10000
Ruiz52	50	Transfer-NonSurface	Vina	coverage_k10_lt2_pct	11.538461538461533	1.2820512820512846	22.435897435897434	percentage_points	10000	independent_repeats_shared_complexes	POINTWISE_EXPLORATORY	10000
Ruiz52	50	Transfer-NonSurface	Vina	median_best_rmsd_A	-2.2963452707555745	-3.681030453157915	-1.1773544866875325	Angstrom	10000	independent_repeats_shared_complexes	POINTWISE_EXPLORATORY_WITH_CENSORED_DRAWS	9961
Ruiz52	50	Transfer-NonSurface	Vina	valid_fraction_pct	28.846153846153854	17.307692307692307	41.666666666666664	percentage_points	10000	independent_repeats_shared_complexes	POINTWISE_EXPLORATORY	10000
Ruiz52	50	Transfer-NonSurface	rDock	pose_density_lt2_pct	-4.358974358974359	-11.602564102564102	2.3717948717948714	percentage_points	10000	independent_repeats_shared_complexes	POINTWISE_EXPLORATORY	10000
Ruiz52	50	Transfer-NonSurface	rDock	coverage_k10_lt2_pct	5.7692307692307665	-5.7692307692307665	17.30769230769231	percentage_points	10000	independent_repeats_shared_complexes	POINTWISE_EXPLORATORY	10000
Ruiz52	50	Transfer-NonSurface	rDock	median_best_rmsd_A	-0.7625326724222412	-1.5079036333702642	-0.23854364032430372	Angstrom	10000	independent_repeats_shared_complexes	POINTWISE_EXPLORATORY	10000
Ruiz52	50	Transfer-NonSurface	rDock	valid_fraction_pct	0.0	0.0	0.0	percentage_points	10000	independent_repeats_shared_complexes	POINTWISE_EXPLORATORY	10000
Ruiz52	50	Transfer-NonSurface	LeDock	pose_density_lt2_pct	-4.871794871794873	-11.410256410256409	0.9615384615384626	percentage_points	10000	independent_repeats_shared_complexes	POINTWISE_EXPLORATORY	10000
Ruiz52	50	Transfer-NonSurface	LeDock	coverage_k10_lt2_pct	-7.105427357601002e-15	-12.179487179487179	11.53846153846154	percentage_points	10000	independent_repeats_shared_complexes	POINTWISE_EXPLORATORY	10000
Ruiz52	50	Transfer-NonSurface	LeDock	median_best_rmsd_A	0.063933937577759	-0.5030204200688525	0.4809813131394014	Angstrom	10000	independent_repeats_shared_complexes	POINTWISE_EXPLORATORY	10000
Ruiz52	50	Transfer-NonSurface	LeDock	valid_fraction_pct	2.948717948717942	0.06410256410255499	6.987179487179489	percentage_points	10000	independent_repeats_shared_complexes	POINTWISE_EXPLORATORY	10000
Ruiz52	50	Transfer-NonSurface	PLANTS	pose_density_lt2_pct	2.7564102564102564	-0.06410256410256454	6.153846153846155	percentage_points	10000	independent_repeats_shared_complexes	POINTWISE_EXPLORATORY	10000
Ruiz52	50	Transfer-NonSurface	PLANTS	coverage_k10_lt2_pct	7.69230769230769	-1.282051282051281	17.307692307692307	percentage_points	10000	independent_repeats_shared_complexes	POINTWISE_EXPLORATORY	10000
Ruiz52	50	Transfer-NonSurface	PLANTS	median_best_rmsd_A	-1.125399244088908	-1.9680336591551766	-0.6258069284743637	Angstrom	10000	independent_repeats_shared_complexes	POINTWISE_EXPLORATORY	10000
Ruiz52	50	Transfer-NonSurface	PLANTS	valid_fraction_pct	3.846153846153854	0.0	9.615384615384599	percentage_points	10000	independent_repeats_shared_complexes	POINTWISE_EXPLORATORY	10000
Ruiz52	50	Transfer-NonSurface	AutoDock-GPU	pose_density_lt2_pct	1.0897435897435894	-4.166666666666667	5.96153846153846	percentage_points	10000	independent_repeats_shared_complexes	POINTWISE_EXPLORATORY	10000
Ruiz52	50	Transfer-NonSurface	AutoDock-GPU	coverage_k10_lt2_pct	10.256410256410255	0.0	21.15384615384615	percentage_points	10000	independent_repeats_shared_complexes	POINTWISE_EXPLORATORY	10000
Ruiz52	50	Transfer-NonSurface	AutoDock-GPU	median_best_rmsd_A	-1.0263621140889079	-1.8181776320335619	-0.48507943958971333	Angstrom	10000	independent_repeats_shared_complexes	POINTWISE_EXPLORATORY	10000
Ruiz52	50	Transfer-NonSurface	AutoDock-GPU	valid_fraction_pct	1.9230769230769482	0.0	5.769230769230774	percentage_points	10000	independent_repeats_shared_complexes	POINTWISE_EXPLORATORY	10000
Ruiz52	100	Transfer-All	Vina	pose_density_lt2_pct	10.44871794871795	5.448717948717949	16.217948717948715	percentage_points	10000	independent_repeats_shared_complexes	POINTWISE_EXPLORATORY	10000
Ruiz52	100	Transfer-All	Vina	coverage_k10_lt2_pct	33.97435897435898	19.871794871794872	48.07692307692308	percentage_points	10000	independent_repeats_shared_complexes	POINTWISE_EXPLORATORY	10000
Ruiz52	100	Transfer-All	Vina	median_best_rmsd_A	-2.9721616090912697	-4.352383372719758	-1.7745817145633185	Angstrom	10000	independent_repeats_shared_complexes	POINTWISE_EXPLORATORY_WITH_CENSORED_DRAWS	9961
Ruiz52	100	Transfer-All	Vina	valid_fraction_pct	28.846153846153854	17.307692307692307	41.666666666666664	percentage_points	10000	independent_repeats_shared_complexes	POINTWISE_EXPLORATORY	10000
Ruiz52	100	Transfer-All	rDock	pose_density_lt2_pct	2.371794871794874	-5.386217948717951	9.807692307692305	percentage_points	10000	independent_repeats_shared_complexes	POINTWISE_EXPLORATORY	10000
Ruiz52	100	Transfer-All	rDock	coverage_k10_lt2_pct	28.205128205128215	12.820512820512825	42.94871794871795	percentage_points	10000	independent_repeats_shared_complexes	POINTWISE_EXPLORATORY	10000
Ruiz52	100	Transfer-All	rDock	median_best_rmsd_A	-1.4383490107579362	-2.1336823884312865	-0.8488622834247446	Angstrom	10000	independent_repeats_shared_complexes	POINTWISE_EXPLORATORY	10000
Ruiz52	100	Transfer-All	rDock	valid_fraction_pct	0.0	0.0	0.0	percentage_points	10000	independent_repeats_shared_complexes	POINTWISE_EXPLORATORY	10000
Ruiz52	100	Transfer-All	LeDock	pose_density_lt2_pct	1.8589743589743595	-5.064102564102564	8.461538461538462	percentage_points	10000	independent_repeats_shared_complexes	POINTWISE_EXPLORATORY	10000
Ruiz52	100	Transfer-All	LeDock	coverage_k10_lt2_pct	22.43589743589744	7.692307692307686	37.82051282051282	percentage_points	10000	independent_repeats_shared_complexes	POINTWISE_EXPLORATORY	10000
Ruiz52	100	Transfer-All	LeDock	median_best_rmsd_A	-0.611882400757936	-1.122981968713107	-0.12751340124202723	Angstrom	10000	independent_repeats_shared_complexes	POINTWISE_EXPLORATORY	10000
Ruiz52	100	Transfer-All	LeDock	valid_fraction_pct	2.948717948717942	0.06410256410255499	6.987179487179489	percentage_points	10000	independent_repeats_shared_complexes	POINTWISE_EXPLORATORY	10000
Ruiz52	100	Transfer-All	PLANTS	pose_density_lt2_pct	9.487179487179489	4.935897435897435	14.807692307692305	percentage_points	10000	independent_repeats_shared_complexes	POINTWISE_EXPLORATORY	10000
Ruiz52	100	Transfer-All	PLANTS	coverage_k10_lt2_pct	30.12820512820514	16.666666666666664	43.58974358974359	percentage_points	10000	independent_repeats_shared_complexes	POINTWISE_EXPLORATORY	10000
Ruiz52	100	Transfer-All	PLANTS	median_best_rmsd_A	-1.801215582424603	-2.5789373105809807	-1.2668057254475624	Angstrom	10000	independent_repeats_shared_complexes	POINTWISE_EXPLORATORY	10000
Ruiz52	100	Transfer-All	PLANTS	valid_fraction_pct	3.846153846153854	0.0	9.615384615384599	percentage_points	10000	independent_repeats_shared_complexes	POINTWISE_EXPLORATORY	10000
Ruiz52	100	Transfer-All	AutoDock-GPU	pose_density_lt2_pct	7.820512820512822	2.435897435897436	13.461538461538462	percentage_points	10000	independent_repeats_shared_complexes	POINTWISE_EXPLORATORY	10000
Ruiz52	100	Transfer-All	AutoDock-GPU	coverage_k10_lt2_pct	32.69230769230771	19.230769230769237	45.51282051282052	percentage_points	10000	independent_repeats_shared_complexes	POINTWISE_EXPLORATORY	10000
Ruiz52	100	Transfer-All	AutoDock-GPU	median_best_rmsd_A	-1.7021784524246029	-2.4399864448750064	-1.1078994111259128	Angstrom	10000	independent_repeats_shared_complexes	POINTWISE_EXPLORATORY	10000
Ruiz52	100	Transfer-All	AutoDock-GPU	valid_fraction_pct	1.9230769230769482	0.0	5.769230769230774	percentage_points	10000	independent_repeats_shared_complexes	POINTWISE_EXPLORATORY	10000
Ruiz52	100	Transfer-NonSurface	Vina	pose_density_lt2_pct	6.410256410256412	2.7564102564102564	10.769230769230766	percentage_points	10000	independent_repeats_shared_complexes	POINTWISE_EXPLORATORY	10000
Ruiz52	100	Transfer-NonSurface	Vina	coverage_k10_lt2_pct	19.871794871794865	7.692307692307697	33.33333333333333	percentage_points	10000	independent_repeats_shared_complexes	POINTWISE_EXPLORATORY	10000
Ruiz52	100	Transfer-NonSurface	Vina	median_best_rmsd_A	-2.492353468305151	-3.858284136638176	-1.3422937501345629	Angstrom	10000	independent_repeats_shared_complexes	POINTWISE_EXPLORATORY_WITH_CENSORED_DRAWS	9961
Ruiz52	100	Transfer-NonSurface	Vina	valid_fraction_pct	28.846153846153854	17.307692307692307	41.666666666666664	percentage_points	10000	independent_repeats_shared_complexes	POINTWISE_EXPLORATORY	10000
Ruiz52	100	Transfer-NonSurface	rDock	pose_density_lt2_pct	-1.6666666666666643	-8.589743589743593	4.679487179487178	percentage_points	10000	independent_repeats_shared_complexes	POINTWISE_EXPLORATORY	10000
Ruiz52	100	Transfer-NonSurface	rDock	coverage_k10_lt2_pct	14.102564102564099	1.282051282051281	26.923076923076923	percentage_points	10000	independent_repeats_shared_complexes	POINTWISE_EXPLORATORY	10000
Ruiz52	100	Transfer-NonSurface	rDock	median_best_rmsd_A	-0.9585408699718179	-1.671800118844326	-0.4079966931382198	Angstrom	10000	independent_repeats_shared_complexes	POINTWISE_EXPLORATORY	10000
Ruiz52	100	Transfer-NonSurface	rDock	valid_fraction_pct	0.0	0.0	0.0	percentage_points	10000	independent_repeats_shared_complexes	POINTWISE_EXPLORATORY	10000
Ruiz52	100	Transfer-NonSurface	LeDock	pose_density_lt2_pct	-2.179487179487179	-8.205128205128203	3.333333333333334	percentage_points	10000	independent_repeats_shared_complexes	POINTWISE_EXPLORATORY	10000
Ruiz52	100	Transfer-NonSurface	LeDock	coverage_k10_lt2_pct	8.333333333333325	-4.503205128205122	21.794871794871796	percentage_points	10000	independent_repeats_shared_complexes	POINTWISE_EXPLORATORY	10000
Ruiz52	100	Transfer-NonSurface	LeDock	median_best_rmsd_A	-0.13207425997181765	-0.6896258458819302	0.3459905397438694	Angstrom	10000	independent_repeats_shared_complexes	POINTWISE_EXPLORATORY	10000
Ruiz52	100	Transfer-NonSurface	LeDock	valid_fraction_pct	2.948717948717942	0.06410256410255499	6.987179487179489	percentage_points	10000	independent_repeats_shared_complexes	POINTWISE_EXPLORATORY	10000
Ruiz52	100	Transfer-NonSurface	PLANTS	pose_density_lt2_pct	5.448717948717951	2.2435897435897436	9.102564102564102	percentage_points	10000	independent_repeats_shared_complexes	POINTWISE_EXPLORATORY	10000
Ruiz52	100	Transfer-NonSurface	PLANTS	coverage_k10_lt2_pct	16.025641025641022	5.769230769230763	27.564102564102566	percentage_points	10000	independent_repeats_shared_complexes	POINTWISE_EXPLORATORY	10000
Ruiz52	100	Transfer-NonSurface	PLANTS	median_best_rmsd_A	-1.3214074416384847	-2.1582688633215965	-0.7920946156418107	Angstrom	10000	independent_repeats_shared_complexes	POINTWISE_EXPLORATORY	10000
Ruiz52	100	Transfer-NonSurface	PLANTS	valid_fraction_pct	3.846153846153854	0.0	9.615384615384599	percentage_points	10000	independent_repeats_shared_complexes	POINTWISE_EXPLORATORY	10000
Ruiz52	100	Transfer-NonSurface	AutoDock-GPU	pose_density_lt2_pct	3.7820512820512837	-0.5128205128205146	8.076923076923077	percentage_points	10000	independent_repeats_shared_complexes	POINTWISE_EXPLORATORY	10000
Ruiz52	100	Transfer-NonSurface	AutoDock-GPU	coverage_k10_lt2_pct	18.589743589743588	7.0512820512820475	30.769230769230774	percentage_points	10000	independent_repeats_shared_complexes	POINTWISE_EXPLORATORY	10000
Ruiz52	100	Transfer-NonSurface	AutoDock-GPU	median_best_rmsd_A	-1.2223703116384845	-1.993903486887212	-0.6424480292000534	Angstrom	10000	independent_repeats_shared_complexes	POINTWISE_EXPLORATORY	10000
Ruiz52	100	Transfer-NonSurface	AutoDock-GPU	valid_fraction_pct	1.9230769230769482	0.0	5.769230769230774	percentage_points	10000	independent_repeats_shared_complexes	POINTWISE_EXPLORATORY	10000
Chen52	10	Transfer-All	Transfer-NonSurface	pose_density_lt2_pct	9.423076923076923	5.76923076923077	13.782051282051283	percentage_points	10000	paired_surface_transfer	POINTWISE_EXPLORATORY	10000
Chen52	10	Transfer-All	Transfer-NonSurface	coverage_k10_lt2_pct	28.84615384615384	17.291666666666675	41.666666666666664	percentage_points	10000	paired_surface_transfer	POINTWISE_EXPLORATORY	10000
Chen52	10	Transfer-All	Transfer-NonSurface	median_best_rmsd_A	-1.1422007945942516	-1.435037786148583	-0.6999324782681906	Angstrom	10000	paired_surface_transfer	POINTWISE_EXPLORATORY	10000
Chen52	10	Transfer-All	Transfer-NonSurface	valid_fraction_pct	0.0	0.0	0.0	percentage_points	10000	paired_surface_transfer	POINTWISE_EXPLORATORY	10000
Chen52	25	Transfer-All	Transfer-NonSurface	pose_density_lt2_pct	8.525641025641024	5.0	12.628205128205131	percentage_points	10000	paired_surface_transfer	POINTWISE_EXPLORATORY	10000
Chen52	25	Transfer-All	Transfer-NonSurface	coverage_k10_lt2_pct	28.2051282051282	16.025641025641026	41.02564102564102	percentage_points	10000	paired_surface_transfer	POINTWISE_EXPLORATORY	10000
Chen52	25	Transfer-All	Transfer-NonSurface	median_best_rmsd_A	-0.6645954511365393	-0.9358476109195056	-0.3447623360591317	Angstrom	10000	paired_surface_transfer	POINTWISE_EXPLORATORY	10000
Chen52	25	Transfer-All	Transfer-NonSurface	valid_fraction_pct	0.0	0.0	0.0	percentage_points	10000	paired_surface_transfer	POINTWISE_EXPLORATORY	10000
Chen52	50	Transfer-All	Transfer-NonSurface	pose_density_lt2_pct	7.307692307692303	3.782051282051283	11.474358974358974	percentage_points	10000	paired_surface_transfer	POINTWISE_EXPLORATORY	10000
Chen52	50	Transfer-All	Transfer-NonSurface	coverage_k10_lt2_pct	17.3076923076923	7.692307692307686	28.205128205128208	percentage_points	10000	paired_surface_transfer	POINTWISE_EXPLORATORY	10000
Chen52	50	Transfer-All	Transfer-NonSurface	median_best_rmsd_A	-0.45352203955947634	-0.7438125067316665	-0.1713411352809063	Angstrom	10000	paired_surface_transfer	POINTWISE_EXPLORATORY	10000
Chen52	50	Transfer-All	Transfer-NonSurface	valid_fraction_pct	0.0	0.0	0.0	percentage_points	10000	paired_surface_transfer	POINTWISE_EXPLORATORY	10000
Chen52	100	Transfer-All	Transfer-NonSurface	pose_density_lt2_pct	5.8974358974359	2.820512820512821	9.679487179487179	percentage_points	10000	paired_surface_transfer	POINTWISE_EXPLORATORY	10000
Chen52	100	Transfer-All	Transfer-NonSurface	coverage_k10_lt2_pct	16.025641025641036	6.410256410256395	26.282051282051285	percentage_points	10000	paired_surface_transfer	POINTWISE_EXPLORATORY	10000
Chen52	100	Transfer-All	Transfer-NonSurface	median_best_rmsd_A	-0.3669348153975127	-0.7152530520138689	-0.1346516613475415	Angstrom	10000	paired_surface_transfer	POINTWISE_EXPLORATORY	10000
Chen52	100	Transfer-All	Transfer-NonSurface	valid_fraction_pct	0.0	0.0	0.0	percentage_points	10000	paired_surface_transfer	POINTWISE_EXPLORATORY	10000
Chen52	10	Transfer-All	Vina	pose_density_lt2_pct	5.641025641025641	1.9230769230769225	9.80769230769231	percentage_points	10000	independent_repeats_shared_complexes	POINTWISE_EXPLORATORY	10000
Chen52	10	Transfer-All	Vina	coverage_k10_lt2_pct	8.333333333333329	-6.410256410256416	23.076923076923084	percentage_points	10000	independent_repeats_shared_complexes	POINTWISE_EXPLORATORY	10000
Chen52	10	Transfer-All	Vina	median_best_rmsd_A	-1.225797328399009	-2.223143478306135	-0.0779610052970063	Angstrom	10000	independent_repeats_shared_complexes	POINTWISE_EXPLORATORY	10000
Chen52	10	Transfer-All	Vina	valid_fraction_pct	16.66666666666667	7.692307692307693	26.92307692307692	percentage_points	10000	independent_repeats_shared_complexes	POINTWISE_EXPLORATORY	10000
Chen52	10	Transfer-All	rDock	pose_density_lt2_pct	-8.782051282051283	-16.47435897435897	-1.9871794871794854	percentage_points	10000	independent_repeats_shared_complexes	POINTWISE_EXPLORATORY	10000
Chen52	10	Transfer-All	rDock	coverage_k10_lt2_pct	8.333333333333329	-7.051282051282044	23.076923076923073	percentage_points	10000	independent_repeats_shared_complexes	POINTWISE_EXPLORATORY	10000
Chen52	10	Transfer-All	rDock	median_best_rmsd_A	-0.7685055400656764	-1.2238842721202787	0.007382925917564628	Angstrom	10000	independent_repeats_shared_complexes	POINTWISE_EXPLORATORY	10000
Chen52	10	Transfer-All	rDock	valid_fraction_pct	0.0	0.0	0.0	percentage_points	10000	independent_repeats_shared_complexes	POINTWISE_EXPLORATORY	10000
Chen52	10	Transfer-All	LeDock	pose_density_lt2_pct	-13.012820512820513	-22.179487179487175	-4.679487179487179	percentage_points	10000	independent_repeats_shared_complexes	POINTWISE_EXPLORATORY	10000
Chen52	10	Transfer-All	LeDock	coverage_k10_lt2_pct	2.564102564102562	-12.82051282051281	17.307692307692307	percentage_points	10000	independent_repeats_shared_complexes	POINTWISE_EXPLORATORY	10000
Chen52	10	Transfer-All	LeDock	median_best_rmsd_A	-0.15855313006567595	-0.6443645234163207	0.383743027949897	Angstrom	10000	independent_repeats_shared_complexes	POINTWISE_EXPLORATORY	10000
Chen52	10	Transfer-All	LeDock	valid_fraction_pct	3.7179487179487154	0.1923076923076934	8.141025641025635	percentage_points	10000	independent_repeats_shared_complexes	POINTWISE_EXPLORATORY	10000
Chen52	10	Transfer-All	PLANTS	pose_density_lt2_pct	2.948717948717949	-1.4743589743589745	7.564102564102564	percentage_points	10000	independent_repeats_shared_complexes	POINTWISE_EXPLORATORY	10000
Chen52	10	Transfer-All	PLANTS	coverage_k10_lt2_pct	4.487179487179482	-8.974358974358978	17.94871794871795	percentage_points	10000	independent_repeats_shared_complexes	POINTWISE_EXPLORATORY	10000
Chen52	10	Transfer-All	PLANTS	median_best_rmsd_A	-1.1294567383990088	-1.8966924573584665	0.23288513655812493	Angstrom	10000	independent_repeats_shared_complexes	POINTWISE_EXPLORATORY	10000
Chen52	10	Transfer-All	PLANTS	valid_fraction_pct	5.769230769230774	0.0	13.461538461538467	percentage_points	10000	independent_repeats_shared_complexes	POINTWISE_EXPLORATORY	10000
Chen52	10	Transfer-All	AutoDock-GPU	pose_density_lt2_pct	-1.0897435897435912	-7.307692307692307	4.807692307692308	percentage_points	10000	independent_repeats_shared_complexes	POINTWISE_EXPLORATORY	10000
Chen52	10	Transfer-All	AutoDock-GPU	coverage_k10_lt2_pct	9.615384615384606	-3.8461538461538467	22.451923076922853	percentage_points	10000	independent_repeats_shared_complexes	POINTWISE_EXPLORATORY	10000
Chen52	10	Transfer-All	AutoDock-GPU	median_best_rmsd_A	-1.0692164267323427	-1.6922910195614582	-0.240777132801128	Angstrom	10000	independent_repeats_shared_complexes	POINTWISE_EXPLORATORY	10000
Chen52	10	Transfer-All	AutoDock-GPU	valid_fraction_pct	1.9230769230769482	0.0	5.769230769230774	percentage_points	10000	independent_repeats_shared_complexes	POINTWISE_EXPLORATORY	10000
Chen52	10	Transfer-NonSurface	Vina	pose_density_lt2_pct	-3.7820512820512824	-7.307692307692308	-0.9615384615384608	percentage_points	10000	independent_repeats_shared_complexes	POINTWISE_EXPLORATORY	10000
Chen52	10	Transfer-NonSurface	Vina	coverage_k10_lt2_pct	-20.51282051282051	-33.97435897435898	-7.051282051282055	percentage_points	10000	independent_repeats_shared_complexes	POINTWISE_EXPLORATORY	10000
Chen52	10	Transfer-NonSurface	Vina	median_best_rmsd_A	-0.08359653380475729	-1.0735711552409406	0.9165183156875654	Angstrom	10000	independent_repeats_shared_complexes	POINTWISE_EXPLORATORY	10000
Chen52	10	Transfer-NonSurface	Vina	valid_fraction_pct	16.66666666666667	7.692307692307693	26.92307692307692	percentage_points	10000	independent_repeats_shared_complexes	POINTWISE_EXPLORATORY	10000
Chen52	10	Transfer-NonSurface	rDock	pose_density_lt2_pct	-18.205128205128208	-27.5	-9.935897435897436	percentage_points	10000	independent_repeats_shared_complexes	POINTWISE_EXPLORATORY	10000
Chen52	10	Transfer-NonSurface	rDock	coverage_k10_lt2_pct	-20.51282051282051	-34.61538461538462	-7.051282051282051	percentage_points	10000	independent_repeats_shared_complexes	POINTWISE_EXPLORATORY	10000
Chen52	10	Transfer-NonSurface	rDock	median_best_rmsd_A	0.3736952545285752	-0.223307171821436	1.003056969642258	Angstrom	10000	independent_repeats_shared_complexes	POINTWISE_EXPLORATORY	10000
Chen52	10	Transfer-NonSurface	rDock	valid_fraction_pct	0.0	0.0	0.0	percentage_points	10000	independent_repeats_shared_complexes	POINTWISE_EXPLORATORY	10000
Chen52	10	Transfer-NonSurface	LeDock	pose_density_lt2_pct	-22.435897435897438	-32.37179487179487	-13.525641025641026	percentage_points	10000	independent_repeats_shared_complexes	POINTWISE_EXPLORATORY	10000
Chen52	10	Transfer-NonSurface	LeDock	coverage_k10_lt2_pct	-26.282051282051277	-41.02564102564102	-12.17948717948718	percentage_points	10000	independent_repeats_shared_complexes	POINTWISE_EXPLORATORY	10000
Chen52	10	Transfer-NonSurface	LeDock	median_best_rmsd_A	0.9836476645285757	0.40671036559509266	1.4334649288940573	Angstrom	10000	independent_repeats_shared_complexes	POINTWISE_EXPLORATORY	10000
Chen52	10	Transfer-NonSurface	LeDock	valid_fraction_pct	3.7179487179487154	0.1923076923076934	8.141025641025635	percentage_points	10000	independent_repeats_shared_complexes	POINTWISE_EXPLORATORY	10000
Chen52	10	Transfer-NonSurface	PLANTS	pose_density_lt2_pct	-6.4743589743589745	-10.256410256410257	-3.141025641025641	percentage_points	10000	independent_repeats_shared_complexes	POINTWISE_EXPLORATORY	10000
Chen52	10	Transfer-NonSurface	PLANTS	coverage_k10_lt2_pct	-24.358974358974358	-37.82051282051282	-12.179487179487177	percentage_points	10000	independent_repeats_shared_complexes	POINTWISE_EXPLORATORY	10000
Chen52	10	Transfer-NonSurface	PLANTS	median_best_rmsd_A	0.01274405619524277	-0.7847940505946143	1.1856367145591626	Angstrom	10000	independent_repeats_shared_complexes	POINTWISE_EXPLORATORY	10000
Chen52	10	Transfer-NonSurface	PLANTS	valid_fraction_pct	5.769230769230774	0.0	13.461538461538467	percentage_points	10000	independent_repeats_shared_complexes	POINTWISE_EXPLORATORY	10000
Chen52	10	Transfer-NonSurface	AutoDock-GPU	pose_density_lt2_pct	-10.512820512820515	-17.307692307692307	-4.615384615384616	percentage_points	10000	independent_repeats_shared_complexes	POINTWISE_EXPLORATORY	10000
Chen52	10	Transfer-NonSurface	AutoDock-GPU	coverage_k10_lt2_pct	-19.230769230769234	-32.06730769230769	-7.051282051282051	percentage_points	10000	independent_repeats_shared_complexes	POINTWISE_EXPLORATORY	10000
Chen52	10	Transfer-NonSurface	AutoDock-GPU	median_best_rmsd_A	0.07298436786190887	-0.6341851082577251	0.7766937483840263	Angstrom	10000	independent_repeats_shared_complexes	POINTWISE_EXPLORATORY	10000
Chen52	10	Transfer-NonSurface	AutoDock-GPU	valid_fraction_pct	1.9230769230769482	0.0	5.769230769230774	percentage_points	10000	independent_repeats_shared_complexes	POINTWISE_EXPLORATORY	10000
Chen52	25	Transfer-All	Vina	pose_density_lt2_pct	7.307692307692306	3.5897435897435885	11.474358974358974	percentage_points	10000	independent_repeats_shared_complexes	POINTWISE_EXPLORATORY	10000
Chen52	25	Transfer-All	Vina	coverage_k10_lt2_pct	16.666666666666664	1.923076923076927	31.410256410256405	percentage_points	10000	independent_repeats_shared_complexes	POINTWISE_EXPLORATORY	10000
Chen52	25	Transfer-All	Vina	median_best_rmsd_A	-1.3500924246117656	-2.3528374698667593	-0.21397624632717852	Angstrom	10000	independent_repeats_shared_complexes	POINTWISE_EXPLORATORY	10000
Chen52	25	Transfer-All	Vina	valid_fraction_pct	16.66666666666667	7.692307692307693	26.92307692307692	percentage_points	10000	independent_repeats_shared_complexes	POINTWISE_EXPLORATORY	10000
Chen52	25	Transfer-All	rDock	pose_density_lt2_pct	-7.1153846153846185	-14.743589743589743	-0.5112179487179703	percentage_points	10000	independent_repeats_shared_complexes	POINTWISE_EXPLORATORY	10000
Chen52	25	Transfer-All	rDock	coverage_k10_lt2_pct	16.666666666666664	1.923076923076934	31.410256410256405	percentage_points	10000	independent_repeats_shared_complexes	POINTWISE_EXPLORATORY	10000
Chen52	25	Transfer-All	rDock	median_best_rmsd_A	-0.8928006362784331	-1.3511892161882548	-0.1908298801426717	Angstrom	10000	independent_repeats_shared_complexes	POINTWISE_EXPLORATORY	10000
Chen52	25	Transfer-All	rDock	valid_fraction_pct	0.0	0.0	0.0	percentage_points	10000	independent_repeats_shared_complexes	POINTWISE_EXPLORATORY	10000
Chen52	25	Transfer-All	LeDock	pose_density_lt2_pct	-11.346153846153848	-20.193910256410255	-3.3974358974358996	percentage_points	10000	independent_repeats_shared_complexes	POINTWISE_EXPLORATORY	10000
Chen52	25	Transfer-All	LeDock	coverage_k10_lt2_pct	10.897435897435898	-3.8621794871794797	26.282051282051277	percentage_points	10000	independent_repeats_shared_complexes	POINTWISE_EXPLORATORY	10000
Chen52	25	Transfer-All	LeDock	median_best_rmsd_A	-0.28284822627843265	-0.8170704257293725	0.23973806659749872	Angstrom	10000	independent_repeats_shared_complexes	POINTWISE_EXPLORATORY	10000
Chen52	25	Transfer-All	LeDock	valid_fraction_pct	3.7179487179487154	0.1923076923076934	8.141025641025635	percentage_points	10000	independent_repeats_shared_complexes	POINTWISE_EXPLORATORY	10000
Chen52	25	Transfer-All	PLANTS	pose_density_lt2_pct	4.615384615384613	0.4487179487179489	8.910256410256412	percentage_points	10000	independent_repeats_shared_complexes	POINTWISE_EXPLORATORY	10000
Chen52	25	Transfer-All	PLANTS	coverage_k10_lt2_pct	12.820512820512818	-0.6410256410256423	26.92307692307692	percentage_points	10000	independent_repeats_shared_complexes	POINTWISE_EXPLORATORY	10000
Chen52	25	Transfer-All	PLANTS	median_best_rmsd_A	-1.2537518346117655	-2.07934768340999	0.05696880682531857	Angstrom	10000	independent_repeats_shared_complexes	POINTWISE_EXPLORATORY	10000
Chen52	25	Transfer-All	PLANTS	valid_fraction_pct	5.769230769230774	0.0	13.461538461538467	percentage_points	10000	independent_repeats_shared_complexes	POINTWISE_EXPLORATORY	10000
Chen52	25	Transfer-All	AutoDock-GPU	pose_density_lt2_pct	0.5769230769230731	-6.025641025641022	6.858974358974357	percentage_points	10000	independent_repeats_shared_complexes	POINTWISE_EXPLORATORY	10000
Chen52	25	Transfer-All	AutoDock-GPU	coverage_k10_lt2_pct	17.948717948717942	3.8461538461538467	31.41025641025642	percentage_points	10000	independent_repeats_shared_complexes	POINTWISE_EXPLORATORY	10000
Chen52	25	Transfer-All	AutoDock-GPU	median_best_rmsd_A	-1.1935115229450994	-1.82657448169496	-0.4024052933030597	Angstrom	10000	independent_repeats_shared_complexes	POINTWISE_EXPLORATORY	10000
Chen52	25	Transfer-All	AutoDock-GPU	valid_fraction_pct	1.9230769230769482	0.0	5.769230769230774	percentage_points	10000	independent_repeats_shared_complexes	POINTWISE_EXPLORATORY	10000
Chen52	25	Transfer-NonSurface	Vina	pose_density_lt2_pct	-1.217948717948718	-4.999999999999999	2.179487179487179	percentage_points	10000	independent_repeats_shared_complexes	POINTWISE_EXPLORATORY	10000
Chen52	25	Transfer-NonSurface	Vina	coverage_k10_lt2_pct	-11.538461538461537	-25.000000000000004	1.9230769230769234	percentage_points	10000	independent_repeats_shared_complexes	POINTWISE_EXPLORATORY	10000
Chen52	25	Transfer-NonSurface	Vina	median_best_rmsd_A	-0.6854969734752263	-1.6574570807749232	0.38298251172314596	Angstrom	10000	independent_repeats_shared_complexes	POINTWISE_EXPLORATORY	10000
Chen52	25	Transfer-NonSurface	Vina	valid_fraction_pct	16.66666666666667	7.692307692307693	26.92307692307692	percentage_points	10000	independent_repeats_shared_complexes	POINTWISE_EXPLORATORY	10000
Chen52	25	Transfer-NonSurface	rDock	pose_density_lt2_pct	-15.641025641025642	-24.615384615384617	-7.56250000000002	percentage_points	10000	independent_repeats_shared_complexes	POINTWISE_EXPLORATORY	10000
Chen52	25	Transfer-NonSurface	rDock	coverage_k10_lt2_pct	-11.538461538461537	-25.0	1.2820512820512848	percentage_points	10000	independent_repeats_shared_complexes	POINTWISE_EXPLORATORY	10000
Chen52	25	Transfer-NonSurface	rDock	median_best_rmsd_A	-0.2282051851418938	-0.7090197741330357	0.4512039897229519	Angstrom	10000	independent_repeats_shared_complexes	POINTWISE_EXPLORATORY	10000
Chen52	25	Transfer-NonSurface	rDock	valid_fraction_pct	0.0	0.0	0.0	percentage_points	10000	independent_repeats_shared_complexes	POINTWISE_EXPLORATORY	10000
Chen52	25	Transfer-NonSurface	LeDock	pose_density_lt2_pct	-19.871794871794872	-29.871794871794872	-10.76923076923077	percentage_points	10000	independent_repeats_shared_complexes	POINTWISE_EXPLORATORY	10000
Chen52	25	Transfer-NonSurface	LeDock	coverage_k10_lt2_pct	-17.307692307692303	-32.051282051282044	-3.2051282051282044	percentage_points	10000	independent_repeats_shared_complexes	POINTWISE_EXPLORATORY	10000
Chen52	25	Transfer-NonSurface	LeDock	median_best_rmsd_A	0.38174722485810664	-0.13621435184644173	0.8482623372397831	Angstrom	10000	independent_repeats_shared_complexes	POINTWISE_EXPLORATORY	10000
Chen52	25	Transfer-NonSurface	LeDock	valid_fraction_pct	3.7179487179487154	0.1923076923076934	8.141025641025635	percentage_points	10000	independent_repeats_shared_complexes	POINTWISE_EXPLORATORY	10000
Chen52	25	Transfer-NonSurface	PLANTS	pose_density_lt2_pct	-3.9102564102564106	-7.82051282051282	-0.1923076923076925	percentage_points	10000	independent_repeats_shared_complexes	POINTWISE_EXPLORATORY	10000
Chen52	25	Transfer-NonSurface	PLANTS	coverage_k10_lt2_pct	-15.384615384615383	-27.564102564102566	-3.8461538461538467	percentage_points	10000	independent_repeats_shared_complexes	POINTWISE_EXPLORATORY	10000
Chen52	25	Transfer-NonSurface	PLANTS	median_best_rmsd_A	-0.5891563834752263	-1.3893968468139353	0.6863916054894392	Angstrom	10000	independent_repeats_shared_complexes	POINTWISE_EXPLORATORY	10000
Chen52	25	Transfer-NonSurface	PLANTS	valid_fraction_pct	5.769230769230774	0.0	13.461538461538467	percentage_points	10000	independent_repeats_shared_complexes	POINTWISE_EXPLORATORY	10000
Chen52	25	Transfer-NonSurface	AutoDock-GPU	pose_density_lt2_pct	-7.948717948717951	-14.488782051282053	-2.3717948717948714	percentage_points	10000	independent_repeats_shared_complexes	POINTWISE_EXPLORATORY	10000
Chen52	25	Transfer-NonSurface	AutoDock-GPU	coverage_k10_lt2_pct	-10.256410256410259	-22.435897435897438	1.2820512820512846	percentage_points	10000	independent_repeats_shared_complexes	POINTWISE_EXPLORATORY	10000
Chen52	25	Transfer-NonSurface	AutoDock-GPU	median_best_rmsd_A	-0.5289160718085602	-1.1690704588820715	0.23660507848892603	Angstrom	10000	independent_repeats_shared_complexes	POINTWISE_EXPLORATORY	10000
Chen52	25	Transfer-NonSurface	AutoDock-GPU	valid_fraction_pct	1.9230769230769482	0.0	5.769230769230774	percentage_points	10000	independent_repeats_shared_complexes	POINTWISE_EXPLORATORY	10000
Chen52	50	Transfer-All	Vina	pose_density_lt2_pct	9.807692307692303	5.705128205128205	14.358974358974358	percentage_points	10000	independent_repeats_shared_complexes	POINTWISE_EXPLORATORY	10000
Chen52	50	Transfer-All	Vina	coverage_k10_lt2_pct	20.51282051282051	8.333333333333329	33.33333333333333	percentage_points	10000	independent_repeats_shared_complexes	POINTWISE_EXPLORATORY	10000
Chen52	50	Transfer-All	Vina	median_best_rmsd_A	-1.4762217604641623	-2.4387837524800697	-0.3863629754602409	Angstrom	10000	independent_repeats_shared_complexes	POINTWISE_EXPLORATORY	10000
Chen52	50	Transfer-All	Vina	valid_fraction_pct	16.66666666666667	7.692307692307693	26.92307692307692	percentage_points	10000	independent_repeats_shared_complexes	POINTWISE_EXPLORATORY	10000
Chen52	50	Transfer-All	rDock	pose_density_lt2_pct	-4.61538461538462	-12.756410256410254	2.6923076923076916	percentage_points	10000	independent_repeats_shared_complexes	POINTWISE_EXPLORATORY	10000
Chen52	50	Transfer-All	rDock	coverage_k10_lt2_pct	20.51282051282051	7.051282051282051	34.61538461538461	percentage_points	10000	independent_repeats_shared_complexes	POINTWISE_EXPLORATORY	10000
Chen52	50	Transfer-All	rDock	median_best_rmsd_A	-1.0189299721308298	-1.4980078510521315	-0.30825606732061794	Angstrom	10000	independent_repeats_shared_complexes	POINTWISE_EXPLORATORY	10000
Chen52	50	Transfer-All	rDock	valid_fraction_pct	0.0	0.0	0.0	percentage_points	10000	independent_repeats_shared_complexes	POINTWISE_EXPLORATORY	10000
Chen52	50	Transfer-All	LeDock	pose_density_lt2_pct	-8.84615384615385	-17.564102564102562	-0.8974358974359012	percentage_points	10000	independent_repeats_shared_complexes	POINTWISE_EXPLORATORY	10000
Chen52	50	Transfer-All	LeDock	coverage_k10_lt2_pct	14.743589743589745	1.9230769230769198	28.205128205128204	percentage_points	10000	independent_repeats_shared_complexes	POINTWISE_EXPLORATORY	10000
Chen52	50	Transfer-All	LeDock	median_best_rmsd_A	-0.40897756213082936	-0.9308866536094165	0.1011869314578366	Angstrom	10000	independent_repeats_shared_complexes	POINTWISE_EXPLORATORY	10000
Chen52	50	Transfer-All	LeDock	valid_fraction_pct	3.7179487179487154	0.1923076923076934	8.141025641025635	percentage_points	10000	independent_repeats_shared_complexes	POINTWISE_EXPLORATORY	10000
Chen52	50	Transfer-All	PLANTS	pose_density_lt2_pct	7.115384615384611	2.8846153846153832	11.73076923076923	percentage_points	10000	independent_repeats_shared_complexes	POINTWISE_EXPLORATORY	10000
Chen52	50	Transfer-All	PLANTS	coverage_k10_lt2_pct	16.666666666666664	4.487179487179489	29.487179487179482	percentage_points	10000	independent_repeats_shared_complexes	POINTWISE_EXPLORATORY	10000
Chen52	50	Transfer-All	PLANTS	median_best_rmsd_A	-1.3798811704641623	-2.174104788539191	-0.08169227610620626	Angstrom	10000	independent_repeats_shared_complexes	POINTWISE_EXPLORATORY	10000
Chen52	50	Transfer-All	PLANTS	valid_fraction_pct	5.769230769230774	0.0	13.461538461538467	percentage_points	10000	independent_repeats_shared_complexes	POINTWISE_EXPLORATORY	10000
Chen52	50	Transfer-All	AutoDock-GPU	pose_density_lt2_pct	3.0769230769230713	-3.397435897435898	9.360576923076902	percentage_points	10000	independent_repeats_shared_complexes	POINTWISE_EXPLORATORY	10000
Chen52	50	Transfer-All	AutoDock-GPU	coverage_k10_lt2_pct	21.79487179487179	9.615384615384606	34.61538461538461	percentage_points	10000	independent_repeats_shared_complexes	POINTWISE_EXPLORATORY	10000
Chen52	50	Transfer-All	AutoDock-GPU	median_best_rmsd_A	-1.3196408587974962	-1.9223849220325526	-0.5428168419224477	Angstrom	10000	independent_repeats_shared_complexes	POINTWISE_EXPLORATORY	10000
Chen52	50	Transfer-All	AutoDock-GPU	valid_fraction_pct	1.9230769230769482	0.0	5.769230769230774	percentage_points	10000	independent_repeats_shared_complexes	POINTWISE_EXPLORATORY	10000
Chen52	50	Transfer-NonSurface	Vina	pose_density_lt2_pct	2.500000000000001	-1.4102564102564106	6.282051282051282	percentage_points	10000	independent_repeats_shared_complexes	POINTWISE_EXPLORATORY	10000
Chen52	50	Transfer-NonSurface	Vina	coverage_k10_lt2_pct	3.2051282051282115	-9.61538461538462	16.025641025641033	percentage_points	10000	independent_repeats_shared_complexes	POINTWISE_EXPLORATORY	10000
Chen52	50	Transfer-NonSurface	Vina	median_best_rmsd_A	-1.022699720904686	-2.020136495538179	0.09281994694602845	Angstrom	10000	independent_repeats_shared_complexes	POINTWISE_EXPLORATORY	10000
Chen52	50	Transfer-NonSurface	Vina	valid_fraction_pct	16.66666666666667	7.692307692307693	26.92307692307692	percentage_points	10000	independent_repeats_shared_complexes	POINTWISE_EXPLORATORY	10000
Chen52	50	Transfer-NonSurface	rDock	pose_density_lt2_pct	-11.923076923076923	-20.897435897435898	-3.6538461538461533	percentage_points	10000	independent_repeats_shared_complexes	POINTWISE_EXPLORATORY	10000
Chen52	50	Transfer-NonSurface	rDock	coverage_k10_lt2_pct	3.2051282051282115	-10.256410256410259	16.02564102564103	percentage_points	10000	independent_repeats_shared_complexes	POINTWISE_EXPLORATORY	10000
Chen52	50	Transfer-NonSurface	rDock	median_best_rmsd_A	-0.5654079325713535	-1.0658821345996332	0.1765719587414001	Angstrom	10000	independent_repeats_shared_complexes	POINTWISE_EXPLORATORY	10000
Chen52	50	Transfer-NonSurface	rDock	valid_fraction_pct	0.0	0.0	0.0	percentage_points	10000	independent_repeats_shared_complexes	POINTWISE_EXPLORATORY	10000
Chen52	50	Transfer-NonSurface	LeDock	pose_density_lt2_pct	-16.153846153846153	-26.153846153846153	-7.051282051282055	percentage_points	10000	independent_repeats_shared_complexes	POINTWISE_EXPLORATORY	10000
Chen52	50	Transfer-NonSurface	LeDock	coverage_k10_lt2_pct	-2.564102564102555	-16.66666666666666	10.897435897435898	percentage_points	10000	independent_repeats_shared_complexes	POINTWISE_EXPLORATORY	10000
Chen52	50	Transfer-NonSurface	LeDock	median_best_rmsd_A	0.04454447742864698	-0.484599505250229	0.5895868133912981	Angstrom	10000	independent_repeats_shared_complexes	POINTWISE_EXPLORATORY	10000
Chen52	50	Transfer-NonSurface	LeDock	valid_fraction_pct	3.7179487179487154	0.1923076923076934	8.141025641025635	percentage_points	10000	independent_repeats_shared_complexes	POINTWISE_EXPLORATORY	10000
Chen52	50	Transfer-NonSurface	PLANTS	pose_density_lt2_pct	-0.19230769230769162	-4.166666666666666	3.653846153846155	percentage_points	10000	independent_repeats_shared_complexes	POINTWISE_EXPLORATORY	10000
Chen52	50	Transfer-NonSurface	PLANTS	coverage_k10_lt2_pct	-0.6410256410256352	-12.179487179487175	10.256410256410259	percentage_points	10000	independent_repeats_shared_complexes	POINTWISE_EXPLORATORY	10000
Chen52	50	Transfer-NonSurface	PLANTS	median_best_rmsd_A	-0.9263591309046859	-1.7294918015526215	0.36739107224711665	Angstrom	10000	independent_repeats_shared_complexes	POINTWISE_EXPLORATORY	10000
Chen52	50	Transfer-NonSurface	PLANTS	valid_fraction_pct	5.769230769230774	0.0	13.461538461538467	percentage_points	10000	independent_repeats_shared_complexes	POINTWISE_EXPLORATORY	10000
Chen52	50	Transfer-NonSurface	AutoDock-GPU	pose_density_lt2_pct	-4.230769230769232	-11.282051282051283	1.9871794871794881	percentage_points	10000	independent_repeats_shared_complexes	POINTWISE_EXPLORATORY	10000
Chen52	50	Transfer-NonSurface	AutoDock-GPU	coverage_k10_lt2_pct	4.487179487179489	-8.333333333333336	16.666666666666668	percentage_points	10000	independent_repeats_shared_complexes	POINTWISE_EXPLORATORY	10000
Chen52	50	Transfer-NonSurface	AutoDock-GPU	median_best_rmsd_A	-0.8661188192380198	-1.5118929400108638	-0.04741389467676912	Angstrom	10000	independent_repeats_shared_complexes	POINTWISE_EXPLORATORY	10000
Chen52	50	Transfer-NonSurface	AutoDock-GPU	valid_fraction_pct	1.9230769230769482	0.0	5.769230769230774	percentage_points	10000	independent_repeats_shared_complexes	POINTWISE_EXPLORATORY	10000
Chen52	100	Transfer-All	Vina	pose_density_lt2_pct	11.923076923076923	6.602564102564104	18.076923076923077	percentage_points	10000	independent_repeats_shared_complexes	POINTWISE_EXPLORATORY	10000
Chen52	100	Transfer-All	Vina	coverage_k10_lt2_pct	30.12820512820514	16.66666666666667	44.230769230769226	percentage_points	10000	independent_repeats_shared_complexes	POINTWISE_EXPLORATORY	10000
Chen52	100	Transfer-All	Vina	median_best_rmsd_A	-1.6713420215043753	-2.678111834450074	-0.5184830829400546	Angstrom	10000	independent_repeats_shared_complexes	POINTWISE_EXPLORATORY	10000
Chen52	100	Transfer-All	Vina	valid_fraction_pct	16.66666666666667	7.692307692307693	26.92307692307692	percentage_points	10000	independent_repeats_shared_complexes	POINTWISE_EXPLORATORY	10000
Chen52	100	Transfer-All	rDock	pose_density_lt2_pct	-2.5	-11.282051282051281	5.6410256410256405	percentage_points	10000	independent_repeats_shared_complexes	POINTWISE_EXPLORATORY	10000
Chen52	100	Transfer-All	rDock	coverage_k10_lt2_pct	30.12820512820514	16.025641025641022	44.87179487179486	percentage_points	10000	independent_repeats_shared_complexes	POINTWISE_EXPLORATORY	10000
Chen52	100	Transfer-All	rDock	median_best_rmsd_A	-1.2140502331710428	-1.6858413630133269	-0.47090064275373766	Angstrom	10000	independent_repeats_shared_complexes	POINTWISE_EXPLORATORY	10000
Chen52	100	Transfer-All	rDock	valid_fraction_pct	0.0	0.0	0.0	percentage_points	10000	independent_repeats_shared_complexes	POINTWISE_EXPLORATORY	10000
Chen52	100	Transfer-All	LeDock	pose_density_lt2_pct	-6.73076923076923	-16.47435897435897	2.5	percentage_points	10000	independent_repeats_shared_complexes	POINTWISE_EXPLORATORY	10000
Chen52	100	Transfer-All	LeDock	coverage_k10_lt2_pct	24.358974358974372	10.897435897435898	38.46153846153845	percentage_points	10000	independent_repeats_shared_complexes	POINTWISE_EXPLORATORY	10000
Chen52	100	Transfer-All	LeDock	median_best_rmsd_A	-0.6040978231710423	-1.1150860656530361	-0.09144262445443153	Angstrom	10000	independent_repeats_shared_complexes	POINTWISE_EXPLORATORY	10000
Chen52	100	Transfer-All	LeDock	valid_fraction_pct	3.7179487179487154	0.1923076923076934	8.141025641025635	percentage_points	10000	independent_repeats_shared_complexes	POINTWISE_EXPLORATORY	10000
Chen52	100	Transfer-All	PLANTS	pose_density_lt2_pct	9.230769230769232	3.8461538461538467	15.384615384615383	percentage_points	10000	independent_repeats_shared_complexes	POINTWISE_EXPLORATORY	10000
Chen52	100	Transfer-All	PLANTS	coverage_k10_lt2_pct	26.28205128205129	13.461538461538467	39.74358974358974	percentage_points	10000	independent_repeats_shared_complexes	POINTWISE_EXPLORATORY	10000
Chen52	100	Transfer-All	PLANTS	median_best_rmsd_A	-1.5750014315043752	-2.352175664650337	-0.2273335320616449	Angstrom	10000	independent_repeats_shared_complexes	POINTWISE_EXPLORATORY	10000
Chen52	100	Transfer-All	PLANTS	valid_fraction_pct	5.769230769230774	0.0	13.461538461538467	percentage_points	10000	independent_repeats_shared_complexes	POINTWISE_EXPLORATORY	10000
Chen52	100	Transfer-All	AutoDock-GPU	pose_density_lt2_pct	5.192307692307692	-2.179487179487179	12.692307692307693	percentage_points	10000	independent_repeats_shared_complexes	POINTWISE_EXPLORATORY	10000
Chen52	100	Transfer-All	AutoDock-GPU	coverage_k10_lt2_pct	31.410256410256416	18.5897435897436	44.23076923076923	percentage_points	10000	independent_repeats_shared_complexes	POINTWISE_EXPLORATORY	10000
Chen52	100	Transfer-All	AutoDock-GPU	median_best_rmsd_A	-1.5147611198377091	-2.154295386450888	-0.6742938190861512	Angstrom	10000	independent_repeats_shared_complexes	POINTWISE_EXPLORATORY	10000
Chen52	100	Transfer-All	AutoDock-GPU	valid_fraction_pct	1.9230769230769482	0.0	5.769230769230774	percentage_points	10000	independent_repeats_shared_complexes	POINTWISE_EXPLORATORY	10000
Chen52	100	Transfer-NonSurface	Vina	pose_density_lt2_pct	6.025641025641025	1.8589743589743595	10.512820512820511	percentage_points	10000	independent_repeats_shared_complexes	POINTWISE_EXPLORATORY	10000
Chen52	100	Transfer-NonSurface	Vina	coverage_k10_lt2_pct	14.102564102564102	1.9230769230769198	26.2980769230767	percentage_points	10000	independent_repeats_shared_complexes	POINTWISE_EXPLORATORY	10000
Chen52	100	Transfer-NonSurface	Vina	median_best_rmsd_A	-1.3044072061068626	-2.2499296109794407	-0.18722073091219588	Angstrom	10000	independent_repeats_shared_complexes	POINTWISE_EXPLORATORY	10000
Chen52	100	Transfer-NonSurface	Vina	valid_fraction_pct	16.66666666666667	7.692307692307693	26.92307692307692	percentage_points	10000	independent_repeats_shared_complexes	POINTWISE_EXPLORATORY	10000
Chen52	100	Transfer-NonSurface	rDock	pose_density_lt2_pct	-8.3974358974359	-17.115384615384613	-0.5769230769230749	percentage_points	10000	independent_repeats_shared_complexes	POINTWISE_EXPLORATORY	10000
Chen52	100	Transfer-NonSurface	rDock	coverage_k10_lt2_pct	14.102564102564102	1.2820512820512846	26.923076923076923	percentage_points	10000	independent_repeats_shared_complexes	POINTWISE_EXPLORATORY	10000
Chen52	100	Transfer-NonSurface	rDock	median_best_rmsd_A	-0.84711541777353	-1.283237418401373	-0.12237556098929332	Angstrom	10000	independent_repeats_shared_complexes	POINTWISE_EXPLORATORY	10000
Chen52	100	Transfer-NonSurface	rDock	valid_fraction_pct	0.0	0.0	0.0	percentage_points	10000	independent_repeats_shared_complexes	POINTWISE_EXPLORATORY	10000
Chen52	100	Transfer-NonSurface	LeDock	pose_density_lt2_pct	-12.62820512820513	-22.051282051282044	-3.908653846153868	percentage_points	10000	independent_repeats_shared_complexes	POINTWISE_EXPLORATORY	10000
Chen52	100	Transfer-NonSurface	LeDock	coverage_k10_lt2_pct	8.333333333333336	-4.487179487179496	21.794871794871796	percentage_points	10000	independent_repeats_shared_complexes	POINTWISE_EXPLORATORY	10000
Chen52	100	Transfer-NonSurface	LeDock	median_best_rmsd_A	-0.2371630077735296	-0.7404338484886207	0.30382677021227367	Angstrom	10000	independent_repeats_shared_complexes	POINTWISE_EXPLORATORY	10000
Chen52	100	Transfer-NonSurface	LeDock	valid_fraction_pct	3.7179487179487154	0.1923076923076934	8.141025641025635	percentage_points	10000	independent_repeats_shared_complexes	POINTWISE_EXPLORATORY	10000
Chen52	100	Transfer-NonSurface	PLANTS	pose_density_lt2_pct	3.333333333333332	-0.5769230769230784	7.371794871794871	percentage_points	10000	independent_repeats_shared_complexes	POINTWISE_EXPLORATORY	10000
Chen52	100	Transfer-NonSurface	PLANTS	coverage_k10_lt2_pct	10.256410256410255	-0.01602564102564019	21.153846153846153	percentage_points	10000	independent_repeats_shared_complexes	POINTWISE_EXPLORATORY	10000
Chen52	100	Transfer-NonSurface	PLANTS	median_best_rmsd_A	-1.2080666161068625	-1.9643099740710768	0.09149793712944569	Angstrom	10000	independent_repeats_shared_complexes	POINTWISE_EXPLORATORY	10000
Chen52	100	Transfer-NonSurface	PLANTS	valid_fraction_pct	5.769230769230774	0.0	13.461538461538467	percentage_points	10000	independent_repeats_shared_complexes	POINTWISE_EXPLORATORY	10000
Chen52	100	Transfer-NonSurface	AutoDock-GPU	pose_density_lt2_pct	-0.705128205128208	-7.052884615384617	5.000000000000002	percentage_points	10000	independent_repeats_shared_complexes	POINTWISE_EXPLORATORY	10000
Chen52	100	Transfer-NonSurface	AutoDock-GPU	coverage_k10_lt2_pct	15.38461538461538	3.2051282051282044	27.564102564102562	percentage_points	10000	independent_repeats_shared_complexes	POINTWISE_EXPLORATORY	10000
Chen52	100	Transfer-NonSurface	AutoDock-GPU	median_best_rmsd_A	-1.1478263044401964	-1.7568570316022938	-0.33251337052758656	Angstrom	10000	independent_repeats_shared_complexes	POINTWISE_EXPLORATORY	10000
Chen52	100	Transfer-NonSurface	AutoDock-GPU	valid_fraction_pct	1.9230769230769482	0.0	5.769230769230774	percentage_points	10000	independent_repeats_shared_complexes	POINTWISE_EXPLORATORY	10000
Philips39	10	Transfer-All	Transfer-NonSurface	pose_density_lt2_pct	10.427350427350428	5.384615384615385	16.32692307692305	percentage_points	10000	paired_surface_transfer	POINTWISE_EXPLORATORY	10000
Philips39	10	Transfer-All	Transfer-NonSurface	coverage_k10_lt2_pct	29.059829059829063	16.23931623931624	43.58974358974359	percentage_points	10000	paired_surface_transfer	POINTWISE_EXPLORATORY	10000
Philips39	10	Transfer-All	Transfer-NonSurface	median_best_rmsd_A	-1.1497954073808785	-1.640546385776483	-0.49366823284799527	Angstrom	10000	paired_surface_transfer	POINTWISE_EXPLORATORY	10000
Philips39	10	Transfer-All	Transfer-NonSurface	valid_fraction_pct	0.0	0.0	0.0	percentage_points	10000	paired_surface_transfer	POINTWISE_EXPLORATORY	10000
Philips39	25	Transfer-All	Transfer-NonSurface	pose_density_lt2_pct	8.46153846153846	4.188034188034187	13.333333333333332	percentage_points	10000	paired_surface_transfer	POINTWISE_EXPLORATORY	10000
Philips39	25	Transfer-All	Transfer-NonSurface	coverage_k10_lt2_pct	20.512820512820515	7.692307692307693	33.33333333333333	percentage_points	10000	paired_surface_transfer	POINTWISE_EXPLORATORY	10000
Philips39	25	Transfer-All	Transfer-NonSurface	median_best_rmsd_A	-0.4199044397176559	-0.9864659019500195	-0.1106404391087101	Angstrom	10000	paired_surface_transfer	POINTWISE_EXPLORATORY	10000
Philips39	25	Transfer-All	Transfer-NonSurface	valid_fraction_pct	0.0	0.0	0.0	percentage_points	10000	paired_surface_transfer	POINTWISE_EXPLORATORY	10000
Philips39	50	Transfer-All	Transfer-NonSurface	pose_density_lt2_pct	7.179487179487182	2.9059829059829063	12.051282051282055	percentage_points	10000	paired_surface_transfer	POINTWISE_EXPLORATORY	10000
Philips39	50	Transfer-All	Transfer-NonSurface	coverage_k10_lt2_pct	16.23931623931624	6.837606837606835	27.350427350427346	percentage_points	10000	paired_surface_transfer	POINTWISE_EXPLORATORY	10000
Philips39	50	Transfer-All	Transfer-NonSurface	median_best_rmsd_A	-0.39684169327268193	-0.7940962125831685	-0.06597305731032163	Angstrom	10000	paired_surface_transfer	POINTWISE_EXPLORATORY	10000
Philips39	50	Transfer-All	Transfer-NonSurface	valid_fraction_pct	0.0	0.0	0.0	percentage_points	10000	paired_surface_transfer	POINTWISE_EXPLORATORY	10000
Philips39	100	Transfer-All	Transfer-NonSurface	pose_density_lt2_pct	4.529914529914528	1.5384615384615383	7.948717948717947	percentage_points	10000	paired_surface_transfer	POINTWISE_EXPLORATORY	10000
Philips39	100	Transfer-All	Transfer-NonSurface	coverage_k10_lt2_pct	11.965811965811966	1.7094017094017175	23.076923076923077	percentage_points	10000	paired_surface_transfer	POINTWISE_EXPLORATORY	10000
Philips39	100	Transfer-All	Transfer-NonSurface	median_best_rmsd_A	-0.39973382093261	-0.7780649535454397	-0.02619248036505425	Angstrom	10000	paired_surface_transfer	POINTWISE_EXPLORATORY	10000
Philips39	100	Transfer-All	Transfer-NonSurface	valid_fraction_pct	0.0	0.0	0.0	percentage_points	10000	paired_surface_transfer	POINTWISE_EXPLORATORY	10000
Philips39	10	Transfer-All	Vina	pose_density_lt2_pct	8.803418803418804	2.7350427350427364	15.641025641025642	percentage_points	10000	independent_repeats_shared_complexes	POINTWISE_EXPLORATORY	10000
Philips39	10	Transfer-All	Vina	coverage_k10_lt2_pct	23.076923076923084	7.692307692307693	38.46153846153846	percentage_points	10000	independent_repeats_shared_complexes	POINTWISE_EXPLORATORY	10000
Philips39	10	Transfer-All	Vina	median_best_rmsd_A	-1.7489388779162494	-3.0456085616339097	-0.5484650087171703	Angstrom	10000	independent_repeats_shared_complexes	POINTWISE_EXPLORATORY_WITH_CENSORED_DRAWS	9995
Philips39	10	Transfer-All	Vina	valid_fraction_pct	24.786324786324784	12.820512820512818	38.46153846153846	percentage_points	10000	independent_repeats_shared_complexes	POINTWISE_EXPLORATORY	10000
Philips39	10	Transfer-All	rDock	pose_density_lt2_pct	0.5128205128205146	-8.205128205128203	9.145299145299147	percentage_points	10000	independent_repeats_shared_complexes	POINTWISE_EXPLORATORY	10000
Philips39	10	Transfer-All	rDock	coverage_k10_lt2_pct	20.512820512820518	7.692307692307697	34.18803418803418	percentage_points	10000	independent_repeats_shared_complexes	POINTWISE_EXPLORATORY	10000
Philips39	10	Transfer-All	rDock	median_best_rmsd_A	-1.0085281779162485	-1.6943059881123639	-0.20846956527493837	Angstrom	10000	independent_repeats_shared_complexes	POINTWISE_EXPLORATORY	10000
Philips39	10	Transfer-All	rDock	valid_fraction_pct	0.0	0.0	0.0	percentage_points	10000	independent_repeats_shared_complexes	POINTWISE_EXPLORATORY	10000
Philips39	10	Transfer-All	LeDock	pose_density_lt2_pct	-5.042735042735044	-14.1025641025641	3.7606837606837624	percentage_points	10000	independent_repeats_shared_complexes	POINTWISE_EXPLORATORY	10000
Philips39	10	Transfer-All	LeDock	coverage_k10_lt2_pct	8.547008547008552	-5.128205128205124	22.222222222222218	percentage_points	10000	independent_repeats_shared_complexes	POINTWISE_EXPLORATORY	10000
Philips39	10	Transfer-All	LeDock	median_best_rmsd_A	-0.16256469791624895	-0.7538477687213533	0.5437198683561666	Angstrom	10000	independent_repeats_shared_complexes	POINTWISE_EXPLORATORY	10000
Philips39	10	Transfer-All	LeDock	valid_fraction_pct	2.3076923076923066	0.0	6.410256410256409	percentage_points	10000	independent_repeats_shared_complexes	POINTWISE_EXPLORATORY	10000
Philips39	10	Transfer-All	PLANTS	pose_density_lt2_pct	7.350427350427351	1.6239316239316235	14.017094017094015	percentage_points	10000	independent_repeats_shared_complexes	POINTWISE_EXPLORATORY	10000
Philips39	10	Transfer-All	PLANTS	coverage_k10_lt2_pct	19.658119658119663	7.69230769230769	32.47863247863248	percentage_points	10000	independent_repeats_shared_complexes	POINTWISE_EXPLORATORY	10000
Philips39	10	Transfer-All	PLANTS	median_best_rmsd_A	-1.5789684945829157	-2.6071692973914735	-0.8335546860109506	Angstrom	10000	independent_repeats_shared_complexes	POINTWISE_EXPLORATORY	10000
Philips39	10	Transfer-All	PLANTS	valid_fraction_pct	15.384615384615387	5.128205128205124	28.205128205128204	percentage_points	10000	independent_repeats_shared_complexes	POINTWISE_EXPLORATORY	10000
Philips39	10	Transfer-All	AutoDock-GPU	pose_density_lt2_pct	5.2991452991453	-1.0256410256410255	12.307692307692307	percentage_points	10000	independent_repeats_shared_complexes	POINTWISE_EXPLORATORY	10000
Philips39	10	Transfer-All	AutoDock-GPU	coverage_k10_lt2_pct	24.786324786324787	12.799145299145309	37.6068376068376	percentage_points	10000	independent_repeats_shared_complexes	POINTWISE_EXPLORATORY	10000
Philips39	10	Transfer-All	AutoDock-GPU	median_best_rmsd_A	-1.479336944582915	-2.8759553321544438	-0.6510316449126832	Angstrom	10000	independent_repeats_shared_complexes	POINTWISE_EXPLORATORY	10000
Philips39	10	Transfer-All	AutoDock-GPU	valid_fraction_pct	12.820512820512818	2.5641025641025834	23.07692307692308	percentage_points	10000	independent_repeats_shared_complexes	POINTWISE_EXPLORATORY	10000
Philips39	10	Transfer-NonSurface	Vina	pose_density_lt2_pct	-1.6239316239316244	-4.529914529914531	0.9401709401709406	percentage_points	10000	independent_repeats_shared_complexes	POINTWISE_EXPLORATORY	10000
Philips39	10	Transfer-NonSurface	Vina	coverage_k10_lt2_pct	-5.982905982905979	-20.51282051282051	6.83760683760684	percentage_points	10000	independent_repeats_shared_complexes	POINTWISE_EXPLORATORY	10000
Philips39	10	Transfer-NonSurface	Vina	median_best_rmsd_A	-0.5991434705353709	-1.872168647103969	0.5398203691891947	Angstrom	10000	independent_repeats_shared_complexes	POINTWISE_EXPLORATORY_WITH_CENSORED_DRAWS	9995
Philips39	10	Transfer-NonSurface	Vina	valid_fraction_pct	24.786324786324784	12.820512820512818	38.46153846153846	percentage_points	10000	independent_repeats_shared_complexes	POINTWISE_EXPLORATORY	10000
Philips39	10	Transfer-NonSurface	rDock	pose_density_lt2_pct	-9.914529914529913	-18.034188034188034	-2.9914529914529915	percentage_points	10000	independent_repeats_shared_complexes	POINTWISE_EXPLORATORY	10000
Philips39	10	Transfer-NonSurface	rDock	coverage_k10_lt2_pct	-8.547008547008545	-22.22222222222222	4.27350427350428	percentage_points	10000	independent_repeats_shared_complexes	POINTWISE_EXPLORATORY	10000
Philips39	10	Transfer-NonSurface	rDock	median_best_rmsd_A	0.14126722946463	-0.6452467266564711	0.7498468089501363	Angstrom	10000	independent_repeats_shared_complexes	POINTWISE_EXPLORATORY	10000
Philips39	10	Transfer-NonSurface	rDock	valid_fraction_pct	0.0	0.0	0.0	percentage_points	10000	independent_repeats_shared_complexes	POINTWISE_EXPLORATORY	10000
Philips39	10	Transfer-NonSurface	LeDock	pose_density_lt2_pct	-15.470085470085472	-24.188034188034187	-7.6068376068376065	percentage_points	10000	independent_repeats_shared_complexes	POINTWISE_EXPLORATORY	10000
Philips39	10	Transfer-NonSurface	LeDock	coverage_k10_lt2_pct	-20.51282051282051	-35.8974358974359	-5.982905982905985	percentage_points	10000	independent_repeats_shared_complexes	POINTWISE_EXPLORATORY	10000
Philips39	10	Transfer-NonSurface	LeDock	median_best_rmsd_A	0.9872307094646295	0.2970095276300637	1.5007037030796364	Angstrom	10000	independent_repeats_shared_complexes	POINTWISE_EXPLORATORY	10000
Philips39	10	Transfer-NonSurface	LeDock	valid_fraction_pct	2.3076923076923066	0.0	6.410256410256409	percentage_points	10000	independent_repeats_shared_complexes	POINTWISE_EXPLORATORY	10000
Philips39	10	Transfer-NonSurface	PLANTS	pose_density_lt2_pct	-3.0769230769230766	-6.241452991452992	-0.4273504273504276	percentage_points	10000	independent_repeats_shared_complexes	POINTWISE_EXPLORATORY	10000
Philips39	10	Transfer-NonSurface	PLANTS	coverage_k10_lt2_pct	-9.4017094017094	-21.36752136752137	1.7094017094017104	percentage_points	10000	independent_repeats_shared_complexes	POINTWISE_EXPLORATORY	10000
Philips39	10	Transfer-NonSurface	PLANTS	median_best_rmsd_A	-0.4291730872020372	-1.4979816647624464	0.1683703784750958	Angstrom	10000	independent_repeats_shared_complexes	POINTWISE_EXPLORATORY	10000
Philips39	10	Transfer-NonSurface	PLANTS	valid_fraction_pct	15.384615384615387	5.128205128205124	28.205128205128204	percentage_points	10000	independent_repeats_shared_complexes	POINTWISE_EXPLORATORY	10000
Philips39	10	Transfer-NonSurface	AutoDock-GPU	pose_density_lt2_pct	-5.128205128205128	-10.76923076923077	-0.683760683760684	percentage_points	10000	independent_repeats_shared_complexes	POINTWISE_EXPLORATORY	10000
Philips39	10	Transfer-NonSurface	AutoDock-GPU	coverage_k10_lt2_pct	-4.273504273504276	-14.529914529914533	5.982905982905981	percentage_points	10000	independent_repeats_shared_complexes	POINTWISE_EXPLORATORY	10000
Philips39	10	Transfer-NonSurface	AutoDock-GPU	median_best_rmsd_A	-0.3295415372020365	-1.7668018156600218	0.4104909240156548	Angstrom	10000	independent_repeats_shared_complexes	POINTWISE_EXPLORATORY	10000
Philips39	10	Transfer-NonSurface	AutoDock-GPU	valid_fraction_pct	12.820512820512818	2.5641025641025834	23.07692307692308	percentage_points	10000	independent_repeats_shared_complexes	POINTWISE_EXPLORATORY	10000
Philips39	25	Transfer-All	Vina	pose_density_lt2_pct	9.743589743589741	3.6752136752136746	16.666666666666668	percentage_points	10000	independent_repeats_shared_complexes	POINTWISE_EXPLORATORY	10000
Philips39	25	Transfer-All	Vina	coverage_k10_lt2_pct	23.076923076923084	5.982905982905979	40.17094017094017	percentage_points	10000	independent_repeats_shared_complexes	POINTWISE_EXPLORATORY	10000
Philips39	25	Transfer-All	Vina	median_best_rmsd_A	-1.7238100274190589	-3.175057597162129	-0.5919936624785529	Angstrom	10000	independent_repeats_shared_complexes	POINTWISE_EXPLORATORY_WITH_CENSORED_DRAWS	9995
Philips39	25	Transfer-All	Vina	valid_fraction_pct	24.786324786324784	12.820512820512818	38.46153846153846	percentage_points	10000	independent_repeats_shared_complexes	POINTWISE_EXPLORATORY	10000
Philips39	25	Transfer-All	rDock	pose_density_lt2_pct	1.4529914529914532	-7.435897435897436	10.173076923076895	percentage_points	10000	independent_repeats_shared_complexes	POINTWISE_EXPLORATORY	10000
Philips39	25	Transfer-All	rDock	coverage_k10_lt2_pct	20.512820512820518	6.837606837606838	35.042735042735046	percentage_points	10000	independent_repeats_shared_complexes	POINTWISE_EXPLORATORY	10000
Philips39	25	Transfer-All	rDock	median_best_rmsd_A	-0.983399327419058	-1.7702435424081346	-0.5002471566797135	Angstrom	10000	independent_repeats_shared_complexes	POINTWISE_EXPLORATORY	10000
Philips39	25	Transfer-All	rDock	valid_fraction_pct	0.0	0.0	0.0	percentage_points	10000	independent_repeats_shared_complexes	POINTWISE_EXPLORATORY	10000
Philips39	25	Transfer-All	LeDock	pose_density_lt2_pct	-4.102564102564106	-13.247863247863249	4.7008547008547	percentage_points	10000	independent_repeats_shared_complexes	POINTWISE_EXPLORATORY	10000
Philips39	25	Transfer-All	LeDock	coverage_k10_lt2_pct	8.547008547008552	-5.982905982905983	23.07692307692308	percentage_points	10000	independent_repeats_shared_complexes	POINTWISE_EXPLORATORY	10000
Philips39	25	Transfer-All	LeDock	median_best_rmsd_A	-0.13743584741905845	-0.8323242069767142	0.31232618770022746	Angstrom	10000	independent_repeats_shared_complexes	POINTWISE_EXPLORATORY	10000
Philips39	25	Transfer-All	LeDock	valid_fraction_pct	2.3076923076923066	0.0	6.410256410256409	percentage_points	10000	independent_repeats_shared_complexes	POINTWISE_EXPLORATORY	10000
Philips39	25	Transfer-All	PLANTS	pose_density_lt2_pct	8.29059829059829	2.649572649572648	15.042735042735043	percentage_points	10000	independent_repeats_shared_complexes	POINTWISE_EXPLORATORY	10000
Philips39	25	Transfer-All	PLANTS	coverage_k10_lt2_pct	19.658119658119663	6.837606837606831	33.333333333333336	percentage_points	10000	independent_repeats_shared_complexes	POINTWISE_EXPLORATORY	10000
Philips39	25	Transfer-All	PLANTS	median_best_rmsd_A	-1.5538396440857252	-2.7140013327597656	-1.016018293871068	Angstrom	10000	independent_repeats_shared_complexes	POINTWISE_EXPLORATORY	10000
Philips39	25	Transfer-All	PLANTS	valid_fraction_pct	15.384615384615387	5.128205128205124	28.205128205128204	percentage_points	10000	independent_repeats_shared_complexes	POINTWISE_EXPLORATORY	10000
Philips39	25	Transfer-All	AutoDock-GPU	pose_density_lt2_pct	6.2393162393162385	-0.7692307692307683	13.762820512820483	percentage_points	10000	independent_repeats_shared_complexes	POINTWISE_EXPLORATORY	10000
Philips39	25	Transfer-All	AutoDock-GPU	coverage_k10_lt2_pct	24.786324786324787	11.11111111111111	38.46153846153847	percentage_points	10000	independent_repeats_shared_complexes	POINTWISE_EXPLORATORY	10000
Philips39	25	Transfer-All	AutoDock-GPU	median_best_rmsd_A	-1.4542080940857245	-2.969435542613343	-0.8187714485838777	Angstrom	10000	independent_repeats_shared_complexes	POINTWISE_EXPLORATORY	10000
Philips39	25	Transfer-All	AutoDock-GPU	valid_fraction_pct	12.820512820512818	2.5641025641025834	23.07692307692308	percentage_points	10000	independent_repeats_shared_complexes	POINTWISE_EXPLORATORY	10000
Philips39	25	Transfer-NonSurface	Vina	pose_density_lt2_pct	1.282051282051282	-2.136752136752137	4.871794871794871	percentage_points	10000	independent_repeats_shared_complexes	POINTWISE_EXPLORATORY	10000
Philips39	25	Transfer-NonSurface	Vina	coverage_k10_lt2_pct	2.564102564102569	-12.820512820512821	17.94871794871795	percentage_points	10000	independent_repeats_shared_complexes	POINTWISE_EXPLORATORY	10000
Philips39	25	Transfer-NonSurface	Vina	median_best_rmsd_A	-1.303905587701403	-2.5972071224247615	-0.11941546480602716	Angstrom	10000	independent_repeats_shared_complexes	POINTWISE_EXPLORATORY_WITH_CENSORED_DRAWS	9995
Philips39	25	Transfer-NonSurface	Vina	valid_fraction_pct	24.786324786324784	12.820512820512818	38.46153846153846	percentage_points	10000	independent_repeats_shared_complexes	POINTWISE_EXPLORATORY	10000
Philips39	25	Transfer-NonSurface	rDock	pose_density_lt2_pct	-7.008547008547007	-15.128205128205128	0.08547008547008608	percentage_points	10000	independent_repeats_shared_complexes	POINTWISE_EXPLORATORY	10000
Philips39	25	Transfer-NonSurface	rDock	coverage_k10_lt2_pct	3.552713678800501e-15	-11.965811965811966	12.820512820512821	percentage_points	10000	independent_repeats_shared_complexes	POINTWISE_EXPLORATORY	10000
Philips39	25	Transfer-NonSurface	rDock	median_best_rmsd_A	-0.5634948877014021	-1.20413889217109	0.07172815113580659	Angstrom	10000	independent_repeats_shared_complexes	POINTWISE_EXPLORATORY	10000
Philips39	25	Transfer-NonSurface	rDock	valid_fraction_pct	0.0	0.0	0.0	percentage_points	10000	independent_repeats_shared_complexes	POINTWISE_EXPLORATORY	10000
Philips39	25	Transfer-NonSurface	LeDock	pose_density_lt2_pct	-12.564102564102566	-21.28205128205128	-4.615384615384615	percentage_points	10000	independent_repeats_shared_complexes	POINTWISE_EXPLORATORY	10000
Philips39	25	Transfer-NonSurface	LeDock	coverage_k10_lt2_pct	-11.965811965811962	-25.64102564102565	1.7094017094017104	percentage_points	10000	independent_repeats_shared_complexes	POINTWISE_EXPLORATORY	10000
Philips39	25	Transfer-NonSurface	LeDock	median_best_rmsd_A	0.28246859229859744	-0.3069667329334114	0.7972888095200464	Angstrom	10000	independent_repeats_shared_complexes	POINTWISE_EXPLORATORY	10000
Philips39	25	Transfer-NonSurface	LeDock	valid_fraction_pct	2.3076923076923066	0.0	6.410256410256409	percentage_points	10000	independent_repeats_shared_complexes	POINTWISE_EXPLORATORY	10000
Philips39	25	Transfer-NonSurface	PLANTS	pose_density_lt2_pct	-0.17094017094017033	-3.760683760683761	3.5042735042735047	percentage_points	10000	independent_repeats_shared_complexes	POINTWISE_EXPLORATORY	10000
Philips39	25	Transfer-NonSurface	PLANTS	coverage_k10_lt2_pct	-0.8547008547008517	-13.675213675213673	11.965811965811966	percentage_points	10000	independent_repeats_shared_complexes	POINTWISE_EXPLORATORY	10000
Philips39	25	Transfer-NonSurface	PLANTS	median_best_rmsd_A	-1.1339352043680693	-2.179781327158832	-0.5212060683679567	Angstrom	10000	independent_repeats_shared_complexes	POINTWISE_EXPLORATORY	10000
Philips39	25	Transfer-NonSurface	PLANTS	valid_fraction_pct	15.384615384615387	5.128205128205124	28.205128205128204	percentage_points	10000	independent_repeats_shared_complexes	POINTWISE_EXPLORATORY	10000
Philips39	25	Transfer-NonSurface	AutoDock-GPU	pose_density_lt2_pct	-2.2222222222222214	-7.948717948717948	2.5641025641025648	percentage_points	10000	independent_repeats_shared_complexes	POINTWISE_EXPLORATORY	10000
Philips39	25	Transfer-NonSurface	AutoDock-GPU	coverage_k10_lt2_pct	4.2735042735042725	-6.837606837606842	15.384615384615385	percentage_points	10000	independent_repeats_shared_complexes	POINTWISE_EXPLORATORY	10000
Philips39	25	Transfer-NonSurface	AutoDock-GPU	median_best_rmsd_A	-1.0343036543680686	-2.453295864427397	-0.2595140786448568	Angstrom	10000	independent_repeats_shared_complexes	POINTWISE_EXPLORATORY	10000
Philips39	25	Transfer-NonSurface	AutoDock-GPU	valid_fraction_pct	12.820512820512818	2.5641025641025834	23.07692307692308	percentage_points	10000	independent_repeats_shared_complexes	POINTWISE_EXPLORATORY	10000
Philips39	50	Transfer-All	Vina	pose_density_lt2_pct	11.965811965811966	5.811965811965811	18.88888888888889	percentage_points	10000	independent_repeats_shared_complexes	POINTWISE_EXPLORATORY	10000
Philips39	50	Transfer-All	Vina	coverage_k10_lt2_pct	29.91452991452992	13.675213675213676	46.15384615384615	percentage_points	10000	independent_repeats_shared_complexes	POINTWISE_EXPLORATORY	10000
Philips39	50	Transfer-All	Vina	median_best_rmsd_A	-2.0277038095023334	-3.302135445814587	-0.8284455202863835	Angstrom	10000	independent_repeats_shared_complexes	POINTWISE_EXPLORATORY_WITH_CENSORED_DRAWS	9995
Philips39	50	Transfer-All	Vina	valid_fraction_pct	24.786324786324784	12.820512820512818	38.46153846153846	percentage_points	10000	independent_repeats_shared_complexes	POINTWISE_EXPLORATORY	10000
Philips39	50	Transfer-All	rDock	pose_density_lt2_pct	3.675213675213678	-5.641025641025639	12.64957264957265	percentage_points	10000	independent_repeats_shared_complexes	POINTWISE_EXPLORATORY	10000
Philips39	50	Transfer-All	rDock	coverage_k10_lt2_pct	27.350427350427353	12.820512820512825	41.88034188034189	percentage_points	10000	independent_repeats_shared_complexes	POINTWISE_EXPLORATORY	10000
Philips39	50	Transfer-All	rDock	median_best_rmsd_A	-1.2872931095023323	-1.948996568705228	-0.6647774841123264	Angstrom	10000	independent_repeats_shared_complexes	POINTWISE_EXPLORATORY	10000
Philips39	50	Transfer-All	rDock	valid_fraction_pct	0.0	0.0	0.0	percentage_points	10000	independent_repeats_shared_complexes	POINTWISE_EXPLORATORY	10000
Philips39	50	Transfer-All	LeDock	pose_density_lt2_pct	-1.8803418803418808	-11.025641025641024	7.0940170940170955	percentage_points	10000	independent_repeats_shared_complexes	POINTWISE_EXPLORATORY	10000
Philips39	50	Transfer-All	LeDock	coverage_k10_lt2_pct	15.384615384615387	1.7094017094017033	29.914529914529915	percentage_points	10000	independent_repeats_shared_complexes	POINTWISE_EXPLORATORY	10000
Philips39	50	Transfer-All	LeDock	median_best_rmsd_A	-0.4413296295023328	-1.0276566533102383	0.11361286105425521	Angstrom	10000	independent_repeats_shared_complexes	POINTWISE_EXPLORATORY	10000
Philips39	50	Transfer-All	LeDock	valid_fraction_pct	2.3076923076923066	0.0	6.410256410256409	percentage_points	10000	independent_repeats_shared_complexes	POINTWISE_EXPLORATORY	10000
Philips39	50	Transfer-All	PLANTS	pose_density_lt2_pct	10.512820512820515	4.8717948717948705	17.264957264957264	percentage_points	10000	independent_repeats_shared_complexes	POINTWISE_EXPLORATORY	10000
Philips39	50	Transfer-All	PLANTS	coverage_k10_lt2_pct	26.495726495726498	13.675213675213673	40.17094017094017	percentage_points	10000	independent_repeats_shared_complexes	POINTWISE_EXPLORATORY	10000
Philips39	50	Transfer-All	PLANTS	median_best_rmsd_A	-1.8577334261689995	-2.839147060648057	-1.2754445881555354	Angstrom	10000	independent_repeats_shared_complexes	POINTWISE_EXPLORATORY	10000
Philips39	50	Transfer-All	PLANTS	valid_fraction_pct	15.384615384615387	5.128205128205124	28.205128205128204	percentage_points	10000	independent_repeats_shared_complexes	POINTWISE_EXPLORATORY	10000
Philips39	50	Transfer-All	AutoDock-GPU	pose_density_lt2_pct	8.461538461538463	1.7094017094017122	15.726495726495724	percentage_points	10000	independent_repeats_shared_complexes	POINTWISE_EXPLORATORY	10000
Philips39	50	Transfer-All	AutoDock-GPU	coverage_k10_lt2_pct	31.62393162393162	17.94871794871795	45.32051282051252	percentage_points	10000	independent_repeats_shared_complexes	POINTWISE_EXPLORATORY	10000
Philips39	50	Transfer-All	AutoDock-GPU	median_best_rmsd_A	-1.7581018761689988	-3.119487127262461	-1.0088241951781267	Angstrom	10000	independent_repeats_shared_complexes	POINTWISE_EXPLORATORY	10000
Philips39	50	Transfer-All	AutoDock-GPU	valid_fraction_pct	12.820512820512818	2.5641025641025834	23.07692307692308	percentage_points	10000	independent_repeats_shared_complexes	POINTWISE_EXPLORATORY	10000
Philips39	50	Transfer-NonSurface	Vina	pose_density_lt2_pct	4.786324786324784	0.5982905982905979	9.487179487179487	percentage_points	10000	independent_repeats_shared_complexes	POINTWISE_EXPLORATORY	10000
Philips39	50	Transfer-NonSurface	Vina	coverage_k10_lt2_pct	13.67521367521368	0.0	28.205128205128208	percentage_points	10000	independent_repeats_shared_complexes	POINTWISE_EXPLORATORY	10000
Philips39	50	Transfer-NonSurface	Vina	median_best_rmsd_A	-1.6308621162296513	-2.857317820587274	-0.39293737587173727	Angstrom	10000	independent_repeats_shared_complexes	POINTWISE_EXPLORATORY_WITH_CENSORED_DRAWS	9995
Philips39	50	Transfer-NonSurface	Vina	valid_fraction_pct	24.786324786324784	12.820512820512818	38.46153846153846	percentage_points	10000	independent_repeats_shared_complexes	POINTWISE_EXPLORATORY	10000
Philips39	50	Transfer-NonSurface	rDock	pose_density_lt2_pct	-3.5042735042735043	-12.307692307692308	4.529914529914531	percentage_points	10000	independent_repeats_shared_complexes	POINTWISE_EXPLORATORY	10000
Philips39	50	Transfer-NonSurface	rDock	coverage_k10_lt2_pct	11.111111111111114	-0.8547008547008517	23.93162393162393	percentage_points	10000	independent_repeats_shared_complexes	POINTWISE_EXPLORATORY	10000
Philips39	50	Transfer-NonSurface	rDock	median_best_rmsd_A	-0.8904514162296504	-1.5049695280464792	-0.1665287268487879	Angstrom	10000	independent_repeats_shared_complexes	POINTWISE_EXPLORATORY	10000
Philips39	50	Transfer-NonSurface	rDock	valid_fraction_pct	0.0	0.0	0.0	percentage_points	10000	independent_repeats_shared_complexes	POINTWISE_EXPLORATORY	10000
Philips39	50	Transfer-NonSurface	LeDock	pose_density_lt2_pct	-9.059829059829063	-18.11965811965812	-0.5982905982905979	percentage_points	10000	independent_repeats_shared_complexes	POINTWISE_EXPLORATORY	10000
Philips39	50	Transfer-NonSurface	LeDock	coverage_k10_lt2_pct	-0.8547008547008517	-13.675213675213673	11.111111111111114	percentage_points	10000	independent_repeats_shared_complexes	POINTWISE_EXPLORATORY	10000
Philips39	50	Transfer-NonSurface	LeDock	median_best_rmsd_A	-0.04448793622965086	-0.5703424875579376	0.5783308410610829	Angstrom	10000	independent_repeats_shared_complexes	POINTWISE_EXPLORATORY	10000
Philips39	50	Transfer-NonSurface	LeDock	valid_fraction_pct	2.3076923076923066	0.0	6.410256410256409	percentage_points	10000	independent_repeats_shared_complexes	POINTWISE_EXPLORATORY	10000
Philips39	50	Transfer-NonSurface	PLANTS	pose_density_lt2_pct	3.333333333333332	-0.5128205128205137	7.863247863247863	percentage_points	10000	independent_repeats_shared_complexes	POINTWISE_EXPLORATORY	10000
Philips39	50	Transfer-NonSurface	PLANTS	coverage_k10_lt2_pct	10.256410256410259	0.833333333333343	21.367521367521366	percentage_points	10000	independent_repeats_shared_complexes	POINTWISE_EXPLORATORY	10000
Philips39	50	Transfer-NonSurface	PLANTS	median_best_rmsd_A	-1.4608917328963176	-2.400180364340989	-0.7672266812280699	Angstrom	10000	independent_repeats_shared_complexes	POINTWISE_EXPLORATORY	10000
Philips39	50	Transfer-NonSurface	PLANTS	valid_fraction_pct	15.384615384615387	5.128205128205124	28.205128205128204	percentage_points	10000	independent_repeats_shared_complexes	POINTWISE_EXPLORATORY	10000
Philips39	50	Transfer-NonSurface	AutoDock-GPU	pose_density_lt2_pct	1.282051282051281	-5.726495726495727	7.60897435897433	percentage_points	10000	independent_repeats_shared_complexes	POINTWISE_EXPLORATORY	10000
Philips39	50	Transfer-NonSurface	AutoDock-GPU	coverage_k10_lt2_pct	15.384615384615383	4.273504273504276	27.350427350427346	percentage_points	10000	independent_repeats_shared_complexes	POINTWISE_EXPLORATORY	10000
Philips39	50	Transfer-NonSurface	AutoDock-GPU	median_best_rmsd_A	-1.361260182896317	-2.7172816940271782	-0.5430776310413188	Angstrom	10000	independent_repeats_shared_complexes	POINTWISE_EXPLORATORY	10000
Philips39	50	Transfer-NonSurface	AutoDock-GPU	valid_fraction_pct	12.820512820512818	2.5641025641025834	23.07692307692308	percentage_points	10000	independent_repeats_shared_complexes	POINTWISE_EXPLORATORY	10000
Philips39	100	Transfer-All	Vina	pose_density_lt2_pct	12.307692307692303	5.470085470085471	19.914529914529915	percentage_points	10000	independent_repeats_shared_complexes	POINTWISE_EXPLORATORY	10000
Philips39	100	Transfer-All	Vina	coverage_k10_lt2_pct	32.47863247863248	15.384615384615394	49.57264957264957	percentage_points	10000	independent_repeats_shared_complexes	POINTWISE_EXPLORATORY	10000
Philips39	100	Transfer-All	Vina	median_best_rmsd_A	-2.128397532268962	-3.4251091907335445	-0.9012890326353892	Angstrom	10000	independent_repeats_shared_complexes	POINTWISE_EXPLORATORY_WITH_CENSORED_DRAWS	9995
Philips39	100	Transfer-All	Vina	valid_fraction_pct	24.786324786324784	12.820512820512818	38.46153846153846	percentage_points	10000	independent_repeats_shared_complexes	POINTWISE_EXPLORATORY	10000
Philips39	100	Transfer-All	rDock	pose_density_lt2_pct	4.017094017094015	-5.128205128205131	12.905982905982906	percentage_points	10000	independent_repeats_shared_complexes	POINTWISE_EXPLORATORY	10000
Philips39	100	Transfer-All	rDock	coverage_k10_lt2_pct	29.914529914529915	15.38461538461538	45.299145299145295	percentage_points	10000	independent_repeats_shared_complexes	POINTWISE_EXPLORATORY	10000
Philips39	100	Transfer-All	rDock	median_best_rmsd_A	-1.3879868322689608	-2.035094284766849	-0.811080622860936	Angstrom	10000	independent_repeats_shared_complexes	POINTWISE_EXPLORATORY	10000
Philips39	100	Transfer-All	rDock	valid_fraction_pct	0.0	0.0	0.0	percentage_points	10000	independent_repeats_shared_complexes	POINTWISE_EXPLORATORY	10000
Philips39	100	Transfer-All	LeDock	pose_density_lt2_pct	-1.5384615384615437	-11.111111111111109	7.948717948717947	percentage_points	10000	independent_repeats_shared_complexes	POINTWISE_EXPLORATORY	10000
Philips39	100	Transfer-All	LeDock	coverage_k10_lt2_pct	17.94871794871795	3.4188034188034067	32.478632478632484	percentage_points	10000	independent_repeats_shared_complexes	POINTWISE_EXPLORATORY	10000
Philips39	100	Transfer-All	LeDock	median_best_rmsd_A	-0.5420233522689613	-1.1515090591075874	-0.03189818104478498	Angstrom	10000	independent_repeats_shared_complexes	POINTWISE_EXPLORATORY	10000
Philips39	100	Transfer-All	LeDock	valid_fraction_pct	2.3076923076923066	0.0	6.410256410256409	percentage_points	10000	independent_repeats_shared_complexes	POINTWISE_EXPLORATORY	10000
Philips39	100	Transfer-All	PLANTS	pose_density_lt2_pct	10.854700854700852	4.615384615384616	17.94871794871795	percentage_points	10000	independent_repeats_shared_complexes	POINTWISE_EXPLORATORY	10000
Philips39	100	Transfer-All	PLANTS	coverage_k10_lt2_pct	29.05982905982906	15.384615384615383	43.58974358974358	percentage_points	10000	independent_repeats_shared_complexes	POINTWISE_EXPLORATORY	10000
Philips39	100	Transfer-All	PLANTS	median_best_rmsd_A	-1.958427148935628	-2.9162853079980287	-1.3897850389861104	Angstrom	10000	independent_repeats_shared_complexes	POINTWISE_EXPLORATORY	10000
Philips39	100	Transfer-All	PLANTS	valid_fraction_pct	15.384615384615387	5.128205128205124	28.205128205128204	percentage_points	10000	independent_repeats_shared_complexes	POINTWISE_EXPLORATORY	10000
Philips39	100	Transfer-All	AutoDock-GPU	pose_density_lt2_pct	8.8034188034188	1.7094017094017104	16.495726495726494	percentage_points	10000	independent_repeats_shared_complexes	POINTWISE_EXPLORATORY	10000
Philips39	100	Transfer-All	AutoDock-GPU	coverage_k10_lt2_pct	34.18803418803418	20.512820512820515	47.863247863247864	percentage_points	10000	independent_repeats_shared_complexes	POINTWISE_EXPLORATORY	10000
Philips39	100	Transfer-All	AutoDock-GPU	median_best_rmsd_A	-1.8587955989356273	-3.2380910688978926	-1.1316584056414687	Angstrom	10000	independent_repeats_shared_complexes	POINTWISE_EXPLORATORY	10000
Philips39	100	Transfer-All	AutoDock-GPU	valid_fraction_pct	12.820512820512818	2.5641025641025834	23.07692307692308	percentage_points	10000	independent_repeats_shared_complexes	POINTWISE_EXPLORATORY	10000
Philips39	100	Transfer-NonSurface	Vina	pose_density_lt2_pct	7.777777777777776	2.735042735042735	13.418803418803417	percentage_points	10000	independent_repeats_shared_complexes	POINTWISE_EXPLORATORY	10000
Philips39	100	Transfer-NonSurface	Vina	coverage_k10_lt2_pct	20.512820512820515	5.982905982905983	35.042735042735046	percentage_points	10000	independent_repeats_shared_complexes	POINTWISE_EXPLORATORY	10000
Philips39	100	Transfer-NonSurface	Vina	median_best_rmsd_A	-1.7286637113363517	-3.0422888005775923	-0.5399541795538093	Angstrom	10000	independent_repeats_shared_complexes	POINTWISE_EXPLORATORY_WITH_CENSORED_DRAWS	9995
Philips39	100	Transfer-NonSurface	Vina	valid_fraction_pct	24.786324786324784	12.820512820512818	38.46153846153846	percentage_points	10000	independent_repeats_shared_complexes	POINTWISE_EXPLORATORY	10000
Philips39	100	Transfer-NonSurface	rDock	pose_density_lt2_pct	-0.5128205128205128	-8.461538461538456	6.666666666666668	percentage_points	10000	independent_repeats_shared_complexes	POINTWISE_EXPLORATORY	10000
Philips39	100	Transfer-NonSurface	rDock	coverage_k10_lt2_pct	17.94871794871795	5.9829059829059865	29.914529914529925	percentage_points	10000	independent_repeats_shared_complexes	POINTWISE_EXPLORATORY	10000
Philips39	100	Transfer-NonSurface	rDock	median_best_rmsd_A	-0.9882530113363508	-1.6535168055779172	-0.3890132468179028	Angstrom	10000	independent_repeats_shared_complexes	POINTWISE_EXPLORATORY	10000
Philips39	100	Transfer-NonSurface	rDock	valid_fraction_pct	0.0	0.0	0.0	percentage_points	10000	independent_repeats_shared_complexes	POINTWISE_EXPLORATORY	10000
Philips39	100	Transfer-NonSurface	LeDock	pose_density_lt2_pct	-6.068376068376072	-14.444444444444445	1.7948717948717956	percentage_points	10000	independent_repeats_shared_complexes	POINTWISE_EXPLORATORY	10000
Philips39	100	Transfer-NonSurface	LeDock	coverage_k10_lt2_pct	5.982905982905983	-6.837606837606835	17.948717948717956	percentage_points	10000	independent_repeats_shared_complexes	POINTWISE_EXPLORATORY	10000
Philips39	100	Transfer-NonSurface	LeDock	median_best_rmsd_A	-0.14228953133635125	-0.7595818487912123	0.4079385253672451	Angstrom	10000	independent_repeats_shared_complexes	POINTWISE_EXPLORATORY	10000
Philips39	100	Transfer-NonSurface	LeDock	valid_fraction_pct	2.3076923076923066	0.0	6.410256410256409	percentage_points	10000	independent_repeats_shared_complexes	POINTWISE_EXPLORATORY	10000
Philips39	100	Transfer-NonSurface	PLANTS	pose_density_lt2_pct	6.324786324786324	2.051282051282051	11.11111111111111	percentage_points	10000	independent_repeats_shared_complexes	POINTWISE_EXPLORATORY	10000
Philips39	100	Transfer-NonSurface	PLANTS	coverage_k10_lt2_pct	17.094017094017094	6.837606837606842	28.205128205128204	percentage_points	10000	independent_repeats_shared_complexes	POINTWISE_EXPLORATORY	10000
Philips39	100	Transfer-NonSurface	PLANTS	median_best_rmsd_A	-1.558693328003018	-2.578014597182448	-0.9837984221732599	Angstrom	10000	independent_repeats_shared_complexes	POINTWISE_EXPLORATORY	10000
Philips39	100	Transfer-NonSurface	PLANTS	valid_fraction_pct	15.384615384615387	5.128205128205124	28.205128205128204	percentage_points	10000	independent_repeats_shared_complexes	POINTWISE_EXPLORATORY	10000
Philips39	100	Transfer-NonSurface	AutoDock-GPU	pose_density_lt2_pct	4.2735042735042725	-1.367521367521367	9.914529914529915	percentage_points	10000	independent_repeats_shared_complexes	POINTWISE_EXPLORATORY	10000
Philips39	100	Transfer-NonSurface	AutoDock-GPU	coverage_k10_lt2_pct	22.222222222222218	11.11111111111111	34.18803418803419	percentage_points	10000	independent_repeats_shared_complexes	POINTWISE_EXPLORATORY	10000
Philips39	100	Transfer-NonSurface	AutoDock-GPU	median_best_rmsd_A	-1.4590617780030173	-2.8905913210695324	-0.7441801924017827	Angstrom	10000	independent_repeats_shared_complexes	POINTWISE_EXPLORATORY	10000
Philips39	100	Transfer-NonSurface	AutoDock-GPU	valid_fraction_pct	12.820512820512818	2.5641025641025834	23.07692307692308	percentage_points	10000	independent_repeats_shared_complexes	POINTWISE_EXPLORATORY	10000
