fraction_pct	method	replicate_type	replicate	complex_name	pose_density_lt2_pct	coverage_k10_lt2_pct	best_rmsd_A	valid_fraction_pct
10	Transfer-All	training_seed	0	1am0	40.0	100.0	1.3342465903696528	100.0
10	Transfer-All	training_seed	0	1arj	30.0	100.0	1.7751010928958382	100.0
10	Transfer-All	training_seed	0	1byj	0.0	0.0	2.2201555881252717	100.0
10	Transfer-All	training_seed	0	1cvx	10.0	100.0	1.7370150547466958	100.0
10	Transfer-All	training_seed	0	1cvy	0.0	0.0	2.2563267036057204	100.0
10	Transfer-All	training_seed	0	1db6	30.0	100.0	1.6086199636645073	100.0
10	Transfer-All	training_seed	0	1eht	40.0	100.0	0.2866912490950714	100.0
10	Transfer-All	training_seed	0	1ei2	0.0	0.0	3.4637536335324897	100.0
10	Transfer-All	training_seed	0	1f1t	60.0	100.0	0.6499932555863109	100.0
10	Transfer-All	training_seed	0	1f27	10.0	100.0	1.7760544646068712	100.0
10	Transfer-All	training_seed	0	1fjg	0.0	0.0	3.0644731995813532	100.0
10	Transfer-All	training_seed	0	1fmn	30.0	100.0	0.8574406816687936	100.0
10	Transfer-All	training_seed	0	1fyp	0.0	0.0	2.910025534702238	100.0
10	Transfer-All	training_seed	0	1hnw	0.0	0.0	2.613187267734557	100.0
10	Transfer-All	training_seed	0	1i9v	0.0	0.0	3.303530791909656	100.0
10	Transfer-All	training_seed	0	1j7t	0.0	0.0	3.4731191899871705	100.0
10	Transfer-All	training_seed	0	1koc	20.0	100.0	1.8253020944033713	100.0
10	Transfer-All	training_seed	0	1lc4	0.0	0.0	2.049235982781144	100.0
10	Transfer-All	training_seed	0	1lvj	10.0	100.0	1.8137637286808501	100.0
10	Transfer-All	training_seed	0	1mwl	0.0	0.0	2.307684874118495	100.0
10	Transfer-All	training_seed	0	1nbk	70.0	100.0	1.0062535776333918	100.0
10	Transfer-All	training_seed	0	1nem	0.0	0.0	4.692169501845348	100.0
10	Transfer-All	training_seed	0	1nta	0.0	0.0	2.4986839273405512	100.0
10	Transfer-All	training_seed	0	1ntb	0.0	0.0	2.9632755004386615	100.0
10	Transfer-All	training_seed	0	1nzm	30.0	100.0	0.8492474238542477	100.0
10	Transfer-All	training_seed	0	1o15	40.0	100.0	0.6616974947930396	100.0
10	Transfer-All	training_seed	0	1o9m	0.0	0.0	3.1705657891791987	100.0
10	Transfer-All	training_seed	0	1p96	0.0	0.0	2.8886681554938263	100.0
10	Transfer-All	training_seed	0	1pbr	0.0	0.0	3.7820501314007684	100.0
10	Transfer-All	training_seed	0	1q8n	60.0	100.0	0.8194973112829596	100.0
10	Transfer-All	training_seed	0	1qd3	0.0	0.0	3.266506431735812	100.0
10	Transfer-All	training_seed	0	1qv4	0.0	0.0	2.3027234961484817	100.0
10	Transfer-All	training_seed	0	1qv8	0.0	0.0	2.2089816202334984	100.0
10	Transfer-All	training_seed	0	1r4e	0.0	0.0	3.5012473863262517	100.0
10	Transfer-All	training_seed	0	1tob	0.0	0.0	4.035955164053486	100.0
10	Transfer-All	training_seed	0	1u8d	0.0	0.0	2.6934016945119796	100.0
10	Transfer-All	training_seed	0	1uts	0.0	0.0	4.203102607836263	100.0
10	Transfer-All	training_seed	0	1uud	10.0	100.0	1.6763422954754794	100.0
10	Transfer-All	training_seed	0	1uui	20.0	100.0	1.4823141239878654	100.0
10	Transfer-All	training_seed	0	1xbp	0.0	0.0	8.573472898577743	100.0
10	Transfer-All	training_seed	0	1xpf	70.0	100.0	1.2812699963596381	100.0
10	Transfer-All	training_seed	0	1y26	30.0	100.0	0.3528651073710748	100.0
10	Transfer-All	training_seed	0	1y27	60.0	100.0	0.31780372730808026	100.0
10	Transfer-All	training_seed	0	1ykv	20.0	100.0	0.9308092870876242	100.0
10	Transfer-All	training_seed	0	1yrj	0.0	0.0	2.995042023032353	100.0
10	Transfer-All	training_seed	0	1zz5	10.0	100.0	1.9939542218367226	100.0
10	Transfer-All	training_seed	0	2au4	0.0	0.0	4.009482525954877	100.0
10	Transfer-All	training_seed	0	2b57	10.0	100.0	0.4332766458259451	100.0
10	Transfer-All	training_seed	0	2be0	0.0	0.0	6.2228134166208875	100.0
10	Transfer-All	training_seed	0	2bee	0.0	0.0	4.501067163054395	100.0
10	Transfer-All	training_seed	0	2d55	0.0	0.0	7.337754552866367	100.0
10	Transfer-All	training_seed	0	2esi	0.0	0.0	3.3625762850420613	100.0
10	Transfer-All	training_seed	0	2esj	0.0	0.0	4.393518024951863	100.0
10	Transfer-All	training_seed	0	2et3	0.0	0.0	2.5540780016886093	100.0
10	Transfer-All	training_seed	0	2et4	0.0	0.0	3.4060162233975952	100.0
10	Transfer-All	training_seed	0	2et8	20.0	100.0	1.356581806500173	100.0
10	Transfer-All	training_seed	0	2f4s	10.0	100.0	1.4688957016319193	100.0
10	Transfer-All	training_seed	0	2f4t	0.0	0.0	4.262994126365713	100.0
10	Transfer-All	training_seed	0	2f4u	10.0	100.0	1.3748989743694702	100.0
10	Transfer-All	training_seed	0	2fcx	20.0	100.0	1.4102547540652492	100.0
10	Transfer-All	training_seed	0	2fcy	10.0	100.0	1.564635349956446	100.0
10	Transfer-All	training_seed	0	2fcz	10.0	100.0	1.8442541047543382	100.0
10	Transfer-All	training_seed	0	2fd0	0.0	0.0	3.1889383236612443	100.0
10	Transfer-All	training_seed	0	2g5k	0.0	0.0	2.2837019257503104	100.0
10	Transfer-All	training_seed	0	2g5q	10.0	100.0	1.4192508103749668	100.0
10	Transfer-All	training_seed	0	2g9c	10.0	100.0	0.35636491129178227	100.0
10	Transfer-All	training_seed	0	2gdi	0.0	0.0	2.119844984263635	100.0
10	Transfer-All	training_seed	0	2gis	0.0	0.0	2.0026791215953885	100.0
10	Transfer-All	training_seed	0	2juk	0.0	0.0	3.4055483926968355	100.0
10	Transfer-All	training_seed	0	2jwq	10.0	100.0	1.9783137424963715	100.0
10	Transfer-All	training_seed	0	2kgp	10.0	100.0	1.7696151695001376	100.0
10	Transfer-All	training_seed	0	2ktz	30.0	100.0	0.8428950140928635	100.0
10	Transfer-All	training_seed	0	2ku0	30.0	100.0	0.8897606949892911	100.0
10	Transfer-All	training_seed	0	2l94	50.0	100.0	1.5798654962527667	100.0
10	Transfer-All	training_seed	0	2loa	0.0	0.0	4.439075134872519	100.0
10	Transfer-All	training_seed	0	2mb3	0.0	0.0	4.159171575013468	100.0
10	Transfer-All	training_seed	0	2o3v	0.0	0.0	2.509164143978742	100.0
10	Transfer-All	training_seed	0	2o3w	0.0	0.0	4.981060167536531	100.0
10	Transfer-All	training_seed	0	2o3x	0.0	0.0	4.337792422716958	100.0
10	Transfer-All	training_seed	0	2oe5	0.0	0.0	3.2174718034002536	100.0
10	Transfer-All	training_seed	0	2oe8	0.0	0.0	2.000193927692607	100.0
10	Transfer-All	training_seed	0	2ogn	0.0	0.0	3.930529101286569	100.0
10	Transfer-All	training_seed	0	2pwt	0.0	0.0	5.369394084655487	100.0
10	Transfer-All	training_seed	0	2tob	0.0	0.0	2.367520529808031	100.0
10	Transfer-All	training_seed	0	2xnw	30.0	100.0	0.2403500426461373	100.0
10	Transfer-All	training_seed	0	2xnz	40.0	100.0	0.12862330443758768	100.0
10	Transfer-All	training_seed	0	2xo0	80.0	100.0	0.2130807681373426	100.0
10	Transfer-All	training_seed	0	2xo1	30.0	100.0	0.8171588095345971	100.0
10	Transfer-All	training_seed	0	2ydh	0.0	0.0	3.284021442784238	100.0
10	Transfer-All	training_seed	0	2ygh	0.0	0.0	2.120027798385183	100.0
10	Transfer-All	training_seed	0	316d	0.0	0.0	5.2259822757003365	100.0
10	Transfer-All	training_seed	0	3c44	0.0	0.0	3.422412426581438	100.0
10	Transfer-All	training_seed	0	3d2x	20.0	100.0	1.5658493274111167	100.0
10	Transfer-All	training_seed	0	3dil	70.0	100.0	1.3654448179988825	100.0
10	Transfer-All	training_seed	0	3ds7	40.0	100.0	0.8954645345470578	100.0
10	Transfer-All	training_seed	0	3dvv	0.0	0.0	4.678884135994876	100.0
10	Transfer-All	training_seed	0	3e5c	0.0	0.0	3.2231707323689824	100.0
10	Transfer-All	training_seed	0	3f2q	0.0	0.0	2.0944970742862226	100.0
10	Transfer-All	training_seed	0	3fo4	10.0	100.0	0.2944917794808847	100.0
10	Transfer-All	training_seed	0	3fo6	30.0	100.0	0.42319945652139024	100.0
10	Transfer-All	training_seed	0	3gao	20.0	100.0	0.2898129600590385	100.0
10	Transfer-All	training_seed	0	3ger	40.0	100.0	0.2725200092737144	100.0
10	Transfer-All	training_seed	0	3ges	40.0	100.0	0.32202063339688924	100.0
10	Transfer-All	training_seed	0	3gog	20.0	100.0	0.2597748378185164	100.0
10	Transfer-All	training_seed	0	3got	10.0	100.0	0.3781438158353849	100.0
10	Transfer-All	training_seed	0	3gx2	10.0	100.0	1.9634911430635202	100.0
10	Transfer-All	training_seed	0	3gx3	0.0	0.0	2.098226373905791	100.0
10	Transfer-All	training_seed	0	3gx5	0.0	0.0	2.4331570193353205	100.0
10	Transfer-All	training_seed	0	3gx7	0.0	0.0	2.491143262529163	100.0
10	Transfer-All	training_seed	0	3la5	50.0	100.0	0.3052437407220663	100.0
10	Transfer-All	training_seed	0	3mum	0.0	0.0	3.434478823856938	100.0
10	Transfer-All	training_seed	0	3mur	0.0	0.0	5.5201943696678875	100.0
10	Transfer-All	training_seed	0	3mxh	0.0	0.0	3.8033896288305318	100.0
10	Transfer-All	training_seed	0	3npn	10.0	100.0	1.898374531925023	100.0
10	Transfer-All	training_seed	0	3npq	0.0	0.0	2.401755214741599	100.0
10	Transfer-All	training_seed	0	3owz	40.0	100.0	0.48856812626285673	100.0
10	Transfer-All	training_seed	0	3q3z	0.0	0.0	3.2155435847850318	100.0
10	Transfer-All	training_seed	0	3q50	60.0	100.0	0.4492803827318657	100.0
10	Transfer-All	training_seed	0	3s4p	0.0	0.0	4.261638685865793	100.0
10	Transfer-All	training_seed	0	3slm	30.0	100.0	1.0509138031918364	100.0
10	Transfer-All	training_seed	0	407d	10.0	100.0	1.6136330783230532	100.0
10	Transfer-All	training_seed	0	408d	0.0	0.0	2.482994087104467	100.0
10	Transfer-All	training_seed	0	4aob	0.0	0.0	2.5681371755072244	100.0
10	Transfer-All	training_seed	0	4erj	90.0	100.0	0.6619927248677102	100.0
10	Transfer-All	training_seed	0	4fe5	20.0	100.0	0.4872917770699604	100.0
10	Transfer-All	training_seed	0	4jf2	60.0	100.0	0.3009368640659471	100.0
10	Transfer-All	training_seed	0	4kqy	0.0	0.0	2.3638998422255697	100.0
10	Transfer-All	training_seed	0	4lvv	0.0	0.0	2.939198194185939	100.0
10	Transfer-All	training_seed	1	1am0	30.0	100.0	1.3869767963013155	100.0
10	Transfer-All	training_seed	1	1arj	20.0	100.0	1.7703597047398774	100.0
10	Transfer-All	training_seed	1	1byj	10.0	100.0	1.5821728536129285	100.0
10	Transfer-All	training_seed	1	1cvx	10.0	100.0	1.8282867087453762	100.0
10	Transfer-All	training_seed	1	1cvy	0.0	0.0	2.290704588484104	100.0
10	Transfer-All	training_seed	1	1db6	30.0	100.0	1.5643082257023389	100.0
10	Transfer-All	training_seed	1	1eht	40.0	100.0	0.3304713940838029	100.0
10	Transfer-All	training_seed	1	1ei2	0.0	0.0	3.4901241232532527	100.0
10	Transfer-All	training_seed	1	1f1t	70.0	100.0	0.7010499288155644	100.0
10	Transfer-All	training_seed	1	1f27	10.0	100.0	1.8836920430699389	100.0
10	Transfer-All	training_seed	1	1fjg	0.0	0.0	3.494420178826594	100.0
10	Transfer-All	training_seed	1	1fmn	20.0	100.0	1.5210602513993638	100.0
10	Transfer-All	training_seed	1	1fyp	0.0	0.0	2.913705967982553	100.0
10	Transfer-All	training_seed	1	1hnw	0.0	0.0	2.5167053289593713	100.0
10	Transfer-All	training_seed	1	1i9v	0.0	0.0	3.283877233074459	100.0
10	Transfer-All	training_seed	1	1j7t	0.0	0.0	3.2093811152767815	100.0
10	Transfer-All	training_seed	1	1koc	30.0	100.0	1.8720437788684328	100.0
10	Transfer-All	training_seed	1	1lc4	0.0	0.0	2.1514046325162774	100.0
10	Transfer-All	training_seed	1	1lvj	10.0	100.0	1.838696419016567	100.0
10	Transfer-All	training_seed	1	1mwl	10.0	100.0	1.9541097445700255	100.0
10	Transfer-All	training_seed	1	1nbk	70.0	100.0	1.0501355618839565	100.0
10	Transfer-All	training_seed	1	1nem	0.0	0.0	4.962243939489473	100.0
10	Transfer-All	training_seed	1	1nta	0.0	0.0	2.4390188319793684	100.0
10	Transfer-All	training_seed	1	1ntb	0.0	0.0	3.219295953931543	100.0
10	Transfer-All	training_seed	1	1nzm	20.0	100.0	0.8379045339875676	100.0
10	Transfer-All	training_seed	1	1o15	40.0	100.0	0.5768655842635197	100.0
10	Transfer-All	training_seed	1	1o9m	0.0	0.0	2.9901402966723456	100.0
10	Transfer-All	training_seed	1	1p96	0.0	0.0	2.5990153775158977	100.0
10	Transfer-All	training_seed	1	1pbr	0.0	0.0	4.593424429732862	100.0
10	Transfer-All	training_seed	1	1q8n	40.0	100.0	0.7149509278265187	100.0
10	Transfer-All	training_seed	1	1qd3	0.0	0.0	3.6853740537685558	100.0
10	Transfer-All	training_seed	1	1qv4	10.0	100.0	1.018590852669931	100.0
10	Transfer-All	training_seed	1	1qv8	10.0	100.0	1.9242432391034388	100.0
10	Transfer-All	training_seed	1	1r4e	0.0	0.0	2.690157453498844	100.0
10	Transfer-All	training_seed	1	1tob	0.0	0.0	3.546152849347797	100.0
10	Transfer-All	training_seed	1	1u8d	0.0	0.0	2.6960667868211283	100.0
10	Transfer-All	training_seed	1	1uts	0.0	0.0	3.6582916460191273	100.0
10	Transfer-All	training_seed	1	1uud	10.0	100.0	1.8573628712774466	100.0
10	Transfer-All	training_seed	1	1uui	30.0	100.0	1.4940683447204324	100.0
10	Transfer-All	training_seed	1	1xbp	0.0	0.0	8.609180879120368	100.0
10	Transfer-All	training_seed	1	1xpf	90.0	100.0	1.2008679325506908	100.0
10	Transfer-All	training_seed	1	1y26	10.0	100.0	0.6161965725318503	100.0
10	Transfer-All	training_seed	1	1y27	50.0	100.0	0.32489901787814307	100.0
10	Transfer-All	training_seed	1	1ykv	20.0	100.0	0.858937650323268	100.0
10	Transfer-All	training_seed	1	1yrj	0.0	0.0	2.77155954590308	100.0
10	Transfer-All	training_seed	1	1zz5	10.0	100.0	1.964399379379692	100.0
10	Transfer-All	training_seed	1	2au4	0.0	0.0	4.380390738457301	100.0
10	Transfer-All	training_seed	1	2b57	10.0	100.0	0.4106018575877917	100.0
10	Transfer-All	training_seed	1	2be0	0.0	0.0	6.258615948818692	100.0
10	Transfer-All	training_seed	1	2bee	0.0	0.0	4.753986040091805	100.0
10	Transfer-All	training_seed	1	2d55	0.0	0.0	7.001824826524392	100.0
10	Transfer-All	training_seed	1	2esi	0.0	0.0	3.3080577774258835	100.0
10	Transfer-All	training_seed	1	2esj	0.0	0.0	4.454905823423984	100.0
10	Transfer-All	training_seed	1	2et3	0.0	0.0	2.620433984248878	100.0
10	Transfer-All	training_seed	1	2et4	0.0	0.0	3.42118005073159	100.0
10	Transfer-All	training_seed	1	2et8	10.0	100.0	1.3337222185911268	100.0
10	Transfer-All	training_seed	1	2f4s	10.0	100.0	1.5344606384358932	100.0
10	Transfer-All	training_seed	1	2f4t	0.0	0.0	4.646558434798814	100.0
10	Transfer-All	training_seed	1	2f4u	0.0	0.0	2.297372099148165	100.0
10	Transfer-All	training_seed	1	2fcx	20.0	100.0	1.2894078036412333	100.0
10	Transfer-All	training_seed	1	2fcy	10.0	100.0	1.9238840104008847	100.0
10	Transfer-All	training_seed	1	2fcz	10.0	100.0	1.6638371711973692	100.0
10	Transfer-All	training_seed	1	2fd0	0.0	0.0	3.0057559371722373	100.0
10	Transfer-All	training_seed	1	2g5k	0.0	0.0	2.4622114613778687	100.0
10	Transfer-All	training_seed	1	2g5q	0.0	0.0	2.2757119857310593	100.0
10	Transfer-All	training_seed	1	2g9c	10.0	100.0	0.5414243652933746	100.0
10	Transfer-All	training_seed	1	2gdi	0.0	0.0	2.158130776407427	100.0
10	Transfer-All	training_seed	1	2gis	0.0	0.0	2.110574995903566	100.0
10	Transfer-All	training_seed	1	2juk	0.0	0.0	4.315872895853939	100.0
10	Transfer-All	training_seed	1	2jwq	0.0	0.0	2.0065668827626952	100.0
10	Transfer-All	training_seed	1	2kgp	10.0	100.0	1.7606232018982662	100.0
10	Transfer-All	training_seed	1	2ktz	30.0	100.0	1.3174689347051198	100.0
10	Transfer-All	training_seed	1	2ku0	40.0	100.0	1.152685730766649	100.0
10	Transfer-All	training_seed	1	2l94	40.0	100.0	1.637397706983045	100.0
10	Transfer-All	training_seed	1	2loa	0.0	0.0	4.232095548717947	100.0
10	Transfer-All	training_seed	1	2mb3	0.0	0.0	3.9520172766069748	100.0
10	Transfer-All	training_seed	1	2o3v	0.0	0.0	2.9011843360452443	100.0
10	Transfer-All	training_seed	1	2o3w	0.0	0.0	5.01361104475559	100.0
10	Transfer-All	training_seed	1	2o3x	0.0	0.0	4.376952191032093	100.0
10	Transfer-All	training_seed	1	2oe5	0.0	0.0	2.7653338382602244	100.0
10	Transfer-All	training_seed	1	2oe8	0.0	0.0	2.0130692985614806	100.0
10	Transfer-All	training_seed	1	2ogn	0.0	0.0	4.00908790378847	100.0
10	Transfer-All	training_seed	1	2pwt	0.0	0.0	6.916291824983481	100.0
10	Transfer-All	training_seed	1	2tob	0.0	0.0	2.2645145189559948	100.0
10	Transfer-All	training_seed	1	2xnw	40.0	100.0	0.25619992974237915	100.0
10	Transfer-All	training_seed	1	2xnz	20.0	100.0	0.1879731984441751	100.0
10	Transfer-All	training_seed	1	2xo0	80.0	100.0	0.23119529352908524	100.0
10	Transfer-All	training_seed	1	2xo1	30.0	100.0	0.5584901390844297	100.0
10	Transfer-All	training_seed	1	2ydh	0.0	0.0	3.0043854118543054	100.0
10	Transfer-All	training_seed	1	2ygh	0.0	0.0	2.025086864346354	100.0
10	Transfer-All	training_seed	1	316d	0.0	0.0	5.494230008036503	100.0
10	Transfer-All	training_seed	1	3c44	0.0	0.0	3.6551065138541503	100.0
10	Transfer-All	training_seed	1	3d2x	20.0	100.0	1.83416217354032	100.0
10	Transfer-All	training_seed	1	3dil	70.0	100.0	1.3018422389060813	100.0
10	Transfer-All	training_seed	1	3ds7	50.0	100.0	0.9833750082456363	100.0
10	Transfer-All	training_seed	1	3dvv	0.0	0.0	4.815241380142044	100.0
10	Transfer-All	training_seed	1	3e5c	0.0	0.0	3.342861068007464	100.0
10	Transfer-All	training_seed	1	3f2q	20.0	100.0	1.7144660415831907	100.0
10	Transfer-All	training_seed	1	3fo4	10.0	100.0	0.2869635421886453	100.0
10	Transfer-All	training_seed	1	3fo6	30.0	100.0	0.4162489609596641	100.0
10	Transfer-All	training_seed	1	3gao	10.0	100.0	0.33700498242877375	100.0
10	Transfer-All	training_seed	1	3ger	20.0	100.0	0.509499280042314	100.0
10	Transfer-All	training_seed	1	3ges	20.0	100.0	0.3471076790181027	100.0
10	Transfer-All	training_seed	1	3gog	30.0	100.0	0.2842313478329037	100.0
10	Transfer-All	training_seed	1	3got	0.0	0.0	2.905381818124927	100.0
10	Transfer-All	training_seed	1	3gx2	10.0	100.0	1.9308480485700223	100.0
10	Transfer-All	training_seed	1	3gx3	0.0	0.0	2.308000447023687	100.0
10	Transfer-All	training_seed	1	3gx5	0.0	0.0	2.7375911245445668	100.0
10	Transfer-All	training_seed	1	3gx7	0.0	0.0	2.8477451081708685	100.0
10	Transfer-All	training_seed	1	3la5	60.0	100.0	0.36985377009028825	100.0
10	Transfer-All	training_seed	1	3mum	0.0	0.0	4.137952653657729	100.0
10	Transfer-All	training_seed	1	3mur	0.0	0.0	5.366819994409287	100.0
10	Transfer-All	training_seed	1	3mxh	0.0	0.0	3.848403090667721	100.0
10	Transfer-All	training_seed	1	3npn	0.0	0.0	2.4712845533944803	100.0
10	Transfer-All	training_seed	1	3npq	0.0	0.0	2.050414544765184	100.0
10	Transfer-All	training_seed	1	3owz	20.0	100.0	0.7638137521673709	100.0
10	Transfer-All	training_seed	1	3q3z	0.0	0.0	3.220626545882568	100.0
10	Transfer-All	training_seed	1	3q50	60.0	100.0	0.37887393986350165	100.0
10	Transfer-All	training_seed	1	3s4p	0.0	0.0	3.801264699846866	100.0
10	Transfer-All	training_seed	1	3slm	30.0	100.0	1.001058863317281	100.0
10	Transfer-All	training_seed	1	407d	0.0	0.0	2.904866608813561	100.0
10	Transfer-All	training_seed	1	408d	0.0	0.0	2.595757879080503	100.0
10	Transfer-All	training_seed	1	4aob	0.0	0.0	2.565157468128672	100.0
10	Transfer-All	training_seed	1	4erj	80.0	100.0	0.6515691939037963	100.0
10	Transfer-All	training_seed	1	4fe5	0.0	0.0	2.372830566433263	100.0
10	Transfer-All	training_seed	1	4jf2	70.0	100.0	0.26354746178892424	100.0
10	Transfer-All	training_seed	1	4kqy	0.0	0.0	2.5099242344327037	100.0
10	Transfer-All	training_seed	1	4lvv	0.0	0.0	3.302076323270842	100.0
10	Transfer-All	training_seed	2	1am0	10.0	100.0	1.5074877752767006	100.0
10	Transfer-All	training_seed	2	1arj	20.0	100.0	1.8108587226322579	100.0
10	Transfer-All	training_seed	2	1byj	10.0	100.0	1.4884526534669833	100.0
10	Transfer-All	training_seed	2	1cvx	10.0	100.0	1.6784617094232446	100.0
10	Transfer-All	training_seed	2	1cvy	0.0	0.0	3.7882074395839456	100.0
10	Transfer-All	training_seed	2	1db6	30.0	100.0	1.6493514985694628	100.0
10	Transfer-All	training_seed	2	1eht	40.0	100.0	0.290976425161902	100.0
10	Transfer-All	training_seed	2	1ei2	0.0	0.0	3.2054506157109808	100.0
10	Transfer-All	training_seed	2	1f1t	60.0	100.0	0.7170168032576676	100.0
10	Transfer-All	training_seed	2	1f27	10.0	100.0	1.7503269333898739	100.0
10	Transfer-All	training_seed	2	1fjg	0.0	0.0	3.0592325651798924	100.0
10	Transfer-All	training_seed	2	1fmn	10.0	100.0	1.6076833785936993	100.0
10	Transfer-All	training_seed	2	1fyp	0.0	0.0	2.9483194984600978	100.0
10	Transfer-All	training_seed	2	1hnw	0.0	0.0	2.566209176428822	100.0
10	Transfer-All	training_seed	2	1i9v	0.0	0.0	3.4687820564284517	100.0
10	Transfer-All	training_seed	2	1j7t	0.0	0.0	4.107253174278283	100.0
10	Transfer-All	training_seed	2	1koc	20.0	100.0	1.8357525682037505	100.0
10	Transfer-All	training_seed	2	1lc4	0.0	0.0	2.0985356568628992	100.0
10	Transfer-All	training_seed	2	1lvj	20.0	100.0	1.6188751312052396	100.0
10	Transfer-All	training_seed	2	1mwl	0.0	0.0	2.180030504441192	100.0
10	Transfer-All	training_seed	2	1nbk	60.0	100.0	0.9488381430289711	100.0
10	Transfer-All	training_seed	2	1nem	0.0	0.0	4.698998650548555	100.0
10	Transfer-All	training_seed	2	1nta	0.0	0.0	2.995853099285745	100.0
10	Transfer-All	training_seed	2	1ntb	0.0	0.0	3.3229277890890137	100.0
10	Transfer-All	training_seed	2	1nzm	20.0	100.0	0.8294633200032228	100.0
10	Transfer-All	training_seed	2	1o15	60.0	100.0	0.47061066547788544	100.0
10	Transfer-All	training_seed	2	1o9m	0.0	0.0	2.8579428268164064	100.0
10	Transfer-All	training_seed	2	1p96	0.0	0.0	2.4030563161236023	100.0
10	Transfer-All	training_seed	2	1pbr	0.0	0.0	4.253552335737406	100.0
10	Transfer-All	training_seed	2	1q8n	60.0	100.0	0.7485561224116732	100.0
10	Transfer-All	training_seed	2	1qd3	0.0	0.0	3.242646206014611	100.0
10	Transfer-All	training_seed	2	1qv4	10.0	100.0	0.9506282307731333	100.0
10	Transfer-All	training_seed	2	1qv8	0.0	0.0	2.163455468349051	100.0
10	Transfer-All	training_seed	2	1r4e	0.0	0.0	2.175546826691672	100.0
10	Transfer-All	training_seed	2	1tob	0.0	0.0	3.291709908334117	100.0
10	Transfer-All	training_seed	2	1u8d	0.0	0.0	2.845989355742568	100.0
10	Transfer-All	training_seed	2	1uts	0.0	0.0	3.183341097076047	100.0
10	Transfer-All	training_seed	2	1uud	0.0	0.0	5.260151776251328	100.0
10	Transfer-All	training_seed	2	1uui	10.0	100.0	1.5805807029998982	100.0
10	Transfer-All	training_seed	2	1xbp	0.0	0.0	8.462077898379054	100.0
10	Transfer-All	training_seed	2	1xpf	100.0	100.0	1.1479747872418002	100.0
10	Transfer-All	training_seed	2	1y26	20.0	100.0	0.4183851072875324	100.0
10	Transfer-All	training_seed	2	1y27	60.0	100.0	0.30674917351892794	100.0
10	Transfer-All	training_seed	2	1ykv	20.0	100.0	0.8330268817476933	100.0
10	Transfer-All	training_seed	2	1yrj	0.0	0.0	2.443678678339886	100.0
10	Transfer-All	training_seed	2	1zz5	10.0	100.0	1.9944432475768472	100.0
10	Transfer-All	training_seed	2	2au4	0.0	0.0	4.216606378393945	100.0
10	Transfer-All	training_seed	2	2b57	10.0	100.0	0.39672533548814554	100.0
10	Transfer-All	training_seed	2	2be0	0.0	0.0	5.842721886886283	100.0
10	Transfer-All	training_seed	2	2bee	0.0	0.0	4.50956924871762	100.0
10	Transfer-All	training_seed	2	2d55	0.0	0.0	7.234153718814969	100.0
10	Transfer-All	training_seed	2	2esi	0.0	0.0	3.3447599272910633	100.0
10	Transfer-All	training_seed	2	2esj	0.0	0.0	4.236139655053335	100.0
10	Transfer-All	training_seed	2	2et3	0.0	0.0	2.580892509416324	100.0
10	Transfer-All	training_seed	2	2et4	0.0	0.0	4.212923766137445	100.0
10	Transfer-All	training_seed	2	2et8	20.0	100.0	1.196806563697363	100.0
10	Transfer-All	training_seed	2	2f4s	10.0	100.0	1.4740926939831651	100.0
10	Transfer-All	training_seed	2	2f4t	0.0	0.0	4.760048222474822	100.0
10	Transfer-All	training_seed	2	2f4u	20.0	100.0	1.4934499022583771	100.0
10	Transfer-All	training_seed	2	2fcx	20.0	100.0	1.333061910176582	100.0
10	Transfer-All	training_seed	2	2fcy	10.0	100.0	1.6008831682335012	100.0
10	Transfer-All	training_seed	2	2fcz	0.0	0.0	2.2853006491699888	100.0
10	Transfer-All	training_seed	2	2fd0	0.0	0.0	2.88322370266606	100.0
10	Transfer-All	training_seed	2	2g5k	0.0	0.0	2.673015481699536	100.0
10	Transfer-All	training_seed	2	2g5q	10.0	100.0	1.4717738601768953	100.0
10	Transfer-All	training_seed	2	2g9c	20.0	100.0	0.3481875564181528	100.0
10	Transfer-All	training_seed	2	2gdi	10.0	100.0	1.749855973633698	100.0
10	Transfer-All	training_seed	2	2gis	0.0	0.0	2.0533186345974626	100.0
10	Transfer-All	training_seed	2	2juk	0.0	0.0	4.1852125090609205	100.0
10	Transfer-All	training_seed	2	2jwq	0.0	0.0	2.042842709391132	100.0
10	Transfer-All	training_seed	2	2kgp	20.0	100.0	1.8862092571809206	100.0
10	Transfer-All	training_seed	2	2ktz	20.0	100.0	1.0670641957380478	100.0
10	Transfer-All	training_seed	2	2ku0	30.0	100.0	0.954863831403064	100.0
10	Transfer-All	training_seed	2	2l94	40.0	100.0	1.412257950794873	100.0
10	Transfer-All	training_seed	2	2loa	0.0	0.0	4.450812745076918	100.0
10	Transfer-All	training_seed	2	2mb3	0.0	0.0	4.012579616331618	100.0
10	Transfer-All	training_seed	2	2o3v	0.0	0.0	2.339704736683059	100.0
10	Transfer-All	training_seed	2	2o3w	0.0	0.0	4.977642200020866	100.0
10	Transfer-All	training_seed	2	2o3x	0.0	0.0	4.335305893661126	100.0
10	Transfer-All	training_seed	2	2oe5	0.0	0.0	2.8009234565030847	100.0
10	Transfer-All	training_seed	2	2oe8	20.0	100.0	1.7533508309766435	100.0
10	Transfer-All	training_seed	2	2ogn	0.0	0.0	4.13798531040057	100.0
10	Transfer-All	training_seed	2	2pwt	0.0	0.0	6.47332054016072	100.0
10	Transfer-All	training_seed	2	2tob	0.0	0.0	2.5044535374508343	100.0
10	Transfer-All	training_seed	2	2xnw	30.0	100.0	0.2670033988547712	100.0
10	Transfer-All	training_seed	2	2xnz	20.0	100.0	0.1505265941804157	100.0
10	Transfer-All	training_seed	2	2xo0	70.0	100.0	0.2031482802043866	100.0
10	Transfer-All	training_seed	2	2xo1	30.0	100.0	0.768292886860213	100.0
10	Transfer-All	training_seed	2	2ydh	0.0	0.0	3.2416515481509776	100.0
10	Transfer-All	training_seed	2	2ygh	10.0	100.0	1.9530041335223933	100.0
10	Transfer-All	training_seed	2	316d	0.0	0.0	5.1290678505557326	100.0
10	Transfer-All	training_seed	2	3c44	0.0	0.0	3.233684455628197	100.0
10	Transfer-All	training_seed	2	3d2x	30.0	100.0	1.6458563766903562	100.0
10	Transfer-All	training_seed	2	3dil	90.0	100.0	0.9850650567348324	100.0
10	Transfer-All	training_seed	2	3ds7	40.0	100.0	0.8907053062778839	100.0
10	Transfer-All	training_seed	2	3dvv	0.0	0.0	4.736555964908435	100.0
10	Transfer-All	training_seed	2	3e5c	0.0	0.0	2.9940986099820255	100.0
10	Transfer-All	training_seed	2	3f2q	10.0	100.0	1.9476274634671824	100.0
10	Transfer-All	training_seed	2	3fo4	0.0	0.0	2.7468391077084156	100.0
10	Transfer-All	training_seed	2	3fo6	30.0	100.0	0.41958603110685166	100.0
10	Transfer-All	training_seed	2	3gao	20.0	100.0	0.2748725539392591	100.0
10	Transfer-All	training_seed	2	3ger	40.0	100.0	0.2855066310326895	100.0
10	Transfer-All	training_seed	2	3ges	40.0	100.0	0.3574381857981424	100.0
10	Transfer-All	training_seed	2	3gog	20.0	100.0	0.21758996049701124	100.0
10	Transfer-All	training_seed	2	3got	10.0	100.0	0.33372988941793774	100.0
10	Transfer-All	training_seed	2	3gx2	0.0	0.0	2.0410354598875826	100.0
10	Transfer-All	training_seed	2	3gx3	0.0	0.0	2.007461194950171	100.0
10	Transfer-All	training_seed	2	3gx5	0.0	0.0	2.6587291913549533	100.0
10	Transfer-All	training_seed	2	3gx7	0.0	0.0	3.0615986396603927	100.0
10	Transfer-All	training_seed	2	3la5	50.0	100.0	0.27220493887877906	100.0
10	Transfer-All	training_seed	2	3mum	0.0	0.0	3.2956232844882116	100.0
10	Transfer-All	training_seed	2	3mur	0.0	0.0	5.411847474713715	100.0
10	Transfer-All	training_seed	2	3mxh	0.0	0.0	3.7929922474387467	100.0
10	Transfer-All	training_seed	2	3npn	0.0	0.0	2.60933831746671	100.0
10	Transfer-All	training_seed	2	3npq	0.0	0.0	2.072343566147719	100.0
10	Transfer-All	training_seed	2	3owz	40.0	100.0	0.7130240276456328	100.0
10	Transfer-All	training_seed	2	3q3z	0.0	0.0	3.2274491335364557	100.0
10	Transfer-All	training_seed	2	3q50	60.0	100.0	0.3576415190576253	100.0
10	Transfer-All	training_seed	2	3s4p	0.0	0.0	4.364503909348345	100.0
10	Transfer-All	training_seed	2	3slm	30.0	100.0	1.0675174231344664	100.0
10	Transfer-All	training_seed	2	407d	0.0	0.0	6.7257943965130735	100.0
10	Transfer-All	training_seed	2	408d	0.0	0.0	2.211279679809957	100.0
10	Transfer-All	training_seed	2	4aob	0.0	0.0	2.665097869858802	100.0
10	Transfer-All	training_seed	2	4erj	90.0	100.0	0.5600491297893202	100.0
10	Transfer-All	training_seed	2	4fe5	30.0	100.0	0.5795434185632685	100.0
10	Transfer-All	training_seed	2	4jf2	80.0	100.0	0.20775557939374575	100.0
10	Transfer-All	training_seed	2	4kqy	0.0	0.0	2.3404713799511345	100.0
10	Transfer-All	training_seed	2	4lvv	0.0	0.0	3.254212031171837	100.0
10	Transfer-NonSurface	training_seed	0	1am0	10.0	100.0	1.8864800655787717	100.0
10	Transfer-NonSurface	training_seed	0	1arj	0.0	0.0	2.143895136583566	100.0
10	Transfer-NonSurface	training_seed	0	1byj	0.0	0.0	3.1045650898989625	100.0
10	Transfer-NonSurface	training_seed	0	1cvx	0.0	0.0	2.119669969348609	100.0
10	Transfer-NonSurface	training_seed	0	1cvy	0.0	0.0	3.3370973236402333	100.0
10	Transfer-NonSurface	training_seed	0	1db6	10.0	100.0	1.926622892740905	100.0
10	Transfer-NonSurface	training_seed	0	1eht	20.0	100.0	1.257704130243186	100.0
10	Transfer-NonSurface	training_seed	0	1ei2	0.0	0.0	3.4891512194774466	100.0
10	Transfer-NonSurface	training_seed	0	1f1t	40.0	100.0	1.1259755252497876	100.0
10	Transfer-NonSurface	training_seed	0	1f27	0.0	0.0	2.2250428261327917	100.0
10	Transfer-NonSurface	training_seed	0	1fjg	0.0	0.0	3.959179622003239	100.0
10	Transfer-NonSurface	training_seed	0	1fmn	10.0	100.0	1.7915378747808246	100.0
10	Transfer-NonSurface	training_seed	0	1fyp	0.0	0.0	3.6872879254593203	100.0
10	Transfer-NonSurface	training_seed	0	1hnw	0.0	0.0	2.348884265055432	100.0
10	Transfer-NonSurface	training_seed	0	1i9v	0.0	0.0	3.902159836735109	100.0
10	Transfer-NonSurface	training_seed	0	1j7t	0.0	0.0	4.0988994576361	100.0
10	Transfer-NonSurface	training_seed	0	1koc	0.0	0.0	2.4824853348005904	100.0
10	Transfer-NonSurface	training_seed	0	1lc4	0.0	0.0	2.706517289398407	100.0
10	Transfer-NonSurface	training_seed	0	1lvj	0.0	0.0	3.576417390471862	100.0
10	Transfer-NonSurface	training_seed	0	1mwl	0.0	0.0	2.367032610675231	100.0
10	Transfer-NonSurface	training_seed	0	1nbk	0.0	0.0	2.133675408381821	100.0
10	Transfer-NonSurface	training_seed	0	1nem	0.0	0.0	5.347158126652753	100.0
10	Transfer-NonSurface	training_seed	0	1nta	0.0	0.0	5.519169940104218	100.0
10	Transfer-NonSurface	training_seed	0	1ntb	0.0	0.0	4.106136236110536	100.0
10	Transfer-NonSurface	training_seed	0	1nzm	0.0	0.0	2.4604802712072296	100.0
10	Transfer-NonSurface	training_seed	0	1o15	10.0	100.0	1.5601356065320833	100.0
10	Transfer-NonSurface	training_seed	0	1o9m	0.0	0.0	5.297311119829594	100.0
10	Transfer-NonSurface	training_seed	0	1p96	0.0	0.0	3.8231766237528517	100.0
10	Transfer-NonSurface	training_seed	0	1pbr	0.0	0.0	3.3846248317452656	100.0
10	Transfer-NonSurface	training_seed	0	1q8n	20.0	100.0	1.3123595289401453	100.0
10	Transfer-NonSurface	training_seed	0	1qd3	0.0	0.0	3.688731078375249	100.0
10	Transfer-NonSurface	training_seed	0	1qv4	0.0	0.0	2.0973748240530177	100.0
10	Transfer-NonSurface	training_seed	0	1qv8	0.0	0.0	2.5138585016803527	100.0
10	Transfer-NonSurface	training_seed	0	1r4e	0.0	0.0	4.493957822568615	100.0
10	Transfer-NonSurface	training_seed	0	1tob	0.0	0.0	4.9803623718560885	100.0
10	Transfer-NonSurface	training_seed	0	1u8d	0.0	0.0	2.847542741382471	100.0
10	Transfer-NonSurface	training_seed	0	1uts	0.0	0.0	7.812694088298436	100.0
10	Transfer-NonSurface	training_seed	0	1uud	0.0	0.0	4.056786434063296	100.0
10	Transfer-NonSurface	training_seed	0	1uui	0.0	0.0	3.647601030755038	100.0
10	Transfer-NonSurface	training_seed	0	1xbp	0.0	0.0	3.3304786521830554	100.0
10	Transfer-NonSurface	training_seed	0	1xpf	0.0	0.0	2.100268514295936	100.0
10	Transfer-NonSurface	training_seed	0	1y26	10.0	100.0	1.8364070436588946	100.0
10	Transfer-NonSurface	training_seed	0	1y27	10.0	100.0	1.0603211185982553	100.0
10	Transfer-NonSurface	training_seed	0	1ykv	0.0	0.0	2.681002163037973	100.0
10	Transfer-NonSurface	training_seed	0	1yrj	0.0	0.0	3.355894694414591	100.0
10	Transfer-NonSurface	training_seed	0	1zz5	0.0	0.0	3.280180936264667	100.0
10	Transfer-NonSurface	training_seed	0	2au4	0.0	0.0	4.451678689305024	100.0
10	Transfer-NonSurface	training_seed	0	2b57	0.0	0.0	2.780597451006789	100.0
10	Transfer-NonSurface	training_seed	0	2be0	0.0	0.0	6.4350994955848915	100.0
10	Transfer-NonSurface	training_seed	0	2bee	0.0	0.0	6.280196365073114	100.0
10	Transfer-NonSurface	training_seed	0	2d55	0.0	0.0	6.963054613202774	100.0
10	Transfer-NonSurface	training_seed	0	2esi	0.0	0.0	2.909546402531647	100.0
10	Transfer-NonSurface	training_seed	0	2esj	0.0	0.0	4.885818292576682	100.0
10	Transfer-NonSurface	training_seed	0	2et3	0.0	0.0	2.625888336630408	100.0
10	Transfer-NonSurface	training_seed	0	2et4	0.0	0.0	4.048155064376623	100.0
10	Transfer-NonSurface	training_seed	0	2et8	10.0	100.0	1.963059294941073	100.0
10	Transfer-NonSurface	training_seed	0	2f4s	0.0	0.0	2.297853583336968	100.0
10	Transfer-NonSurface	training_seed	0	2f4t	0.0	0.0	3.7497856525406887	100.0
10	Transfer-NonSurface	training_seed	0	2f4u	0.0	0.0	3.807255650873882	100.0
10	Transfer-NonSurface	training_seed	0	2fcx	0.0	0.0	2.2059862465573086	100.0
10	Transfer-NonSurface	training_seed	0	2fcy	0.0	0.0	2.1696639986193156	100.0
10	Transfer-NonSurface	training_seed	0	2fcz	0.0	0.0	3.519157854447016	100.0
10	Transfer-NonSurface	training_seed	0	2fd0	0.0	0.0	3.3495447036758703	100.0
10	Transfer-NonSurface	training_seed	0	2g5k	0.0	0.0	2.9002300667360856	100.0
10	Transfer-NonSurface	training_seed	0	2g5q	0.0	0.0	3.966481911782783	100.0
10	Transfer-NonSurface	training_seed	0	2g9c	40.0	100.0	1.1928917516317692	100.0
10	Transfer-NonSurface	training_seed	0	2gdi	0.0	0.0	2.0123578798361046	100.0
10	Transfer-NonSurface	training_seed	0	2gis	0.0	0.0	3.5241122049862907	100.0
10	Transfer-NonSurface	training_seed	0	2juk	0.0	0.0	5.24587181046519	100.0
10	Transfer-NonSurface	training_seed	0	2jwq	10.0	100.0	1.8217362654724476	100.0
10	Transfer-NonSurface	training_seed	0	2kgp	0.0	0.0	4.325801483684846	100.0
10	Transfer-NonSurface	training_seed	0	2ktz	0.0	0.0	2.9435525914608105	100.0
10	Transfer-NonSurface	training_seed	0	2ku0	20.0	100.0	1.5509715179735626	100.0
10	Transfer-NonSurface	training_seed	0	2l94	20.0	100.0	1.563221116663709	100.0
10	Transfer-NonSurface	training_seed	0	2loa	0.0	0.0	6.3782898868979245	100.0
10	Transfer-NonSurface	training_seed	0	2mb3	0.0	0.0	3.001901166427702	100.0
10	Transfer-NonSurface	training_seed	0	2o3v	0.0	0.0	4.554021225560674	100.0
10	Transfer-NonSurface	training_seed	0	2o3w	0.0	0.0	4.151374861502426	100.0
10	Transfer-NonSurface	training_seed	0	2o3x	0.0	0.0	4.309119147133617	100.0
10	Transfer-NonSurface	training_seed	0	2oe5	0.0	0.0	4.068343499642217	100.0
10	Transfer-NonSurface	training_seed	0	2oe8	0.0	0.0	3.004050933638092	100.0
10	Transfer-NonSurface	training_seed	0	2ogn	0.0	0.0	4.103069874219456	100.0
10	Transfer-NonSurface	training_seed	0	2pwt	0.0	0.0	6.687728893503384	100.0
10	Transfer-NonSurface	training_seed	0	2tob	0.0	0.0	4.6894756211049335	100.0
10	Transfer-NonSurface	training_seed	0	2xnw	10.0	100.0	1.6662668453762142	100.0
10	Transfer-NonSurface	training_seed	0	2xnz	10.0	100.0	1.7320727323065852	100.0
10	Transfer-NonSurface	training_seed	0	2xo0	40.0	100.0	1.420134027565708	100.0
10	Transfer-NonSurface	training_seed	0	2xo1	0.0	0.0	2.3348265031903335	100.0
10	Transfer-NonSurface	training_seed	0	2ydh	0.0	0.0	3.8311927527715035	100.0
10	Transfer-NonSurface	training_seed	0	2ygh	0.0	0.0	3.444115405215749	100.0
10	Transfer-NonSurface	training_seed	0	316d	0.0	0.0	6.813828093163696	100.0
10	Transfer-NonSurface	training_seed	0	3c44	0.0	0.0	3.351632573516545	100.0
10	Transfer-NonSurface	training_seed	0	3d2x	0.0	0.0	2.6707001427168287	100.0
10	Transfer-NonSurface	training_seed	0	3dil	0.0	0.0	2.9452331415356583	100.0
10	Transfer-NonSurface	training_seed	0	3ds7	10.0	100.0	1.5215563304860276	100.0
10	Transfer-NonSurface	training_seed	0	3dvv	0.0	0.0	4.782229417872096	100.0
10	Transfer-NonSurface	training_seed	0	3e5c	0.0	0.0	2.8845940081494748	100.0
10	Transfer-NonSurface	training_seed	0	3f2q	0.0	0.0	4.224756805140461	100.0
10	Transfer-NonSurface	training_seed	0	3fo4	0.0	0.0	2.63175282515803	100.0
10	Transfer-NonSurface	training_seed	0	3fo6	20.0	100.0	1.921469754077158	100.0
10	Transfer-NonSurface	training_seed	0	3gao	20.0	100.0	0.9934982449542991	100.0
10	Transfer-NonSurface	training_seed	0	3ger	20.0	100.0	1.0262531023095616	100.0
10	Transfer-NonSurface	training_seed	0	3ges	20.0	100.0	1.514862353758035	100.0
10	Transfer-NonSurface	training_seed	0	3gog	30.0	100.0	1.6855790461764442	100.0
10	Transfer-NonSurface	training_seed	0	3got	0.0	0.0	2.2334804720639285	100.0
10	Transfer-NonSurface	training_seed	0	3gx2	0.0	0.0	2.3107221550367703	100.0
10	Transfer-NonSurface	training_seed	0	3gx3	0.0	0.0	2.9637060027555417	100.0
10	Transfer-NonSurface	training_seed	0	3gx5	0.0	0.0	3.0528480245683887	100.0
10	Transfer-NonSurface	training_seed	0	3gx7	0.0	0.0	3.6466694726273987	100.0
10	Transfer-NonSurface	training_seed	0	3la5	20.0	100.0	1.2669006985553366	100.0
10	Transfer-NonSurface	training_seed	0	3mum	0.0	0.0	4.488713536555977	100.0
10	Transfer-NonSurface	training_seed	0	3mur	0.0	0.0	5.119817371870245	100.0
10	Transfer-NonSurface	training_seed	0	3mxh	0.0	0.0	4.630324302662404	100.0
10	Transfer-NonSurface	training_seed	0	3npn	0.0	0.0	2.6920241895844277	100.0
10	Transfer-NonSurface	training_seed	0	3npq	0.0	0.0	3.5374827708196896	100.0
10	Transfer-NonSurface	training_seed	0	3owz	10.0	100.0	1.9515232655543708	100.0
10	Transfer-NonSurface	training_seed	0	3q3z	0.0	0.0	4.3459351617594795	100.0
10	Transfer-NonSurface	training_seed	0	3q50	60.0	100.0	0.9637328312348816	100.0
10	Transfer-NonSurface	training_seed	0	3s4p	0.0	0.0	5.438185293879387	100.0
10	Transfer-NonSurface	training_seed	0	3slm	0.0	0.0	2.257446853146848	100.0
10	Transfer-NonSurface	training_seed	0	407d	0.0	0.0	6.224490375608405	100.0
10	Transfer-NonSurface	training_seed	0	408d	0.0	0.0	3.011861981841063	100.0
10	Transfer-NonSurface	training_seed	0	4aob	0.0	0.0	3.6620897340685645	100.0
10	Transfer-NonSurface	training_seed	0	4erj	30.0	100.0	1.4396961623898261	100.0
10	Transfer-NonSurface	training_seed	0	4fe5	20.0	100.0	1.751091736603197	100.0
10	Transfer-NonSurface	training_seed	0	4jf2	10.0	100.0	0.5147565615825677	100.0
10	Transfer-NonSurface	training_seed	0	4kqy	0.0	0.0	5.077291304389539	100.0
10	Transfer-NonSurface	training_seed	0	4lvv	0.0	0.0	4.438208411390927	100.0
10	Transfer-NonSurface	training_seed	1	1am0	0.0	0.0	2.825144858848527	100.0
10	Transfer-NonSurface	training_seed	1	1arj	10.0	100.0	1.8345822038000914	100.0
10	Transfer-NonSurface	training_seed	1	1byj	0.0	0.0	2.9233018301780915	100.0
10	Transfer-NonSurface	training_seed	1	1cvx	0.0	0.0	3.4563836350596757	100.0
10	Transfer-NonSurface	training_seed	1	1cvy	0.0	0.0	2.476975721112083	100.0
10	Transfer-NonSurface	training_seed	1	1db6	0.0	0.0	2.590460183056284	100.0
10	Transfer-NonSurface	training_seed	1	1eht	20.0	100.0	1.4631995336879433	100.0
10	Transfer-NonSurface	training_seed	1	1ei2	0.0	0.0	3.932642814650098	100.0
10	Transfer-NonSurface	training_seed	1	1f1t	30.0	100.0	1.332036467074151	100.0
10	Transfer-NonSurface	training_seed	1	1f27	0.0	0.0	2.928089955713451	100.0
10	Transfer-NonSurface	training_seed	1	1fjg	0.0	0.0	4.266344196426369	100.0
10	Transfer-NonSurface	training_seed	1	1fmn	0.0	0.0	3.9000320519361162	100.0
10	Transfer-NonSurface	training_seed	1	1fyp	0.0	0.0	3.7749252648231337	100.0
10	Transfer-NonSurface	training_seed	1	1hnw	0.0	0.0	3.20302204746744	100.0
10	Transfer-NonSurface	training_seed	1	1i9v	0.0	0.0	4.0200757496120705	100.0
10	Transfer-NonSurface	training_seed	1	1j7t	0.0	0.0	3.34007685376364	100.0
10	Transfer-NonSurface	training_seed	1	1koc	0.0	0.0	2.4300444140316997	100.0
10	Transfer-NonSurface	training_seed	1	1lc4	0.0	0.0	2.6819821712448055	100.0
10	Transfer-NonSurface	training_seed	1	1lvj	0.0	0.0	2.6731787296904717	100.0
10	Transfer-NonSurface	training_seed	1	1mwl	0.0	0.0	2.22011016426451	100.0
10	Transfer-NonSurface	training_seed	1	1nbk	0.0	0.0	2.0775943913574664	100.0
10	Transfer-NonSurface	training_seed	1	1nem	0.0	0.0	4.76554180315513	100.0
10	Transfer-NonSurface	training_seed	1	1nta	0.0	0.0	2.8966679180568837	100.0
10	Transfer-NonSurface	training_seed	1	1ntb	0.0	0.0	3.342019692865379	100.0
10	Transfer-NonSurface	training_seed	1	1nzm	0.0	0.0	3.472091187875555	100.0
10	Transfer-NonSurface	training_seed	1	1o15	10.0	100.0	1.3373044532825091	100.0
10	Transfer-NonSurface	training_seed	1	1o9m	0.0	0.0	4.135235445533906	100.0
10	Transfer-NonSurface	training_seed	1	1p96	0.0	0.0	3.1063315804486016	100.0
10	Transfer-NonSurface	training_seed	1	1pbr	0.0	0.0	3.867158730410542	100.0
10	Transfer-NonSurface	training_seed	1	1q8n	30.0	100.0	1.6783780240458346	100.0
10	Transfer-NonSurface	training_seed	1	1qd3	0.0	0.0	3.693303849923147	100.0
10	Transfer-NonSurface	training_seed	1	1qv4	10.0	100.0	1.886797151562101	100.0
10	Transfer-NonSurface	training_seed	1	1qv8	0.0	0.0	2.1943786846099713	100.0
10	Transfer-NonSurface	training_seed	1	1r4e	0.0	0.0	4.403535088877385	100.0
10	Transfer-NonSurface	training_seed	1	1tob	0.0	0.0	4.454378889573158	100.0
10	Transfer-NonSurface	training_seed	1	1u8d	0.0	0.0	2.5336866909702946	100.0
10	Transfer-NonSurface	training_seed	1	1uts	0.0	0.0	7.9115618541684505	100.0
10	Transfer-NonSurface	training_seed	1	1uud	0.0	0.0	3.5934660422494598	100.0
10	Transfer-NonSurface	training_seed	1	1uui	0.0	0.0	3.3361489902606856	100.0
10	Transfer-NonSurface	training_seed	1	1xbp	0.0	0.0	4.46288197033895	100.0
10	Transfer-NonSurface	training_seed	1	1xpf	0.0	0.0	2.2761337305364364	100.0
10	Transfer-NonSurface	training_seed	1	1y26	10.0	100.0	1.378742099161406	100.0
10	Transfer-NonSurface	training_seed	1	1y27	10.0	100.0	0.8633481774200635	100.0
10	Transfer-NonSurface	training_seed	1	1ykv	0.0	0.0	2.9167294966157855	100.0
10	Transfer-NonSurface	training_seed	1	1yrj	0.0	0.0	3.463296323103413	100.0
10	Transfer-NonSurface	training_seed	1	1zz5	0.0	0.0	4.977661351870217	100.0
10	Transfer-NonSurface	training_seed	1	2au4	0.0	0.0	3.94019358764579	100.0
10	Transfer-NonSurface	training_seed	1	2b57	0.0	0.0	2.2519313958951286	100.0
10	Transfer-NonSurface	training_seed	1	2be0	0.0	0.0	5.838623856994174	100.0
10	Transfer-NonSurface	training_seed	1	2bee	0.0	0.0	5.419043122138063	100.0
10	Transfer-NonSurface	training_seed	1	2d55	0.0	0.0	7.343585420586081	100.0
10	Transfer-NonSurface	training_seed	1	2esi	0.0	0.0	2.8896585346138512	100.0
10	Transfer-NonSurface	training_seed	1	2esj	0.0	0.0	4.643730355440383	100.0
10	Transfer-NonSurface	training_seed	1	2et3	0.0	0.0	2.606917977785881	100.0
10	Transfer-NonSurface	training_seed	1	2et4	0.0	0.0	4.267229804485073	100.0
10	Transfer-NonSurface	training_seed	1	2et8	0.0	0.0	2.154614663186478	100.0
10	Transfer-NonSurface	training_seed	1	2f4s	0.0	0.0	2.2311639456285426	100.0
10	Transfer-NonSurface	training_seed	1	2f4t	0.0	0.0	3.622425799220344	100.0
10	Transfer-NonSurface	training_seed	1	2f4u	0.0	0.0	3.512641033625712	100.0
10	Transfer-NonSurface	training_seed	1	2fcx	0.0	0.0	2.102537287746317	100.0
10	Transfer-NonSurface	training_seed	1	2fcy	0.0	0.0	2.420568218316478	100.0
10	Transfer-NonSurface	training_seed	1	2fcz	0.0	0.0	3.9856504174350262	100.0
10	Transfer-NonSurface	training_seed	1	2fd0	0.0	0.0	3.782052032118787	100.0
10	Transfer-NonSurface	training_seed	1	2g5k	0.0	0.0	2.5117213416515995	100.0
10	Transfer-NonSurface	training_seed	1	2g5q	0.0	0.0	3.921628871559623	100.0
10	Transfer-NonSurface	training_seed	1	2g9c	10.0	100.0	1.5216548641382366	100.0
10	Transfer-NonSurface	training_seed	1	2gdi	0.0	0.0	2.6112016158937545	100.0
10	Transfer-NonSurface	training_seed	1	2gis	0.0	0.0	2.8241586935397764	100.0
10	Transfer-NonSurface	training_seed	1	2juk	0.0	0.0	6.117623550734386	100.0
10	Transfer-NonSurface	training_seed	1	2jwq	0.0	0.0	5.770274275083247	100.0
10	Transfer-NonSurface	training_seed	1	2kgp	0.0	0.0	4.122858971408676	100.0
10	Transfer-NonSurface	training_seed	1	2ktz	0.0	0.0	2.5515663008877683	100.0
10	Transfer-NonSurface	training_seed	1	2ku0	0.0	0.0	2.290024577711283	100.0
10	Transfer-NonSurface	training_seed	1	2l94	30.0	100.0	1.5046813375263217	100.0
10	Transfer-NonSurface	training_seed	1	2loa	0.0	0.0	5.284010518659511	100.0
10	Transfer-NonSurface	training_seed	1	2mb3	0.0	0.0	3.512673985214114	100.0
10	Transfer-NonSurface	training_seed	1	2o3v	0.0	0.0	4.696136674179259	100.0
10	Transfer-NonSurface	training_seed	1	2o3w	0.0	0.0	4.422583665121555	100.0
10	Transfer-NonSurface	training_seed	1	2o3x	0.0	0.0	4.425296218588995	100.0
10	Transfer-NonSurface	training_seed	1	2oe5	0.0	0.0	3.435073182115118	100.0
10	Transfer-NonSurface	training_seed	1	2oe8	0.0	0.0	3.594851852114166	100.0
10	Transfer-NonSurface	training_seed	1	2ogn	0.0	0.0	4.334460604448394	100.0
10	Transfer-NonSurface	training_seed	1	2pwt	0.0	0.0	7.030357489002011	100.0
10	Transfer-NonSurface	training_seed	1	2tob	0.0	0.0	4.740039490440718	100.0
10	Transfer-NonSurface	training_seed	1	2xnw	10.0	100.0	1.359684145307284	100.0
10	Transfer-NonSurface	training_seed	1	2xnz	0.0	0.0	2.108003180474092	100.0
10	Transfer-NonSurface	training_seed	1	2xo0	30.0	100.0	1.234620318660761	100.0
10	Transfer-NonSurface	training_seed	1	2xo1	10.0	100.0	1.9967461658681334	100.0
10	Transfer-NonSurface	training_seed	1	2ydh	0.0	0.0	3.608787868112649	100.0
10	Transfer-NonSurface	training_seed	1	2ygh	0.0	0.0	3.9518500938730514	100.0
10	Transfer-NonSurface	training_seed	1	316d	0.0	0.0	6.539600248250888	100.0
10	Transfer-NonSurface	training_seed	1	3c44	0.0	0.0	3.888621601667148	100.0
10	Transfer-NonSurface	training_seed	1	3d2x	0.0	0.0	2.683427493179916	100.0
10	Transfer-NonSurface	training_seed	1	3dil	0.0	0.0	2.7259892795093674	100.0
10	Transfer-NonSurface	training_seed	1	3ds7	10.0	100.0	1.428409802432135	100.0
10	Transfer-NonSurface	training_seed	1	3dvv	0.0	0.0	4.759470355630869	100.0
10	Transfer-NonSurface	training_seed	1	3e5c	0.0	0.0	2.5899181034528085	100.0
10	Transfer-NonSurface	training_seed	1	3f2q	0.0	0.0	3.245285355264891	100.0
10	Transfer-NonSurface	training_seed	1	3fo4	0.0	0.0	2.694343989309322	100.0
10	Transfer-NonSurface	training_seed	1	3fo6	20.0	100.0	1.5211780864952447	100.0
10	Transfer-NonSurface	training_seed	1	3gao	20.0	100.0	0.9140867434469524	100.0
10	Transfer-NonSurface	training_seed	1	3ger	20.0	100.0	0.9321044347457673	100.0
10	Transfer-NonSurface	training_seed	1	3ges	20.0	100.0	1.0540032305453342	100.0
10	Transfer-NonSurface	training_seed	1	3gog	10.0	100.0	0.9884624699731671	100.0
10	Transfer-NonSurface	training_seed	1	3got	0.0	0.0	2.4378418553749914	100.0
10	Transfer-NonSurface	training_seed	1	3gx2	0.0	0.0	2.229820641516562	100.0
10	Transfer-NonSurface	training_seed	1	3gx3	0.0	0.0	4.038591937316005	100.0
10	Transfer-NonSurface	training_seed	1	3gx5	0.0	0.0	3.771441794052498	100.0
10	Transfer-NonSurface	training_seed	1	3gx7	0.0	0.0	2.8223774820372824	100.0
10	Transfer-NonSurface	training_seed	1	3la5	20.0	100.0	1.5527472226669732	100.0
10	Transfer-NonSurface	training_seed	1	3mum	0.0	0.0	4.967592685356631	100.0
10	Transfer-NonSurface	training_seed	1	3mur	0.0	0.0	5.042956235789377	100.0
10	Transfer-NonSurface	training_seed	1	3mxh	0.0	0.0	4.615134110067989	100.0
10	Transfer-NonSurface	training_seed	1	3npn	0.0	0.0	2.5422074973564586	100.0
10	Transfer-NonSurface	training_seed	1	3npq	0.0	0.0	2.421224102121137	100.0
10	Transfer-NonSurface	training_seed	1	3owz	10.0	100.0	1.9155788441095285	100.0
10	Transfer-NonSurface	training_seed	1	3q3z	0.0	0.0	4.357373754463456	100.0
10	Transfer-NonSurface	training_seed	1	3q50	40.0	100.0	0.4266208296692651	100.0
10	Transfer-NonSurface	training_seed	1	3s4p	0.0	0.0	4.333891694909732	100.0
10	Transfer-NonSurface	training_seed	1	3slm	0.0	0.0	2.3589978284819604	100.0
10	Transfer-NonSurface	training_seed	1	407d	0.0	0.0	3.2389400240793798	100.0
10	Transfer-NonSurface	training_seed	1	408d	0.0	0.0	2.5698513906449922	100.0
10	Transfer-NonSurface	training_seed	1	4aob	0.0	0.0	3.994117024797568	100.0
10	Transfer-NonSurface	training_seed	1	4erj	30.0	100.0	1.4001798233719034	100.0
10	Transfer-NonSurface	training_seed	1	4fe5	20.0	100.0	1.7551531500128417	100.0
10	Transfer-NonSurface	training_seed	1	4jf2	20.0	100.0	0.7606825371386502	100.0
10	Transfer-NonSurface	training_seed	1	4kqy	0.0	0.0	3.649781792817919	100.0
10	Transfer-NonSurface	training_seed	1	4lvv	0.0	0.0	5.1979413594682455	100.0
10	Transfer-NonSurface	training_seed	2	1am0	0.0	0.0	2.3096028875676593	100.0
10	Transfer-NonSurface	training_seed	2	1arj	10.0	100.0	1.7654229320949315	100.0
10	Transfer-NonSurface	training_seed	2	1byj	0.0	0.0	3.3220911130229114	100.0
10	Transfer-NonSurface	training_seed	2	1cvx	0.0	0.0	2.1336306606931763	100.0
10	Transfer-NonSurface	training_seed	2	1cvy	0.0	0.0	2.834479710484613	100.0
10	Transfer-NonSurface	training_seed	2	1db6	10.0	100.0	1.761698789757583	100.0
10	Transfer-NonSurface	training_seed	2	1eht	20.0	100.0	1.4397463948690623	100.0
10	Transfer-NonSurface	training_seed	2	1ei2	0.0	0.0	2.9537987232746663	100.0
10	Transfer-NonSurface	training_seed	2	1f1t	30.0	100.0	0.8017151741015103	100.0
10	Transfer-NonSurface	training_seed	2	1f27	0.0	0.0	2.7842386134947197	100.0
10	Transfer-NonSurface	training_seed	2	1fjg	0.0	0.0	4.158069204570794	100.0
10	Transfer-NonSurface	training_seed	2	1fmn	0.0	0.0	3.327408354327976	100.0
10	Transfer-NonSurface	training_seed	2	1fyp	0.0	0.0	3.78277677368409	100.0
10	Transfer-NonSurface	training_seed	2	1hnw	0.0	0.0	2.7491130112729087	100.0
10	Transfer-NonSurface	training_seed	2	1i9v	0.0	0.0	4.26858670240542	100.0
10	Transfer-NonSurface	training_seed	2	1j7t	0.0	0.0	3.706253305402846	100.0
10	Transfer-NonSurface	training_seed	2	1koc	0.0	0.0	2.303018685696377	100.0
10	Transfer-NonSurface	training_seed	2	1lc4	0.0	0.0	3.108467889441276	100.0
10	Transfer-NonSurface	training_seed	2	1lvj	0.0	0.0	3.7691664662097373	100.0
10	Transfer-NonSurface	training_seed	2	1mwl	0.0	0.0	2.291826723893615	100.0
10	Transfer-NonSurface	training_seed	2	1nbk	10.0	100.0	1.8412501907671313	100.0
10	Transfer-NonSurface	training_seed	2	1nem	0.0	0.0	4.538144276888643	100.0
10	Transfer-NonSurface	training_seed	2	1nta	0.0	0.0	4.556873440337136	100.0
10	Transfer-NonSurface	training_seed	2	1ntb	0.0	0.0	3.9592694916802516	100.0
10	Transfer-NonSurface	training_seed	2	1nzm	10.0	100.0	1.0122524624283742	100.0
10	Transfer-NonSurface	training_seed	2	1o15	10.0	100.0	1.1778531431902188	100.0
10	Transfer-NonSurface	training_seed	2	1o9m	0.0	0.0	5.058617152564149	100.0
10	Transfer-NonSurface	training_seed	2	1p96	0.0	0.0	2.646864317233914	100.0
10	Transfer-NonSurface	training_seed	2	1pbr	0.0	0.0	3.9609324708421156	100.0
10	Transfer-NonSurface	training_seed	2	1q8n	30.0	100.0	1.2299466425825147	100.0
10	Transfer-NonSurface	training_seed	2	1qd3	0.0	0.0	3.359180634151302	100.0
10	Transfer-NonSurface	training_seed	2	1qv4	10.0	100.0	1.828322157607898	100.0
10	Transfer-NonSurface	training_seed	2	1qv8	10.0	100.0	1.9861323539363989	100.0
10	Transfer-NonSurface	training_seed	2	1r4e	0.0	0.0	4.376167860975616	100.0
10	Transfer-NonSurface	training_seed	2	1tob	0.0	0.0	4.158345980938515	100.0
10	Transfer-NonSurface	training_seed	2	1u8d	0.0	0.0	2.3206673296704983	100.0
10	Transfer-NonSurface	training_seed	2	1uts	0.0	0.0	2.8397626781710708	100.0
10	Transfer-NonSurface	training_seed	2	1uud	0.0	0.0	3.2915366748070727	100.0
10	Transfer-NonSurface	training_seed	2	1uui	0.0	0.0	3.6050299856438506	100.0
10	Transfer-NonSurface	training_seed	2	1xbp	0.0	0.0	4.121911286933883	100.0
10	Transfer-NonSurface	training_seed	2	1xpf	10.0	100.0	1.988874267016395	100.0
10	Transfer-NonSurface	training_seed	2	1y26	0.0	0.0	2.0093740886156573	100.0
10	Transfer-NonSurface	training_seed	2	1y27	10.0	100.0	1.063647646715601	100.0
10	Transfer-NonSurface	training_seed	2	1ykv	0.0	0.0	2.595438314207668	100.0
10	Transfer-NonSurface	training_seed	2	1yrj	0.0	0.0	2.4755381173677247	100.0
10	Transfer-NonSurface	training_seed	2	1zz5	0.0	0.0	3.643145190695508	100.0
10	Transfer-NonSurface	training_seed	2	2au4	0.0	0.0	4.19388332306706	100.0
10	Transfer-NonSurface	training_seed	2	2b57	0.0	0.0	2.720705503591436	100.0
10	Transfer-NonSurface	training_seed	2	2be0	0.0	0.0	5.407092597085936	100.0
10	Transfer-NonSurface	training_seed	2	2bee	0.0	0.0	5.4833950757105345	100.0
10	Transfer-NonSurface	training_seed	2	2d55	0.0	0.0	7.101486838769908	100.0
10	Transfer-NonSurface	training_seed	2	2esi	0.0	0.0	3.00902421876111	100.0
10	Transfer-NonSurface	training_seed	2	2esj	0.0	0.0	4.507741580475322	100.0
10	Transfer-NonSurface	training_seed	2	2et3	0.0	0.0	3.247824779855767	100.0
10	Transfer-NonSurface	training_seed	2	2et4	0.0	0.0	4.341649082927559	100.0
10	Transfer-NonSurface	training_seed	2	2et8	10.0	100.0	1.818039927304328	100.0
10	Transfer-NonSurface	training_seed	2	2f4s	0.0	0.0	2.284200496394148	100.0
10	Transfer-NonSurface	training_seed	2	2f4t	0.0	0.0	3.393301603327187	100.0
10	Transfer-NonSurface	training_seed	2	2f4u	0.0	0.0	4.086423136979876	100.0
10	Transfer-NonSurface	training_seed	2	2fcx	0.0	0.0	2.5082879467151225	100.0
10	Transfer-NonSurface	training_seed	2	2fcy	0.0	0.0	2.361484490990884	100.0
10	Transfer-NonSurface	training_seed	2	2fcz	0.0	0.0	3.8059698540582265	100.0
10	Transfer-NonSurface	training_seed	2	2fd0	0.0	0.0	3.477406062631035	100.0
10	Transfer-NonSurface	training_seed	2	2g5k	0.0	0.0	3.1347142881574364	100.0
10	Transfer-NonSurface	training_seed	2	2g5q	0.0	0.0	3.1504712013046556	100.0
10	Transfer-NonSurface	training_seed	2	2g9c	0.0	0.0	2.1426986976448386	100.0
10	Transfer-NonSurface	training_seed	2	2gdi	10.0	100.0	1.7854141567585504	100.0
10	Transfer-NonSurface	training_seed	2	2gis	0.0	0.0	3.3511921773093323	100.0
10	Transfer-NonSurface	training_seed	2	2juk	0.0	0.0	5.7472721119820545	100.0
10	Transfer-NonSurface	training_seed	2	2jwq	10.0	100.0	1.9649127401108681	100.0
10	Transfer-NonSurface	training_seed	2	2kgp	0.0	0.0	5.069603995629246	100.0
10	Transfer-NonSurface	training_seed	2	2ktz	0.0	0.0	2.674707840770326	100.0
10	Transfer-NonSurface	training_seed	2	2ku0	10.0	100.0	1.614712219076447	100.0
10	Transfer-NonSurface	training_seed	2	2l94	20.0	100.0	1.3294129269781705	100.0
10	Transfer-NonSurface	training_seed	2	2loa	0.0	0.0	6.231732962514276	100.0
10	Transfer-NonSurface	training_seed	2	2mb3	0.0	0.0	3.137780877817952	100.0
10	Transfer-NonSurface	training_seed	2	2o3v	0.0	0.0	4.331774568069237	100.0
10	Transfer-NonSurface	training_seed	2	2o3w	0.0	0.0	4.346632615435935	100.0
10	Transfer-NonSurface	training_seed	2	2o3x	0.0	0.0	4.14383590478755	100.0
10	Transfer-NonSurface	training_seed	2	2oe5	0.0	0.0	3.967821900938545	100.0
10	Transfer-NonSurface	training_seed	2	2oe8	0.0	0.0	2.866125494178226	100.0
10	Transfer-NonSurface	training_seed	2	2ogn	0.0	0.0	4.837563770122312	100.0
10	Transfer-NonSurface	training_seed	2	2pwt	0.0	0.0	4.315462423483722	100.0
10	Transfer-NonSurface	training_seed	2	2tob	0.0	0.0	4.027119222650045	100.0
10	Transfer-NonSurface	training_seed	2	2xnw	30.0	100.0	1.1057635031958686	100.0
10	Transfer-NonSurface	training_seed	2	2xnz	10.0	100.0	1.806328942604001	100.0
10	Transfer-NonSurface	training_seed	2	2xo0	30.0	100.0	1.2809239868157671	100.0
10	Transfer-NonSurface	training_seed	2	2xo1	0.0	0.0	2.28317838947854	100.0
10	Transfer-NonSurface	training_seed	2	2ydh	0.0	0.0	3.2599452538575164	100.0
10	Transfer-NonSurface	training_seed	2	2ygh	0.0	0.0	3.3753704889652894	100.0
10	Transfer-NonSurface	training_seed	2	316d	0.0	0.0	6.611462486395199	100.0
10	Transfer-NonSurface	training_seed	2	3c44	0.0	0.0	3.6059857914769062	100.0
10	Transfer-NonSurface	training_seed	2	3d2x	10.0	100.0	1.919433218827491	100.0
10	Transfer-NonSurface	training_seed	2	3dil	0.0	0.0	2.643509011144089	100.0
10	Transfer-NonSurface	training_seed	2	3ds7	0.0	0.0	2.26208403236345	100.0
10	Transfer-NonSurface	training_seed	2	3dvv	0.0	0.0	4.747906301151711	100.0
10	Transfer-NonSurface	training_seed	2	3e5c	0.0	0.0	2.4194162579554725	100.0
10	Transfer-NonSurface	training_seed	2	3f2q	0.0	0.0	2.330973593420956	100.0
10	Transfer-NonSurface	training_seed	2	3fo4	0.0	0.0	2.7448566468612134	100.0
10	Transfer-NonSurface	training_seed	2	3fo6	20.0	100.0	1.720916086226558	100.0
10	Transfer-NonSurface	training_seed	2	3gao	20.0	100.0	1.272353494691843	100.0
10	Transfer-NonSurface	training_seed	2	3ger	10.0	100.0	1.2158500004673123	100.0
10	Transfer-NonSurface	training_seed	2	3ges	20.0	100.0	1.3499096889545368	100.0
10	Transfer-NonSurface	training_seed	2	3gog	10.0	100.0	1.714975021021377	100.0
10	Transfer-NonSurface	training_seed	2	3got	0.0	0.0	2.8024508552985608	100.0
10	Transfer-NonSurface	training_seed	2	3gx2	0.0	0.0	2.1319816380975674	100.0
10	Transfer-NonSurface	training_seed	2	3gx3	0.0	0.0	2.524395722056757	100.0
10	Transfer-NonSurface	training_seed	2	3gx5	0.0	0.0	3.225267354694686	100.0
10	Transfer-NonSurface	training_seed	2	3gx7	0.0	0.0	2.795737670958206	100.0
10	Transfer-NonSurface	training_seed	2	3la5	20.0	100.0	1.4346531057192886	100.0
10	Transfer-NonSurface	training_seed	2	3mum	0.0	0.0	4.756485425208132	100.0
10	Transfer-NonSurface	training_seed	2	3mur	0.0	0.0	4.505668957908567	100.0
10	Transfer-NonSurface	training_seed	2	3mxh	0.0	0.0	4.282014612864208	100.0
10	Transfer-NonSurface	training_seed	2	3npn	0.0	0.0	2.4297866970326685	100.0
10	Transfer-NonSurface	training_seed	2	3npq	0.0	0.0	2.841308156601327	100.0
10	Transfer-NonSurface	training_seed	2	3owz	0.0	0.0	2.298864369639932	100.0
10	Transfer-NonSurface	training_seed	2	3q3z	0.0	0.0	4.278578304053	100.0
10	Transfer-NonSurface	training_seed	2	3q50	40.0	100.0	0.8182072452342658	100.0
10	Transfer-NonSurface	training_seed	2	3s4p	0.0	0.0	5.433684087819829	100.0
10	Transfer-NonSurface	training_seed	2	3slm	0.0	0.0	2.2370254075251457	100.0
10	Transfer-NonSurface	training_seed	2	407d	0.0	0.0	4.6746671210811	100.0
10	Transfer-NonSurface	training_seed	2	408d	0.0	0.0	2.536558495578086	100.0
10	Transfer-NonSurface	training_seed	2	4aob	0.0	0.0	3.890472225264634	100.0
10	Transfer-NonSurface	training_seed	2	4erj	30.0	100.0	1.3262402568497489	100.0
10	Transfer-NonSurface	training_seed	2	4fe5	20.0	100.0	1.359513643918295	100.0
10	Transfer-NonSurface	training_seed	2	4jf2	20.0	100.0	0.5269540645576682	100.0
10	Transfer-NonSurface	training_seed	2	4kqy	0.0	0.0	3.146085107864364	100.0
10	Transfer-NonSurface	training_seed	2	4lvv	0.0	0.0	5.307239089067819	100.0
25	Transfer-All	training_seed	0	1am0	30.0	100.0	1.1865605790797566	100.0
25	Transfer-All	training_seed	0	1arj	40.0	100.0	1.2436837054358583	100.0
25	Transfer-All	training_seed	0	1byj	0.0	0.0	3.188330057640145	100.0
25	Transfer-All	training_seed	0	1cvx	0.0	0.0	2.3613306023387888	100.0
25	Transfer-All	training_seed	0	1cvy	20.0	100.0	1.6456146405238328	100.0
25	Transfer-All	training_seed	0	1db6	20.0	100.0	1.6797365703685014	100.0
25	Transfer-All	training_seed	0	1eht	30.0	100.0	0.28462495836289003	100.0
25	Transfer-All	training_seed	0	1ei2	0.0	0.0	2.52785672321341	100.0
25	Transfer-All	training_seed	0	1f1t	50.0	100.0	0.49837623145262777	100.0
25	Transfer-All	training_seed	0	1f27	20.0	100.0	1.7984361475668247	100.0
25	Transfer-All	training_seed	0	1fjg	0.0	0.0	2.369462990295682	100.0
25	Transfer-All	training_seed	0	1fmn	20.0	100.0	1.2253275286961625	100.0
25	Transfer-All	training_seed	0	1fyp	0.0	0.0	2.963106198497014	100.0
25	Transfer-All	training_seed	0	1hnw	0.0	0.0	2.6039551256214057	100.0
25	Transfer-All	training_seed	0	1i9v	0.0	0.0	3.3528591639219263	100.0
25	Transfer-All	training_seed	0	1j7t	0.0	0.0	2.3586646515711864	100.0
25	Transfer-All	training_seed	0	1koc	40.0	100.0	1.4530864309576819	100.0
25	Transfer-All	training_seed	0	1lc4	10.0	100.0	1.8661828807421312	100.0
25	Transfer-All	training_seed	0	1lvj	0.0	0.0	4.764522935833866	100.0
25	Transfer-All	training_seed	0	1mwl	0.0	0.0	2.276139771437081	100.0
25	Transfer-All	training_seed	0	1nbk	70.0	100.0	1.0986341133425637	100.0
25	Transfer-All	training_seed	0	1nem	0.0	0.0	2.4683366695582096	100.0
25	Transfer-All	training_seed	0	1nta	0.0	0.0	2.2342995928254563	100.0
25	Transfer-All	training_seed	0	1ntb	0.0	0.0	2.0613793637392415	100.0
25	Transfer-All	training_seed	0	1nzm	30.0	100.0	0.7901988284359434	100.0
25	Transfer-All	training_seed	0	1o15	30.0	100.0	0.5388000085660446	100.0
25	Transfer-All	training_seed	0	1o9m	0.0	0.0	3.264802300293235	100.0
25	Transfer-All	training_seed	0	1p96	0.0	0.0	2.4600824897572555	100.0
25	Transfer-All	training_seed	0	1pbr	0.0	0.0	3.775939024017104	100.0
25	Transfer-All	training_seed	0	1q8n	40.0	100.0	0.7590347341195921	100.0
25	Transfer-All	training_seed	0	1qd3	0.0	0.0	2.691035141911008	100.0
25	Transfer-All	training_seed	0	1qv4	20.0	100.0	0.8810049878243761	100.0
25	Transfer-All	training_seed	0	1qv8	0.0	0.0	2.2647533197056244	100.0
25	Transfer-All	training_seed	0	1r4e	0.0	0.0	2.17582100720271	100.0
25	Transfer-All	training_seed	0	1tob	0.0	0.0	3.833025881809957	100.0
25	Transfer-All	training_seed	0	1u8d	0.0	0.0	2.4507020463532485	100.0
25	Transfer-All	training_seed	0	1uts	0.0	0.0	3.2399613409730676	100.0
25	Transfer-All	training_seed	0	1uud	10.0	100.0	1.7668545093470487	100.0
25	Transfer-All	training_seed	0	1uui	20.0	100.0	1.5385763036566997	100.0
25	Transfer-All	training_seed	0	1xbp	0.0	0.0	3.0761856575961057	100.0
25	Transfer-All	training_seed	0	1xpf	70.0	100.0	1.2930439449498339	100.0
25	Transfer-All	training_seed	0	1y26	20.0	100.0	0.4525076352946985	100.0
25	Transfer-All	training_seed	0	1y27	60.0	100.0	0.36757616650405706	100.0
25	Transfer-All	training_seed	0	1ykv	20.0	100.0	0.9351139032988751	100.0
25	Transfer-All	training_seed	0	1yrj	0.0	0.0	2.2219412218245655	100.0
25	Transfer-All	training_seed	0	1zz5	10.0	100.0	1.974098443501273	100.0
25	Transfer-All	training_seed	0	2au4	0.0	0.0	3.730020481260793	100.0
25	Transfer-All	training_seed	0	2b57	0.0	0.0	2.7084609277729537	100.0
25	Transfer-All	training_seed	0	2be0	0.0	0.0	5.5763644128417305	100.0
25	Transfer-All	training_seed	0	2bee	0.0	0.0	3.8843598195789206	100.0
25	Transfer-All	training_seed	0	2d55	0.0	0.0	4.8314033005834744	100.0
25	Transfer-All	training_seed	0	2esi	0.0	0.0	3.7943285842760828	100.0
25	Transfer-All	training_seed	0	2esj	0.0	0.0	3.0010676110280388	100.0
25	Transfer-All	training_seed	0	2et3	0.0	0.0	2.0894937195098167	100.0
25	Transfer-All	training_seed	0	2et4	0.0	0.0	3.62598721453896	100.0
25	Transfer-All	training_seed	0	2et8	10.0	100.0	1.2114844924531822	100.0
25	Transfer-All	training_seed	0	2f4s	20.0	100.0	1.33998153718624	100.0
25	Transfer-All	training_seed	0	2f4t	0.0	0.0	3.10976317642173	100.0
25	Transfer-All	training_seed	0	2f4u	10.0	100.0	1.6604864579226308	100.0
25	Transfer-All	training_seed	0	2fcx	30.0	100.0	1.3007822045355497	100.0
25	Transfer-All	training_seed	0	2fcy	10.0	100.0	1.5554175795922978	100.0
25	Transfer-All	training_seed	0	2fcz	10.0	100.0	1.8100220318566436	100.0
25	Transfer-All	training_seed	0	2fd0	0.0	0.0	2.6511428949098104	100.0
25	Transfer-All	training_seed	0	2g5k	0.0	0.0	2.265577559797824	100.0
25	Transfer-All	training_seed	0	2g5q	0.0	0.0	2.716368568696082	100.0
25	Transfer-All	training_seed	0	2g9c	30.0	100.0	0.30383992313204805	100.0
25	Transfer-All	training_seed	0	2gdi	0.0	0.0	2.029697446475895	100.0
25	Transfer-All	training_seed	0	2gis	0.0	0.0	2.0537865523448615	100.0
25	Transfer-All	training_seed	0	2juk	0.0	0.0	5.310334934618845	100.0
25	Transfer-All	training_seed	0	2jwq	10.0	100.0	1.0682300944494592	100.0
25	Transfer-All	training_seed	0	2kgp	20.0	100.0	1.0328981671733175	100.0
25	Transfer-All	training_seed	0	2ktz	10.0	100.0	1.1130244000997422	100.0
25	Transfer-All	training_seed	0	2ku0	30.0	100.0	0.8696926041149103	100.0
25	Transfer-All	training_seed	0	2l94	60.0	100.0	1.4944238264015555	100.0
25	Transfer-All	training_seed	0	2loa	0.0	0.0	4.308600164635337	100.0
25	Transfer-All	training_seed	0	2mb3	0.0	0.0	3.8768043238213608	100.0
25	Transfer-All	training_seed	0	2o3v	0.0	0.0	2.4420969826301797	100.0
25	Transfer-All	training_seed	0	2o3w	0.0	0.0	3.478823490095192	100.0
25	Transfer-All	training_seed	0	2o3x	0.0	0.0	4.270692090055722	100.0
25	Transfer-All	training_seed	0	2oe5	0.0	0.0	2.6715888195118156	100.0
25	Transfer-All	training_seed	0	2oe8	0.0	0.0	2.195087595124684	100.0
25	Transfer-All	training_seed	0	2ogn	0.0	0.0	3.924006831921894	100.0
25	Transfer-All	training_seed	0	2pwt	0.0	0.0	5.018747794901965	100.0
25	Transfer-All	training_seed	0	2tob	10.0	100.0	1.911696925917521	100.0
25	Transfer-All	training_seed	0	2xnw	30.0	100.0	0.2593505600533767	100.0
25	Transfer-All	training_seed	0	2xnz	40.0	100.0	0.23930892401059994	100.0
25	Transfer-All	training_seed	0	2xo0	50.0	100.0	0.2536682109567536	100.0
25	Transfer-All	training_seed	0	2xo1	30.0	100.0	0.4365683170530651	100.0
25	Transfer-All	training_seed	0	2ydh	0.0	0.0	3.183618790924241	100.0
25	Transfer-All	training_seed	0	2ygh	10.0	100.0	1.3503042749005925	100.0
25	Transfer-All	training_seed	0	316d	0.0	0.0	5.308234406338642	100.0
25	Transfer-All	training_seed	0	3c44	0.0	0.0	2.9555907316635093	100.0
25	Transfer-All	training_seed	0	3d2x	40.0	100.0	1.611000165568439	100.0
25	Transfer-All	training_seed	0	3dil	70.0	100.0	1.1071127336454945	100.0
25	Transfer-All	training_seed	0	3ds7	50.0	100.0	0.8972572502676667	100.0
25	Transfer-All	training_seed	0	3dvv	20.0	100.0	1.466366810378851	100.0
25	Transfer-All	training_seed	0	3e5c	0.0	0.0	3.3247149999271723	100.0
25	Transfer-All	training_seed	0	3f2q	30.0	100.0	1.5580584480112918	100.0
25	Transfer-All	training_seed	0	3fo4	0.0	0.0	2.7567910645597293	100.0
25	Transfer-All	training_seed	0	3fo6	20.0	100.0	0.3188376977397748	100.0
25	Transfer-All	training_seed	0	3gao	10.0	100.0	0.3695715467697943	100.0
25	Transfer-All	training_seed	0	3ger	30.0	100.0	0.2844394103879033	100.0
25	Transfer-All	training_seed	0	3ges	10.0	100.0	0.3304284264405841	100.0
25	Transfer-All	training_seed	0	3gog	20.0	100.0	0.26909343933085605	100.0
25	Transfer-All	training_seed	0	3got	10.0	100.0	0.3969732633543241	100.0
25	Transfer-All	training_seed	0	3gx2	10.0	100.0	1.6810798758205643	100.0
25	Transfer-All	training_seed	0	3gx3	0.0	0.0	2.2397394606378804	100.0
25	Transfer-All	training_seed	0	3gx5	10.0	100.0	1.312727937879319	100.0
25	Transfer-All	training_seed	0	3gx7	0.0	0.0	2.4865694088070036	100.0
25	Transfer-All	training_seed	0	3la5	50.0	100.0	0.36461452418958845	100.0
25	Transfer-All	training_seed	0	3mum	0.0	0.0	3.2079195754583214	100.0
25	Transfer-All	training_seed	0	3mur	0.0	0.0	3.687804155061241	100.0
25	Transfer-All	training_seed	0	3mxh	0.0	0.0	4.026085242731347	100.0
25	Transfer-All	training_seed	0	3npn	10.0	100.0	1.7028104685851213	100.0
25	Transfer-All	training_seed	0	3npq	20.0	100.0	1.684947843748834	100.0
25	Transfer-All	training_seed	0	3owz	50.0	100.0	0.821406464547242	100.0
25	Transfer-All	training_seed	0	3q3z	0.0	0.0	3.2277662595186407	100.0
25	Transfer-All	training_seed	0	3q50	60.0	100.0	0.5575714986921815	100.0
25	Transfer-All	training_seed	0	3s4p	0.0	0.0	3.762257500917175	100.0
25	Transfer-All	training_seed	0	3slm	30.0	100.0	1.1689962582228957	100.0
25	Transfer-All	training_seed	0	407d	20.0	100.0	1.7239334214715678	100.0
25	Transfer-All	training_seed	0	408d	0.0	0.0	2.2094813735354277	100.0
25	Transfer-All	training_seed	0	4aob	0.0	0.0	2.49051826065714	100.0
25	Transfer-All	training_seed	0	4erj	90.0	100.0	0.547603927223965	100.0
25	Transfer-All	training_seed	0	4fe5	20.0	100.0	0.7096996385795894	100.0
25	Transfer-All	training_seed	0	4jf2	40.0	100.0	0.28853052898063664	100.0
25	Transfer-All	training_seed	0	4kqy	0.0	0.0	2.3155821729382935	100.0
25	Transfer-All	training_seed	0	4lvv	0.0	0.0	2.6021040588791395	100.0
25	Transfer-All	training_seed	1	1am0	40.0	100.0	1.2920630055979403	100.0
25	Transfer-All	training_seed	1	1arj	50.0	100.0	1.5533635054294277	100.0
25	Transfer-All	training_seed	1	1byj	0.0	0.0	3.439262132136541	100.0
25	Transfer-All	training_seed	1	1cvx	10.0	100.0	1.6061023293987218	100.0
25	Transfer-All	training_seed	1	1cvy	10.0	100.0	1.6777040063666546	100.0
25	Transfer-All	training_seed	1	1db6	30.0	100.0	1.6306836109946858	100.0
25	Transfer-All	training_seed	1	1eht	40.0	100.0	0.26530367505935504	100.0
25	Transfer-All	training_seed	1	1ei2	0.0	0.0	2.3942512607334696	100.0
25	Transfer-All	training_seed	1	1f1t	60.0	100.0	0.5868168735448253	100.0
25	Transfer-All	training_seed	1	1f27	30.0	100.0	1.7198032930759843	100.0
25	Transfer-All	training_seed	1	1fjg	0.0	0.0	3.7317274814053865	100.0
25	Transfer-All	training_seed	1	1fmn	30.0	100.0	1.1128816039975362	100.0
25	Transfer-All	training_seed	1	1fyp	0.0	0.0	2.751530387629331	100.0
25	Transfer-All	training_seed	1	1hnw	0.0	0.0	2.6096596670471217	100.0
25	Transfer-All	training_seed	1	1i9v	0.0	0.0	3.2999753074112257	100.0
25	Transfer-All	training_seed	1	1j7t	0.0	0.0	2.0375962919694417	100.0
25	Transfer-All	training_seed	1	1koc	40.0	100.0	1.5694041634752134	100.0
25	Transfer-All	training_seed	1	1lc4	10.0	100.0	1.950929909523917	100.0
25	Transfer-All	training_seed	1	1lvj	0.0	0.0	2.636103836527788	100.0
25	Transfer-All	training_seed	1	1mwl	0.0	0.0	2.2467275099182653	100.0
25	Transfer-All	training_seed	1	1nbk	60.0	100.0	0.9048883107875794	100.0
25	Transfer-All	training_seed	1	1nem	0.0	0.0	4.814735097321654	100.0
25	Transfer-All	training_seed	1	1nta	0.0	0.0	2.3214460987173493	100.0
25	Transfer-All	training_seed	1	1ntb	0.0	0.0	2.4394656256032796	100.0
25	Transfer-All	training_seed	1	1nzm	40.0	100.0	0.5725006472955694	100.0
25	Transfer-All	training_seed	1	1o15	40.0	100.0	0.3090941205921189	100.0
25	Transfer-All	training_seed	1	1o9m	0.0	0.0	2.919868688550631	100.0
25	Transfer-All	training_seed	1	1p96	0.0	0.0	2.072152936824341	100.0
25	Transfer-All	training_seed	1	1pbr	0.0	0.0	2.974445859515765	100.0
25	Transfer-All	training_seed	1	1q8n	50.0	100.0	0.7669576804491888	100.0
25	Transfer-All	training_seed	1	1qd3	0.0	0.0	2.3751024637546343	100.0
25	Transfer-All	training_seed	1	1qv4	20.0	100.0	0.8874645105177851	100.0
25	Transfer-All	training_seed	1	1qv8	0.0	0.0	2.3088271113273073	100.0
25	Transfer-All	training_seed	1	1r4e	0.0	0.0	2.1857203375781094	100.0
25	Transfer-All	training_seed	1	1tob	0.0	0.0	2.9770374887419537	100.0
25	Transfer-All	training_seed	1	1u8d	0.0	0.0	2.491439600110747	100.0
25	Transfer-All	training_seed	1	1uts	0.0	0.0	3.3121436264147723	100.0
25	Transfer-All	training_seed	1	1uud	10.0	100.0	1.677366715420334	100.0
25	Transfer-All	training_seed	1	1uui	40.0	100.0	1.2960105107262996	100.0
25	Transfer-All	training_seed	1	1xbp	0.0	0.0	2.3395659026710875	100.0
25	Transfer-All	training_seed	1	1xpf	80.0	100.0	1.2800535619373792	100.0
25	Transfer-All	training_seed	1	1y26	20.0	100.0	0.4244367255551762	100.0
25	Transfer-All	training_seed	1	1y27	50.0	100.0	0.38012751329473116	100.0
25	Transfer-All	training_seed	1	1ykv	20.0	100.0	0.8518600084101675	100.0
25	Transfer-All	training_seed	1	1yrj	0.0	0.0	2.186098338580849	100.0
25	Transfer-All	training_seed	1	1zz5	10.0	100.0	1.8162524725110332	100.0
25	Transfer-All	training_seed	1	2au4	0.0	0.0	3.5621676692359667	100.0
25	Transfer-All	training_seed	1	2b57	0.0	0.0	2.7033531711897756	100.0
25	Transfer-All	training_seed	1	2be0	0.0	0.0	3.2147906994019904	100.0
25	Transfer-All	training_seed	1	2bee	0.0	0.0	4.163465410923836	100.0
25	Transfer-All	training_seed	1	2d55	0.0	0.0	6.190327223957282	100.0
25	Transfer-All	training_seed	1	2esi	0.0	0.0	3.8764296953550317	100.0
25	Transfer-All	training_seed	1	2esj	0.0	0.0	3.3743175227056605	100.0
25	Transfer-All	training_seed	1	2et3	0.0	0.0	2.4430769673481625	100.0
25	Transfer-All	training_seed	1	2et4	0.0	0.0	3.283172280410692	100.0
25	Transfer-All	training_seed	1	2et8	0.0	0.0	2.8314985308136755	100.0
25	Transfer-All	training_seed	1	2f4s	10.0	100.0	1.3136520786099966	100.0
25	Transfer-All	training_seed	1	2f4t	0.0	0.0	4.214754807035466	100.0
25	Transfer-All	training_seed	1	2f4u	20.0	100.0	1.6379338920488282	100.0
25	Transfer-All	training_seed	1	2fcx	30.0	100.0	1.3416479449474885	100.0
25	Transfer-All	training_seed	1	2fcy	10.0	100.0	1.5666983295179342	100.0
25	Transfer-All	training_seed	1	2fcz	0.0	0.0	2.142301201376537	100.0
25	Transfer-All	training_seed	1	2fd0	0.0	0.0	2.721874834169385	100.0
25	Transfer-All	training_seed	1	2g5k	0.0	0.0	2.6830032651509783	100.0
25	Transfer-All	training_seed	1	2g5q	0.0	0.0	2.296405321584149	100.0
25	Transfer-All	training_seed	1	2g9c	20.0	100.0	0.31783933048004	100.0
25	Transfer-All	training_seed	1	2gdi	20.0	100.0	1.5864859505062903	100.0
25	Transfer-All	training_seed	1	2gis	20.0	100.0	1.5525803959621305	100.0
25	Transfer-All	training_seed	1	2juk	0.0	0.0	5.450252507911904	100.0
25	Transfer-All	training_seed	1	2jwq	20.0	100.0	1.0146144310771459	100.0
25	Transfer-All	training_seed	1	2kgp	20.0	100.0	1.3815599142138202	100.0
25	Transfer-All	training_seed	1	2ktz	30.0	100.0	1.1392003037982008	100.0
25	Transfer-All	training_seed	1	2ku0	40.0	100.0	0.8746370934378391	100.0
25	Transfer-All	training_seed	1	2l94	60.0	100.0	1.3604410974324959	100.0
25	Transfer-All	training_seed	1	2loa	0.0	0.0	2.3591183508841307	100.0
25	Transfer-All	training_seed	1	2mb3	0.0	0.0	3.7514281848117523	100.0
25	Transfer-All	training_seed	1	2o3v	0.0	0.0	2.787332272878239	100.0
25	Transfer-All	training_seed	1	2o3w	0.0	0.0	3.3644882976110804	100.0
25	Transfer-All	training_seed	1	2o3x	0.0	0.0	3.840041758257492	100.0
25	Transfer-All	training_seed	1	2oe5	0.0	0.0	2.590611714049979	100.0
25	Transfer-All	training_seed	1	2oe8	10.0	100.0	1.995539633241554	100.0
25	Transfer-All	training_seed	1	2ogn	0.0	0.0	3.9450511263346053	100.0
25	Transfer-All	training_seed	1	2pwt	0.0	0.0	4.330876733949682	100.0
25	Transfer-All	training_seed	1	2tob	0.0	0.0	2.294829342851555	100.0
25	Transfer-All	training_seed	1	2xnw	30.0	100.0	0.2754271228474057	100.0
25	Transfer-All	training_seed	1	2xnz	50.0	100.0	0.21122040095070754	100.0
25	Transfer-All	training_seed	1	2xo0	80.0	100.0	0.22041728323795293	100.0
25	Transfer-All	training_seed	1	2xo1	30.0	100.0	0.7681991497237964	100.0
25	Transfer-All	training_seed	1	2ydh	0.0	0.0	2.2110506074078264	100.0
25	Transfer-All	training_seed	1	2ygh	10.0	100.0	1.3966059669917772	100.0
25	Transfer-All	training_seed	1	316d	0.0	0.0	5.83346483582178	100.0
25	Transfer-All	training_seed	1	3c44	0.0	0.0	2.6237496745615623	100.0
25	Transfer-All	training_seed	1	3d2x	50.0	100.0	1.5040153239297078	100.0
25	Transfer-All	training_seed	1	3dil	70.0	100.0	1.3565781190185833	100.0
25	Transfer-All	training_seed	1	3ds7	60.0	100.0	0.7327287876941848	100.0
25	Transfer-All	training_seed	1	3dvv	10.0	100.0	1.5180144155463255	100.0
25	Transfer-All	training_seed	1	3e5c	0.0	0.0	3.3906700363726867	100.0
25	Transfer-All	training_seed	1	3f2q	40.0	100.0	1.5774178863143766	100.0
25	Transfer-All	training_seed	1	3fo4	0.0	0.0	2.7158417083006614	100.0
25	Transfer-All	training_seed	1	3fo6	20.0	100.0	0.34081045562990964	100.0
25	Transfer-All	training_seed	1	3gao	10.0	100.0	0.36130388368191746	100.0
25	Transfer-All	training_seed	1	3ger	30.0	100.0	0.26413592747261433	100.0
25	Transfer-All	training_seed	1	3ges	40.0	100.0	0.3339122826432127	100.0
25	Transfer-All	training_seed	1	3gog	20.0	100.0	0.2967522183420189	100.0
25	Transfer-All	training_seed	1	3got	10.0	100.0	0.4676009050072896	100.0
25	Transfer-All	training_seed	1	3gx2	10.0	100.0	1.4845766572026884	100.0
25	Transfer-All	training_seed	1	3gx3	0.0	0.0	2.3006768059387683	100.0
25	Transfer-All	training_seed	1	3gx5	10.0	100.0	1.1109044675065114	100.0
25	Transfer-All	training_seed	1	3gx7	0.0	0.0	2.609433281810866	100.0
25	Transfer-All	training_seed	1	3la5	60.0	100.0	0.37933959554731417	100.0
25	Transfer-All	training_seed	1	3mum	0.0	0.0	3.2369728951129098	100.0
25	Transfer-All	training_seed	1	3mur	0.0	0.0	3.748936942016682	100.0
25	Transfer-All	training_seed	1	3mxh	0.0	0.0	3.9770910786435465	100.0
25	Transfer-All	training_seed	1	3npn	0.0	0.0	2.814253542238155	100.0
25	Transfer-All	training_seed	1	3npq	10.0	100.0	1.979080673813359	100.0
25	Transfer-All	training_seed	1	3owz	40.0	100.0	0.5785951468859715	100.0
25	Transfer-All	training_seed	1	3q3z	0.0	0.0	3.2317708019113844	100.0
25	Transfer-All	training_seed	1	3q50	40.0	100.0	0.5423425819109593	100.0
25	Transfer-All	training_seed	1	3s4p	0.0	0.0	3.816760313901514	100.0
25	Transfer-All	training_seed	1	3slm	20.0	100.0	1.076715928989225	100.0
25	Transfer-All	training_seed	1	407d	20.0	100.0	1.4235087152145103	100.0
25	Transfer-All	training_seed	1	408d	10.0	100.0	1.9487315403026175	100.0
25	Transfer-All	training_seed	1	4aob	10.0	100.0	1.9671159827599465	100.0
25	Transfer-All	training_seed	1	4erj	90.0	100.0	0.6157707690366594	100.0
25	Transfer-All	training_seed	1	4fe5	10.0	100.0	0.7052379484968179	100.0
25	Transfer-All	training_seed	1	4jf2	40.0	100.0	0.26334681286500056	100.0
25	Transfer-All	training_seed	1	4kqy	0.0	0.0	2.0977038526287104	100.0
25	Transfer-All	training_seed	1	4lvv	0.0	0.0	2.349050968883341	100.0
25	Transfer-All	training_seed	2	1am0	50.0	100.0	1.3013727224007332	100.0
25	Transfer-All	training_seed	2	1arj	60.0	100.0	1.4326622418304555	100.0
25	Transfer-All	training_seed	2	1byj	0.0	0.0	3.2979928272677728	100.0
25	Transfer-All	training_seed	2	1cvx	20.0	100.0	1.595959912299387	100.0
25	Transfer-All	training_seed	2	1cvy	20.0	100.0	1.6508463833066347	100.0
25	Transfer-All	training_seed	2	1db6	30.0	100.0	1.5206218445644755	100.0
25	Transfer-All	training_seed	2	1eht	10.0	100.0	1.7467641706001151	100.0
25	Transfer-All	training_seed	2	1ei2	0.0	0.0	2.274388193454189	100.0
25	Transfer-All	training_seed	2	1f1t	50.0	100.0	0.6279067498748994	100.0
25	Transfer-All	training_seed	2	1f27	20.0	100.0	1.797097648466827	100.0
25	Transfer-All	training_seed	2	1fjg	0.0	0.0	2.544110582258938	100.0
25	Transfer-All	training_seed	2	1fmn	20.0	100.0	1.1546190013970394	100.0
25	Transfer-All	training_seed	2	1fyp	0.0	0.0	2.8876565926205213	100.0
25	Transfer-All	training_seed	2	1hnw	0.0	0.0	2.6521265468723376	100.0
25	Transfer-All	training_seed	2	1i9v	0.0	0.0	3.316706307755446	100.0
25	Transfer-All	training_seed	2	1j7t	10.0	100.0	1.7869873440008044	100.0
25	Transfer-All	training_seed	2	1koc	30.0	100.0	1.6828040403841835	100.0
25	Transfer-All	training_seed	2	1lc4	20.0	100.0	1.8795741797512278	100.0
25	Transfer-All	training_seed	2	1lvj	0.0	0.0	2.763397753475428	100.0
25	Transfer-All	training_seed	2	1mwl	0.0	0.0	2.3041557428596144	100.0
25	Transfer-All	training_seed	2	1nbk	70.0	100.0	0.9653568947113116	100.0
25	Transfer-All	training_seed	2	1nem	0.0	0.0	4.817389682973451	100.0
25	Transfer-All	training_seed	2	1nta	0.0	0.0	2.390872552280862	100.0
25	Transfer-All	training_seed	2	1ntb	0.0	0.0	2.1290041826520683	100.0
25	Transfer-All	training_seed	2	1nzm	30.0	100.0	0.6786656345075517	100.0
25	Transfer-All	training_seed	2	1o15	30.0	100.0	0.5079738954528457	100.0
25	Transfer-All	training_seed	2	1o9m	0.0	0.0	2.602878351551023	100.0
25	Transfer-All	training_seed	2	1p96	0.0	0.0	2.6506388167615516	100.0
25	Transfer-All	training_seed	2	1pbr	0.0	0.0	3.0080549956187084	100.0
25	Transfer-All	training_seed	2	1q8n	50.0	100.0	0.8262509580024704	100.0
25	Transfer-All	training_seed	2	1qd3	0.0	0.0	2.4602031752624476	100.0
25	Transfer-All	training_seed	2	1qv4	20.0	100.0	0.7874407689289583	100.0
25	Transfer-All	training_seed	2	1qv8	10.0	100.0	1.9412595494253964	100.0
25	Transfer-All	training_seed	2	1r4e	0.0	0.0	2.245865487843646	100.0
25	Transfer-All	training_seed	2	1tob	0.0	0.0	3.082610338404369	100.0
25	Transfer-All	training_seed	2	1u8d	0.0	0.0	2.4527118065520863	100.0
25	Transfer-All	training_seed	2	1uts	0.0	0.0	3.0566432520004687	100.0
25	Transfer-All	training_seed	2	1uud	10.0	100.0	1.6488169954242948	100.0
25	Transfer-All	training_seed	2	1uui	30.0	100.0	1.2774297096292533	100.0
25	Transfer-All	training_seed	2	1xbp	0.0	0.0	2.559784509427674	100.0
25	Transfer-All	training_seed	2	1xpf	80.0	100.0	1.2637697015561922	100.0
25	Transfer-All	training_seed	2	1y26	20.0	100.0	0.4414582732263605	100.0
25	Transfer-All	training_seed	2	1y27	60.0	100.0	0.3306407828334655	100.0
25	Transfer-All	training_seed	2	1ykv	20.0	100.0	0.9419610148893784	100.0
25	Transfer-All	training_seed	2	1yrj	10.0	100.0	1.9975600634341455	100.0
25	Transfer-All	training_seed	2	1zz5	10.0	100.0	1.8177117598649184	100.0
25	Transfer-All	training_seed	2	2au4	0.0	0.0	3.0496454311321175	100.0
25	Transfer-All	training_seed	2	2b57	0.0	0.0	2.814204310441779	100.0
25	Transfer-All	training_seed	2	2be0	0.0	0.0	4.060933182400701	100.0
25	Transfer-All	training_seed	2	2bee	0.0	0.0	3.6172930029489834	100.0
25	Transfer-All	training_seed	2	2d55	0.0	0.0	5.059379969445093	100.0
25	Transfer-All	training_seed	2	2esi	0.0	0.0	3.361505329777302	100.0
25	Transfer-All	training_seed	2	2esj	0.0	0.0	4.092654052854474	100.0
25	Transfer-All	training_seed	2	2et3	0.0	0.0	2.573125920968752	100.0
25	Transfer-All	training_seed	2	2et4	0.0	0.0	3.8221138302552644	100.0
25	Transfer-All	training_seed	2	2et8	0.0	0.0	3.135637751863103	100.0
25	Transfer-All	training_seed	2	2f4s	10.0	100.0	1.3530636810586552	100.0
25	Transfer-All	training_seed	2	2f4t	0.0	0.0	3.1988823084678453	100.0
25	Transfer-All	training_seed	2	2f4u	10.0	100.0	1.6852672560062003	100.0
25	Transfer-All	training_seed	2	2fcx	30.0	100.0	1.3296974743082801	100.0
25	Transfer-All	training_seed	2	2fcy	10.0	100.0	1.6292718581799495	100.0
25	Transfer-All	training_seed	2	2fcz	10.0	100.0	1.6810367734075264	100.0
25	Transfer-All	training_seed	2	2fd0	0.0	0.0	3.0086796145293726	100.0
25	Transfer-All	training_seed	2	2g5k	0.0	0.0	2.7094560772587903	100.0
25	Transfer-All	training_seed	2	2g5q	10.0	100.0	1.2607285700141806	100.0
25	Transfer-All	training_seed	2	2g9c	30.0	100.0	0.3379286627545981	100.0
25	Transfer-All	training_seed	2	2gdi	10.0	100.0	1.4918548811926922	100.0
25	Transfer-All	training_seed	2	2gis	10.0	100.0	1.9059882736415927	100.0
25	Transfer-All	training_seed	2	2juk	0.0	0.0	5.404499056187663	100.0
25	Transfer-All	training_seed	2	2jwq	10.0	100.0	1.6950229364229854	100.0
25	Transfer-All	training_seed	2	2kgp	20.0	100.0	1.2742937033902344	100.0
25	Transfer-All	training_seed	2	2ktz	20.0	100.0	0.9012442155636596	100.0
25	Transfer-All	training_seed	2	2ku0	20.0	100.0	0.8552492672492827	100.0
25	Transfer-All	training_seed	2	2l94	80.0	100.0	1.4452819378930881	100.0
25	Transfer-All	training_seed	2	2loa	0.0	0.0	3.069826203337194	100.0
25	Transfer-All	training_seed	2	2mb3	0.0	0.0	3.7991603646332175	100.0
25	Transfer-All	training_seed	2	2o3v	0.0	0.0	2.401251803658131	100.0
25	Transfer-All	training_seed	2	2o3w	0.0	0.0	3.838563710153156	100.0
25	Transfer-All	training_seed	2	2o3x	0.0	0.0	4.421783421951505	100.0
25	Transfer-All	training_seed	2	2oe5	0.0	0.0	2.5719252680286657	100.0
25	Transfer-All	training_seed	2	2oe8	10.0	100.0	1.862824104867573	100.0
25	Transfer-All	training_seed	2	2ogn	0.0	0.0	3.8308771783306415	100.0
25	Transfer-All	training_seed	2	2pwt	0.0	0.0	4.940812195192878	100.0
25	Transfer-All	training_seed	2	2tob	0.0	0.0	2.315528010316977	100.0
25	Transfer-All	training_seed	2	2xnw	30.0	100.0	0.26958005304547317	100.0
25	Transfer-All	training_seed	2	2xnz	50.0	100.0	0.21905662129534734	100.0
25	Transfer-All	training_seed	2	2xo0	60.0	100.0	0.21285099541698152	100.0
25	Transfer-All	training_seed	2	2xo1	0.0	0.0	2.2573054693191574	100.0
25	Transfer-All	training_seed	2	2ydh	0.0	0.0	2.208722026673142	100.0
25	Transfer-All	training_seed	2	2ygh	10.0	100.0	1.3622053060849255	100.0
25	Transfer-All	training_seed	2	316d	0.0	0.0	5.556820792553009	100.0
25	Transfer-All	training_seed	2	3c44	0.0	0.0	2.626896314093878	100.0
25	Transfer-All	training_seed	2	3d2x	60.0	100.0	1.4662037094797935	100.0
25	Transfer-All	training_seed	2	3dil	90.0	100.0	0.7289670616701412	100.0
25	Transfer-All	training_seed	2	3ds7	60.0	100.0	0.7418051833197178	100.0
25	Transfer-All	training_seed	2	3dvv	20.0	100.0	1.4471609916683257	100.0
25	Transfer-All	training_seed	2	3e5c	0.0	0.0	3.415917708860052	100.0
25	Transfer-All	training_seed	2	3f2q	40.0	100.0	1.6453297034039185	100.0
25	Transfer-All	training_seed	2	3fo4	0.0	0.0	2.753453057526131	100.0
25	Transfer-All	training_seed	2	3fo6	20.0	100.0	0.3162812751333848	100.0
25	Transfer-All	training_seed	2	3gao	10.0	100.0	0.3146088191562806	100.0
25	Transfer-All	training_seed	2	3ger	20.0	100.0	0.4105648979814828	100.0
25	Transfer-All	training_seed	2	3ges	30.0	100.0	0.345033679515493	100.0
25	Transfer-All	training_seed	2	3gog	20.0	100.0	0.3126292329145299	100.0
25	Transfer-All	training_seed	2	3got	0.0	0.0	2.8625120620627165	100.0
25	Transfer-All	training_seed	2	3gx2	10.0	100.0	1.5459630207354509	100.0
25	Transfer-All	training_seed	2	3gx3	0.0	0.0	2.0593431387403416	100.0
25	Transfer-All	training_seed	2	3gx5	10.0	100.0	1.065920731018407	100.0
25	Transfer-All	training_seed	2	3gx7	0.0	0.0	2.4145324550866296	100.0
25	Transfer-All	training_seed	2	3la5	50.0	100.0	0.3566571585570654	100.0
25	Transfer-All	training_seed	2	3mum	0.0	0.0	3.228632501270603	100.0
25	Transfer-All	training_seed	2	3mur	0.0	0.0	3.6713885777608777	100.0
25	Transfer-All	training_seed	2	3mxh	0.0	0.0	3.9727457209690957	100.0
25	Transfer-All	training_seed	2	3npn	10.0	100.0	1.5525419309338118	100.0
25	Transfer-All	training_seed	2	3npq	20.0	100.0	1.8338486922736688	100.0
25	Transfer-All	training_seed	2	3owz	50.0	100.0	0.642045663485081	100.0
25	Transfer-All	training_seed	2	3q3z	0.0	0.0	3.222183669703567	100.0
25	Transfer-All	training_seed	2	3q50	50.0	100.0	0.5362529605440947	100.0
25	Transfer-All	training_seed	2	3s4p	0.0	0.0	6.7283276995721755	100.0
25	Transfer-All	training_seed	2	3slm	20.0	100.0	1.0586193124516727	100.0
25	Transfer-All	training_seed	2	407d	20.0	100.0	1.2934125623552342	100.0
25	Transfer-All	training_seed	2	408d	10.0	100.0	1.9462814997245934	100.0
25	Transfer-All	training_seed	2	4aob	0.0	0.0	2.180457259129123	100.0
25	Transfer-All	training_seed	2	4erj	90.0	100.0	0.43440644818214047	100.0
25	Transfer-All	training_seed	2	4fe5	10.0	100.0	0.636727925412417	100.0
25	Transfer-All	training_seed	2	4jf2	40.0	100.0	0.2609965634904918	100.0
25	Transfer-All	training_seed	2	4kqy	10.0	100.0	1.5558281300871153	100.0
25	Transfer-All	training_seed	2	4lvv	0.0	0.0	2.5887373736448978	100.0
25	Transfer-NonSurface	training_seed	0	1am0	10.0	100.0	1.8750506680690227	100.0
25	Transfer-NonSurface	training_seed	0	1arj	10.0	100.0	1.7885188364491253	100.0
25	Transfer-NonSurface	training_seed	0	1byj	0.0	0.0	2.4409193161726006	100.0
25	Transfer-NonSurface	training_seed	0	1cvx	10.0	100.0	1.988967156277348	100.0
25	Transfer-NonSurface	training_seed	0	1cvy	0.0	0.0	2.26634626314429	100.0
25	Transfer-NonSurface	training_seed	0	1db6	10.0	100.0	1.965588868083388	100.0
25	Transfer-NonSurface	training_seed	0	1eht	30.0	100.0	1.0252020596335745	100.0
25	Transfer-NonSurface	training_seed	0	1ei2	0.0	0.0	2.760649589576441	100.0
25	Transfer-NonSurface	training_seed	0	1f1t	40.0	100.0	0.9654464087026906	100.0
25	Transfer-NonSurface	training_seed	0	1f27	20.0	100.0	1.9525744641690368	100.0
25	Transfer-NonSurface	training_seed	0	1fjg	0.0	0.0	3.8093371565642427	100.0
25	Transfer-NonSurface	training_seed	0	1fmn	0.0	0.0	5.744878487976304	100.0
25	Transfer-NonSurface	training_seed	0	1fyp	0.0	0.0	2.9416159568541653	100.0
25	Transfer-NonSurface	training_seed	0	1hnw	0.0	0.0	2.8250420385146477	100.0
25	Transfer-NonSurface	training_seed	0	1i9v	0.0	0.0	3.7137274389050408	100.0
25	Transfer-NonSurface	training_seed	0	1j7t	0.0	0.0	3.9273313194051944	100.0
25	Transfer-NonSurface	training_seed	0	1koc	10.0	100.0	1.9226530597935065	100.0
25	Transfer-NonSurface	training_seed	0	1lc4	0.0	0.0	2.6234214408382805	100.0
25	Transfer-NonSurface	training_seed	0	1lvj	0.0	0.0	4.21356355228332	100.0
25	Transfer-NonSurface	training_seed	0	1mwl	0.0	0.0	2.7198124712603864	100.0
25	Transfer-NonSurface	training_seed	0	1nbk	20.0	100.0	1.4488071895528407	100.0
25	Transfer-NonSurface	training_seed	0	1nem	0.0	0.0	4.595932834168758	100.0
25	Transfer-NonSurface	training_seed	0	1nta	0.0	0.0	3.5623591101614114	100.0
25	Transfer-NonSurface	training_seed	0	1ntb	0.0	0.0	3.359940188902177	100.0
25	Transfer-NonSurface	training_seed	0	1nzm	0.0	0.0	3.260974728807796	100.0
25	Transfer-NonSurface	training_seed	0	1o15	30.0	100.0	1.3194610184582072	100.0
25	Transfer-NonSurface	training_seed	0	1o9m	0.0	0.0	2.7499334843552816	100.0
25	Transfer-NonSurface	training_seed	0	1p96	0.0	0.0	2.4864021343793437	100.0
25	Transfer-NonSurface	training_seed	0	1pbr	0.0	0.0	3.395602317599296	100.0
25	Transfer-NonSurface	training_seed	0	1q8n	30.0	100.0	1.3572694112813417	100.0
25	Transfer-NonSurface	training_seed	0	1qd3	0.0	0.0	3.4008836596432657	100.0
25	Transfer-NonSurface	training_seed	0	1qv4	10.0	100.0	1.1252958402126974	100.0
25	Transfer-NonSurface	training_seed	0	1qv8	10.0	100.0	1.880940802771159	100.0
25	Transfer-NonSurface	training_seed	0	1r4e	0.0	0.0	2.0163512882025043	100.0
25	Transfer-NonSurface	training_seed	0	1tob	0.0	0.0	4.532307177296681	100.0
25	Transfer-NonSurface	training_seed	0	1u8d	0.0	0.0	2.650391201124845	100.0
25	Transfer-NonSurface	training_seed	0	1uts	0.0	0.0	5.8596468701051725	100.0
25	Transfer-NonSurface	training_seed	0	1uud	0.0	0.0	2.2526196999049795	100.0
25	Transfer-NonSurface	training_seed	0	1uui	0.0	0.0	2.464884013498404	100.0
25	Transfer-NonSurface	training_seed	0	1xbp	0.0	0.0	2.7039393203685798	100.0
25	Transfer-NonSurface	training_seed	0	1xpf	20.0	100.0	1.7858120969783708	100.0
25	Transfer-NonSurface	training_seed	0	1y26	30.0	100.0	1.2403150760996173	100.0
25	Transfer-NonSurface	training_seed	0	1y27	20.0	100.0	0.9149455870557155	100.0
25	Transfer-NonSurface	training_seed	0	1ykv	0.0	0.0	2.7855180266488526	100.0
25	Transfer-NonSurface	training_seed	0	1yrj	0.0	0.0	2.902256212403108	100.0
25	Transfer-NonSurface	training_seed	0	1zz5	0.0	0.0	2.8762786183267957	100.0
25	Transfer-NonSurface	training_seed	0	2au4	0.0	0.0	3.72348866660186	100.0
25	Transfer-NonSurface	training_seed	0	2b57	0.0	0.0	2.165345085242031	100.0
25	Transfer-NonSurface	training_seed	0	2be0	0.0	0.0	5.266835899467828	100.0
25	Transfer-NonSurface	training_seed	0	2bee	0.0	0.0	5.688663440007105	100.0
25	Transfer-NonSurface	training_seed	0	2d55	0.0	0.0	5.052051769297962	100.0
25	Transfer-NonSurface	training_seed	0	2esi	0.0	0.0	2.8553063359508752	100.0
25	Transfer-NonSurface	training_seed	0	2esj	0.0	0.0	2.7578532411307504	100.0
25	Transfer-NonSurface	training_seed	0	2et3	0.0	0.0	3.0092642290101415	100.0
25	Transfer-NonSurface	training_seed	0	2et4	0.0	0.0	3.7534788159658987	100.0
25	Transfer-NonSurface	training_seed	0	2et8	0.0	0.0	2.0672278942627935	100.0
25	Transfer-NonSurface	training_seed	0	2f4s	10.0	100.0	1.7051030904584363	100.0
25	Transfer-NonSurface	training_seed	0	2f4t	0.0	0.0	3.0957427128696784	100.0
25	Transfer-NonSurface	training_seed	0	2f4u	0.0	0.0	2.911588154970869	100.0
25	Transfer-NonSurface	training_seed	0	2fcx	30.0	100.0	1.4273032682459095	100.0
25	Transfer-NonSurface	training_seed	0	2fcy	10.0	100.0	1.9383292645005	100.0
25	Transfer-NonSurface	training_seed	0	2fcz	0.0	0.0	3.134649951800453	100.0
25	Transfer-NonSurface	training_seed	0	2fd0	0.0	0.0	3.2727709691541906	100.0
25	Transfer-NonSurface	training_seed	0	2g5k	0.0	0.0	2.9606261803881964	100.0
25	Transfer-NonSurface	training_seed	0	2g5q	0.0	0.0	2.3884438004169155	100.0
25	Transfer-NonSurface	training_seed	0	2g9c	30.0	100.0	1.689767878207602	100.0
25	Transfer-NonSurface	training_seed	0	2gdi	0.0	0.0	2.0653768217371935	100.0
25	Transfer-NonSurface	training_seed	0	2gis	0.0	0.0	2.113311745245503	100.0
25	Transfer-NonSurface	training_seed	0	2juk	0.0	0.0	5.144286529782336	100.0
25	Transfer-NonSurface	training_seed	0	2jwq	10.0	100.0	1.9975727518040487	100.0
25	Transfer-NonSurface	training_seed	0	2kgp	0.0	0.0	3.441764777924619	100.0
25	Transfer-NonSurface	training_seed	0	2ktz	10.0	100.0	1.522636733204722	100.0
25	Transfer-NonSurface	training_seed	0	2ku0	20.0	100.0	1.100957454258318	100.0
25	Transfer-NonSurface	training_seed	0	2l94	30.0	100.0	1.467534448488348	100.0
25	Transfer-NonSurface	training_seed	0	2loa	0.0	0.0	3.068996746070498	100.0
25	Transfer-NonSurface	training_seed	0	2mb3	0.0	0.0	2.9847212581412026	100.0
25	Transfer-NonSurface	training_seed	0	2o3v	0.0	0.0	3.380484870758716	100.0
25	Transfer-NonSurface	training_seed	0	2o3w	0.0	0.0	4.35614487783254	100.0
25	Transfer-NonSurface	training_seed	0	2o3x	0.0	0.0	4.055553002902914	100.0
25	Transfer-NonSurface	training_seed	0	2oe5	0.0	0.0	3.6195675355385104	100.0
25	Transfer-NonSurface	training_seed	0	2oe8	0.0	0.0	2.784348459524069	100.0
25	Transfer-NonSurface	training_seed	0	2ogn	0.0	0.0	4.290142114019633	100.0
25	Transfer-NonSurface	training_seed	0	2pwt	0.0	0.0	6.793614741198778	100.0
25	Transfer-NonSurface	training_seed	0	2tob	0.0	0.0	4.231670342193493	100.0
25	Transfer-NonSurface	training_seed	0	2xnw	20.0	100.0	1.3605604547391492	100.0
25	Transfer-NonSurface	training_seed	0	2xnz	20.0	100.0	0.6587656664803756	100.0
25	Transfer-NonSurface	training_seed	0	2xo0	60.0	100.0	0.7245879328970362	100.0
25	Transfer-NonSurface	training_seed	0	2xo1	10.0	100.0	1.266044238060927	100.0
25	Transfer-NonSurface	training_seed	0	2ydh	0.0	0.0	3.2685333349197285	100.0
25	Transfer-NonSurface	training_seed	0	2ygh	0.0	0.0	3.626787575905259	100.0
25	Transfer-NonSurface	training_seed	0	316d	0.0	0.0	5.328568336701811	100.0
25	Transfer-NonSurface	training_seed	0	3c44	0.0	0.0	3.477546274246226	100.0
25	Transfer-NonSurface	training_seed	0	3d2x	0.0	0.0	2.141771066287108	100.0
25	Transfer-NonSurface	training_seed	0	3dil	0.0	0.0	2.363384216965155	100.0
25	Transfer-NonSurface	training_seed	0	3ds7	20.0	100.0	1.9412471396935582	100.0
25	Transfer-NonSurface	training_seed	0	3dvv	0.0	0.0	3.530765950575305	100.0
25	Transfer-NonSurface	training_seed	0	3e5c	0.0	0.0	2.764860372872649	100.0
25	Transfer-NonSurface	training_seed	0	3f2q	0.0	0.0	2.341875861631082	100.0
25	Transfer-NonSurface	training_seed	0	3fo4	0.0	0.0	2.5688412005486763	100.0
25	Transfer-NonSurface	training_seed	0	3fo6	30.0	100.0	0.4402275765631526	100.0
25	Transfer-NonSurface	training_seed	0	3gao	20.0	100.0	1.0272180975820078	100.0
25	Transfer-NonSurface	training_seed	0	3ger	20.0	100.0	1.194823962309549	100.0
25	Transfer-NonSurface	training_seed	0	3ges	20.0	100.0	1.1214152602106562	100.0
25	Transfer-NonSurface	training_seed	0	3gog	20.0	100.0	0.49259941313219385	100.0
25	Transfer-NonSurface	training_seed	0	3got	10.0	100.0	1.859418096658688	100.0
25	Transfer-NonSurface	training_seed	0	3gx2	0.0	0.0	2.076657022092817	100.0
25	Transfer-NonSurface	training_seed	0	3gx3	0.0	0.0	3.410285764588334	100.0
25	Transfer-NonSurface	training_seed	0	3gx5	0.0	0.0	2.476297747609284	100.0
25	Transfer-NonSurface	training_seed	0	3gx7	0.0	0.0	2.5985726076130797	100.0
25	Transfer-NonSurface	training_seed	0	3la5	20.0	100.0	1.2274349626354952	100.0
25	Transfer-NonSurface	training_seed	0	3mum	0.0	0.0	4.503981289201618	100.0
25	Transfer-NonSurface	training_seed	0	3mur	0.0	0.0	4.372577455326102	100.0
25	Transfer-NonSurface	training_seed	0	3mxh	0.0	0.0	4.1180953475246715	100.0
25	Transfer-NonSurface	training_seed	0	3npn	0.0	0.0	2.0570084547898495	100.0
25	Transfer-NonSurface	training_seed	0	3npq	0.0	0.0	2.5912180847416737	100.0
25	Transfer-NonSurface	training_seed	0	3owz	30.0	100.0	1.4502820980760938	100.0
25	Transfer-NonSurface	training_seed	0	3q3z	0.0	0.0	3.4295645882531502	100.0
25	Transfer-NonSurface	training_seed	0	3q50	50.0	100.0	0.7882239329413555	100.0
25	Transfer-NonSurface	training_seed	0	3s4p	0.0	0.0	4.838531618927223	100.0
25	Transfer-NonSurface	training_seed	0	3slm	20.0	100.0	1.7297017318903125	100.0
25	Transfer-NonSurface	training_seed	0	407d	0.0	0.0	4.149356820138915	100.0
25	Transfer-NonSurface	training_seed	0	408d	0.0	0.0	2.6875357049780595	100.0
25	Transfer-NonSurface	training_seed	0	4aob	0.0	0.0	3.3235503698215165	100.0
25	Transfer-NonSurface	training_seed	0	4erj	50.0	100.0	1.0091942842353636	100.0
25	Transfer-NonSurface	training_seed	0	4fe5	50.0	100.0	0.5243258614640328	100.0
25	Transfer-NonSurface	training_seed	0	4jf2	30.0	100.0	0.6255328928201933	100.0
25	Transfer-NonSurface	training_seed	0	4kqy	0.0	0.0	3.475431049950921	100.0
25	Transfer-NonSurface	training_seed	0	4lvv	0.0	0.0	5.0188969492075355	100.0
25	Transfer-NonSurface	training_seed	1	1am0	20.0	100.0	1.5102000577234216	100.0
25	Transfer-NonSurface	training_seed	1	1arj	30.0	100.0	1.77155172353693	100.0
25	Transfer-NonSurface	training_seed	1	1byj	10.0	100.0	1.4961162695243586	100.0
25	Transfer-NonSurface	training_seed	1	1cvx	0.0	0.0	2.003936194509862	100.0
25	Transfer-NonSurface	training_seed	1	1cvy	0.0	0.0	3.383099187544752	100.0
25	Transfer-NonSurface	training_seed	1	1db6	20.0	100.0	1.5947739150111528	100.0
25	Transfer-NonSurface	training_seed	1	1eht	40.0	100.0	1.212556884946339	100.0
25	Transfer-NonSurface	training_seed	1	1ei2	0.0	0.0	2.579062892981166	100.0
25	Transfer-NonSurface	training_seed	1	1f1t	40.0	100.0	1.1495608106175565	100.0
25	Transfer-NonSurface	training_seed	1	1f27	0.0	0.0	2.267705824589027	100.0
25	Transfer-NonSurface	training_seed	1	1fjg	0.0	0.0	3.0187291581455438	100.0
25	Transfer-NonSurface	training_seed	1	1fmn	0.0	0.0	3.431302283625403	100.0
25	Transfer-NonSurface	training_seed	1	1fyp	0.0	0.0	3.467115601895149	100.0
25	Transfer-NonSurface	training_seed	1	1hnw	0.0	0.0	2.71107823649097	100.0
25	Transfer-NonSurface	training_seed	1	1i9v	0.0	0.0	3.512206583813224	100.0
25	Transfer-NonSurface	training_seed	1	1j7t	0.0	0.0	3.24665647247104	100.0
25	Transfer-NonSurface	training_seed	1	1koc	0.0	0.0	2.0317721306370293	100.0
25	Transfer-NonSurface	training_seed	1	1lc4	0.0	0.0	2.675293607426575	100.0
25	Transfer-NonSurface	training_seed	1	1lvj	0.0	0.0	4.408189163807861	100.0
25	Transfer-NonSurface	training_seed	1	1mwl	0.0	0.0	2.9074585629539276	100.0
25	Transfer-NonSurface	training_seed	1	1nbk	30.0	100.0	1.502825637202578	100.0
25	Transfer-NonSurface	training_seed	1	1nem	0.0	0.0	4.51784712082457	100.0
25	Transfer-NonSurface	training_seed	1	1nta	0.0	0.0	3.079192387055411	100.0
25	Transfer-NonSurface	training_seed	1	1ntb	0.0	0.0	2.9748189420534485	100.0
25	Transfer-NonSurface	training_seed	1	1nzm	0.0	0.0	2.9068820869949827	100.0
25	Transfer-NonSurface	training_seed	1	1o15	20.0	100.0	1.2559070292636503	100.0
25	Transfer-NonSurface	training_seed	1	1o9m	0.0	0.0	3.676057264354135	100.0
25	Transfer-NonSurface	training_seed	1	1p96	0.0	0.0	2.0505876410409147	100.0
25	Transfer-NonSurface	training_seed	1	1pbr	0.0	0.0	3.338803176931176	100.0
25	Transfer-NonSurface	training_seed	1	1q8n	40.0	100.0	1.187701450196976	100.0
25	Transfer-NonSurface	training_seed	1	1qd3	0.0	0.0	2.778646881941606	100.0
25	Transfer-NonSurface	training_seed	1	1qv4	10.0	100.0	1.0820198325354302	100.0
25	Transfer-NonSurface	training_seed	1	1qv8	20.0	100.0	1.845574587078666	100.0
25	Transfer-NonSurface	training_seed	1	1r4e	0.0	0.0	2.051336801847855	100.0
25	Transfer-NonSurface	training_seed	1	1tob	0.0	0.0	4.340176715440283	100.0
25	Transfer-NonSurface	training_seed	1	1u8d	0.0	0.0	2.312760901174179	100.0
25	Transfer-NonSurface	training_seed	1	1uts	0.0	0.0	4.423461536210452	100.0
25	Transfer-NonSurface	training_seed	1	1uud	0.0	0.0	5.091879955419216	100.0
25	Transfer-NonSurface	training_seed	1	1uui	0.0	0.0	2.5390006524306914	100.0
25	Transfer-NonSurface	training_seed	1	1xbp	0.0	0.0	2.4513266213240055	100.0
25	Transfer-NonSurface	training_seed	1	1xpf	40.0	100.0	1.6033718530913892	100.0
25	Transfer-NonSurface	training_seed	1	1y26	10.0	100.0	0.9900854528776801	100.0
25	Transfer-NonSurface	training_seed	1	1y27	30.0	100.0	0.89794731471284	100.0
25	Transfer-NonSurface	training_seed	1	1ykv	0.0	0.0	3.8249943070452495	100.0
25	Transfer-NonSurface	training_seed	1	1yrj	0.0	0.0	2.7151513693804716	100.0
25	Transfer-NonSurface	training_seed	1	1zz5	0.0	0.0	4.514049694254054	100.0
25	Transfer-NonSurface	training_seed	1	2au4	0.0	0.0	3.038491437426227	100.0
25	Transfer-NonSurface	training_seed	1	2b57	10.0	100.0	1.65681756690349	100.0
25	Transfer-NonSurface	training_seed	1	2be0	0.0	0.0	6.067149122465243	100.0
25	Transfer-NonSurface	training_seed	1	2bee	0.0	0.0	4.682550134035417	100.0
25	Transfer-NonSurface	training_seed	1	2d55	0.0	0.0	5.508637706104034	100.0
25	Transfer-NonSurface	training_seed	1	2esi	0.0	0.0	2.2310821212627254	100.0
25	Transfer-NonSurface	training_seed	1	2esj	0.0	0.0	3.3575685206937846	100.0
25	Transfer-NonSurface	training_seed	1	2et3	0.0	0.0	2.7558962372198597	100.0
25	Transfer-NonSurface	training_seed	1	2et4	0.0	0.0	3.2434932060019723	100.0
25	Transfer-NonSurface	training_seed	1	2et8	10.0	100.0	1.8659046139022815	100.0
25	Transfer-NonSurface	training_seed	1	2f4s	10.0	100.0	1.4763420330791788	100.0
25	Transfer-NonSurface	training_seed	1	2f4t	0.0	0.0	2.6265229086597146	100.0
25	Transfer-NonSurface	training_seed	1	2f4u	0.0	0.0	2.869976430458775	100.0
25	Transfer-NonSurface	training_seed	1	2fcx	20.0	100.0	1.5608477897371267	100.0
25	Transfer-NonSurface	training_seed	1	2fcy	0.0	0.0	2.060149442337109	100.0
25	Transfer-NonSurface	training_seed	1	2fcz	0.0	0.0	2.7442550663804632	100.0
25	Transfer-NonSurface	training_seed	1	2fd0	0.0	0.0	3.0352715233693544	100.0
25	Transfer-NonSurface	training_seed	1	2g5k	0.0	0.0	2.6497325759506474	100.0
25	Transfer-NonSurface	training_seed	1	2g5q	0.0	0.0	2.442076765890049	100.0
25	Transfer-NonSurface	training_seed	1	2g9c	20.0	100.0	1.2087497903021762	100.0
25	Transfer-NonSurface	training_seed	1	2gdi	0.0	0.0	2.18414507372494	100.0
25	Transfer-NonSurface	training_seed	1	2gis	0.0	0.0	2.4395253478069443	100.0
25	Transfer-NonSurface	training_seed	1	2juk	0.0	0.0	5.58107767389059	100.0
25	Transfer-NonSurface	training_seed	1	2jwq	10.0	100.0	1.9609618435540759	100.0
25	Transfer-NonSurface	training_seed	1	2kgp	0.0	0.0	2.0481212292458437	100.0
25	Transfer-NonSurface	training_seed	1	2ktz	20.0	100.0	1.4674787612713884	100.0
25	Transfer-NonSurface	training_seed	1	2ku0	20.0	100.0	0.9517808210425067	100.0
25	Transfer-NonSurface	training_seed	1	2l94	30.0	100.0	1.5394048486076255	100.0
25	Transfer-NonSurface	training_seed	1	2loa	0.0	0.0	3.7600703178554244	100.0
25	Transfer-NonSurface	training_seed	1	2mb3	0.0	0.0	2.796922800257455	100.0
25	Transfer-NonSurface	training_seed	1	2o3v	0.0	0.0	4.013005094368629	100.0
25	Transfer-NonSurface	training_seed	1	2o3w	0.0	0.0	4.141284905994642	100.0
25	Transfer-NonSurface	training_seed	1	2o3x	0.0	0.0	3.613499352294429	100.0
25	Transfer-NonSurface	training_seed	1	2oe5	0.0	0.0	2.8171887220073497	100.0
25	Transfer-NonSurface	training_seed	1	2oe8	0.0	0.0	2.233332003919196	100.0
25	Transfer-NonSurface	training_seed	1	2ogn	0.0	0.0	5.281698933395419	100.0
25	Transfer-NonSurface	training_seed	1	2pwt	0.0	0.0	4.1159490905095835	100.0
25	Transfer-NonSurface	training_seed	1	2tob	0.0	0.0	3.855055327667166	100.0
25	Transfer-NonSurface	training_seed	1	2xnw	10.0	100.0	0.820273514140253	100.0
25	Transfer-NonSurface	training_seed	1	2xnz	30.0	100.0	1.1613861875649578	100.0
25	Transfer-NonSurface	training_seed	1	2xo0	70.0	100.0	0.7974552471769185	100.0
25	Transfer-NonSurface	training_seed	1	2xo1	10.0	100.0	1.567378615859788	100.0
25	Transfer-NonSurface	training_seed	1	2ydh	0.0	0.0	2.678362367401228	100.0
25	Transfer-NonSurface	training_seed	1	2ygh	0.0	0.0	4.404993328157389	100.0
25	Transfer-NonSurface	training_seed	1	316d	0.0	0.0	5.280126234588224	100.0
25	Transfer-NonSurface	training_seed	1	3c44	0.0	0.0	3.280172533463097	100.0
25	Transfer-NonSurface	training_seed	1	3d2x	0.0	0.0	2.0436555513814723	100.0
25	Transfer-NonSurface	training_seed	1	3dil	10.0	100.0	1.9416366580799815	100.0
25	Transfer-NonSurface	training_seed	1	3ds7	30.0	100.0	1.2045446735286807	100.0
25	Transfer-NonSurface	training_seed	1	3dvv	0.0	0.0	4.596254656467239	100.0
25	Transfer-NonSurface	training_seed	1	3e5c	0.0	0.0	2.36905045839983	100.0
25	Transfer-NonSurface	training_seed	1	3f2q	10.0	100.0	1.8579328512294027	100.0
25	Transfer-NonSurface	training_seed	1	3fo4	0.0	0.0	2.6317695939148136	100.0
25	Transfer-NonSurface	training_seed	1	3fo6	30.0	100.0	0.6342536250060642	100.0
25	Transfer-NonSurface	training_seed	1	3gao	10.0	100.0	1.8631709773687144	100.0
25	Transfer-NonSurface	training_seed	1	3ger	40.0	100.0	0.5207784784688817	100.0
25	Transfer-NonSurface	training_seed	1	3ges	20.0	100.0	1.0524582980653756	100.0
25	Transfer-NonSurface	training_seed	1	3gog	10.0	100.0	0.6759111419544594	100.0
25	Transfer-NonSurface	training_seed	1	3got	0.0	0.0	2.064141510080247	100.0
25	Transfer-NonSurface	training_seed	1	3gx2	0.0	0.0	2.298403177812321	100.0
25	Transfer-NonSurface	training_seed	1	3gx3	0.0	0.0	2.543749456775598	100.0
25	Transfer-NonSurface	training_seed	1	3gx5	0.0	0.0	2.332015368255059	100.0
25	Transfer-NonSurface	training_seed	1	3gx7	0.0	0.0	3.139894851860605	100.0
25	Transfer-NonSurface	training_seed	1	3la5	30.0	100.0	1.104186914091088	100.0
25	Transfer-NonSurface	training_seed	1	3mum	0.0	0.0	3.580890473933034	100.0
25	Transfer-NonSurface	training_seed	1	3mur	0.0	0.0	3.7370055713388215	100.0
25	Transfer-NonSurface	training_seed	1	3mxh	0.0	0.0	3.924909667196453	100.0
25	Transfer-NonSurface	training_seed	1	3npn	0.0	0.0	2.927616400628807	100.0
25	Transfer-NonSurface	training_seed	1	3npq	0.0	0.0	2.4574105552233383	100.0
25	Transfer-NonSurface	training_seed	1	3owz	0.0	0.0	2.067879424434605	100.0
25	Transfer-NonSurface	training_seed	1	3q3z	0.0	0.0	3.333787181335183	100.0
25	Transfer-NonSurface	training_seed	1	3q50	50.0	100.0	0.726875030524507	100.0
25	Transfer-NonSurface	training_seed	1	3s4p	0.0	0.0	5.643499044935569	100.0
25	Transfer-NonSurface	training_seed	1	3slm	30.0	100.0	1.5865465350332737	100.0
25	Transfer-NonSurface	training_seed	1	407d	0.0	0.0	2.3320182122109023	100.0
25	Transfer-NonSurface	training_seed	1	408d	10.0	100.0	1.7392898649320412	100.0
25	Transfer-NonSurface	training_seed	1	4aob	0.0	0.0	2.5524647351283964	100.0
25	Transfer-NonSurface	training_seed	1	4erj	40.0	100.0	0.7796404669960217	100.0
25	Transfer-NonSurface	training_seed	1	4fe5	40.0	100.0	0.6886200534402119	100.0
25	Transfer-NonSurface	training_seed	1	4jf2	30.0	100.0	0.4270671555910333	100.0
25	Transfer-NonSurface	training_seed	1	4kqy	0.0	0.0	3.569764947547771	100.0
25	Transfer-NonSurface	training_seed	1	4lvv	0.0	0.0	3.7888345171352222	100.0
25	Transfer-NonSurface	training_seed	2	1am0	10.0	100.0	1.7562929733563448	100.0
25	Transfer-NonSurface	training_seed	2	1arj	10.0	100.0	1.7841556065358575	100.0
25	Transfer-NonSurface	training_seed	2	1byj	0.0	0.0	2.5456112480363204	100.0
25	Transfer-NonSurface	training_seed	2	1cvx	20.0	100.0	1.6443998532266006	100.0
25	Transfer-NonSurface	training_seed	2	1cvy	0.0	0.0	2.758162360294383	100.0
25	Transfer-NonSurface	training_seed	2	1db6	20.0	100.0	1.9266787610635394	100.0
25	Transfer-NonSurface	training_seed	2	1eht	40.0	100.0	1.308577486021778	100.0
25	Transfer-NonSurface	training_seed	2	1ei2	0.0	0.0	2.6001659709388885	100.0
25	Transfer-NonSurface	training_seed	2	1f1t	40.0	100.0	1.160867506022312	100.0
25	Transfer-NonSurface	training_seed	2	1f27	10.0	100.0	1.802334815073215	100.0
25	Transfer-NonSurface	training_seed	2	1fjg	0.0	0.0	3.2625747363817106	100.0
25	Transfer-NonSurface	training_seed	2	1fmn	10.0	100.0	1.5029798831096373	100.0
25	Transfer-NonSurface	training_seed	2	1fyp	0.0	0.0	2.993087419172638	100.0
25	Transfer-NonSurface	training_seed	2	1hnw	0.0	0.0	2.716152513897184	100.0
25	Transfer-NonSurface	training_seed	2	1i9v	0.0	0.0	3.525997047172142	100.0
25	Transfer-NonSurface	training_seed	2	1j7t	0.0	0.0	2.6825725550033392	100.0
25	Transfer-NonSurface	training_seed	2	1koc	0.0	0.0	2.3126601115742593	100.0
25	Transfer-NonSurface	training_seed	2	1lc4	0.0	0.0	3.1027980388674994	100.0
25	Transfer-NonSurface	training_seed	2	1lvj	0.0	0.0	3.6949292204199313	100.0
25	Transfer-NonSurface	training_seed	2	1mwl	0.0	0.0	2.046885131263656	100.0
25	Transfer-NonSurface	training_seed	2	1nbk	20.0	100.0	1.7923650744198296	100.0
25	Transfer-NonSurface	training_seed	2	1nem	0.0	0.0	4.4519988398203685	100.0
25	Transfer-NonSurface	training_seed	2	1nta	0.0	0.0	3.8932889781327567	100.0
25	Transfer-NonSurface	training_seed	2	1ntb	0.0	0.0	3.1931563982993376	100.0
25	Transfer-NonSurface	training_seed	2	1nzm	0.0	0.0	3.331256799617826	100.0
25	Transfer-NonSurface	training_seed	2	1o15	30.0	100.0	1.3389686536228607	100.0
25	Transfer-NonSurface	training_seed	2	1o9m	0.0	0.0	3.054462828431584	100.0
25	Transfer-NonSurface	training_seed	2	1p96	0.0	0.0	2.126728077744465	100.0
25	Transfer-NonSurface	training_seed	2	1pbr	0.0	0.0	3.2670782981420072	100.0
25	Transfer-NonSurface	training_seed	2	1q8n	20.0	100.0	1.4564179541601374	100.0
25	Transfer-NonSurface	training_seed	2	1qd3	0.0	0.0	3.267387952427239	100.0
25	Transfer-NonSurface	training_seed	2	1qv4	10.0	100.0	1.0285325300779609	100.0
25	Transfer-NonSurface	training_seed	2	1qv8	10.0	100.0	1.933759841451819	100.0
25	Transfer-NonSurface	training_seed	2	1r4e	0.0	0.0	2.3596452320808843	100.0
25	Transfer-NonSurface	training_seed	2	1tob	0.0	0.0	4.154725659113969	100.0
25	Transfer-NonSurface	training_seed	2	1u8d	10.0	100.0	1.8324518179204605	100.0
25	Transfer-NonSurface	training_seed	2	1uts	0.0	0.0	5.629499136276098	100.0
25	Transfer-NonSurface	training_seed	2	1uud	0.0	0.0	3.812590859664855	100.0
25	Transfer-NonSurface	training_seed	2	1uui	0.0	0.0	2.2478794514521616	100.0
25	Transfer-NonSurface	training_seed	2	1xbp	0.0	0.0	3.838672580961226	100.0
25	Transfer-NonSurface	training_seed	2	1xpf	30.0	100.0	1.705898177123795	100.0
25	Transfer-NonSurface	training_seed	2	1y26	0.0	0.0	2.1334745416807768	100.0
25	Transfer-NonSurface	training_seed	2	1y27	30.0	100.0	0.843931225116877	100.0
25	Transfer-NonSurface	training_seed	2	1ykv	0.0	0.0	2.5063511357577752	100.0
25	Transfer-NonSurface	training_seed	2	1yrj	0.0	0.0	3.2408542181828413	100.0
25	Transfer-NonSurface	training_seed	2	1zz5	0.0	0.0	3.0790475387453276	100.0
25	Transfer-NonSurface	training_seed	2	2au4	0.0	0.0	3.495180011056297	100.0
25	Transfer-NonSurface	training_seed	2	2b57	0.0	0.0	2.504259241408888	100.0
25	Transfer-NonSurface	training_seed	2	2be0	0.0	0.0	6.49145361041376	100.0
25	Transfer-NonSurface	training_seed	2	2bee	0.0	0.0	4.3206027078619105	100.0
25	Transfer-NonSurface	training_seed	2	2d55	0.0	0.0	5.265639926299979	100.0
25	Transfer-NonSurface	training_seed	2	2esi	0.0	0.0	2.911844458674802	100.0
25	Transfer-NonSurface	training_seed	2	2esj	0.0	0.0	3.092937477140461	100.0
25	Transfer-NonSurface	training_seed	2	2et3	0.0	0.0	2.628715386193968	100.0
25	Transfer-NonSurface	training_seed	2	2et4	0.0	0.0	3.7066454269903626	100.0
25	Transfer-NonSurface	training_seed	2	2et8	20.0	100.0	1.4073731108635763	100.0
25	Transfer-NonSurface	training_seed	2	2f4s	10.0	100.0	1.48162089203928	100.0
25	Transfer-NonSurface	training_seed	2	2f4t	0.0	0.0	3.314992755131062	100.0
25	Transfer-NonSurface	training_seed	2	2f4u	0.0	0.0	2.7596034956734883	100.0
25	Transfer-NonSurface	training_seed	2	2fcx	20.0	100.0	1.493457587278594	100.0
25	Transfer-NonSurface	training_seed	2	2fcy	10.0	100.0	1.7464918551198567	100.0
25	Transfer-NonSurface	training_seed	2	2fcz	0.0	0.0	2.572291660518728	100.0
25	Transfer-NonSurface	training_seed	2	2fd0	0.0	0.0	3.229672189843135	100.0
25	Transfer-NonSurface	training_seed	2	2g5k	0.0	0.0	2.089549060042459	100.0
25	Transfer-NonSurface	training_seed	2	2g5q	10.0	100.0	1.8235204133077314	100.0
25	Transfer-NonSurface	training_seed	2	2g9c	20.0	100.0	1.7372472685896563	100.0
25	Transfer-NonSurface	training_seed	2	2gdi	0.0	0.0	2.353298912083925	100.0
25	Transfer-NonSurface	training_seed	2	2gis	0.0	0.0	2.3600887398570425	100.0
25	Transfer-NonSurface	training_seed	2	2juk	0.0	0.0	6.203309471604652	100.0
25	Transfer-NonSurface	training_seed	2	2jwq	0.0	0.0	2.1597492537474112	100.0
25	Transfer-NonSurface	training_seed	2	2kgp	0.0	0.0	2.786525022485444	100.0
25	Transfer-NonSurface	training_seed	2	2ktz	30.0	100.0	1.0018594366823947	100.0
25	Transfer-NonSurface	training_seed	2	2ku0	30.0	100.0	1.067771243820714	100.0
25	Transfer-NonSurface	training_seed	2	2l94	40.0	100.0	1.361301520298375	100.0
25	Transfer-NonSurface	training_seed	2	2loa	0.0	0.0	3.0977070992281845	100.0
25	Transfer-NonSurface	training_seed	2	2mb3	0.0	0.0	2.925296926159804	100.0
25	Transfer-NonSurface	training_seed	2	2o3v	0.0	0.0	3.7143993356357674	100.0
25	Transfer-NonSurface	training_seed	2	2o3w	0.0	0.0	3.6341984589517975	100.0
25	Transfer-NonSurface	training_seed	2	2o3x	0.0	0.0	3.801858247259893	100.0
25	Transfer-NonSurface	training_seed	2	2oe5	0.0	0.0	3.210730721914974	100.0
25	Transfer-NonSurface	training_seed	2	2oe8	0.0	0.0	2.5033893300559225	100.0
25	Transfer-NonSurface	training_seed	2	2ogn	0.0	0.0	4.685357883423374	100.0
25	Transfer-NonSurface	training_seed	2	2pwt	0.0	0.0	5.555943329309614	100.0
25	Transfer-NonSurface	training_seed	2	2tob	0.0	0.0	2.6972972716916095	100.0
25	Transfer-NonSurface	training_seed	2	2xnw	10.0	100.0	1.1704138144263336	100.0
25	Transfer-NonSurface	training_seed	2	2xnz	30.0	100.0	0.37259670333127387	100.0
25	Transfer-NonSurface	training_seed	2	2xo0	60.0	100.0	0.6221392649560064	100.0
25	Transfer-NonSurface	training_seed	2	2xo1	10.0	100.0	0.7049279473173772	100.0
25	Transfer-NonSurface	training_seed	2	2ydh	0.0	0.0	3.07612489909217	100.0
25	Transfer-NonSurface	training_seed	2	2ygh	0.0	0.0	4.111863046879881	100.0
25	Transfer-NonSurface	training_seed	2	316d	0.0	0.0	5.780366073790913	100.0
25	Transfer-NonSurface	training_seed	2	3c44	0.0	0.0	3.4090427096809117	100.0
25	Transfer-NonSurface	training_seed	2	3d2x	20.0	100.0	1.7697898387835596	100.0
25	Transfer-NonSurface	training_seed	2	3dil	0.0	0.0	2.050604616936185	100.0
25	Transfer-NonSurface	training_seed	2	3ds7	30.0	100.0	1.5601071177798558	100.0
25	Transfer-NonSurface	training_seed	2	3dvv	0.0	0.0	4.263890021163848	100.0
25	Transfer-NonSurface	training_seed	2	3e5c	0.0	0.0	2.0175299540664953	100.0
25	Transfer-NonSurface	training_seed	2	3f2q	10.0	100.0	1.5874867316692147	100.0
25	Transfer-NonSurface	training_seed	2	3fo4	10.0	100.0	1.0471080920151634	100.0
25	Transfer-NonSurface	training_seed	2	3fo6	30.0	100.0	0.73274544181455	100.0
25	Transfer-NonSurface	training_seed	2	3gao	20.0	100.0	0.6264773143973732	100.0
25	Transfer-NonSurface	training_seed	2	3ger	30.0	100.0	0.8245557476053942	100.0
25	Transfer-NonSurface	training_seed	2	3ges	30.0	100.0	0.6755210926882059	100.0
25	Transfer-NonSurface	training_seed	2	3gog	0.0	0.0	2.194640280112189	100.0
25	Transfer-NonSurface	training_seed	2	3got	10.0	100.0	1.318475991783351	100.0
25	Transfer-NonSurface	training_seed	2	3gx2	0.0	0.0	2.0584237822682194	100.0
25	Transfer-NonSurface	training_seed	2	3gx3	0.0	0.0	2.0849107442618395	100.0
25	Transfer-NonSurface	training_seed	2	3gx5	0.0	0.0	2.482457858357019	100.0
25	Transfer-NonSurface	training_seed	2	3gx7	0.0	0.0	3.262903027696065	100.0
25	Transfer-NonSurface	training_seed	2	3la5	30.0	100.0	1.160014983200648	100.0
25	Transfer-NonSurface	training_seed	2	3mum	0.0	0.0	4.094685358539137	100.0
25	Transfer-NonSurface	training_seed	2	3mur	0.0	0.0	3.8187185510837667	100.0
25	Transfer-NonSurface	training_seed	2	3mxh	0.0	0.0	3.938618498584409	100.0
25	Transfer-NonSurface	training_seed	2	3npn	10.0	100.0	1.6463428526469028	100.0
25	Transfer-NonSurface	training_seed	2	3npq	0.0	0.0	2.633607579698645	100.0
25	Transfer-NonSurface	training_seed	2	3owz	30.0	100.0	1.5293871602704139	100.0
25	Transfer-NonSurface	training_seed	2	3q3z	0.0	0.0	3.2228983218930236	100.0
25	Transfer-NonSurface	training_seed	2	3q50	50.0	100.0	0.8492353619580387	100.0
25	Transfer-NonSurface	training_seed	2	3s4p	0.0	0.0	4.6060234530039725	100.0
25	Transfer-NonSurface	training_seed	2	3slm	20.0	100.0	1.6016490937671763	100.0
25	Transfer-NonSurface	training_seed	2	407d	0.0	0.0	4.502480749866307	100.0
25	Transfer-NonSurface	training_seed	2	408d	10.0	100.0	1.8086628403914218	100.0
25	Transfer-NonSurface	training_seed	2	4aob	0.0	0.0	2.9561895284551953	100.0
25	Transfer-NonSurface	training_seed	2	4erj	50.0	100.0	0.9542514396111754	100.0
25	Transfer-NonSurface	training_seed	2	4fe5	20.0	100.0	1.4704727950560663	100.0
25	Transfer-NonSurface	training_seed	2	4jf2	30.0	100.0	0.5947572284295751	100.0
25	Transfer-NonSurface	training_seed	2	4kqy	0.0	0.0	3.405902775737701	100.0
25	Transfer-NonSurface	training_seed	2	4lvv	0.0	0.0	3.688842107945655	100.0
50	Transfer-All	training_seed	0	1am0	30.0	100.0	1.0938404883313855	100.0
50	Transfer-All	training_seed	0	1arj	80.0	100.0	1.6054259523046623	100.0
50	Transfer-All	training_seed	0	1byj	20.0	100.0	1.8423479371749798	100.0
50	Transfer-All	training_seed	0	1cvx	10.0	100.0	1.6079237415193754	100.0
50	Transfer-All	training_seed	0	1cvy	20.0	100.0	1.5007445966812893	100.0
50	Transfer-All	training_seed	0	1db6	10.0	100.0	1.9727173363578134	100.0
50	Transfer-All	training_seed	0	1eht	50.0	100.0	0.45148140348447097	100.0
50	Transfer-All	training_seed	0	1ei2	0.0	0.0	2.3081037665457886	100.0
50	Transfer-All	training_seed	0	1f1t	50.0	100.0	0.4248323338954747	100.0
50	Transfer-All	training_seed	0	1f27	30.0	100.0	1.6517743261035993	100.0
50	Transfer-All	training_seed	0	1fjg	0.0	0.0	3.736655512875753	100.0
50	Transfer-All	training_seed	0	1fmn	40.0	100.0	1.089903809014	100.0
50	Transfer-All	training_seed	0	1fyp	0.0	0.0	2.770156416634095	100.0
50	Transfer-All	training_seed	0	1hnw	0.0	0.0	2.641398953916275	100.0
50	Transfer-All	training_seed	0	1i9v	0.0	0.0	3.4103027077972894	100.0
50	Transfer-All	training_seed	0	1j7t	0.0	0.0	2.3417301301855966	100.0
50	Transfer-All	training_seed	0	1koc	40.0	100.0	1.577252333701449	100.0
50	Transfer-All	training_seed	0	1lc4	0.0	0.0	2.0496360466556007	100.0
50	Transfer-All	training_seed	0	1lvj	10.0	100.0	1.946503820566058	100.0
50	Transfer-All	training_seed	0	1mwl	0.0	0.0	2.3379762868645986	100.0
50	Transfer-All	training_seed	0	1nbk	50.0	100.0	0.9853285843649664	100.0
50	Transfer-All	training_seed	0	1nem	0.0	0.0	2.6797735820756343	100.0
50	Transfer-All	training_seed	0	1nta	0.0	0.0	2.489564411147059	100.0
50	Transfer-All	training_seed	0	1ntb	0.0	0.0	2.2717564722588555	100.0
50	Transfer-All	training_seed	0	1nzm	30.0	100.0	0.7069875230103484	100.0
50	Transfer-All	training_seed	0	1o15	30.0	100.0	0.588182602468106	100.0
50	Transfer-All	training_seed	0	1o9m	0.0	0.0	3.545290845309851	100.0
50	Transfer-All	training_seed	0	1p96	0.0	0.0	2.121333678947255	100.0
50	Transfer-All	training_seed	0	1pbr	0.0	0.0	3.133245117666499	100.0
50	Transfer-All	training_seed	0	1q8n	50.0	100.0	0.8440764391925651	100.0
50	Transfer-All	training_seed	0	1qd3	0.0	0.0	2.3953979564990866	100.0
50	Transfer-All	training_seed	0	1qv4	40.0	100.0	0.8167935283778882	100.0
50	Transfer-All	training_seed	0	1qv8	20.0	100.0	1.4384369357866522	100.0
50	Transfer-All	training_seed	0	1r4e	0.0	0.0	2.15350967653342	100.0
50	Transfer-All	training_seed	0	1tob	0.0	0.0	4.187362081684005	100.0
50	Transfer-All	training_seed	0	1u8d	0.0	0.0	2.544979048243816	100.0
50	Transfer-All	training_seed	0	1uts	0.0	0.0	3.7240442592249985	100.0
50	Transfer-All	training_seed	0	1uud	10.0	100.0	1.9906096577681924	100.0
50	Transfer-All	training_seed	0	1uui	40.0	100.0	1.325240631307977	100.0
50	Transfer-All	training_seed	0	1xbp	0.0	0.0	3.5704549462136024	100.0
50	Transfer-All	training_seed	0	1xpf	70.0	100.0	1.2419652422097582	100.0
50	Transfer-All	training_seed	0	1y26	10.0	100.0	0.32769705369441454	100.0
50	Transfer-All	training_seed	0	1y27	60.0	100.0	0.4389303164823229	100.0
50	Transfer-All	training_seed	0	1ykv	20.0	100.0	0.8704507309434582	100.0
50	Transfer-All	training_seed	0	1yrj	0.0	0.0	2.6496663393718083	100.0
50	Transfer-All	training_seed	0	1zz5	0.0	0.0	2.2213253617340545	100.0
50	Transfer-All	training_seed	0	2au4	0.0	0.0	3.6725837630423754	100.0
50	Transfer-All	training_seed	0	2b57	0.0	0.0	2.7663581972431817	100.0
50	Transfer-All	training_seed	0	2be0	0.0	0.0	6.5553101707406185	100.0
50	Transfer-All	training_seed	0	2bee	0.0	0.0	3.7474649133699405	100.0
50	Transfer-All	training_seed	0	2d55	0.0	0.0	4.493063193870204	100.0
50	Transfer-All	training_seed	0	2esi	0.0	0.0	2.771967140858636	100.0
50	Transfer-All	training_seed	0	2esj	0.0	0.0	3.6774480046002638	100.0
50	Transfer-All	training_seed	0	2et3	0.0	0.0	2.6698783115316504	100.0
50	Transfer-All	training_seed	0	2et4	0.0	0.0	3.4119893988837706	100.0
50	Transfer-All	training_seed	0	2et8	10.0	100.0	1.1513477768171607	100.0
50	Transfer-All	training_seed	0	2f4s	10.0	100.0	1.3383386149184435	100.0
50	Transfer-All	training_seed	0	2f4t	0.0	0.0	3.442635782528099	100.0
50	Transfer-All	training_seed	0	2f4u	20.0	100.0	1.767947751160462	100.0
50	Transfer-All	training_seed	0	2fcx	30.0	100.0	1.3042698629710592	100.0
50	Transfer-All	training_seed	0	2fcy	10.0	100.0	1.8362016568889983	100.0
50	Transfer-All	training_seed	0	2fcz	10.0	100.0	1.3528515546918878	100.0
50	Transfer-All	training_seed	0	2fd0	0.0	0.0	2.707869457284141	100.0
50	Transfer-All	training_seed	0	2g5k	0.0	0.0	2.3343554817990784	100.0
50	Transfer-All	training_seed	0	2g5q	10.0	100.0	1.5041413947830833	100.0
50	Transfer-All	training_seed	0	2g9c	20.0	100.0	0.33675456443330753	100.0
50	Transfer-All	training_seed	0	2gdi	30.0	100.0	1.4883503782582714	100.0
50	Transfer-All	training_seed	0	2gis	20.0	100.0	1.7889533994924398	100.0
50	Transfer-All	training_seed	0	2juk	0.0	0.0	5.018281447451242	100.0
50	Transfer-All	training_seed	0	2jwq	30.0	100.0	1.030633359729589	100.0
50	Transfer-All	training_seed	0	2kgp	20.0	100.0	1.6406608793219588	100.0
50	Transfer-All	training_seed	0	2ktz	30.0	100.0	0.8820119953832826	100.0
50	Transfer-All	training_seed	0	2ku0	40.0	100.0	0.5708798841909857	100.0
50	Transfer-All	training_seed	0	2l94	70.0	100.0	1.2456186008365482	100.0
50	Transfer-All	training_seed	0	2loa	0.0	0.0	2.05753645474599	100.0
50	Transfer-All	training_seed	0	2mb3	0.0	0.0	3.6622773028267535	100.0
50	Transfer-All	training_seed	0	2o3v	0.0	0.0	2.7555144368027853	100.0
50	Transfer-All	training_seed	0	2o3w	0.0	0.0	3.8540392372035814	100.0
50	Transfer-All	training_seed	0	2o3x	0.0	0.0	4.41923991202107	100.0
50	Transfer-All	training_seed	0	2oe5	0.0	0.0	2.390298932622716	100.0
50	Transfer-All	training_seed	0	2oe8	10.0	100.0	1.9214432168751892	100.0
50	Transfer-All	training_seed	0	2ogn	0.0	0.0	2.38823504483833	100.0
50	Transfer-All	training_seed	0	2pwt	0.0	0.0	5.045121425677813	100.0
50	Transfer-All	training_seed	0	2tob	10.0	100.0	1.9246798602300073	100.0
50	Transfer-All	training_seed	0	2xnw	30.0	100.0	0.28145851914625003	100.0
50	Transfer-All	training_seed	0	2xnz	50.0	100.0	0.28784982774588064	100.0
50	Transfer-All	training_seed	0	2xo0	50.0	100.0	0.26949604588936	100.0
50	Transfer-All	training_seed	0	2xo1	10.0	100.0	0.7780001729375831	100.0
50	Transfer-All	training_seed	0	2ydh	10.0	100.0	1.4509242100583108	100.0
50	Transfer-All	training_seed	0	2ygh	20.0	100.0	1.2320856125556643	100.0
50	Transfer-All	training_seed	0	316d	0.0	0.0	5.108330787756688	100.0
50	Transfer-All	training_seed	0	3c44	0.0	0.0	2.7784203525093343	100.0
50	Transfer-All	training_seed	0	3d2x	20.0	100.0	1.882876545648664	100.0
50	Transfer-All	training_seed	0	3dil	70.0	100.0	1.4862714207034997	100.0
50	Transfer-All	training_seed	0	3ds7	80.0	100.0	0.7365674671638782	100.0
50	Transfer-All	training_seed	0	3dvv	10.0	100.0	1.5834559613746455	100.0
50	Transfer-All	training_seed	0	3e5c	0.0	0.0	3.1662336170563568	100.0
50	Transfer-All	training_seed	0	3f2q	20.0	100.0	1.190977758520419	100.0
50	Transfer-All	training_seed	0	3fo4	10.0	100.0	0.3011664701245351	100.0
50	Transfer-All	training_seed	0	3fo6	40.0	100.0	0.2641042392061635	100.0
50	Transfer-All	training_seed	0	3gao	20.0	100.0	0.35499696541596704	100.0
50	Transfer-All	training_seed	0	3ger	20.0	100.0	0.5465686283117113	100.0
50	Transfer-All	training_seed	0	3ges	30.0	100.0	0.33249813157369845	100.0
50	Transfer-All	training_seed	0	3gog	20.0	100.0	0.3211356411238095	100.0
50	Transfer-All	training_seed	0	3got	0.0	0.0	3.3586146750490067	100.0
50	Transfer-All	training_seed	0	3gx2	10.0	100.0	1.5407142464646897	100.0
50	Transfer-All	training_seed	0	3gx3	10.0	100.0	1.927831805921635	100.0
50	Transfer-All	training_seed	0	3gx5	20.0	100.0	1.8362356889995235	100.0
50	Transfer-All	training_seed	0	3gx7	0.0	0.0	2.020984135495855	100.0
50	Transfer-All	training_seed	0	3la5	70.0	100.0	0.42500055441140283	100.0
50	Transfer-All	training_seed	0	3mum	0.0	0.0	3.1420467623758435	100.0
50	Transfer-All	training_seed	0	3mur	0.0	0.0	3.4992275043774024	100.0
50	Transfer-All	training_seed	0	3mxh	0.0	0.0	3.8729211281666966	100.0
50	Transfer-All	training_seed	0	3npn	0.0	0.0	8.100810174178688	100.0
50	Transfer-All	training_seed	0	3npq	40.0	100.0	1.4175425222220643	100.0
50	Transfer-All	training_seed	0	3owz	20.0	100.0	0.6198880511834366	100.0
50	Transfer-All	training_seed	0	3q3z	0.0	0.0	3.1293995248081647	100.0
50	Transfer-All	training_seed	0	3q50	80.0	100.0	0.5509606666122773	100.0
50	Transfer-All	training_seed	0	3s4p	0.0	0.0	5.035198781540075	100.0
50	Transfer-All	training_seed	0	3slm	30.0	100.0	0.9877558994794827	100.0
50	Transfer-All	training_seed	0	407d	20.0	100.0	1.34063865315503	100.0
50	Transfer-All	training_seed	0	408d	20.0	100.0	1.5819900880610487	100.0
50	Transfer-All	training_seed	0	4aob	10.0	100.0	1.7577126404211516	100.0
50	Transfer-All	training_seed	0	4erj	90.0	100.0	0.5398957697761864	100.0
50	Transfer-All	training_seed	0	4fe5	30.0	100.0	0.4600587777664937	100.0
50	Transfer-All	training_seed	0	4jf2	40.0	100.0	0.3169110066782883	100.0
50	Transfer-All	training_seed	0	4kqy	40.0	100.0	1.2155801055310846	100.0
50	Transfer-All	training_seed	0	4lvv	0.0	0.0	2.177981159306507	100.0
50	Transfer-All	training_seed	1	1am0	40.0	100.0	1.1388026603105716	100.0
50	Transfer-All	training_seed	1	1arj	70.0	100.0	1.5820184688660663	100.0
50	Transfer-All	training_seed	1	1byj	20.0	100.0	1.575513974713055	100.0
50	Transfer-All	training_seed	1	1cvx	10.0	100.0	1.6860994185916205	100.0
50	Transfer-All	training_seed	1	1cvy	30.0	100.0	1.5098638798023862	100.0
50	Transfer-All	training_seed	1	1db6	10.0	100.0	1.7741365413913326	100.0
50	Transfer-All	training_seed	1	1eht	50.0	100.0	0.3907677915630674	100.0
50	Transfer-All	training_seed	1	1ei2	0.0	0.0	2.325033825765204	100.0
50	Transfer-All	training_seed	1	1f1t	80.0	100.0	0.38152368209588333	100.0
50	Transfer-All	training_seed	1	1f27	30.0	100.0	1.5990720582575384	100.0
50	Transfer-All	training_seed	1	1fjg	0.0	0.0	2.9067163967594913	100.0
50	Transfer-All	training_seed	1	1fmn	10.0	100.0	1.1818303121743805	100.0
50	Transfer-All	training_seed	1	1fyp	0.0	0.0	2.5434113229788733	100.0
50	Transfer-All	training_seed	1	1hnw	0.0	0.0	2.5884974041420237	100.0
50	Transfer-All	training_seed	1	1i9v	0.0	0.0	3.2103662896637704	100.0
50	Transfer-All	training_seed	1	1j7t	10.0	100.0	1.9015844063006282	100.0
50	Transfer-All	training_seed	1	1koc	50.0	100.0	1.4844549406544254	100.0
50	Transfer-All	training_seed	1	1lc4	0.0	0.0	2.082031984549589	100.0
50	Transfer-All	training_seed	1	1lvj	0.0	0.0	4.768222428746378	100.0
50	Transfer-All	training_seed	1	1mwl	0.0	0.0	2.3087558819314227	100.0
50	Transfer-All	training_seed	1	1nbk	60.0	100.0	0.8482759053908502	100.0
50	Transfer-All	training_seed	1	1nem	0.0	0.0	4.473529902501092	100.0
50	Transfer-All	training_seed	1	1nta	0.0	0.0	2.261228643403847	100.0
50	Transfer-All	training_seed	1	1ntb	0.0	0.0	2.033238299671241	100.0
50	Transfer-All	training_seed	1	1nzm	30.0	100.0	0.6162275999985712	100.0
50	Transfer-All	training_seed	1	1o15	50.0	100.0	0.35877684514943886	100.0
50	Transfer-All	training_seed	1	1o9m	10.0	100.0	1.6565877647841156	100.0
50	Transfer-All	training_seed	1	1p96	0.0	0.0	2.3883245223592553	100.0
50	Transfer-All	training_seed	1	1pbr	0.0	0.0	2.822616952657333	100.0
50	Transfer-All	training_seed	1	1q8n	50.0	100.0	0.8873566024998067	100.0
50	Transfer-All	training_seed	1	1qd3	0.0	0.0	2.438416493048599	100.0
50	Transfer-All	training_seed	1	1qv4	30.0	100.0	0.8416073862386362	100.0
50	Transfer-All	training_seed	1	1qv8	20.0	100.0	1.3153419856134931	100.0
50	Transfer-All	training_seed	1	1r4e	0.0	0.0	2.1377040153350246	100.0
50	Transfer-All	training_seed	1	1tob	0.0	0.0	3.344717639895033	100.0
50	Transfer-All	training_seed	1	1u8d	0.0	0.0	2.5061757071282935	100.0
50	Transfer-All	training_seed	1	1uts	0.0	0.0	3.7143864653981997	100.0
50	Transfer-All	training_seed	1	1uud	0.0	0.0	3.941537962724703	100.0
50	Transfer-All	training_seed	1	1uui	40.0	100.0	1.3215406506439173	100.0
50	Transfer-All	training_seed	1	1xbp	0.0	0.0	3.632875738309803	100.0
50	Transfer-All	training_seed	1	1xpf	90.0	100.0	1.3151150351639538	100.0
50	Transfer-All	training_seed	1	1y26	10.0	100.0	0.36307581439693803	100.0
50	Transfer-All	training_seed	1	1y27	50.0	100.0	0.4051213185297371	100.0
50	Transfer-All	training_seed	1	1ykv	10.0	100.0	1.7030975520461873	100.0
50	Transfer-All	training_seed	1	1yrj	0.0	0.0	2.6647830216928927	100.0
50	Transfer-All	training_seed	1	1zz5	0.0	0.0	2.2689538844489765	100.0
50	Transfer-All	training_seed	1	2au4	0.0	0.0	3.464184112006029	100.0
50	Transfer-All	training_seed	1	2b57	0.0	0.0	2.746282482325384	100.0
50	Transfer-All	training_seed	1	2be0	0.0	0.0	4.791622768557	100.0
50	Transfer-All	training_seed	1	2bee	0.0	0.0	4.454516906718943	100.0
50	Transfer-All	training_seed	1	2d55	0.0	0.0	4.0314486283055455	100.0
50	Transfer-All	training_seed	1	2esi	0.0	0.0	2.521395722310334	100.0
50	Transfer-All	training_seed	1	2esj	0.0	0.0	3.7491746853859	100.0
50	Transfer-All	training_seed	1	2et3	0.0	0.0	2.177470002830304	100.0
50	Transfer-All	training_seed	1	2et4	0.0	0.0	3.0337107881586984	100.0
50	Transfer-All	training_seed	1	2et8	10.0	100.0	1.8769679715870589	100.0
50	Transfer-All	training_seed	1	2f4s	10.0	100.0	1.3747339886485144	100.0
50	Transfer-All	training_seed	1	2f4t	0.0	0.0	4.060419505702054	100.0
50	Transfer-All	training_seed	1	2f4u	20.0	100.0	1.7020179514982279	100.0
50	Transfer-All	training_seed	1	2fcx	30.0	100.0	1.3135425407513976	100.0
50	Transfer-All	training_seed	1	2fcy	10.0	100.0	1.5064154719225433	100.0
50	Transfer-All	training_seed	1	2fcz	10.0	100.0	1.6294139982650007	100.0
50	Transfer-All	training_seed	1	2fd0	0.0	0.0	2.6433079910189456	100.0
50	Transfer-All	training_seed	1	2g5k	0.0	0.0	2.6235354607959955	100.0
50	Transfer-All	training_seed	1	2g5q	0.0	0.0	2.33925600907639	100.0
50	Transfer-All	training_seed	1	2g9c	20.0	100.0	0.33132590199580436	100.0
50	Transfer-All	training_seed	1	2gdi	20.0	100.0	1.4609261460562506	100.0
50	Transfer-All	training_seed	1	2gis	20.0	100.0	1.60191807033758	100.0
50	Transfer-All	training_seed	1	2juk	0.0	0.0	4.969521422028484	100.0
50	Transfer-All	training_seed	1	2jwq	30.0	100.0	1.0587698334919164	100.0
50	Transfer-All	training_seed	1	2kgp	20.0	100.0	1.497633187837562	100.0
50	Transfer-All	training_seed	1	2ktz	30.0	100.0	0.9184600812607835	100.0
50	Transfer-All	training_seed	1	2ku0	40.0	100.0	0.798359785680181	100.0
50	Transfer-All	training_seed	1	2l94	50.0	100.0	1.3436207457215497	100.0
50	Transfer-All	training_seed	1	2loa	0.0	0.0	2.0838680268861225	100.0
50	Transfer-All	training_seed	1	2mb3	0.0	0.0	3.7137462015598217	100.0
50	Transfer-All	training_seed	1	2o3v	0.0	0.0	2.9182849527468306	100.0
50	Transfer-All	training_seed	1	2o3w	0.0	0.0	3.376009915671796	100.0
50	Transfer-All	training_seed	1	2o3x	0.0	0.0	4.120488349424366	100.0
50	Transfer-All	training_seed	1	2oe5	0.0	0.0	2.3763479361793345	100.0
50	Transfer-All	training_seed	1	2oe8	0.0	0.0	2.130995155295266	100.0
50	Transfer-All	training_seed	1	2ogn	0.0	0.0	4.076561519221806	100.0
50	Transfer-All	training_seed	1	2pwt	0.0	0.0	4.536996584801448	100.0
50	Transfer-All	training_seed	1	2tob	0.0	0.0	2.091812148966178	100.0
50	Transfer-All	training_seed	1	2xnw	40.0	100.0	0.31640097344983004	100.0
50	Transfer-All	training_seed	1	2xnz	50.0	100.0	0.2361548432702579	100.0
50	Transfer-All	training_seed	1	2xo0	50.0	100.0	0.2791627325593443	100.0
50	Transfer-All	training_seed	1	2xo1	20.0	100.0	0.7809915620542901	100.0
50	Transfer-All	training_seed	1	2ydh	20.0	100.0	1.2755004407856725	100.0
50	Transfer-All	training_seed	1	2ygh	30.0	100.0	1.121208476170706	100.0
50	Transfer-All	training_seed	1	316d	0.0	0.0	5.079166644103285	100.0
50	Transfer-All	training_seed	1	3c44	0.0	0.0	2.5899397144574254	100.0
50	Transfer-All	training_seed	1	3d2x	50.0	100.0	1.710355691864211	100.0
50	Transfer-All	training_seed	1	3dil	80.0	100.0	0.6448400615656571	100.0
50	Transfer-All	training_seed	1	3ds7	70.0	100.0	0.7295076454272719	100.0
50	Transfer-All	training_seed	1	3dvv	10.0	100.0	1.57026804430573	100.0
50	Transfer-All	training_seed	1	3e5c	0.0	0.0	2.327308431389105	100.0
50	Transfer-All	training_seed	1	3f2q	40.0	100.0	1.1989578605148403	100.0
50	Transfer-All	training_seed	1	3fo4	10.0	100.0	0.29050382723186885	100.0
50	Transfer-All	training_seed	1	3fo6	30.0	100.0	0.24554951978504588	100.0
50	Transfer-All	training_seed	1	3gao	20.0	100.0	0.31868711358264296	100.0
50	Transfer-All	training_seed	1	3ger	10.0	100.0	0.6035886535773123	100.0
50	Transfer-All	training_seed	1	3ges	40.0	100.0	0.3353564111508841	100.0
50	Transfer-All	training_seed	1	3gog	20.0	100.0	0.2935357063614084	100.0
50	Transfer-All	training_seed	1	3got	0.0	0.0	3.3591649526468492	100.0
50	Transfer-All	training_seed	1	3gx2	10.0	100.0	1.570188100314854	100.0
50	Transfer-All	training_seed	1	3gx3	10.0	100.0	1.8914331790389074	100.0
50	Transfer-All	training_seed	1	3gx5	30.0	100.0	1.4503905760046025	100.0
50	Transfer-All	training_seed	1	3gx7	0.0	0.0	2.3200936338065388	100.0
50	Transfer-All	training_seed	1	3la5	40.0	100.0	0.43183505965819863	100.0
50	Transfer-All	training_seed	1	3mum	0.0	0.0	3.1468191448564027	100.0
50	Transfer-All	training_seed	1	3mur	0.0	0.0	3.5406284736273683	100.0
50	Transfer-All	training_seed	1	3mxh	0.0	0.0	3.7876825281602513	100.0
50	Transfer-All	training_seed	1	3npn	0.0	0.0	2.450702260028275	100.0
50	Transfer-All	training_seed	1	3npq	10.0	100.0	1.653723826119985	100.0
50	Transfer-All	training_seed	1	3owz	50.0	100.0	0.6702571804911897	100.0
50	Transfer-All	training_seed	1	3q3z	0.0	0.0	3.1253743176513726	100.0
50	Transfer-All	training_seed	1	3q50	70.0	100.0	0.6249401694439362	100.0
50	Transfer-All	training_seed	1	3s4p	0.0	0.0	5.227556803441503	100.0
50	Transfer-All	training_seed	1	3slm	40.0	100.0	0.9801437092944919	100.0
50	Transfer-All	training_seed	1	407d	20.0	100.0	1.4821888157102883	100.0
50	Transfer-All	training_seed	1	408d	10.0	100.0	1.5635081832008975	100.0
50	Transfer-All	training_seed	1	4aob	10.0	100.0	1.8254015508517165	100.0
50	Transfer-All	training_seed	1	4erj	90.0	100.0	0.5080655983455504	100.0
50	Transfer-All	training_seed	1	4fe5	20.0	100.0	0.4583060909479603	100.0
50	Transfer-All	training_seed	1	4jf2	40.0	100.0	0.26047804130098917	100.0
50	Transfer-All	training_seed	1	4kqy	40.0	100.0	1.0558262483319243	100.0
50	Transfer-All	training_seed	1	4lvv	0.0	0.0	2.3912183936596985	100.0
50	Transfer-All	training_seed	2	1am0	40.0	100.0	1.0108097771846958	100.0
50	Transfer-All	training_seed	2	1arj	70.0	100.0	1.4496755553686258	100.0
50	Transfer-All	training_seed	2	1byj	10.0	100.0	1.565699420850507	100.0
50	Transfer-All	training_seed	2	1cvx	10.0	100.0	1.7044666943309084	100.0
50	Transfer-All	training_seed	2	1cvy	30.0	100.0	1.452344225872617	100.0
50	Transfer-All	training_seed	2	1db6	10.0	100.0	1.5662267840790705	100.0
50	Transfer-All	training_seed	2	1eht	50.0	100.0	0.40623205569836945	100.0
50	Transfer-All	training_seed	2	1ei2	0.0	0.0	2.439507051151738	100.0
50	Transfer-All	training_seed	2	1f1t	60.0	100.0	0.4035629023508539	100.0
50	Transfer-All	training_seed	2	1f27	30.0	100.0	1.7349354739442044	100.0
50	Transfer-All	training_seed	2	1fjg	0.0	0.0	3.5199374917677715	100.0
50	Transfer-All	training_seed	2	1fmn	20.0	100.0	0.8366532482109512	100.0
50	Transfer-All	training_seed	2	1fyp	0.0	0.0	2.223173282612898	100.0
50	Transfer-All	training_seed	2	1hnw	0.0	0.0	2.3896308428944613	100.0
50	Transfer-All	training_seed	2	1i9v	0.0	0.0	3.2729929695267344	100.0
50	Transfer-All	training_seed	2	1j7t	10.0	100.0	1.9662895650364998	100.0
50	Transfer-All	training_seed	2	1koc	40.0	100.0	1.4156234521698678	100.0
50	Transfer-All	training_seed	2	1lc4	0.0	0.0	2.0801135578226253	100.0
50	Transfer-All	training_seed	2	1lvj	0.0	0.0	4.741599460923085	100.0
50	Transfer-All	training_seed	2	1mwl	0.0	0.0	2.278545670843059	100.0
50	Transfer-All	training_seed	2	1nbk	70.0	100.0	1.0282274436297314	100.0
50	Transfer-All	training_seed	2	1nem	0.0	0.0	4.528656871444967	100.0
50	Transfer-All	training_seed	2	1nta	0.0	0.0	2.5498743510220265	100.0
50	Transfer-All	training_seed	2	1ntb	10.0	100.0	1.963908319206882	100.0
50	Transfer-All	training_seed	2	1nzm	30.0	100.0	0.6672122952427334	100.0
50	Transfer-All	training_seed	2	1o15	40.0	100.0	0.5275959023285213	100.0
50	Transfer-All	training_seed	2	1o9m	0.0	0.0	3.0583468776978724	100.0
50	Transfer-All	training_seed	2	1p96	0.0	0.0	2.614207079275346	100.0
50	Transfer-All	training_seed	2	1pbr	0.0	0.0	3.075802781001904	100.0
50	Transfer-All	training_seed	2	1q8n	60.0	100.0	0.8681274300469949	100.0
50	Transfer-All	training_seed	2	1qd3	0.0	0.0	2.6713412701166757	100.0
50	Transfer-All	training_seed	2	1qv4	40.0	100.0	0.836445269663746	100.0
50	Transfer-All	training_seed	2	1qv8	20.0	100.0	1.3570284167339786	100.0
50	Transfer-All	training_seed	2	1r4e	0.0	0.0	2.1623094962776044	100.0
50	Transfer-All	training_seed	2	1tob	0.0	0.0	3.241855145302609	100.0
50	Transfer-All	training_seed	2	1u8d	0.0	0.0	2.490163850030757	100.0
50	Transfer-All	training_seed	2	1uts	0.0	0.0	3.0447324391479786	100.0
50	Transfer-All	training_seed	2	1uud	10.0	100.0	1.6850843838811158	100.0
50	Transfer-All	training_seed	2	1uui	40.0	100.0	1.2345738668093926	100.0
50	Transfer-All	training_seed	2	1xbp	0.0	0.0	3.499581934485385	100.0
50	Transfer-All	training_seed	2	1xpf	90.0	100.0	1.2339504814676674	100.0
50	Transfer-All	training_seed	2	1y26	10.0	100.0	0.3757356490938806	100.0
50	Transfer-All	training_seed	2	1y27	40.0	100.0	0.38084470707768914	100.0
50	Transfer-All	training_seed	2	1ykv	30.0	100.0	1.063608099650834	100.0
50	Transfer-All	training_seed	2	1yrj	0.0	0.0	2.4751640667979093	100.0
50	Transfer-All	training_seed	2	1zz5	0.0	0.0	2.2409541363489605	100.0
50	Transfer-All	training_seed	2	2au4	0.0	0.0	3.5155846073679546	100.0
50	Transfer-All	training_seed	2	2b57	0.0	0.0	2.7640955890588415	100.0
50	Transfer-All	training_seed	2	2be0	0.0	0.0	6.42219536337728	100.0
50	Transfer-All	training_seed	2	2bee	0.0	0.0	3.413654260526125	100.0
50	Transfer-All	training_seed	2	2d55	0.0	0.0	3.7783445357722476	100.0
50	Transfer-All	training_seed	2	2esi	0.0	0.0	3.0076168061148083	100.0
50	Transfer-All	training_seed	2	2esj	0.0	0.0	3.624692408886368	100.0
50	Transfer-All	training_seed	2	2et3	0.0	0.0	2.3205484002848364	100.0
50	Transfer-All	training_seed	2	2et4	0.0	0.0	3.3896238510939174	100.0
50	Transfer-All	training_seed	2	2et8	20.0	100.0	1.1296499278738767	100.0
50	Transfer-All	training_seed	2	2f4s	10.0	100.0	1.3642928989373617	100.0
50	Transfer-All	training_seed	2	2f4t	0.0	0.0	2.996561873786118	100.0
50	Transfer-All	training_seed	2	2f4u	10.0	100.0	1.9171839522968173	100.0
50	Transfer-All	training_seed	2	2fcx	30.0	100.0	1.3701603474510828	100.0
50	Transfer-All	training_seed	2	2fcy	10.0	100.0	1.73179670910493	100.0
50	Transfer-All	training_seed	2	2fcz	20.0	100.0	1.5467430836354799	100.0
50	Transfer-All	training_seed	2	2fd0	0.0	0.0	2.874126259036755	100.0
50	Transfer-All	training_seed	2	2g5k	0.0	0.0	2.8068364615028116	100.0
50	Transfer-All	training_seed	2	2g5q	10.0	100.0	1.3252614540157726	100.0
50	Transfer-All	training_seed	2	2g9c	30.0	100.0	0.33044361596698035	100.0
50	Transfer-All	training_seed	2	2gdi	20.0	100.0	1.3538314102234785	100.0
50	Transfer-All	training_seed	2	2gis	20.0	100.0	1.6563197077993261	100.0
50	Transfer-All	training_seed	2	2juk	0.0	0.0	5.039429276498812	100.0
50	Transfer-All	training_seed	2	2jwq	30.0	100.0	0.9192809744577554	100.0
50	Transfer-All	training_seed	2	2kgp	40.0	100.0	0.9785416007380583	100.0
50	Transfer-All	training_seed	2	2ktz	20.0	100.0	0.9591798940399214	100.0
50	Transfer-All	training_seed	2	2ku0	50.0	100.0	0.9500061372799469	100.0
50	Transfer-All	training_seed	2	2l94	80.0	100.0	1.1954095408757062	100.0
50	Transfer-All	training_seed	2	2loa	0.0	0.0	2.2397599508410058	100.0
50	Transfer-All	training_seed	2	2mb3	0.0	0.0	3.6331538499215803	100.0
50	Transfer-All	training_seed	2	2o3v	0.0	0.0	2.7797906381082527	100.0
50	Transfer-All	training_seed	2	2o3w	0.0	0.0	2.951129693419276	100.0
50	Transfer-All	training_seed	2	2o3x	0.0	0.0	4.308165816514105	100.0
50	Transfer-All	training_seed	2	2oe5	0.0	0.0	2.396355546816197	100.0
50	Transfer-All	training_seed	2	2oe8	0.0	0.0	2.036278997703037	100.0
50	Transfer-All	training_seed	2	2ogn	0.0	0.0	4.052418380760712	100.0
50	Transfer-All	training_seed	2	2pwt	0.0	0.0	4.421618648281796	100.0
50	Transfer-All	training_seed	2	2tob	0.0	0.0	2.009047697060102	100.0
50	Transfer-All	training_seed	2	2xnw	30.0	100.0	0.2703417966205006	100.0
50	Transfer-All	training_seed	2	2xnz	60.0	100.0	0.21952262095536096	100.0
50	Transfer-All	training_seed	2	2xo0	60.0	100.0	0.24899265049394564	100.0
50	Transfer-All	training_seed	2	2xo1	10.0	100.0	0.7929811054724845	100.0
50	Transfer-All	training_seed	2	2ydh	0.0	0.0	2.149155193196723	100.0
50	Transfer-All	training_seed	2	2ygh	30.0	100.0	1.1461038001598025	100.0
50	Transfer-All	training_seed	2	316d	0.0	0.0	5.043867951590022	100.0
50	Transfer-All	training_seed	2	3c44	0.0	0.0	2.8138473230402803	100.0
50	Transfer-All	training_seed	2	3d2x	30.0	100.0	1.6430084748599256	100.0
50	Transfer-All	training_seed	2	3dil	80.0	100.0	1.445994131039266	100.0
50	Transfer-All	training_seed	2	3ds7	50.0	100.0	0.7454049955349246	100.0
50	Transfer-All	training_seed	2	3dvv	10.0	100.0	1.6273928398396282	100.0
50	Transfer-All	training_seed	2	3e5c	0.0	0.0	3.310758631089457	100.0
50	Transfer-All	training_seed	2	3f2q	40.0	100.0	1.2650452234680605	100.0
50	Transfer-All	training_seed	2	3fo4	30.0	100.0	0.2889009235644005	100.0
50	Transfer-All	training_seed	2	3fo6	30.0	100.0	0.2850405468233131	100.0
50	Transfer-All	training_seed	2	3gao	20.0	100.0	0.3653375487757242	100.0
50	Transfer-All	training_seed	2	3ger	30.0	100.0	0.24602220705382727	100.0
50	Transfer-All	training_seed	2	3ges	40.0	100.0	0.3079300353435287	100.0
50	Transfer-All	training_seed	2	3gog	30.0	100.0	0.26746750694753063	100.0
50	Transfer-All	training_seed	2	3got	0.0	0.0	3.337737812569247	100.0
50	Transfer-All	training_seed	2	3gx2	10.0	100.0	1.5579700858869268	100.0
50	Transfer-All	training_seed	2	3gx3	10.0	100.0	1.918705758497718	100.0
50	Transfer-All	training_seed	2	3gx5	30.0	100.0	1.1837469091046506	100.0
50	Transfer-All	training_seed	2	3gx7	0.0	0.0	2.095778948002123	100.0
50	Transfer-All	training_seed	2	3la5	70.0	100.0	0.40335739115578373	100.0
50	Transfer-All	training_seed	2	3mum	0.0	0.0	3.1539424695271405	100.0
50	Transfer-All	training_seed	2	3mur	0.0	0.0	3.51997378915019	100.0
50	Transfer-All	training_seed	2	3mxh	0.0	0.0	3.841856393724263	100.0
50	Transfer-All	training_seed	2	3npn	0.0	0.0	2.461069364586804	100.0
50	Transfer-All	training_seed	2	3npq	30.0	100.0	1.666192469720664	100.0
50	Transfer-All	training_seed	2	3owz	20.0	100.0	0.6696761814489134	100.0
50	Transfer-All	training_seed	2	3q3z	0.0	0.0	3.1316936146922716	100.0
50	Transfer-All	training_seed	2	3q50	70.0	100.0	0.41285876892337314	100.0
50	Transfer-All	training_seed	2	3s4p	0.0	0.0	3.9769124263656015	100.0
50	Transfer-All	training_seed	2	3slm	30.0	100.0	0.9790906950484385	100.0
50	Transfer-All	training_seed	2	407d	20.0	100.0	1.4183221584704702	100.0
50	Transfer-All	training_seed	2	408d	20.0	100.0	1.5914119089797443	100.0
50	Transfer-All	training_seed	2	4aob	20.0	100.0	1.8640453403124992	100.0
50	Transfer-All	training_seed	2	4erj	90.0	100.0	0.5531517694087229	100.0
50	Transfer-All	training_seed	2	4fe5	30.0	100.0	0.460950768520891	100.0
50	Transfer-All	training_seed	2	4jf2	40.0	100.0	0.26899843150815234	100.0
50	Transfer-All	training_seed	2	4kqy	50.0	100.0	1.091673808797671	100.0
50	Transfer-All	training_seed	2	4lvv	0.0	0.0	2.264795036759268	100.0
50	Transfer-NonSurface	training_seed	0	1am0	30.0	100.0	1.4240267584198174	100.0
50	Transfer-NonSurface	training_seed	0	1arj	30.0	100.0	1.1714891442091986	100.0
50	Transfer-NonSurface	training_seed	0	1byj	20.0	100.0	1.523805013878935	100.0
50	Transfer-NonSurface	training_seed	0	1cvx	20.0	100.0	1.5189682677862848	100.0
50	Transfer-NonSurface	training_seed	0	1cvy	20.0	100.0	1.717320470408801	100.0
50	Transfer-NonSurface	training_seed	0	1db6	10.0	100.0	1.7096209255758035	100.0
50	Transfer-NonSurface	training_seed	0	1eht	50.0	100.0	1.0158091969535343	100.0
50	Transfer-NonSurface	training_seed	0	1ei2	0.0	0.0	3.2781171550362345	100.0
50	Transfer-NonSurface	training_seed	0	1f1t	40.0	100.0	0.44036157739538834	100.0
50	Transfer-NonSurface	training_seed	0	1f27	50.0	100.0	1.2695789555498311	100.0
50	Transfer-NonSurface	training_seed	0	1fjg	0.0	0.0	2.402685308744604	100.0
50	Transfer-NonSurface	training_seed	0	1fmn	10.0	100.0	1.4664239985585297	100.0
50	Transfer-NonSurface	training_seed	0	1fyp	0.0	0.0	3.953318648571458	100.0
50	Transfer-NonSurface	training_seed	0	1hnw	0.0	0.0	2.4560852169280483	100.0
50	Transfer-NonSurface	training_seed	0	1i9v	0.0	0.0	3.563223072417656	100.0
50	Transfer-NonSurface	training_seed	0	1j7t	0.0	0.0	2.9996207280889613	100.0
50	Transfer-NonSurface	training_seed	0	1koc	0.0	0.0	2.1791598774910184	100.0
50	Transfer-NonSurface	training_seed	0	1lc4	0.0	0.0	2.0557350479816217	100.0
50	Transfer-NonSurface	training_seed	0	1lvj	0.0	0.0	4.762316166622033	100.0
50	Transfer-NonSurface	training_seed	0	1mwl	0.0	0.0	2.473987753488639	100.0
50	Transfer-NonSurface	training_seed	0	1nbk	30.0	100.0	1.637252812386244	100.0
50	Transfer-NonSurface	training_seed	0	1nem	0.0	0.0	4.720402283628559	100.0
50	Transfer-NonSurface	training_seed	0	1nta	0.0	0.0	2.8589154635105953	100.0
50	Transfer-NonSurface	training_seed	0	1ntb	0.0	0.0	4.040709704959018	100.0
50	Transfer-NonSurface	training_seed	0	1nzm	10.0	100.0	0.5627842386126044	100.0
50	Transfer-NonSurface	training_seed	0	1o15	30.0	100.0	0.903618436322289	100.0
50	Transfer-NonSurface	training_seed	0	1o9m	10.0	100.0	1.9003264566626155	100.0
50	Transfer-NonSurface	training_seed	0	1p96	0.0	0.0	2.2025483302127733	100.0
50	Transfer-NonSurface	training_seed	0	1pbr	0.0	0.0	2.4195082255147087	100.0
50	Transfer-NonSurface	training_seed	0	1q8n	20.0	100.0	1.2118328341813487	100.0
50	Transfer-NonSurface	training_seed	0	1qd3	0.0	0.0	2.9024337952336285	100.0
50	Transfer-NonSurface	training_seed	0	1qv4	30.0	100.0	0.9664517674758235	100.0
50	Transfer-NonSurface	training_seed	0	1qv8	20.0	100.0	1.6074534668957898	100.0
50	Transfer-NonSurface	training_seed	0	1r4e	0.0	0.0	2.1352056603641913	100.0
50	Transfer-NonSurface	training_seed	0	1tob	0.0	0.0	3.532021098199302	100.0
50	Transfer-NonSurface	training_seed	0	1u8d	0.0	0.0	2.5564401976185556	100.0
50	Transfer-NonSurface	training_seed	0	1uts	0.0	0.0	4.126094763090155	100.0
50	Transfer-NonSurface	training_seed	0	1uud	0.0	0.0	5.984631996204946	100.0
50	Transfer-NonSurface	training_seed	0	1uui	0.0	0.0	2.2459049338160177	100.0
50	Transfer-NonSurface	training_seed	0	1xbp	0.0	0.0	3.215897651786312	100.0
50	Transfer-NonSurface	training_seed	0	1xpf	60.0	100.0	1.6323959142053392	100.0
50	Transfer-NonSurface	training_seed	0	1y26	30.0	100.0	0.3769988779824153	100.0
50	Transfer-NonSurface	training_seed	0	1y27	30.0	100.0	0.6505031171751181	100.0
50	Transfer-NonSurface	training_seed	0	1ykv	0.0	0.0	3.5032664572815864	100.0
50	Transfer-NonSurface	training_seed	0	1yrj	0.0	0.0	2.523349577607275	100.0
50	Transfer-NonSurface	training_seed	0	1zz5	0.0	0.0	2.084759446437933	100.0
50	Transfer-NonSurface	training_seed	0	2au4	0.0	0.0	2.9219663588925866	100.0
50	Transfer-NonSurface	training_seed	0	2b57	0.0	0.0	2.756646374920736	100.0
50	Transfer-NonSurface	training_seed	0	2be0	0.0	0.0	5.362765980941753	100.0
50	Transfer-NonSurface	training_seed	0	2bee	0.0	0.0	4.616086956923316	100.0
50	Transfer-NonSurface	training_seed	0	2d55	0.0	0.0	5.294801475378153	100.0
50	Transfer-NonSurface	training_seed	0	2esi	0.0	0.0	2.237788888409921	100.0
50	Transfer-NonSurface	training_seed	0	2esj	0.0	0.0	4.327173365311533	100.0
50	Transfer-NonSurface	training_seed	0	2et3	0.0	0.0	2.774869852803911	100.0
50	Transfer-NonSurface	training_seed	0	2et4	0.0	0.0	3.1219194063908824	100.0
50	Transfer-NonSurface	training_seed	0	2et8	10.0	100.0	1.3154312457413833	100.0
50	Transfer-NonSurface	training_seed	0	2f4s	20.0	100.0	1.4671173228787495	100.0
50	Transfer-NonSurface	training_seed	0	2f4t	0.0	0.0	3.1759079105936667	100.0
50	Transfer-NonSurface	training_seed	0	2f4u	0.0	0.0	2.1084231975578342	100.0
50	Transfer-NonSurface	training_seed	0	2fcx	10.0	100.0	1.420839807041148	100.0
50	Transfer-NonSurface	training_seed	0	2fcy	0.0	0.0	2.0008049615806414	100.0
50	Transfer-NonSurface	training_seed	0	2fcz	0.0	0.0	2.343017082875232	100.0
50	Transfer-NonSurface	training_seed	0	2fd0	0.0	0.0	3.190881034200911	100.0
50	Transfer-NonSurface	training_seed	0	2g5k	10.0	100.0	1.513312306507493	100.0
50	Transfer-NonSurface	training_seed	0	2g5q	0.0	0.0	3.325903228635794	100.0
50	Transfer-NonSurface	training_seed	0	2g9c	10.0	100.0	1.2200120568620985	100.0
50	Transfer-NonSurface	training_seed	0	2gdi	20.0	100.0	1.5945983906011236	100.0
50	Transfer-NonSurface	training_seed	0	2gis	0.0	0.0	2.999394941267938	100.0
50	Transfer-NonSurface	training_seed	0	2juk	0.0	0.0	5.348810036244822	100.0
50	Transfer-NonSurface	training_seed	0	2jwq	10.0	100.0	1.346847591020417	100.0
50	Transfer-NonSurface	training_seed	0	2kgp	10.0	100.0	1.948393353268919	100.0
50	Transfer-NonSurface	training_seed	0	2ktz	30.0	100.0	1.0466251602588943	100.0
50	Transfer-NonSurface	training_seed	0	2ku0	30.0	100.0	0.8940843168584123	100.0
50	Transfer-NonSurface	training_seed	0	2l94	20.0	100.0	1.0739941503565091	100.0
50	Transfer-NonSurface	training_seed	0	2loa	0.0	0.0	2.9263622114510524	100.0
50	Transfer-NonSurface	training_seed	0	2mb3	0.0	0.0	2.7416504407017324	100.0
50	Transfer-NonSurface	training_seed	0	2o3v	0.0	0.0	3.8499912698602317	100.0
50	Transfer-NonSurface	training_seed	0	2o3w	0.0	0.0	5.012506362731979	100.0
50	Transfer-NonSurface	training_seed	0	2o3x	0.0	0.0	4.1122152708963995	100.0
50	Transfer-NonSurface	training_seed	0	2oe5	0.0	0.0	3.1843951452058845	100.0
50	Transfer-NonSurface	training_seed	0	2oe8	0.0	0.0	2.1801368416634723	100.0
50	Transfer-NonSurface	training_seed	0	2ogn	0.0	0.0	3.9595165946913724	100.0
50	Transfer-NonSurface	training_seed	0	2pwt	0.0	0.0	4.853304870944473	100.0
50	Transfer-NonSurface	training_seed	0	2tob	0.0	0.0	3.1309971630456648	100.0
50	Transfer-NonSurface	training_seed	0	2xnw	20.0	100.0	0.5835742103623155	100.0
50	Transfer-NonSurface	training_seed	0	2xnz	40.0	100.0	0.34713095191552384	100.0
50	Transfer-NonSurface	training_seed	0	2xo0	80.0	100.0	0.41453275805417383	100.0
50	Transfer-NonSurface	training_seed	0	2xo1	10.0	100.0	0.9949746205077521	100.0
50	Transfer-NonSurface	training_seed	0	2ydh	0.0	0.0	2.7346983054537937	100.0
50	Transfer-NonSurface	training_seed	0	2ygh	0.0	0.0	3.6310841708676938	100.0
50	Transfer-NonSurface	training_seed	0	316d	0.0	0.0	4.8415805679595945	100.0
50	Transfer-NonSurface	training_seed	0	3c44	0.0	0.0	3.261188244628752	100.0
50	Transfer-NonSurface	training_seed	0	3d2x	10.0	100.0	1.9866139335950121	100.0
50	Transfer-NonSurface	training_seed	0	3dil	10.0	100.0	1.5206259086310479	100.0
50	Transfer-NonSurface	training_seed	0	3ds7	20.0	100.0	1.3485116415398204	100.0
50	Transfer-NonSurface	training_seed	0	3dvv	10.0	100.0	1.549124763504614	100.0
50	Transfer-NonSurface	training_seed	0	3e5c	0.0	0.0	2.7015542278336606	100.0
50	Transfer-NonSurface	training_seed	0	3f2q	10.0	100.0	1.6380857355757583	100.0
50	Transfer-NonSurface	training_seed	0	3fo4	10.0	100.0	1.4800570489619034	100.0
50	Transfer-NonSurface	training_seed	0	3fo6	30.0	100.0	0.42617010590451637	100.0
50	Transfer-NonSurface	training_seed	0	3gao	30.0	100.0	0.4060165155619792	100.0
50	Transfer-NonSurface	training_seed	0	3ger	20.0	100.0	0.5730272657323796	100.0
50	Transfer-NonSurface	training_seed	0	3ges	20.0	100.0	1.2144760358552438	100.0
50	Transfer-NonSurface	training_seed	0	3gog	10.0	100.0	0.4100240281207474	100.0
50	Transfer-NonSurface	training_seed	0	3got	0.0	0.0	2.103160368458512	100.0
50	Transfer-NonSurface	training_seed	0	3gx2	20.0	100.0	1.956446764663675	100.0
50	Transfer-NonSurface	training_seed	0	3gx3	0.0	0.0	2.1682331831559223	100.0
50	Transfer-NonSurface	training_seed	0	3gx5	10.0	100.0	1.7621165433143808	100.0
50	Transfer-NonSurface	training_seed	0	3gx7	0.0	0.0	3.013989305874513	100.0
50	Transfer-NonSurface	training_seed	0	3la5	40.0	100.0	0.9554406777764908	100.0
50	Transfer-NonSurface	training_seed	0	3mum	0.0	0.0	3.2084323800897994	100.0
50	Transfer-NonSurface	training_seed	0	3mur	0.0	0.0	3.4328435817783074	100.0
50	Transfer-NonSurface	training_seed	0	3mxh	0.0	0.0	3.830012886458057	100.0
50	Transfer-NonSurface	training_seed	0	3npn	10.0	100.0	1.849682317838144	100.0
50	Transfer-NonSurface	training_seed	0	3npq	0.0	0.0	2.614766369913528	100.0
50	Transfer-NonSurface	training_seed	0	3owz	30.0	100.0	1.541650029675996	100.0
50	Transfer-NonSurface	training_seed	0	3q3z	0.0	0.0	3.280763785011575	100.0
50	Transfer-NonSurface	training_seed	0	3q50	50.0	100.0	0.5808042183042413	100.0
50	Transfer-NonSurface	training_seed	0	3s4p	0.0	0.0	4.108117255679918	100.0
50	Transfer-NonSurface	training_seed	0	3slm	40.0	100.0	1.2020566621962685	100.0
50	Transfer-NonSurface	training_seed	0	407d	0.0	0.0	2.624768332872446	100.0
50	Transfer-NonSurface	training_seed	0	408d	30.0	100.0	1.3993558556129666	100.0
50	Transfer-NonSurface	training_seed	0	4aob	0.0	0.0	2.913522076520164	100.0
50	Transfer-NonSurface	training_seed	0	4erj	50.0	100.0	0.6746250193008442	100.0
50	Transfer-NonSurface	training_seed	0	4fe5	40.0	100.0	0.7680374001310087	100.0
50	Transfer-NonSurface	training_seed	0	4jf2	50.0	100.0	0.5419359009783622	100.0
50	Transfer-NonSurface	training_seed	0	4kqy	10.0	100.0	1.3006954945834284	100.0
50	Transfer-NonSurface	training_seed	0	4lvv	0.0	0.0	2.9710806592096097	100.0
50	Transfer-NonSurface	training_seed	1	1am0	30.0	100.0	1.3072096585109627	100.0
50	Transfer-NonSurface	training_seed	1	1arj	60.0	100.0	1.488335289845672	100.0
50	Transfer-NonSurface	training_seed	1	1byj	20.0	100.0	1.6642655436189921	100.0
50	Transfer-NonSurface	training_seed	1	1cvx	40.0	100.0	1.469474181254982	100.0
50	Transfer-NonSurface	training_seed	1	1cvy	20.0	100.0	1.5461585485434677	100.0
50	Transfer-NonSurface	training_seed	1	1db6	10.0	100.0	1.9088440596776544	100.0
50	Transfer-NonSurface	training_seed	1	1eht	50.0	100.0	0.9388138948858656	100.0
50	Transfer-NonSurface	training_seed	1	1ei2	0.0	0.0	2.994555592078334	100.0
50	Transfer-NonSurface	training_seed	1	1f1t	30.0	100.0	0.5384488719389322	100.0
50	Transfer-NonSurface	training_seed	1	1f27	40.0	100.0	1.1186289820020758	100.0
50	Transfer-NonSurface	training_seed	1	1fjg	0.0	0.0	3.6236607124629674	100.0
50	Transfer-NonSurface	training_seed	1	1fmn	10.0	100.0	1.3912161456333692	100.0
50	Transfer-NonSurface	training_seed	1	1fyp	0.0	0.0	2.990939325696862	100.0
50	Transfer-NonSurface	training_seed	1	1hnw	0.0	0.0	2.8441562808129053	100.0
50	Transfer-NonSurface	training_seed	1	1i9v	0.0	0.0	3.541932090076585	100.0
50	Transfer-NonSurface	training_seed	1	1j7t	0.0	0.0	3.0194647197885285	100.0
50	Transfer-NonSurface	training_seed	1	1koc	10.0	100.0	1.9902638365720933	100.0
50	Transfer-NonSurface	training_seed	1	1lc4	0.0	0.0	3.162689484886637	100.0
50	Transfer-NonSurface	training_seed	1	1lvj	0.0	0.0	4.670860194541957	100.0
50	Transfer-NonSurface	training_seed	1	1mwl	0.0	0.0	2.205188271007316	100.0
50	Transfer-NonSurface	training_seed	1	1nbk	10.0	100.0	1.7650113831077694	100.0
50	Transfer-NonSurface	training_seed	1	1nem	0.0	0.0	4.530839700714585	100.0
50	Transfer-NonSurface	training_seed	1	1nta	0.0	0.0	2.7568318647044836	100.0
50	Transfer-NonSurface	training_seed	1	1ntb	0.0	0.0	3.488425836605961	100.0
50	Transfer-NonSurface	training_seed	1	1nzm	20.0	100.0	0.5941684402462112	100.0
50	Transfer-NonSurface	training_seed	1	1o15	30.0	100.0	0.8699686616813805	100.0
50	Transfer-NonSurface	training_seed	1	1o9m	0.0	0.0	2.010396624374727	100.0
50	Transfer-NonSurface	training_seed	1	1p96	0.0	0.0	2.084917874789169	100.0
50	Transfer-NonSurface	training_seed	1	1pbr	0.0	0.0	2.978493530133584	100.0
50	Transfer-NonSurface	training_seed	1	1q8n	30.0	100.0	1.256335938035683	100.0
50	Transfer-NonSurface	training_seed	1	1qd3	0.0	0.0	2.6639802638515317	100.0
50	Transfer-NonSurface	training_seed	1	1qv4	30.0	100.0	0.8212816788410662	100.0
50	Transfer-NonSurface	training_seed	1	1qv8	10.0	100.0	1.8734603742336078	100.0
50	Transfer-NonSurface	training_seed	1	1r4e	0.0	0.0	2.1239191138203175	100.0
50	Transfer-NonSurface	training_seed	1	1tob	0.0	0.0	3.2405260479588804	100.0
50	Transfer-NonSurface	training_seed	1	1u8d	10.0	100.0	1.1786741581115623	100.0
50	Transfer-NonSurface	training_seed	1	1uts	0.0	0.0	3.8334064160134824	100.0
50	Transfer-NonSurface	training_seed	1	1uud	0.0	0.0	2.3886671061493687	100.0
50	Transfer-NonSurface	training_seed	1	1uui	0.0	0.0	2.301019554930795	100.0
50	Transfer-NonSurface	training_seed	1	1xbp	0.0	0.0	3.122780970969155	100.0
50	Transfer-NonSurface	training_seed	1	1xpf	60.0	100.0	1.754192175292417	100.0
50	Transfer-NonSurface	training_seed	1	1y26	10.0	100.0	1.5124506137391729	100.0
50	Transfer-NonSurface	training_seed	1	1y27	30.0	100.0	0.6146929410837434	100.0
50	Transfer-NonSurface	training_seed	1	1ykv	0.0	0.0	3.123221506084932	100.0
50	Transfer-NonSurface	training_seed	1	1yrj	0.0	0.0	2.35407678093569	100.0
50	Transfer-NonSurface	training_seed	1	1zz5	0.0	0.0	2.165790961975696	100.0
50	Transfer-NonSurface	training_seed	1	2au4	0.0	0.0	2.8703957411174157	100.0
50	Transfer-NonSurface	training_seed	1	2b57	10.0	100.0	0.7732072014432071	100.0
50	Transfer-NonSurface	training_seed	1	2be0	0.0	0.0	3.904727668776364	100.0
50	Transfer-NonSurface	training_seed	1	2bee	0.0	0.0	4.596236436654739	100.0
50	Transfer-NonSurface	training_seed	1	2d55	0.0	0.0	5.384766427339258	100.0
50	Transfer-NonSurface	training_seed	1	2esi	0.0	0.0	2.1917837139617307	100.0
50	Transfer-NonSurface	training_seed	1	2esj	0.0	0.0	3.5296493464703347	100.0
50	Transfer-NonSurface	training_seed	1	2et3	0.0	0.0	2.578072850956448	100.0
50	Transfer-NonSurface	training_seed	1	2et4	0.0	0.0	3.3162339151513414	100.0
50	Transfer-NonSurface	training_seed	1	2et8	10.0	100.0	1.3364914265276149	100.0
50	Transfer-NonSurface	training_seed	1	2f4s	10.0	100.0	1.3330555568794842	100.0
50	Transfer-NonSurface	training_seed	1	2f4t	0.0	0.0	2.891448981096798	100.0
50	Transfer-NonSurface	training_seed	1	2f4u	0.0	0.0	2.1988017078753503	100.0
50	Transfer-NonSurface	training_seed	1	2fcx	10.0	100.0	1.4230691583846005	100.0
50	Transfer-NonSurface	training_seed	1	2fcy	10.0	100.0	1.7255590379849153	100.0
50	Transfer-NonSurface	training_seed	1	2fcz	10.0	100.0	1.9138269478009324	100.0
50	Transfer-NonSurface	training_seed	1	2fd0	0.0	0.0	3.4124898014781384	100.0
50	Transfer-NonSurface	training_seed	1	2g5k	0.0	0.0	2.0943851408894156	100.0
50	Transfer-NonSurface	training_seed	1	2g5q	0.0	0.0	2.0037474056751763	100.0
50	Transfer-NonSurface	training_seed	1	2g9c	20.0	100.0	1.0555277542537667	100.0
50	Transfer-NonSurface	training_seed	1	2gdi	20.0	100.0	1.5569736621456975	100.0
50	Transfer-NonSurface	training_seed	1	2gis	0.0	0.0	2.31135693871547	100.0
50	Transfer-NonSurface	training_seed	1	2juk	0.0	0.0	5.382958607339772	100.0
50	Transfer-NonSurface	training_seed	1	2jwq	0.0	0.0	4.564620857167384	100.0
50	Transfer-NonSurface	training_seed	1	2kgp	30.0	100.0	1.6411600727458011	100.0
50	Transfer-NonSurface	training_seed	1	2ktz	30.0	100.0	1.0080773188945205	100.0
50	Transfer-NonSurface	training_seed	1	2ku0	20.0	100.0	1.2082635790760803	100.0
50	Transfer-NonSurface	training_seed	1	2l94	30.0	100.0	1.2429887708999359	100.0
50	Transfer-NonSurface	training_seed	1	2loa	0.0	0.0	3.569312890642168	100.0
50	Transfer-NonSurface	training_seed	1	2mb3	0.0	0.0	2.5850586396056867	100.0
50	Transfer-NonSurface	training_seed	1	2o3v	0.0	0.0	3.981416028572175	100.0
50	Transfer-NonSurface	training_seed	1	2o3w	0.0	0.0	4.38069457835279	100.0
50	Transfer-NonSurface	training_seed	1	2o3x	0.0	0.0	3.9114680528811276	100.0
50	Transfer-NonSurface	training_seed	1	2oe5	0.0	0.0	2.853300647756294	100.0
50	Transfer-NonSurface	training_seed	1	2oe8	0.0	0.0	2.5061864163532444	100.0
50	Transfer-NonSurface	training_seed	1	2ogn	0.0	0.0	4.05566988622849	100.0
50	Transfer-NonSurface	training_seed	1	2pwt	0.0	0.0	5.86939155428397	100.0
50	Transfer-NonSurface	training_seed	1	2tob	0.0	0.0	2.2289845786534728	100.0
50	Transfer-NonSurface	training_seed	1	2xnw	20.0	100.0	0.580147058080966	100.0
50	Transfer-NonSurface	training_seed	1	2xnz	20.0	100.0	0.271572560387745	100.0
50	Transfer-NonSurface	training_seed	1	2xo0	80.0	100.0	0.3933798228175917	100.0
50	Transfer-NonSurface	training_seed	1	2xo1	20.0	100.0	0.7381227872724899	100.0
50	Transfer-NonSurface	training_seed	1	2ydh	0.0	0.0	2.910049013714756	100.0
50	Transfer-NonSurface	training_seed	1	2ygh	0.0	0.0	4.147857109623215	100.0
50	Transfer-NonSurface	training_seed	1	316d	0.0	0.0	4.8501432595812615	100.0
50	Transfer-NonSurface	training_seed	1	3c44	0.0	0.0	3.6477246003501955	100.0
50	Transfer-NonSurface	training_seed	1	3d2x	0.0	0.0	2.4011784543459873	100.0
50	Transfer-NonSurface	training_seed	1	3dil	20.0	100.0	1.25557813376946	100.0
50	Transfer-NonSurface	training_seed	1	3ds7	10.0	100.0	1.4890016081077178	100.0
50	Transfer-NonSurface	training_seed	1	3dvv	0.0	0.0	3.5893248147087315	100.0
50	Transfer-NonSurface	training_seed	1	3e5c	0.0	0.0	2.3787823519919065	100.0
50	Transfer-NonSurface	training_seed	1	3f2q	10.0	100.0	1.7290323661591196	100.0
50	Transfer-NonSurface	training_seed	1	3fo4	10.0	100.0	1.5384574748163116	100.0
50	Transfer-NonSurface	training_seed	1	3fo6	30.0	100.0	0.5231785705346377	100.0
50	Transfer-NonSurface	training_seed	1	3gao	20.0	100.0	0.4282664771547563	100.0
50	Transfer-NonSurface	training_seed	1	3ger	40.0	100.0	0.5687145153765638	100.0
50	Transfer-NonSurface	training_seed	1	3ges	10.0	100.0	1.5916722246848862	100.0
50	Transfer-NonSurface	training_seed	1	3gog	10.0	100.0	0.5531347575410532	100.0
50	Transfer-NonSurface	training_seed	1	3got	10.0	100.0	0.6911142663054418	100.0
50	Transfer-NonSurface	training_seed	1	3gx2	0.0	0.0	2.049032690030789	100.0
50	Transfer-NonSurface	training_seed	1	3gx3	0.0	0.0	2.3970005188375936	100.0
50	Transfer-NonSurface	training_seed	1	3gx5	10.0	100.0	1.8510798962287451	100.0
50	Transfer-NonSurface	training_seed	1	3gx7	0.0	0.0	3.800841261703344	100.0
50	Transfer-NonSurface	training_seed	1	3la5	30.0	100.0	0.7466355754315488	100.0
50	Transfer-NonSurface	training_seed	1	3mum	0.0	0.0	3.2997628503720766	100.0
50	Transfer-NonSurface	training_seed	1	3mur	0.0	0.0	3.4827325445003297	100.0
50	Transfer-NonSurface	training_seed	1	3mxh	0.0	0.0	3.9102775864714343	100.0
50	Transfer-NonSurface	training_seed	1	3npn	10.0	100.0	1.8533213933160848	100.0
50	Transfer-NonSurface	training_seed	1	3npq	0.0	0.0	2.324375943626093	100.0
50	Transfer-NonSurface	training_seed	1	3owz	30.0	100.0	1.1856330047700243	100.0
50	Transfer-NonSurface	training_seed	1	3q3z	0.0	0.0	3.355362075809793	100.0
50	Transfer-NonSurface	training_seed	1	3q50	50.0	100.0	0.5632418656587671	100.0
50	Transfer-NonSurface	training_seed	1	3s4p	0.0	0.0	4.696839330869218	100.0
50	Transfer-NonSurface	training_seed	1	3slm	10.0	100.0	1.2575207411203306	100.0
50	Transfer-NonSurface	training_seed	1	407d	0.0	0.0	4.512951358820891	100.0
50	Transfer-NonSurface	training_seed	1	408d	20.0	100.0	1.8730635442072696	100.0
50	Transfer-NonSurface	training_seed	1	4aob	0.0	0.0	3.1391408358669426	100.0
50	Transfer-NonSurface	training_seed	1	4erj	50.0	100.0	0.6848348073319094	100.0
50	Transfer-NonSurface	training_seed	1	4fe5	30.0	100.0	0.5223263098868365	100.0
50	Transfer-NonSurface	training_seed	1	4jf2	40.0	100.0	0.6286724621099481	100.0
50	Transfer-NonSurface	training_seed	1	4kqy	0.0	0.0	4.152149179374192	100.0
50	Transfer-NonSurface	training_seed	1	4lvv	0.0	0.0	2.92473969188612	100.0
50	Transfer-NonSurface	training_seed	2	1am0	30.0	100.0	1.1961954160914765	100.0
50	Transfer-NonSurface	training_seed	2	1arj	30.0	100.0	1.4807453365338237	100.0
50	Transfer-NonSurface	training_seed	2	1byj	10.0	100.0	1.5788320811038077	100.0
50	Transfer-NonSurface	training_seed	2	1cvx	10.0	100.0	1.3931691620785565	100.0
50	Transfer-NonSurface	training_seed	2	1cvy	20.0	100.0	1.349363635121102	100.0
50	Transfer-NonSurface	training_seed	2	1db6	10.0	100.0	1.9154379784181652	100.0
50	Transfer-NonSurface	training_seed	2	1eht	50.0	100.0	0.9294859245013628	100.0
50	Transfer-NonSurface	training_seed	2	1ei2	0.0	0.0	3.4811490473692737	100.0
50	Transfer-NonSurface	training_seed	2	1f1t	40.0	100.0	0.6174560560508303	100.0
50	Transfer-NonSurface	training_seed	2	1f27	50.0	100.0	1.1174151019204994	100.0
50	Transfer-NonSurface	training_seed	2	1fjg	0.0	0.0	3.357473057899918	100.0
50	Transfer-NonSurface	training_seed	2	1fmn	10.0	100.0	1.3571395700445277	100.0
50	Transfer-NonSurface	training_seed	2	1fyp	0.0	0.0	2.668248682768388	100.0
50	Transfer-NonSurface	training_seed	2	1hnw	0.0	0.0	2.3763010749376847	100.0
50	Transfer-NonSurface	training_seed	2	1i9v	0.0	0.0	3.2281682293007385	100.0
50	Transfer-NonSurface	training_seed	2	1j7t	0.0	0.0	2.786626532591488	100.0
50	Transfer-NonSurface	training_seed	2	1koc	10.0	100.0	1.8837226865969423	100.0
50	Transfer-NonSurface	training_seed	2	1lc4	0.0	0.0	2.355584466087981	100.0
50	Transfer-NonSurface	training_seed	2	1lvj	0.0	0.0	3.9506930044256023	100.0
50	Transfer-NonSurface	training_seed	2	1mwl	0.0	0.0	2.1400042348776127	100.0
50	Transfer-NonSurface	training_seed	2	1nbk	20.0	100.0	1.6236581380224924	100.0
50	Transfer-NonSurface	training_seed	2	1nem	0.0	0.0	4.949750458933691	100.0
50	Transfer-NonSurface	training_seed	2	1nta	0.0	0.0	2.900197852431796	100.0
50	Transfer-NonSurface	training_seed	2	1ntb	0.0	0.0	3.048557991534686	100.0
50	Transfer-NonSurface	training_seed	2	1nzm	10.0	100.0	1.937397833435353	100.0
50	Transfer-NonSurface	training_seed	2	1o15	30.0	100.0	1.068962814349283	100.0
50	Transfer-NonSurface	training_seed	2	1o9m	10.0	100.0	1.8068185259388045	100.0
50	Transfer-NonSurface	training_seed	2	1p96	0.0	0.0	2.371348844661393	100.0
50	Transfer-NonSurface	training_seed	2	1pbr	0.0	0.0	3.3731206743621733	100.0
50	Transfer-NonSurface	training_seed	2	1q8n	20.0	100.0	1.147821433324888	100.0
50	Transfer-NonSurface	training_seed	2	1qd3	0.0	0.0	2.3273975475379607	100.0
50	Transfer-NonSurface	training_seed	2	1qv4	30.0	100.0	0.8682876736921435	100.0
50	Transfer-NonSurface	training_seed	2	1qv8	30.0	100.0	1.0755893630662106	100.0
50	Transfer-NonSurface	training_seed	2	1r4e	0.0	0.0	2.185744829219902	100.0
50	Transfer-NonSurface	training_seed	2	1tob	0.0	0.0	3.5536143608919497	100.0
50	Transfer-NonSurface	training_seed	2	1u8d	0.0	0.0	2.5745934756772764	100.0
50	Transfer-NonSurface	training_seed	2	1uts	0.0	0.0	3.4942529875973967	100.0
50	Transfer-NonSurface	training_seed	2	1uud	0.0	0.0	2.233004798920056	100.0
50	Transfer-NonSurface	training_seed	2	1uui	0.0	0.0	2.196345143147153	100.0
50	Transfer-NonSurface	training_seed	2	1xbp	0.0	0.0	2.403673260865545	100.0
50	Transfer-NonSurface	training_seed	2	1xpf	50.0	100.0	1.5371720084530016	100.0
50	Transfer-NonSurface	training_seed	2	1y26	20.0	100.0	1.3067838972071857	100.0
50	Transfer-NonSurface	training_seed	2	1y27	40.0	100.0	0.7249981498408995	100.0
50	Transfer-NonSurface	training_seed	2	1ykv	0.0	0.0	3.6182381238268833	100.0
50	Transfer-NonSurface	training_seed	2	1yrj	0.0	0.0	2.5809953805313803	100.0
50	Transfer-NonSurface	training_seed	2	1zz5	10.0	100.0	1.9923831438022457	100.0
50	Transfer-NonSurface	training_seed	2	2au4	0.0	0.0	2.988380120723852	100.0
50	Transfer-NonSurface	training_seed	2	2b57	10.0	100.0	1.33921217682093	100.0
50	Transfer-NonSurface	training_seed	2	2be0	0.0	0.0	3.476524072231874	100.0
50	Transfer-NonSurface	training_seed	2	2bee	0.0	0.0	4.143763416366374	100.0
50	Transfer-NonSurface	training_seed	2	2d55	0.0	0.0	6.005104018740132	100.0
50	Transfer-NonSurface	training_seed	2	2esi	0.0	0.0	2.741237895384293	100.0
50	Transfer-NonSurface	training_seed	2	2esj	0.0	0.0	2.636296798577942	100.0
50	Transfer-NonSurface	training_seed	2	2et3	0.0	0.0	2.5006298404021496	100.0
50	Transfer-NonSurface	training_seed	2	2et4	0.0	0.0	3.2038087314721424	100.0
50	Transfer-NonSurface	training_seed	2	2et8	0.0	0.0	2.711440533101446	100.0
50	Transfer-NonSurface	training_seed	2	2f4s	0.0	0.0	2.1248233397155634	100.0
50	Transfer-NonSurface	training_seed	2	2f4t	0.0	0.0	2.8608643226929065	100.0
50	Transfer-NonSurface	training_seed	2	2f4u	0.0	0.0	2.614078379924537	100.0
50	Transfer-NonSurface	training_seed	2	2fcx	30.0	100.0	1.3479789653066145	100.0
50	Transfer-NonSurface	training_seed	2	2fcy	0.0	0.0	2.2180679637167717	100.0
50	Transfer-NonSurface	training_seed	2	2fcz	0.0	0.0	2.0974860503207933	100.0
50	Transfer-NonSurface	training_seed	2	2fd0	0.0	0.0	3.2635309223824054	100.0
50	Transfer-NonSurface	training_seed	2	2g5k	0.0	0.0	2.8037511253627656	100.0
50	Transfer-NonSurface	training_seed	2	2g5q	10.0	100.0	1.6291176323396663	100.0
50	Transfer-NonSurface	training_seed	2	2g9c	20.0	100.0	0.43193620285099177	100.0
50	Transfer-NonSurface	training_seed	2	2gdi	20.0	100.0	1.3884260642069604	100.0
50	Transfer-NonSurface	training_seed	2	2gis	0.0	0.0	2.392989366879845	100.0
50	Transfer-NonSurface	training_seed	2	2juk	0.0	0.0	4.762704243424458	100.0
50	Transfer-NonSurface	training_seed	2	2jwq	10.0	100.0	1.320922598390042	100.0
50	Transfer-NonSurface	training_seed	2	2kgp	0.0	0.0	2.2167825362025253	100.0
50	Transfer-NonSurface	training_seed	2	2ktz	30.0	100.0	0.9083994345048303	100.0
50	Transfer-NonSurface	training_seed	2	2ku0	20.0	100.0	1.0102512106875459	100.0
50	Transfer-NonSurface	training_seed	2	2l94	50.0	100.0	1.199354769935346	100.0
50	Transfer-NonSurface	training_seed	2	2loa	0.0	0.0	3.3704567917097834	100.0
50	Transfer-NonSurface	training_seed	2	2mb3	0.0	0.0	2.6922720034944465	100.0
50	Transfer-NonSurface	training_seed	2	2o3v	0.0	0.0	3.763394540912689	100.0
50	Transfer-NonSurface	training_seed	2	2o3w	0.0	0.0	4.480735065812305	100.0
50	Transfer-NonSurface	training_seed	2	2o3x	0.0	0.0	4.120657465236156	100.0
50	Transfer-NonSurface	training_seed	2	2oe5	0.0	0.0	3.2438519439586515	100.0
50	Transfer-NonSurface	training_seed	2	2oe8	0.0	0.0	2.5850515019178175	100.0
50	Transfer-NonSurface	training_seed	2	2ogn	0.0	0.0	4.823514612842284	100.0
50	Transfer-NonSurface	training_seed	2	2pwt	0.0	0.0	3.8803350931760168	100.0
50	Transfer-NonSurface	training_seed	2	2tob	0.0	0.0	2.674599441797313	100.0
50	Transfer-NonSurface	training_seed	2	2xnw	20.0	100.0	0.9899646422978956	100.0
50	Transfer-NonSurface	training_seed	2	2xnz	10.0	100.0	0.3760747797978481	100.0
50	Transfer-NonSurface	training_seed	2	2xo0	80.0	100.0	0.32831386088619546	100.0
50	Transfer-NonSurface	training_seed	2	2xo1	10.0	100.0	0.8768803473886067	100.0
50	Transfer-NonSurface	training_seed	2	2ydh	0.0	0.0	2.3798155507424426	100.0
50	Transfer-NonSurface	training_seed	2	2ygh	0.0	0.0	2.770741141256587	100.0
50	Transfer-NonSurface	training_seed	2	316d	0.0	0.0	4.927568362737401	100.0
50	Transfer-NonSurface	training_seed	2	3c44	0.0	0.0	3.0895771764572753	100.0
50	Transfer-NonSurface	training_seed	2	3d2x	0.0	0.0	2.4072714201735987	100.0
50	Transfer-NonSurface	training_seed	2	3dil	0.0	0.0	2.1457158982493465	100.0
50	Transfer-NonSurface	training_seed	2	3ds7	20.0	100.0	1.2629335030625704	100.0
50	Transfer-NonSurface	training_seed	2	3dvv	0.0	0.0	3.971139175025141	100.0
50	Transfer-NonSurface	training_seed	2	3e5c	0.0	0.0	2.468138404036832	100.0
50	Transfer-NonSurface	training_seed	2	3f2q	20.0	100.0	1.7304785284479418	100.0
50	Transfer-NonSurface	training_seed	2	3fo4	10.0	100.0	1.5780429533847529	100.0
50	Transfer-NonSurface	training_seed	2	3fo6	50.0	100.0	0.3387071362795101	100.0
50	Transfer-NonSurface	training_seed	2	3gao	30.0	100.0	0.38704388757489905	100.0
50	Transfer-NonSurface	training_seed	2	3ger	20.0	100.0	0.7380477731519456	100.0
50	Transfer-NonSurface	training_seed	2	3ges	0.0	0.0	2.3490415341510387	100.0
50	Transfer-NonSurface	training_seed	2	3gog	10.0	100.0	0.4612203624378183	100.0
50	Transfer-NonSurface	training_seed	2	3got	10.0	100.0	0.9690539763557596	100.0
50	Transfer-NonSurface	training_seed	2	3gx2	10.0	100.0	1.9927607961671516	100.0
50	Transfer-NonSurface	training_seed	2	3gx3	0.0	0.0	2.4235702870257025	100.0
50	Transfer-NonSurface	training_seed	2	3gx5	20.0	100.0	1.834409221884074	100.0
50	Transfer-NonSurface	training_seed	2	3gx7	0.0	0.0	4.343551367427521	100.0
50	Transfer-NonSurface	training_seed	2	3la5	40.0	100.0	0.672912808244872	100.0
50	Transfer-NonSurface	training_seed	2	3mum	0.0	0.0	3.161787406398613	100.0
50	Transfer-NonSurface	training_seed	2	3mur	0.0	0.0	3.447618203478529	100.0
50	Transfer-NonSurface	training_seed	2	3mxh	0.0	0.0	3.844826696778525	100.0
50	Transfer-NonSurface	training_seed	2	3npn	20.0	100.0	1.4911462454717912	100.0
50	Transfer-NonSurface	training_seed	2	3npq	10.0	100.0	1.8989711673997012	100.0
50	Transfer-NonSurface	training_seed	2	3owz	40.0	100.0	1.1123630666288773	100.0
50	Transfer-NonSurface	training_seed	2	3q3z	0.0	0.0	3.3421402018636264	100.0
50	Transfer-NonSurface	training_seed	2	3q50	50.0	100.0	0.5980653385966874	100.0
50	Transfer-NonSurface	training_seed	2	3s4p	0.0	0.0	4.295234865610345	100.0
50	Transfer-NonSurface	training_seed	2	3slm	20.0	100.0	1.3553343011324137	100.0
50	Transfer-NonSurface	training_seed	2	407d	0.0	0.0	2.0523251542457888	100.0
50	Transfer-NonSurface	training_seed	2	408d	10.0	100.0	1.8628035330560109	100.0
50	Transfer-NonSurface	training_seed	2	4aob	0.0	0.0	3.6356678007495966	100.0
50	Transfer-NonSurface	training_seed	2	4erj	50.0	100.0	0.41872943133563795	100.0
50	Transfer-NonSurface	training_seed	2	4fe5	50.0	100.0	0.7463117592534633	100.0
50	Transfer-NonSurface	training_seed	2	4jf2	30.0	100.0	0.657936738249553	100.0
50	Transfer-NonSurface	training_seed	2	4kqy	0.0	0.0	2.0326876448390885	100.0
50	Transfer-NonSurface	training_seed	2	4lvv	0.0	0.0	2.289581224038708	100.0
100	Transfer-All	training_seed	0	1am0	50.0	100.0	1.0335582981390912	100.0
100	Transfer-All	training_seed	0	1arj	60.0	100.0	1.5809500893450115	100.0
100	Transfer-All	training_seed	0	1byj	10.0	100.0	1.8173062511097522	100.0
100	Transfer-All	training_seed	0	1cvx	20.0	100.0	1.6694389137272039	100.0
100	Transfer-All	training_seed	0	1cvy	20.0	100.0	1.4767882133989434	100.0
100	Transfer-All	training_seed	0	1db6	10.0	100.0	1.5957427609632662	100.0
100	Transfer-All	training_seed	0	1eht	40.0	100.0	0.37533613550440953	100.0
100	Transfer-All	training_seed	0	1ei2	0.0	0.0	2.113420555470613	100.0
100	Transfer-All	training_seed	0	1f1t	50.0	100.0	0.30377106764545847	100.0
100	Transfer-All	training_seed	0	1f27	20.0	100.0	1.7059056396090613	100.0
100	Transfer-All	training_seed	0	1fjg	0.0	0.0	3.706064781126303	100.0
100	Transfer-All	training_seed	0	1fmn	20.0	100.0	1.0761604786491892	100.0
100	Transfer-All	training_seed	0	1fyp	0.0	0.0	3.278889935270632	100.0
100	Transfer-All	training_seed	0	1hnw	0.0	0.0	2.471492614924227	100.0
100	Transfer-All	training_seed	0	1i9v	0.0	0.0	3.23421851611792	100.0
100	Transfer-All	training_seed	0	1j7t	10.0	100.0	1.862841620763188	100.0
100	Transfer-All	training_seed	0	1koc	80.0	100.0	1.6224136733583086	100.0
100	Transfer-All	training_seed	0	1lc4	10.0	100.0	1.7979601333872783	100.0
100	Transfer-All	training_seed	0	1lvj	10.0	100.0	1.5227563592266549	100.0
100	Transfer-All	training_seed	0	1mwl	0.0	0.0	2.328356217693201	100.0
100	Transfer-All	training_seed	0	1nbk	70.0	100.0	1.0314878594373595	100.0
100	Transfer-All	training_seed	0	1nem	10.0	100.0	1.9061396154456862	100.0
100	Transfer-All	training_seed	0	1nta	0.0	0.0	2.722525336108005	100.0
100	Transfer-All	training_seed	0	1ntb	0.0	0.0	2.2754580417467603	100.0
100	Transfer-All	training_seed	0	1nzm	30.0	100.0	0.621254563208748	100.0
100	Transfer-All	training_seed	0	1o15	30.0	100.0	0.5985183879959168	100.0
100	Transfer-All	training_seed	0	1o9m	0.0	0.0	2.5781693938749477	100.0
100	Transfer-All	training_seed	0	1p96	0.0	0.0	2.268233157870138	100.0
100	Transfer-All	training_seed	0	1pbr	0.0	0.0	3.732258203471587	100.0
100	Transfer-All	training_seed	0	1q8n	60.0	100.0	0.8616442611658247	100.0
100	Transfer-All	training_seed	0	1qd3	10.0	100.0	1.8327248964185492	100.0
100	Transfer-All	training_seed	0	1qv4	20.0	100.0	0.9202139215576842	100.0
100	Transfer-All	training_seed	0	1qv8	10.0	100.0	1.2011739712121832	100.0
100	Transfer-All	training_seed	0	1r4e	0.0	0.0	2.1000306483111513	100.0
100	Transfer-All	training_seed	0	1tob	0.0	0.0	3.2929649110357215	100.0
100	Transfer-All	training_seed	0	1u8d	0.0	0.0	2.798447455107922	100.0
100	Transfer-All	training_seed	0	1uts	0.0	0.0	3.4800267239874274	100.0
100	Transfer-All	training_seed	0	1uud	10.0	100.0	1.5812076444287764	100.0
100	Transfer-All	training_seed	0	1uui	30.0	100.0	1.3669143252628146	100.0
100	Transfer-All	training_seed	0	1xbp	0.0	0.0	3.0436641597993463	100.0
100	Transfer-All	training_seed	0	1xpf	80.0	100.0	1.264426054720932	100.0
100	Transfer-All	training_seed	0	1y26	20.0	100.0	0.32423017749740735	100.0
100	Transfer-All	training_seed	0	1y27	40.0	100.0	0.4766516480999128	100.0
100	Transfer-All	training_seed	0	1ykv	10.0	100.0	0.8844226966946128	100.0
100	Transfer-All	training_seed	0	1yrj	0.0	0.0	2.5413078262122375	100.0
100	Transfer-All	training_seed	0	1zz5	0.0	0.0	2.3765892913492856	100.0
100	Transfer-All	training_seed	0	2au4	0.0	0.0	3.293952408059731	100.0
100	Transfer-All	training_seed	0	2b57	0.0	0.0	2.8017132080211202	100.0
100	Transfer-All	training_seed	0	2be0	0.0	0.0	4.2796352868511525	100.0
100	Transfer-All	training_seed	0	2bee	0.0	0.0	3.511952982112863	100.0
100	Transfer-All	training_seed	0	2d55	0.0	0.0	5.008980432372329	100.0
100	Transfer-All	training_seed	0	2esi	0.0	0.0	2.992714856467487	100.0
100	Transfer-All	training_seed	0	2esj	0.0	0.0	2.7541836582663723	100.0
100	Transfer-All	training_seed	0	2et3	0.0	0.0	2.8163698641359063	100.0
100	Transfer-All	training_seed	0	2et4	0.0	0.0	2.1725562114487995	100.0
100	Transfer-All	training_seed	0	2et8	0.0	0.0	2.844320627144556	100.0
100	Transfer-All	training_seed	0	2f4s	20.0	100.0	1.3672533043228743	100.0
100	Transfer-All	training_seed	0	2f4t	0.0	0.0	3.0694514103151587	100.0
100	Transfer-All	training_seed	0	2f4u	20.0	100.0	1.7716351862207853	100.0
100	Transfer-All	training_seed	0	2fcx	40.0	100.0	1.3223830144168454	100.0
100	Transfer-All	training_seed	0	2fcy	10.0	100.0	1.503295245690043	100.0
100	Transfer-All	training_seed	0	2fcz	20.0	100.0	1.3079069422850462	100.0
100	Transfer-All	training_seed	0	2fd0	0.0	0.0	2.544914265104184	100.0
100	Transfer-All	training_seed	0	2g5k	0.0	0.0	2.185890438514518	100.0
100	Transfer-All	training_seed	0	2g5q	10.0	100.0	1.4559367267329992	100.0
100	Transfer-All	training_seed	0	2g9c	10.0	100.0	0.6581404620426994	100.0
100	Transfer-All	training_seed	0	2gdi	10.0	100.0	1.0066975750901102	100.0
100	Transfer-All	training_seed	0	2gis	10.0	100.0	1.9011474180571022	100.0
100	Transfer-All	training_seed	0	2juk	0.0	0.0	5.271044652723026	100.0
100	Transfer-All	training_seed	0	2jwq	20.0	100.0	1.1313036467942639	100.0
100	Transfer-All	training_seed	0	2kgp	20.0	100.0	1.2596155173553942	100.0
100	Transfer-All	training_seed	0	2ktz	30.0	100.0	0.847137015764428	100.0
100	Transfer-All	training_seed	0	2ku0	60.0	100.0	0.760091562848216	100.0
100	Transfer-All	training_seed	0	2l94	70.0	100.0	1.0470116278007613	100.0
100	Transfer-All	training_seed	0	2loa	0.0	0.0	2.8221386045831025	100.0
100	Transfer-All	training_seed	0	2mb3	0.0	0.0	2.95112348745355	100.0
100	Transfer-All	training_seed	0	2o3v	0.0	0.0	3.156152409908531	100.0
100	Transfer-All	training_seed	0	2o3w	0.0	0.0	3.6971103371416976	100.0
100	Transfer-All	training_seed	0	2o3x	0.0	0.0	2.4005317436472415	100.0
100	Transfer-All	training_seed	0	2oe5	0.0	0.0	2.2474454680574323	100.0
100	Transfer-All	training_seed	0	2oe8	10.0	100.0	1.853764098523049	100.0
100	Transfer-All	training_seed	0	2ogn	0.0	0.0	3.9948298009408174	100.0
100	Transfer-All	training_seed	0	2pwt	0.0	0.0	3.8698461567612736	100.0
100	Transfer-All	training_seed	0	2tob	0.0	0.0	2.11387585462108	100.0
100	Transfer-All	training_seed	0	2xnw	30.0	100.0	0.33714413089953127	100.0
100	Transfer-All	training_seed	0	2xnz	40.0	100.0	0.27317028470249916	100.0
100	Transfer-All	training_seed	0	2xo0	60.0	100.0	0.3122581063799626	100.0
100	Transfer-All	training_seed	0	2xo1	30.0	100.0	0.8477363655373912	100.0
100	Transfer-All	training_seed	0	2ydh	0.0	0.0	4.612392746600065	100.0
100	Transfer-All	training_seed	0	2ygh	10.0	100.0	1.6188498087634113	100.0
100	Transfer-All	training_seed	0	316d	0.0	0.0	5.208864698328658	100.0
100	Transfer-All	training_seed	0	3c44	0.0	0.0	2.644136432750776	100.0
100	Transfer-All	training_seed	0	3d2x	10.0	100.0	1.666181701583686	100.0
100	Transfer-All	training_seed	0	3dil	50.0	100.0	1.2529989952110894	100.0
100	Transfer-All	training_seed	0	3ds7	60.0	100.0	0.7329222081216361	100.0
100	Transfer-All	training_seed	0	3dvv	0.0	0.0	3.613705407642661	100.0
100	Transfer-All	training_seed	0	3e5c	0.0	0.0	2.147447678834885	100.0
100	Transfer-All	training_seed	0	3f2q	30.0	100.0	1.8340105333535064	100.0
100	Transfer-All	training_seed	0	3fo4	0.0	0.0	2.7917065163867716	100.0
100	Transfer-All	training_seed	0	3fo6	20.0	100.0	0.34332274053238376	100.0
100	Transfer-All	training_seed	0	3gao	10.0	100.0	1.1254779986541477	100.0
100	Transfer-All	training_seed	0	3ger	30.0	100.0	0.5554909834797257	100.0
100	Transfer-All	training_seed	0	3ges	20.0	100.0	0.31911474555923225	100.0
100	Transfer-All	training_seed	0	3gog	20.0	100.0	0.37644169293772245	100.0
100	Transfer-All	training_seed	0	3got	0.0	0.0	2.867043825330132	100.0
100	Transfer-All	training_seed	0	3gx2	10.0	100.0	1.3047372464301843	100.0
100	Transfer-All	training_seed	0	3gx3	10.0	100.0	1.5750426698737645	100.0
100	Transfer-All	training_seed	0	3gx5	30.0	100.0	0.8240554361521147	100.0
100	Transfer-All	training_seed	0	3gx7	10.0	100.0	1.7251729240217553	100.0
100	Transfer-All	training_seed	0	3la5	70.0	100.0	0.4713279020490936	100.0
100	Transfer-All	training_seed	0	3mum	0.0	0.0	3.1308314179824643	100.0
100	Transfer-All	training_seed	0	3mur	0.0	0.0	3.4189729206234616	100.0
100	Transfer-All	training_seed	0	3mxh	0.0	0.0	3.767257899609995	100.0
100	Transfer-All	training_seed	0	3npn	30.0	100.0	1.5455107022499817	100.0
100	Transfer-All	training_seed	0	3npq	30.0	100.0	1.4025445643543737	100.0
100	Transfer-All	training_seed	0	3owz	20.0	100.0	0.6153168890904898	100.0
100	Transfer-All	training_seed	0	3q3z	0.0	0.0	3.1153311347829185	100.0
100	Transfer-All	training_seed	0	3q50	70.0	100.0	0.5061131167269604	100.0
100	Transfer-All	training_seed	0	3s4p	0.0	0.0	4.432038701277623	100.0
100	Transfer-All	training_seed	0	3slm	30.0	100.0	0.9175255148685413	100.0
100	Transfer-All	training_seed	0	407d	10.0	100.0	1.496306243791134	100.0
100	Transfer-All	training_seed	0	408d	10.0	100.0	1.6744735040437875	100.0
100	Transfer-All	training_seed	0	4aob	20.0	100.0	1.983433928167865	100.0
100	Transfer-All	training_seed	0	4erj	80.0	100.0	0.5862055280455061	100.0
100	Transfer-All	training_seed	0	4fe5	0.0	0.0	2.8374376493590128	100.0
100	Transfer-All	training_seed	0	4jf2	40.0	100.0	0.35308979572646004	100.0
100	Transfer-All	training_seed	0	4kqy	10.0	100.0	1.1629170762768497	100.0
100	Transfer-All	training_seed	0	4lvv	0.0	0.0	2.273690977373186	100.0
100	Transfer-All	training_seed	1	1am0	60.0	100.0	1.0549085068507538	100.0
100	Transfer-All	training_seed	1	1arj	70.0	100.0	1.514343657056306	100.0
100	Transfer-All	training_seed	1	1byj	20.0	100.0	1.2888887664411015	100.0
100	Transfer-All	training_seed	1	1cvx	20.0	100.0	1.581814043010956	100.0
100	Transfer-All	training_seed	1	1cvy	20.0	100.0	1.4835871939036458	100.0
100	Transfer-All	training_seed	1	1db6	0.0	0.0	4.775767598163322	100.0
100	Transfer-All	training_seed	1	1eht	50.0	100.0	0.40482920805236816	100.0
100	Transfer-All	training_seed	1	1ei2	0.0	0.0	2.704487310141108	100.0
100	Transfer-All	training_seed	1	1f1t	70.0	100.0	0.3396224442161993	100.0
100	Transfer-All	training_seed	1	1f27	30.0	100.0	1.7336141356282257	100.0
100	Transfer-All	training_seed	1	1fjg	0.0	0.0	2.6651502201475235	100.0
100	Transfer-All	training_seed	1	1fmn	10.0	100.0	1.129785518611615	100.0
100	Transfer-All	training_seed	1	1fyp	0.0	0.0	2.592405429142521	100.0
100	Transfer-All	training_seed	1	1hnw	0.0	0.0	2.1639358117790826	100.0
100	Transfer-All	training_seed	1	1i9v	0.0	0.0	3.2548462612	100.0
100	Transfer-All	training_seed	1	1j7t	10.0	100.0	1.8861586480766368	100.0
100	Transfer-All	training_seed	1	1koc	80.0	100.0	1.458053054018726	100.0
100	Transfer-All	training_seed	1	1lc4	40.0	100.0	1.4747575131186819	100.0
100	Transfer-All	training_seed	1	1lvj	10.0	100.0	1.863340059281112	100.0
100	Transfer-All	training_seed	1	1mwl	0.0	0.0	2.2660268266544525	100.0
100	Transfer-All	training_seed	1	1nbk	60.0	100.0	0.9795061553320292	100.0
100	Transfer-All	training_seed	1	1nem	0.0	0.0	2.1281905195214437	100.0
100	Transfer-All	training_seed	1	1nta	0.0	0.0	2.6101284470309123	100.0
100	Transfer-All	training_seed	1	1ntb	0.0	0.0	2.355942545139843	100.0
100	Transfer-All	training_seed	1	1nzm	20.0	100.0	0.59443810378438	100.0
100	Transfer-All	training_seed	1	1o15	30.0	100.0	0.5340885111030826	100.0
100	Transfer-All	training_seed	1	1o9m	10.0	100.0	1.650402848447058	100.0
100	Transfer-All	training_seed	1	1p96	0.0	0.0	2.1636593316855	100.0
100	Transfer-All	training_seed	1	1pbr	0.0	0.0	3.4950510815123934	100.0
100	Transfer-All	training_seed	1	1q8n	50.0	100.0	0.8476561392451541	100.0
100	Transfer-All	training_seed	1	1qd3	10.0	100.0	1.847009820403418	100.0
100	Transfer-All	training_seed	1	1qv4	40.0	100.0	0.824164841348068	100.0
100	Transfer-All	training_seed	1	1qv8	20.0	100.0	1.1265549247726057	100.0
100	Transfer-All	training_seed	1	1r4e	0.0	0.0	2.0856435492094456	100.0
100	Transfer-All	training_seed	1	1tob	0.0	0.0	2.986038445467925	100.0
100	Transfer-All	training_seed	1	1u8d	10.0	100.0	0.39228172147068	100.0
100	Transfer-All	training_seed	1	1uts	0.0	0.0	3.6423449651289213	100.0
100	Transfer-All	training_seed	1	1uud	0.0	0.0	2.447134881938468	100.0
100	Transfer-All	training_seed	1	1uui	20.0	100.0	1.551612118439063	100.0
100	Transfer-All	training_seed	1	1xbp	0.0	0.0	3.4631411690493783	100.0
100	Transfer-All	training_seed	1	1xpf	90.0	100.0	1.3213715452946178	100.0
100	Transfer-All	training_seed	1	1y26	20.0	100.0	0.276982681769096	100.0
100	Transfer-All	training_seed	1	1y27	60.0	100.0	0.3655786670720568	100.0
100	Transfer-All	training_seed	1	1ykv	10.0	100.0	0.9986307466798152	100.0
100	Transfer-All	training_seed	1	1yrj	0.0	0.0	3.002067675966196	100.0
100	Transfer-All	training_seed	1	1zz5	10.0	100.0	1.8381662885577699	100.0
100	Transfer-All	training_seed	1	2au4	0.0	0.0	3.006773155519052	100.0
100	Transfer-All	training_seed	1	2b57	0.0	0.0	2.8038987058606937	100.0
100	Transfer-All	training_seed	1	2be0	0.0	0.0	3.4217957423416867	100.0
100	Transfer-All	training_seed	1	2bee	0.0	0.0	3.1319252840541965	100.0
100	Transfer-All	training_seed	1	2d55	0.0	0.0	4.93089716980817	100.0
100	Transfer-All	training_seed	1	2esi	0.0	0.0	2.8398907565416858	100.0
100	Transfer-All	training_seed	1	2esj	0.0	0.0	3.1641133611353722	100.0
100	Transfer-All	training_seed	1	2et3	10.0	100.0	1.7925259667890177	100.0
100	Transfer-All	training_seed	1	2et4	0.0	0.0	2.720505963139245	100.0
100	Transfer-All	training_seed	1	2et8	10.0	100.0	1.1642170666082068	100.0
100	Transfer-All	training_seed	1	2f4s	20.0	100.0	1.3698636946127825	100.0
100	Transfer-All	training_seed	1	2f4t	0.0	0.0	2.0827718563765654	100.0
100	Transfer-All	training_seed	1	2f4u	10.0	100.0	1.6611533229121938	100.0
100	Transfer-All	training_seed	1	2fcx	40.0	100.0	1.2351935974501407	100.0
100	Transfer-All	training_seed	1	2fcy	10.0	100.0	1.4628302287330675	100.0
100	Transfer-All	training_seed	1	2fcz	30.0	100.0	1.286934812244871	100.0
100	Transfer-All	training_seed	1	2fd0	0.0	0.0	2.841937205228423	100.0
100	Transfer-All	training_seed	1	2g5k	0.0	0.0	2.680281584793618	100.0
100	Transfer-All	training_seed	1	2g5q	10.0	100.0	1.2909452050726244	100.0
100	Transfer-All	training_seed	1	2g9c	10.0	100.0	0.7895904536178515	100.0
100	Transfer-All	training_seed	1	2gdi	10.0	100.0	1.4662899906016076	100.0
100	Transfer-All	training_seed	1	2gis	30.0	100.0	1.300004511673083	100.0
100	Transfer-All	training_seed	1	2juk	0.0	0.0	3.9434458424496377	100.0
100	Transfer-All	training_seed	1	2jwq	30.0	100.0	1.1116196835867473	100.0
100	Transfer-All	training_seed	1	2kgp	30.0	100.0	1.2493659400621981	100.0
100	Transfer-All	training_seed	1	2ktz	30.0	100.0	0.7574546779381818	100.0
100	Transfer-All	training_seed	1	2ku0	50.0	100.0	0.7063169798942657	100.0
100	Transfer-All	training_seed	1	2l94	70.0	100.0	1.2663480718849247	100.0
100	Transfer-All	training_seed	1	2loa	0.0	0.0	3.1962174427445245	100.0
100	Transfer-All	training_seed	1	2mb3	0.0	0.0	2.9555456182234776	100.0
100	Transfer-All	training_seed	1	2o3v	0.0	0.0	2.9733803101136305	100.0
100	Transfer-All	training_seed	1	2o3w	0.0	0.0	3.210080281743448	100.0
100	Transfer-All	training_seed	1	2o3x	0.0	0.0	2.4462863252614744	100.0
100	Transfer-All	training_seed	1	2oe5	0.0	0.0	2.202488434978993	100.0
100	Transfer-All	training_seed	1	2oe8	10.0	100.0	1.3988052236761856	100.0
100	Transfer-All	training_seed	1	2ogn	0.0	0.0	3.9923465755230865	100.0
100	Transfer-All	training_seed	1	2pwt	0.0	0.0	6.529741499681795	100.0
100	Transfer-All	training_seed	1	2tob	10.0	100.0	1.7692490680193957	100.0
100	Transfer-All	training_seed	1	2xnw	40.0	100.0	0.3175797883997031	100.0
100	Transfer-All	training_seed	1	2xnz	60.0	100.0	0.23139838902733206	100.0
100	Transfer-All	training_seed	1	2xo0	80.0	100.0	0.2661728855462177	100.0
100	Transfer-All	training_seed	1	2xo1	40.0	100.0	0.7891758906375917	100.0
100	Transfer-All	training_seed	1	2ydh	10.0	100.0	1.5029729619805023	100.0
100	Transfer-All	training_seed	1	2ygh	20.0	100.0	1.144326816339018	100.0
100	Transfer-All	training_seed	1	316d	0.0	0.0	5.83926344181927	100.0
100	Transfer-All	training_seed	1	3c44	0.0	0.0	2.7805419577502373	100.0
100	Transfer-All	training_seed	1	3d2x	20.0	100.0	1.891922275704711	100.0
100	Transfer-All	training_seed	1	3dil	50.0	100.0	0.9392441322680702	100.0
100	Transfer-All	training_seed	1	3ds7	60.0	100.0	0.7356501131294472	100.0
100	Transfer-All	training_seed	1	3dvv	10.0	100.0	1.4947453631455632	100.0
100	Transfer-All	training_seed	1	3e5c	0.0	0.0	2.1810945756151376	100.0
100	Transfer-All	training_seed	1	3f2q	10.0	100.0	1.8794464838899907	100.0
100	Transfer-All	training_seed	1	3fo4	10.0	100.0	0.41093787519858455	100.0
100	Transfer-All	training_seed	1	3fo6	0.0	0.0	2.9612124999736174	100.0
100	Transfer-All	training_seed	1	3gao	10.0	100.0	0.6470830851528334	100.0
100	Transfer-All	training_seed	1	3ger	20.0	100.0	0.5266843448318065	100.0
100	Transfer-All	training_seed	1	3ges	30.0	100.0	0.29680791206884455	100.0
100	Transfer-All	training_seed	1	3gog	10.0	100.0	0.36035773387515435	100.0
100	Transfer-All	training_seed	1	3got	0.0	0.0	3.3477958987966994	100.0
100	Transfer-All	training_seed	1	3gx2	10.0	100.0	1.3320153577693208	100.0
100	Transfer-All	training_seed	1	3gx3	10.0	100.0	1.55194751311426	100.0
100	Transfer-All	training_seed	1	3gx5	20.0	100.0	0.830478195133739	100.0
100	Transfer-All	training_seed	1	3gx7	0.0	0.0	2.167843356460089	100.0
100	Transfer-All	training_seed	1	3la5	80.0	100.0	0.41040813984374136	100.0
100	Transfer-All	training_seed	1	3mum	0.0	0.0	3.1498111207692663	100.0
100	Transfer-All	training_seed	1	3mur	0.0	0.0	3.452061104206285	100.0
100	Transfer-All	training_seed	1	3mxh	0.0	0.0	3.7974600477046554	100.0
100	Transfer-All	training_seed	1	3npn	20.0	100.0	1.771928966496034	100.0
100	Transfer-All	training_seed	1	3npq	40.0	100.0	1.780057049539532	100.0
100	Transfer-All	training_seed	1	3owz	40.0	100.0	0.6532922255774968	100.0
100	Transfer-All	training_seed	1	3q3z	0.0	0.0	3.126688694859982	100.0
100	Transfer-All	training_seed	1	3q50	60.0	100.0	0.585327756310679	100.0
100	Transfer-All	training_seed	1	3s4p	0.0	0.0	4.687538158918897	100.0
100	Transfer-All	training_seed	1	3slm	40.0	100.0	0.9200630753424983	100.0
100	Transfer-All	training_seed	1	407d	20.0	100.0	1.0267531401623924	100.0
100	Transfer-All	training_seed	1	408d	30.0	100.0	1.6664580956870325	100.0
100	Transfer-All	training_seed	1	4aob	30.0	100.0	1.8741036343335504	100.0
100	Transfer-All	training_seed	1	4erj	80.0	100.0	0.536683800968708	100.0
100	Transfer-All	training_seed	1	4fe5	20.0	100.0	0.5428181960841034	100.0
100	Transfer-All	training_seed	1	4jf2	40.0	100.0	0.3020727319448341	100.0
100	Transfer-All	training_seed	1	4kqy	20.0	100.0	1.2509929975823204	100.0
100	Transfer-All	training_seed	1	4lvv	0.0	0.0	2.2670507836368015	100.0
100	Transfer-All	training_seed	2	1am0	50.0	100.0	1.0602476708195407	100.0
100	Transfer-All	training_seed	2	1arj	80.0	100.0	1.7190926710525718	100.0
100	Transfer-All	training_seed	2	1byj	10.0	100.0	1.5291217652310185	100.0
100	Transfer-All	training_seed	2	1cvx	20.0	100.0	1.510307899348121	100.0
100	Transfer-All	training_seed	2	1cvy	20.0	100.0	1.4283533355849298	100.0
100	Transfer-All	training_seed	2	1db6	20.0	100.0	1.7273927405196539	100.0
100	Transfer-All	training_seed	2	1eht	50.0	100.0	0.4456089800227582	100.0
100	Transfer-All	training_seed	2	1ei2	0.0	0.0	2.7875453443674707	100.0
100	Transfer-All	training_seed	2	1f1t	50.0	100.0	0.3346898512630191	100.0
100	Transfer-All	training_seed	2	1f27	30.0	100.0	1.655626263495177	100.0
100	Transfer-All	training_seed	2	1fjg	0.0	0.0	2.6832103910907072	100.0
100	Transfer-All	training_seed	2	1fmn	10.0	100.0	1.16782032671292	100.0
100	Transfer-All	training_seed	2	1fyp	0.0	0.0	2.58338361290548	100.0
100	Transfer-All	training_seed	2	1hnw	0.0	0.0	2.4908897676081527	100.0
100	Transfer-All	training_seed	2	1i9v	0.0	0.0	3.318950579159738	100.0
100	Transfer-All	training_seed	2	1j7t	0.0	0.0	2.231126777896679	100.0
100	Transfer-All	training_seed	2	1koc	90.0	100.0	1.2432633785056701	100.0
100	Transfer-All	training_seed	2	1lc4	30.0	100.0	1.5307300286546286	100.0
100	Transfer-All	training_seed	2	1lvj	20.0	100.0	1.4478730954178207	100.0
100	Transfer-All	training_seed	2	1mwl	0.0	0.0	2.0984548665064744	100.0
100	Transfer-All	training_seed	2	1nbk	40.0	100.0	1.1126191059837145	100.0
100	Transfer-All	training_seed	2	1nem	10.0	100.0	1.9657841275054544	100.0
100	Transfer-All	training_seed	2	1nta	0.0	0.0	2.516836557615532	100.0
100	Transfer-All	training_seed	2	1ntb	0.0	0.0	2.6814613240265093	100.0
100	Transfer-All	training_seed	2	1nzm	20.0	100.0	0.5980752618576982	100.0
100	Transfer-All	training_seed	2	1o15	30.0	100.0	0.6678052594996422	100.0
100	Transfer-All	training_seed	2	1o9m	0.0	0.0	2.423272223500527	100.0
100	Transfer-All	training_seed	2	1p96	0.0	0.0	2.299675466122814	100.0
100	Transfer-All	training_seed	2	1pbr	0.0	0.0	3.1583820078671687	100.0
100	Transfer-All	training_seed	2	1q8n	60.0	100.0	0.8512254176186236	100.0
100	Transfer-All	training_seed	2	1qd3	10.0	100.0	1.9033594896042805	100.0
100	Transfer-All	training_seed	2	1qv4	40.0	100.0	0.8076240325795165	100.0
100	Transfer-All	training_seed	2	1qv8	30.0	100.0	0.8801850176491971	100.0
100	Transfer-All	training_seed	2	1r4e	0.0	0.0	2.09047083838877	100.0
100	Transfer-All	training_seed	2	1tob	0.0	0.0	3.227849935280062	100.0
100	Transfer-All	training_seed	2	1u8d	0.0	0.0	2.7590544141063984	100.0
100	Transfer-All	training_seed	2	1uts	0.0	0.0	3.6526650593322496	100.0
100	Transfer-All	training_seed	2	1uud	10.0	100.0	1.4266763819451136	100.0
100	Transfer-All	training_seed	2	1uui	30.0	100.0	1.571264341638398	100.0
100	Transfer-All	training_seed	2	1xbp	0.0	0.0	2.70156461126206	100.0
100	Transfer-All	training_seed	2	1xpf	60.0	100.0	1.3383024087039743	100.0
100	Transfer-All	training_seed	2	1y26	20.0	100.0	0.2954937664317133	100.0
100	Transfer-All	training_seed	2	1y27	70.0	100.0	0.36786582904887777	100.0
100	Transfer-All	training_seed	2	1ykv	20.0	100.0	1.0092455888293141	100.0
100	Transfer-All	training_seed	2	1yrj	0.0	0.0	2.432807664385307	100.0
100	Transfer-All	training_seed	2	1zz5	10.0	100.0	1.8637507133367963	100.0
100	Transfer-All	training_seed	2	2au4	0.0	0.0	3.5546938259504146	100.0
100	Transfer-All	training_seed	2	2b57	0.0	0.0	2.8061755217895596	100.0
100	Transfer-All	training_seed	2	2be0	0.0	0.0	3.676951852078023	100.0
100	Transfer-All	training_seed	2	2bee	0.0	0.0	3.0437445743152414	100.0
100	Transfer-All	training_seed	2	2d55	0.0	0.0	4.989665804740834	100.0
100	Transfer-All	training_seed	2	2esi	10.0	100.0	1.6134177415622646	100.0
100	Transfer-All	training_seed	2	2esj	0.0	0.0	2.965983646247513	100.0
100	Transfer-All	training_seed	2	2et3	10.0	100.0	1.9588460181707048	100.0
100	Transfer-All	training_seed	2	2et4	0.0	0.0	2.962483952056192	100.0
100	Transfer-All	training_seed	2	2et8	20.0	100.0	1.1310469984608391	100.0
100	Transfer-All	training_seed	2	2f4s	10.0	100.0	1.4070867664013533	100.0
100	Transfer-All	training_seed	2	2f4t	0.0	0.0	2.9442652235926614	100.0
100	Transfer-All	training_seed	2	2f4u	20.0	100.0	1.7377199768822238	100.0
100	Transfer-All	training_seed	2	2fcx	30.0	100.0	1.350762146984906	100.0
100	Transfer-All	training_seed	2	2fcy	10.0	100.0	1.8552079756343065	100.0
100	Transfer-All	training_seed	2	2fcz	20.0	100.0	1.294447118495246	100.0
100	Transfer-All	training_seed	2	2fd0	0.0	0.0	2.736899016925205	100.0
100	Transfer-All	training_seed	2	2g5k	0.0	0.0	2.5425351815047104	100.0
100	Transfer-All	training_seed	2	2g5q	10.0	100.0	1.3789997913342842	100.0
100	Transfer-All	training_seed	2	2g9c	20.0	100.0	0.37563356701267625	100.0
100	Transfer-All	training_seed	2	2gdi	20.0	100.0	1.3522384058123205	100.0
100	Transfer-All	training_seed	2	2gis	0.0	0.0	2.0353488950163916	100.0
100	Transfer-All	training_seed	2	2juk	0.0	0.0	4.9569891212475605	100.0
100	Transfer-All	training_seed	2	2jwq	10.0	100.0	1.1646401450662778	100.0
100	Transfer-All	training_seed	2	2kgp	50.0	100.0	1.1339981221049267	100.0
100	Transfer-All	training_seed	2	2ktz	30.0	100.0	0.7764182156880233	100.0
100	Transfer-All	training_seed	2	2ku0	50.0	100.0	0.5418726831854589	100.0
100	Transfer-All	training_seed	2	2l94	80.0	100.0	1.26662142183448	100.0
100	Transfer-All	training_seed	2	2loa	0.0	0.0	4.474454212575516	100.0
100	Transfer-All	training_seed	2	2mb3	0.0	0.0	3.33776113495259	100.0
100	Transfer-All	training_seed	2	2o3v	0.0	0.0	2.4401343602351084	100.0
100	Transfer-All	training_seed	2	2o3w	0.0	0.0	3.311131924893301	100.0
100	Transfer-All	training_seed	2	2o3x	0.0	0.0	3.7732341032252337	100.0
100	Transfer-All	training_seed	2	2oe5	0.0	0.0	2.251152880432841	100.0
100	Transfer-All	training_seed	2	2oe8	10.0	100.0	1.503585538421859	100.0
100	Transfer-All	training_seed	2	2ogn	0.0	0.0	3.7746540027270097	100.0
100	Transfer-All	training_seed	2	2pwt	0.0	0.0	4.076698812233578	100.0
100	Transfer-All	training_seed	2	2tob	20.0	100.0	1.8825945243532927	100.0
100	Transfer-All	training_seed	2	2xnw	30.0	100.0	0.3542624958981688	100.0
100	Transfer-All	training_seed	2	2xnz	30.0	100.0	0.23960098079932793	100.0
100	Transfer-All	training_seed	2	2xo0	70.0	100.0	0.2725982529291047	100.0
100	Transfer-All	training_seed	2	2xo1	20.0	100.0	0.7968948795737798	100.0
100	Transfer-All	training_seed	2	2ydh	0.0	0.0	2.818920773852869	100.0
100	Transfer-All	training_seed	2	2ygh	10.0	100.0	1.61929284359974	100.0
100	Transfer-All	training_seed	2	316d	0.0	0.0	5.582606604672003	100.0
100	Transfer-All	training_seed	2	3c44	0.0	0.0	2.2408899160186984	100.0
100	Transfer-All	training_seed	2	3d2x	10.0	100.0	1.9570324210199168	100.0
100	Transfer-All	training_seed	2	3dil	50.0	100.0	1.2438923683341738	100.0
100	Transfer-All	training_seed	2	3ds7	60.0	100.0	0.7224608763765253	100.0
100	Transfer-All	training_seed	2	3dvv	10.0	100.0	1.6316165707270098	100.0
100	Transfer-All	training_seed	2	3e5c	10.0	100.0	1.8327935266912858	100.0
100	Transfer-All	training_seed	2	3f2q	10.0	100.0	1.8080680509245755	100.0
100	Transfer-All	training_seed	2	3fo4	0.0	0.0	2.769007090670195	100.0
100	Transfer-All	training_seed	2	3fo6	0.0	0.0	3.246970939840187	100.0
100	Transfer-All	training_seed	2	3gao	10.0	100.0	0.8094412826141251	100.0
100	Transfer-All	training_seed	2	3ger	20.0	100.0	0.50689136723939	100.0
100	Transfer-All	training_seed	2	3ges	30.0	100.0	0.31324021533002494	100.0
100	Transfer-All	training_seed	2	3gog	20.0	100.0	0.3037782220334734	100.0
100	Transfer-All	training_seed	2	3got	0.0	0.0	2.82613287421651	100.0
100	Transfer-All	training_seed	2	3gx2	10.0	100.0	1.3510940653164496	100.0
100	Transfer-All	training_seed	2	3gx3	10.0	100.0	1.450557531274944	100.0
100	Transfer-All	training_seed	2	3gx5	20.0	100.0	0.9585796734598384	100.0
100	Transfer-All	training_seed	2	3gx7	0.0	0.0	3.3047222145825743	100.0
100	Transfer-All	training_seed	2	3la5	80.0	100.0	0.42993306310401397	100.0
100	Transfer-All	training_seed	2	3mum	0.0	0.0	3.1501885687519806	100.0
100	Transfer-All	training_seed	2	3mur	0.0	0.0	3.4298809087894377	100.0
100	Transfer-All	training_seed	2	3mxh	0.0	0.0	3.781801806276543	100.0
100	Transfer-All	training_seed	2	3npn	20.0	100.0	1.5646962865779321	100.0
100	Transfer-All	training_seed	2	3npq	30.0	100.0	1.7033333813663496	100.0
100	Transfer-All	training_seed	2	3owz	40.0	100.0	0.6260535104925137	100.0
100	Transfer-All	training_seed	2	3q3z	0.0	0.0	3.1206539515328178	100.0
100	Transfer-All	training_seed	2	3q50	70.0	100.0	0.5744155933173783	100.0
100	Transfer-All	training_seed	2	3s4p	0.0	0.0	4.032264335099226	100.0
100	Transfer-All	training_seed	2	3slm	20.0	100.0	0.9424785404084457	100.0
100	Transfer-All	training_seed	2	407d	20.0	100.0	1.3987141251729507	100.0
100	Transfer-All	training_seed	2	408d	10.0	100.0	1.6510964898927531	100.0
100	Transfer-All	training_seed	2	4aob	10.0	100.0	1.8338774526891055	100.0
100	Transfer-All	training_seed	2	4erj	70.0	100.0	0.46671654019210507	100.0
100	Transfer-All	training_seed	2	4fe5	0.0	0.0	2.361475266438334	100.0
100	Transfer-All	training_seed	2	4jf2	50.0	100.0	0.35101495037193936	100.0
100	Transfer-All	training_seed	2	4kqy	30.0	100.0	1.2973405496830244	100.0
100	Transfer-All	training_seed	2	4lvv	0.0	0.0	2.6195948110010314	100.0
100	Transfer-NonSurface	training_seed	0	1am0	30.0	100.0	1.2581858109129227	100.0
100	Transfer-NonSurface	training_seed	0	1arj	50.0	100.0	1.1969672701596037	100.0
100	Transfer-NonSurface	training_seed	0	1byj	0.0	0.0	2.0898478733800143	100.0
100	Transfer-NonSurface	training_seed	0	1cvx	20.0	100.0	1.6874813508846054	100.0
100	Transfer-NonSurface	training_seed	0	1cvy	10.0	100.0	1.2055862923481973	100.0
100	Transfer-NonSurface	training_seed	0	1db6	0.0	0.0	2.0749700744830033	100.0
100	Transfer-NonSurface	training_seed	0	1eht	50.0	100.0	0.668109069285501	100.0
100	Transfer-NonSurface	training_seed	0	1ei2	0.0	0.0	3.0809286085065795	100.0
100	Transfer-NonSurface	training_seed	0	1f1t	50.0	100.0	0.3679812155531849	100.0
100	Transfer-NonSurface	training_seed	0	1f27	30.0	100.0	1.2688891859614853	100.0
100	Transfer-NonSurface	training_seed	0	1fjg	0.0	0.0	2.7087391109500523	100.0
100	Transfer-NonSurface	training_seed	0	1fmn	20.0	100.0	1.0942920648646808	100.0
100	Transfer-NonSurface	training_seed	0	1fyp	0.0	0.0	2.7190565543427536	100.0
100	Transfer-NonSurface	training_seed	0	1hnw	0.0	0.0	2.3219416540230933	100.0
100	Transfer-NonSurface	training_seed	0	1i9v	0.0	0.0	3.1160959685921408	100.0
100	Transfer-NonSurface	training_seed	0	1j7t	0.0	0.0	2.434224004639241	100.0
100	Transfer-NonSurface	training_seed	0	1koc	60.0	100.0	1.7167119040965102	100.0
100	Transfer-NonSurface	training_seed	0	1lc4	0.0	0.0	2.737933521380678	100.0
100	Transfer-NonSurface	training_seed	0	1lvj	0.0	0.0	4.654450741704817	100.0
100	Transfer-NonSurface	training_seed	0	1mwl	0.0	0.0	2.0546449424914957	100.0
100	Transfer-NonSurface	training_seed	0	1nbk	30.0	100.0	1.7185059564924408	100.0
100	Transfer-NonSurface	training_seed	0	1nem	0.0	0.0	3.0821227998850773	100.0
100	Transfer-NonSurface	training_seed	0	1nta	0.0	0.0	2.741454741875197	100.0
100	Transfer-NonSurface	training_seed	0	1ntb	0.0	0.0	3.9573540880239664	100.0
100	Transfer-NonSurface	training_seed	0	1nzm	30.0	100.0	0.6771639592390511	100.0
100	Transfer-NonSurface	training_seed	0	1o15	40.0	100.0	0.8191632053034834	100.0
100	Transfer-NonSurface	training_seed	0	1o9m	10.0	100.0	1.8873369242601268	100.0
100	Transfer-NonSurface	training_seed	0	1p96	0.0	0.0	2.496569063992032	100.0
100	Transfer-NonSurface	training_seed	0	1pbr	0.0	0.0	2.3659320056747593	100.0
100	Transfer-NonSurface	training_seed	0	1q8n	50.0	100.0	1.0397472669836647	100.0
100	Transfer-NonSurface	training_seed	0	1qd3	0.0	0.0	2.092779918524868	100.0
100	Transfer-NonSurface	training_seed	0	1qv4	20.0	100.0	0.854816010947051	100.0
100	Transfer-NonSurface	training_seed	0	1qv8	30.0	100.0	1.2687762043657291	100.0
100	Transfer-NonSurface	training_seed	0	1r4e	0.0	0.0	2.0512175476893515	100.0
100	Transfer-NonSurface	training_seed	0	1tob	0.0	0.0	3.083117831280942	100.0
100	Transfer-NonSurface	training_seed	0	1u8d	0.0	0.0	2.4259614038562116	100.0
100	Transfer-NonSurface	training_seed	0	1uts	0.0	0.0	3.5494440451991913	100.0
100	Transfer-NonSurface	training_seed	0	1uud	10.0	100.0	1.9388795724335226	100.0
100	Transfer-NonSurface	training_seed	0	1uui	10.0	100.0	1.9709632877705083	100.0
100	Transfer-NonSurface	training_seed	0	1xbp	0.0	0.0	2.9574137815984147	100.0
100	Transfer-NonSurface	training_seed	0	1xpf	60.0	100.0	1.6679972287147247	100.0
100	Transfer-NonSurface	training_seed	0	1y26	20.0	100.0	0.5332826380072765	100.0
100	Transfer-NonSurface	training_seed	0	1y27	30.0	100.0	0.6659376274369571	100.0
100	Transfer-NonSurface	training_seed	0	1ykv	10.0	100.0	0.8332868302262864	100.0
100	Transfer-NonSurface	training_seed	0	1yrj	0.0	0.0	2.430854581017559	100.0
100	Transfer-NonSurface	training_seed	0	1zz5	10.0	100.0	1.9515059793188116	100.0
100	Transfer-NonSurface	training_seed	0	2au4	0.0	0.0	2.7306685898901213	100.0
100	Transfer-NonSurface	training_seed	0	2b57	0.0	0.0	2.7710981298854334	100.0
100	Transfer-NonSurface	training_seed	0	2be0	0.0	0.0	4.061654273317898	100.0
100	Transfer-NonSurface	training_seed	0	2bee	0.0	0.0	4.204454305876577	100.0
100	Transfer-NonSurface	training_seed	0	2d55	0.0	0.0	5.175037965282102	100.0
100	Transfer-NonSurface	training_seed	0	2esi	0.0	0.0	3.242092726554217	100.0
100	Transfer-NonSurface	training_seed	0	2esj	0.0	0.0	3.114213585321341	100.0
100	Transfer-NonSurface	training_seed	0	2et3	0.0	0.0	2.313989675444667	100.0
100	Transfer-NonSurface	training_seed	0	2et4	0.0	0.0	3.11365194949902	100.0
100	Transfer-NonSurface	training_seed	0	2et8	10.0	100.0	1.3062187781392658	100.0
100	Transfer-NonSurface	training_seed	0	2f4s	10.0	100.0	1.4097193918068809	100.0
100	Transfer-NonSurface	training_seed	0	2f4t	0.0	0.0	2.8714598443997086	100.0
100	Transfer-NonSurface	training_seed	0	2f4u	0.0	0.0	2.1560558060057518	100.0
100	Transfer-NonSurface	training_seed	0	2fcx	20.0	100.0	1.4463605895488167	100.0
100	Transfer-NonSurface	training_seed	0	2fcy	10.0	100.0	1.5870114967927533	100.0
100	Transfer-NonSurface	training_seed	0	2fcz	0.0	0.0	2.6568145486289496	100.0
100	Transfer-NonSurface	training_seed	0	2fd0	0.0	0.0	3.196560081195457	100.0
100	Transfer-NonSurface	training_seed	0	2g5k	0.0	0.0	2.437240161396559	100.0
100	Transfer-NonSurface	training_seed	0	2g5q	0.0	0.0	2.241426770162255	100.0
100	Transfer-NonSurface	training_seed	0	2g9c	20.0	100.0	0.439528472090009	100.0
100	Transfer-NonSurface	training_seed	0	2gdi	10.0	100.0	1.697701441429196	100.0
100	Transfer-NonSurface	training_seed	0	2gis	10.0	100.0	1.9983626953639386	100.0
100	Transfer-NonSurface	training_seed	0	2juk	0.0	0.0	4.973030485026208	100.0
100	Transfer-NonSurface	training_seed	0	2jwq	0.0	0.0	4.72780928899686	100.0
100	Transfer-NonSurface	training_seed	0	2kgp	0.0	0.0	2.136465082209395	100.0
100	Transfer-NonSurface	training_seed	0	2ktz	30.0	100.0	0.8875565135711689	100.0
100	Transfer-NonSurface	training_seed	0	2ku0	40.0	100.0	1.0542322302118219	100.0
100	Transfer-NonSurface	training_seed	0	2l94	20.0	100.0	1.432766892094919	100.0
100	Transfer-NonSurface	training_seed	0	2loa	0.0	0.0	3.8712711651230327	100.0
100	Transfer-NonSurface	training_seed	0	2mb3	0.0	0.0	2.6756408105723013	100.0
100	Transfer-NonSurface	training_seed	0	2o3v	0.0	0.0	3.6433874796481835	100.0
100	Transfer-NonSurface	training_seed	0	2o3w	0.0	0.0	4.582159693466453	100.0
100	Transfer-NonSurface	training_seed	0	2o3x	0.0	0.0	4.207266676259218	100.0
100	Transfer-NonSurface	training_seed	0	2oe5	0.0	0.0	2.1702118307368683	100.0
100	Transfer-NonSurface	training_seed	0	2oe8	10.0	100.0	1.7593313503346297	100.0
100	Transfer-NonSurface	training_seed	0	2ogn	0.0	0.0	2.980154905115648	100.0
100	Transfer-NonSurface	training_seed	0	2pwt	0.0	0.0	4.656248901190027	100.0
100	Transfer-NonSurface	training_seed	0	2tob	0.0	0.0	2.2341995757009934	100.0
100	Transfer-NonSurface	training_seed	0	2xnw	10.0	100.0	0.5767330899124827	100.0
100	Transfer-NonSurface	training_seed	0	2xnz	30.0	100.0	0.3687277405710973	100.0
100	Transfer-NonSurface	training_seed	0	2xo0	60.0	100.0	0.24484371035417662	100.0
100	Transfer-NonSurface	training_seed	0	2xo1	30.0	100.0	0.4538653544830229	100.0
100	Transfer-NonSurface	training_seed	0	2ydh	0.0	0.0	2.561838657712103	100.0
100	Transfer-NonSurface	training_seed	0	2ygh	0.0	0.0	3.440157913903458	100.0
100	Transfer-NonSurface	training_seed	0	316d	0.0	0.0	4.799753632757085	100.0
100	Transfer-NonSurface	training_seed	0	3c44	0.0	0.0	3.1944145673495856	100.0
100	Transfer-NonSurface	training_seed	0	3d2x	10.0	100.0	1.8833462858188597	100.0
100	Transfer-NonSurface	training_seed	0	3dil	40.0	100.0	1.3222558810608487	100.0
100	Transfer-NonSurface	training_seed	0	3ds7	60.0	100.0	0.8602143056116585	100.0
100	Transfer-NonSurface	training_seed	0	3dvv	10.0	100.0	1.8341587497691796	100.0
100	Transfer-NonSurface	training_seed	0	3e5c	0.0	0.0	2.100615091841929	100.0
100	Transfer-NonSurface	training_seed	0	3f2q	20.0	100.0	0.8560403977503895	100.0
100	Transfer-NonSurface	training_seed	0	3fo4	0.0	0.0	2.8347359718322975	100.0
100	Transfer-NonSurface	training_seed	0	3fo6	50.0	100.0	0.33259737296016	100.0
100	Transfer-NonSurface	training_seed	0	3gao	20.0	100.0	0.5565426357922145	100.0
100	Transfer-NonSurface	training_seed	0	3ger	20.0	100.0	0.8603463139922203	100.0
100	Transfer-NonSurface	training_seed	0	3ges	0.0	0.0	3.0028990112334224	100.0
100	Transfer-NonSurface	training_seed	0	3gog	0.0	0.0	2.7236124300441333	100.0
100	Transfer-NonSurface	training_seed	0	3got	0.0	0.0	2.783786508761697	100.0
100	Transfer-NonSurface	training_seed	0	3gx2	10.0	100.0	1.734184885055672	100.0
100	Transfer-NonSurface	training_seed	0	3gx3	10.0	100.0	1.9710253224966638	100.0
100	Transfer-NonSurface	training_seed	0	3gx5	10.0	100.0	1.940615362026523	100.0
100	Transfer-NonSurface	training_seed	0	3gx7	0.0	0.0	2.2120072026203803	100.0
100	Transfer-NonSurface	training_seed	0	3la5	40.0	100.0	0.4345808037638111	100.0
100	Transfer-NonSurface	training_seed	0	3mum	0.0	0.0	3.171414660169674	100.0
100	Transfer-NonSurface	training_seed	0	3mur	0.0	0.0	3.404802184670811	100.0
100	Transfer-NonSurface	training_seed	0	3mxh	0.0	0.0	3.815911753064255	100.0
100	Transfer-NonSurface	training_seed	0	3npn	30.0	100.0	1.4345529925595433	100.0
100	Transfer-NonSurface	training_seed	0	3npq	10.0	100.0	1.8410431085915142	100.0
100	Transfer-NonSurface	training_seed	0	3owz	40.0	100.0	0.6315502846171465	100.0
100	Transfer-NonSurface	training_seed	0	3q3z	0.0	0.0	3.187094349055674	100.0
100	Transfer-NonSurface	training_seed	0	3q50	50.0	100.0	0.5969872502181912	100.0
100	Transfer-NonSurface	training_seed	0	3s4p	0.0	0.0	5.762977545538188	100.0
100	Transfer-NonSurface	training_seed	0	3slm	20.0	100.0	1.179891983081134	100.0
100	Transfer-NonSurface	training_seed	0	407d	0.0	0.0	2.665603311830488	100.0
100	Transfer-NonSurface	training_seed	0	408d	10.0	100.0	1.5593862309364035	100.0
100	Transfer-NonSurface	training_seed	0	4aob	0.0	0.0	2.214975744119343	100.0
100	Transfer-NonSurface	training_seed	0	4erj	50.0	100.0	0.8496484554083388	100.0
100	Transfer-NonSurface	training_seed	0	4fe5	40.0	100.0	0.9070271004771577	100.0
100	Transfer-NonSurface	training_seed	0	4jf2	50.0	100.0	0.3450651722166732	100.0
100	Transfer-NonSurface	training_seed	0	4kqy	0.0	0.0	2.7652179490151503	100.0
100	Transfer-NonSurface	training_seed	0	4lvv	0.0	0.0	3.048821452916636	100.0
100	Transfer-NonSurface	training_seed	1	1am0	30.0	100.0	1.291814737356783	100.0
100	Transfer-NonSurface	training_seed	1	1arj	40.0	100.0	1.241774410873408	100.0
100	Transfer-NonSurface	training_seed	1	1byj	10.0	100.0	1.9838944754390089	100.0
100	Transfer-NonSurface	training_seed	1	1cvx	10.0	100.0	1.3341258942343734	100.0
100	Transfer-NonSurface	training_seed	1	1cvy	20.0	100.0	1.2169679563606064	100.0
100	Transfer-NonSurface	training_seed	1	1db6	0.0	0.0	2.209608845474692	100.0
100	Transfer-NonSurface	training_seed	1	1eht	50.0	100.0	0.6950200080130511	100.0
100	Transfer-NonSurface	training_seed	1	1ei2	0.0	0.0	2.709943644116186	100.0
100	Transfer-NonSurface	training_seed	1	1f1t	50.0	100.0	0.40398691239273526	100.0
100	Transfer-NonSurface	training_seed	1	1f27	30.0	100.0	1.2874413120119297	100.0
100	Transfer-NonSurface	training_seed	1	1fjg	10.0	100.0	1.7405788945334368	100.0
100	Transfer-NonSurface	training_seed	1	1fmn	20.0	100.0	0.7283182457530323	100.0
100	Transfer-NonSurface	training_seed	1	1fyp	0.0	0.0	3.0092165633267403	100.0
100	Transfer-NonSurface	training_seed	1	1hnw	0.0	0.0	2.399693690218608	100.0
100	Transfer-NonSurface	training_seed	1	1i9v	0.0	0.0	3.3089954775545087	100.0
100	Transfer-NonSurface	training_seed	1	1j7t	10.0	100.0	1.9112537452079537	100.0
100	Transfer-NonSurface	training_seed	1	1koc	40.0	100.0	1.5323315133046986	100.0
100	Transfer-NonSurface	training_seed	1	1lc4	0.0	0.0	3.0299693493189834	100.0
100	Transfer-NonSurface	training_seed	1	1lvj	0.0	0.0	4.251817124937648	100.0
100	Transfer-NonSurface	training_seed	1	1mwl	0.0	0.0	2.170993373604649	100.0
100	Transfer-NonSurface	training_seed	1	1nbk	40.0	100.0	1.4518026860309448	100.0
100	Transfer-NonSurface	training_seed	1	1nem	0.0	0.0	3.602270511807531	100.0
100	Transfer-NonSurface	training_seed	1	1nta	0.0	0.0	2.570613615365016	100.0
100	Transfer-NonSurface	training_seed	1	1ntb	0.0	0.0	2.793421976044794	100.0
100	Transfer-NonSurface	training_seed	1	1nzm	20.0	100.0	0.6821211927058571	100.0
100	Transfer-NonSurface	training_seed	1	1o15	50.0	100.0	0.8470362820310137	100.0
100	Transfer-NonSurface	training_seed	1	1o9m	10.0	100.0	1.7531197267204015	100.0
100	Transfer-NonSurface	training_seed	1	1p96	0.0	0.0	2.7805460112202462	100.0
100	Transfer-NonSurface	training_seed	1	1pbr	0.0	0.0	2.7708110889619095	100.0
100	Transfer-NonSurface	training_seed	1	1q8n	60.0	100.0	0.9760624736152906	100.0
100	Transfer-NonSurface	training_seed	1	1qd3	0.0	0.0	2.1834603938309876	100.0
100	Transfer-NonSurface	training_seed	1	1qv4	30.0	100.0	0.7674250532043597	100.0
100	Transfer-NonSurface	training_seed	1	1qv8	40.0	100.0	1.864587863388078	100.0
100	Transfer-NonSurface	training_seed	1	1r4e	0.0	0.0	2.3352415779605966	100.0
100	Transfer-NonSurface	training_seed	1	1tob	0.0	0.0	3.3566696879124107	100.0
100	Transfer-NonSurface	training_seed	1	1u8d	0.0	0.0	2.51062275302364	100.0
100	Transfer-NonSurface	training_seed	1	1uts	0.0	0.0	3.297164416788058	100.0
100	Transfer-NonSurface	training_seed	1	1uud	0.0	0.0	5.489325296391169	100.0
100	Transfer-NonSurface	training_seed	1	1uui	0.0	0.0	3.2950176948789243	100.0
100	Transfer-NonSurface	training_seed	1	1xbp	0.0	0.0	4.9863687901883775	100.0
100	Transfer-NonSurface	training_seed	1	1xpf	50.0	100.0	1.448329365411849	100.0
100	Transfer-NonSurface	training_seed	1	1y26	20.0	100.0	0.6892156019708201	100.0
100	Transfer-NonSurface	training_seed	1	1y27	30.0	100.0	0.511150549784948	100.0
100	Transfer-NonSurface	training_seed	1	1ykv	10.0	100.0	1.3118804895753928	100.0
100	Transfer-NonSurface	training_seed	1	1yrj	0.0	0.0	2.13025487010865	100.0
100	Transfer-NonSurface	training_seed	1	1zz5	20.0	100.0	1.8212431643409233	100.0
100	Transfer-NonSurface	training_seed	1	2au4	0.0	0.0	3.6255183784098377	100.0
100	Transfer-NonSurface	training_seed	1	2b57	10.0	100.0	0.5892062488096705	100.0
100	Transfer-NonSurface	training_seed	1	2be0	0.0	0.0	4.19487731733599	100.0
100	Transfer-NonSurface	training_seed	1	2bee	0.0	0.0	4.512921289102287	100.0
100	Transfer-NonSurface	training_seed	1	2d55	0.0	0.0	4.581396765422333	100.0
100	Transfer-NonSurface	training_seed	1	2esi	0.0	0.0	2.9701811575196633	100.0
100	Transfer-NonSurface	training_seed	1	2esj	0.0	0.0	3.355718692998336	100.0
100	Transfer-NonSurface	training_seed	1	2et3	10.0	100.0	1.9297111331542225	100.0
100	Transfer-NonSurface	training_seed	1	2et4	0.0	0.0	3.6583383351956256	100.0
100	Transfer-NonSurface	training_seed	1	2et8	10.0	100.0	1.5085024731049126	100.0
100	Transfer-NonSurface	training_seed	1	2f4s	10.0	100.0	1.283434274975473	100.0
100	Transfer-NonSurface	training_seed	1	2f4t	0.0	0.0	2.777045837113347	100.0
100	Transfer-NonSurface	training_seed	1	2f4u	0.0	0.0	2.54014364171705	100.0
100	Transfer-NonSurface	training_seed	1	2fcx	30.0	100.0	1.2898175662049691	100.0
100	Transfer-NonSurface	training_seed	1	2fcy	10.0	100.0	1.8659093636437254	100.0
100	Transfer-NonSurface	training_seed	1	2fcz	0.0	0.0	2.0403062901784956	100.0
100	Transfer-NonSurface	training_seed	1	2fd0	0.0	0.0	3.211818219302916	100.0
100	Transfer-NonSurface	training_seed	1	2g5k	0.0	0.0	2.227297867675393	100.0
100	Transfer-NonSurface	training_seed	1	2g5q	0.0	0.0	2.786441264857381	100.0
100	Transfer-NonSurface	training_seed	1	2g9c	30.0	100.0	0.3928650305413069	100.0
100	Transfer-NonSurface	training_seed	1	2gdi	40.0	100.0	1.1168012217248662	100.0
100	Transfer-NonSurface	training_seed	1	2gis	0.0	0.0	2.8119707779947314	100.0
100	Transfer-NonSurface	training_seed	1	2juk	0.0	0.0	4.6172033884701245	100.0
100	Transfer-NonSurface	training_seed	1	2jwq	10.0	100.0	1.2612254245623578	100.0
100	Transfer-NonSurface	training_seed	1	2kgp	40.0	100.0	1.3820817128294187	100.0
100	Transfer-NonSurface	training_seed	1	2ktz	40.0	100.0	0.9477425143351229	100.0
100	Transfer-NonSurface	training_seed	1	2ku0	50.0	100.0	1.024216675657867	100.0
100	Transfer-NonSurface	training_seed	1	2l94	60.0	100.0	1.3631330650074727	100.0
100	Transfer-NonSurface	training_seed	1	2loa	0.0	0.0	3.4230708492712263	100.0
100	Transfer-NonSurface	training_seed	1	2mb3	0.0	0.0	2.791097961089865	100.0
100	Transfer-NonSurface	training_seed	1	2o3v	0.0	0.0	3.4526386481315168	100.0
100	Transfer-NonSurface	training_seed	1	2o3w	0.0	0.0	4.61562119136123	100.0
100	Transfer-NonSurface	training_seed	1	2o3x	0.0	0.0	4.034407467546325	100.0
100	Transfer-NonSurface	training_seed	1	2oe5	0.0	0.0	3.289062199538408	100.0
100	Transfer-NonSurface	training_seed	1	2oe8	10.0	100.0	1.5797534708455772	100.0
100	Transfer-NonSurface	training_seed	1	2ogn	0.0	0.0	4.458434764102483	100.0
100	Transfer-NonSurface	training_seed	1	2pwt	0.0	0.0	4.873493563382775	100.0
100	Transfer-NonSurface	training_seed	1	2tob	0.0	0.0	2.5116881673488054	100.0
100	Transfer-NonSurface	training_seed	1	2xnw	30.0	100.0	0.48641033603327144	100.0
100	Transfer-NonSurface	training_seed	1	2xnz	10.0	100.0	0.2747109976361016	100.0
100	Transfer-NonSurface	training_seed	1	2xo0	50.0	100.0	0.23816417394310146	100.0
100	Transfer-NonSurface	training_seed	1	2xo1	10.0	100.0	0.8797585479705627	100.0
100	Transfer-NonSurface	training_seed	1	2ydh	0.0	0.0	2.815960126835237	100.0
100	Transfer-NonSurface	training_seed	1	2ygh	0.0	0.0	3.0102379314106886	100.0
100	Transfer-NonSurface	training_seed	1	316d	0.0	0.0	5.844280611733263	100.0
100	Transfer-NonSurface	training_seed	1	3c44	0.0	0.0	2.9947926142524377	100.0
100	Transfer-NonSurface	training_seed	1	3d2x	10.0	100.0	1.583669323729887	100.0
100	Transfer-NonSurface	training_seed	1	3dil	30.0	100.0	1.1527388160377008	100.0
100	Transfer-NonSurface	training_seed	1	3ds7	50.0	100.0	0.8743190854361437	100.0
100	Transfer-NonSurface	training_seed	1	3dvv	0.0	0.0	4.327200268630828	100.0
100	Transfer-NonSurface	training_seed	1	3e5c	0.0	0.0	2.3241746172526456	100.0
100	Transfer-NonSurface	training_seed	1	3f2q	20.0	100.0	1.4475078698320802	100.0
100	Transfer-NonSurface	training_seed	1	3fo4	0.0	0.0	2.8280007465924175	100.0
100	Transfer-NonSurface	training_seed	1	3fo6	60.0	100.0	0.3433230512214406	100.0
100	Transfer-NonSurface	training_seed	1	3gao	30.0	100.0	0.4173484918342985	100.0
100	Transfer-NonSurface	training_seed	1	3ger	20.0	100.0	0.70352192897269	100.0
100	Transfer-NonSurface	training_seed	1	3ges	0.0	0.0	3.0007819641997764	100.0
100	Transfer-NonSurface	training_seed	1	3gog	10.0	100.0	0.6121025404292977	100.0
100	Transfer-NonSurface	training_seed	1	3got	20.0	100.0	0.6989711881173515	100.0
100	Transfer-NonSurface	training_seed	1	3gx2	10.0	100.0	1.808419125358655	100.0
100	Transfer-NonSurface	training_seed	1	3gx3	10.0	100.0	1.9625506378572366	100.0
100	Transfer-NonSurface	training_seed	1	3gx5	10.0	100.0	1.8542335438625805	100.0
100	Transfer-NonSurface	training_seed	1	3gx7	0.0	0.0	2.2541674846578914	100.0
100	Transfer-NonSurface	training_seed	1	3la5	40.0	100.0	0.3493845374369049	100.0
100	Transfer-NonSurface	training_seed	1	3mum	0.0	0.0	3.152170092002182	100.0
100	Transfer-NonSurface	training_seed	1	3mur	0.0	0.0	3.4037539725183996	100.0
100	Transfer-NonSurface	training_seed	1	3mxh	0.0	0.0	3.8229434496664774	100.0
100	Transfer-NonSurface	training_seed	1	3npn	0.0	0.0	2.461839626095777	100.0
100	Transfer-NonSurface	training_seed	1	3npq	10.0	100.0	1.397055876587509	100.0
100	Transfer-NonSurface	training_seed	1	3owz	40.0	100.0	1.000328959892694	100.0
100	Transfer-NonSurface	training_seed	1	3q3z	0.0	0.0	3.207853139697883	100.0
100	Transfer-NonSurface	training_seed	1	3q50	50.0	100.0	0.7231190422266377	100.0
100	Transfer-NonSurface	training_seed	1	3s4p	0.0	0.0	4.502432512353948	100.0
100	Transfer-NonSurface	training_seed	1	3slm	30.0	100.0	1.2187255281824032	100.0
100	Transfer-NonSurface	training_seed	1	407d	0.0	0.0	3.2180416527045863	100.0
100	Transfer-NonSurface	training_seed	1	408d	20.0	100.0	1.6379322096485724	100.0
100	Transfer-NonSurface	training_seed	1	4aob	0.0	0.0	2.050398871854865	100.0
100	Transfer-NonSurface	training_seed	1	4erj	50.0	100.0	0.6759648330760655	100.0
100	Transfer-NonSurface	training_seed	1	4fe5	50.0	100.0	0.8018712558759044	100.0
100	Transfer-NonSurface	training_seed	1	4jf2	30.0	100.0	0.5678645735086442	100.0
100	Transfer-NonSurface	training_seed	1	4kqy	0.0	0.0	2.566262895296929	100.0
100	Transfer-NonSurface	training_seed	1	4lvv	0.0	0.0	2.6239155338023767	100.0
100	Transfer-NonSurface	training_seed	2	1am0	30.0	100.0	1.3442496520202347	100.0
100	Transfer-NonSurface	training_seed	2	1arj	50.0	100.0	1.2280036220766344	100.0
100	Transfer-NonSurface	training_seed	2	1byj	0.0	0.0	3.317111198939377	100.0
100	Transfer-NonSurface	training_seed	2	1cvx	30.0	100.0	1.8081170226808698	100.0
100	Transfer-NonSurface	training_seed	2	1cvy	10.0	100.0	1.4847116259151674	100.0
100	Transfer-NonSurface	training_seed	2	1db6	0.0	0.0	2.0763911986906516	100.0
100	Transfer-NonSurface	training_seed	2	1eht	40.0	100.0	0.7602198482625322	100.0
100	Transfer-NonSurface	training_seed	2	1ei2	0.0	0.0	3.302727490128064	100.0
100	Transfer-NonSurface	training_seed	2	1f1t	50.0	100.0	0.4252143843901662	100.0
100	Transfer-NonSurface	training_seed	2	1f27	30.0	100.0	1.6489574274371066	100.0
100	Transfer-NonSurface	training_seed	2	1fjg	0.0	0.0	2.640631051472357	100.0
100	Transfer-NonSurface	training_seed	2	1fmn	10.0	100.0	0.7805065162671506	100.0
100	Transfer-NonSurface	training_seed	2	1fyp	0.0	0.0	2.645276308459144	100.0
100	Transfer-NonSurface	training_seed	2	1hnw	0.0	0.0	2.768027819529185	100.0
100	Transfer-NonSurface	training_seed	2	1i9v	0.0	0.0	2.9022932410259243	100.0
100	Transfer-NonSurface	training_seed	2	1j7t	0.0	0.0	2.0359354736477147	100.0
100	Transfer-NonSurface	training_seed	2	1koc	40.0	100.0	1.5542480301311843	100.0
100	Transfer-NonSurface	training_seed	2	1lc4	0.0	0.0	2.68393171561098	100.0
100	Transfer-NonSurface	training_seed	2	1lvj	0.0	0.0	4.855898819007123	100.0
100	Transfer-NonSurface	training_seed	2	1mwl	10.0	100.0	1.8451362301849628	100.0
100	Transfer-NonSurface	training_seed	2	1nbk	40.0	100.0	1.5792168705300313	100.0
100	Transfer-NonSurface	training_seed	2	1nem	0.0	0.0	3.2553208258246404	100.0
100	Transfer-NonSurface	training_seed	2	1nta	0.0	0.0	2.7964691186834156	100.0
100	Transfer-NonSurface	training_seed	2	1ntb	0.0	0.0	3.2399731224579624	100.0
100	Transfer-NonSurface	training_seed	2	1nzm	20.0	100.0	0.6605037002749666	100.0
100	Transfer-NonSurface	training_seed	2	1o15	30.0	100.0	1.3014611983340998	100.0
100	Transfer-NonSurface	training_seed	2	1o9m	10.0	100.0	1.981798304911817	100.0
100	Transfer-NonSurface	training_seed	2	1p96	0.0	0.0	2.3238763691794726	100.0
100	Transfer-NonSurface	training_seed	2	1pbr	0.0	0.0	3.1797378267562815	100.0
100	Transfer-NonSurface	training_seed	2	1q8n	70.0	100.0	1.081552951084689	100.0
100	Transfer-NonSurface	training_seed	2	1qd3	0.0	0.0	2.4680209809924727	100.0
100	Transfer-NonSurface	training_seed	2	1qv4	30.0	100.0	1.4632087246869463	100.0
100	Transfer-NonSurface	training_seed	2	1qv8	20.0	100.0	1.8613426438050191	100.0
100	Transfer-NonSurface	training_seed	2	1r4e	0.0	0.0	2.0737613984478322	100.0
100	Transfer-NonSurface	training_seed	2	1tob	0.0	0.0	3.5875311104487304	100.0
100	Transfer-NonSurface	training_seed	2	1u8d	0.0	0.0	2.6403271738555434	100.0
100	Transfer-NonSurface	training_seed	2	1uts	0.0	0.0	3.867502813142696	100.0
100	Transfer-NonSurface	training_seed	2	1uud	10.0	100.0	1.869414018990978	100.0
100	Transfer-NonSurface	training_seed	2	1uui	10.0	100.0	1.9248836825388562	100.0
100	Transfer-NonSurface	training_seed	2	1xbp	0.0	0.0	4.253484196791253	100.0
100	Transfer-NonSurface	training_seed	2	1xpf	60.0	100.0	1.4814618369319261	100.0
100	Transfer-NonSurface	training_seed	2	1y26	30.0	100.0	0.2533929596496316	100.0
100	Transfer-NonSurface	training_seed	2	1y27	20.0	100.0	0.8700816691030162	100.0
100	Transfer-NonSurface	training_seed	2	1ykv	10.0	100.0	1.3263653383266194	100.0
100	Transfer-NonSurface	training_seed	2	1yrj	0.0	0.0	2.3653475180364265	100.0
100	Transfer-NonSurface	training_seed	2	1zz5	10.0	100.0	1.7822923882105237	100.0
100	Transfer-NonSurface	training_seed	2	2au4	0.0	0.0	2.9725688610085217	100.0
100	Transfer-NonSurface	training_seed	2	2b57	10.0	100.0	1.0234164619281119	100.0
100	Transfer-NonSurface	training_seed	2	2be0	0.0	0.0	3.4840200508342924	100.0
100	Transfer-NonSurface	training_seed	2	2bee	0.0	0.0	2.933854442503226	100.0
100	Transfer-NonSurface	training_seed	2	2d55	0.0	0.0	4.822306115346797	100.0
100	Transfer-NonSurface	training_seed	2	2esi	0.0	0.0	2.6853335138500136	100.0
100	Transfer-NonSurface	training_seed	2	2esj	0.0	0.0	2.9583895438032863	100.0
100	Transfer-NonSurface	training_seed	2	2et3	0.0	0.0	2.378703623689769	100.0
100	Transfer-NonSurface	training_seed	2	2et4	0.0	0.0	2.9031016440959103	100.0
100	Transfer-NonSurface	training_seed	2	2et8	30.0	100.0	1.336719786539899	100.0
100	Transfer-NonSurface	training_seed	2	2f4s	10.0	100.0	1.4237560711020687	100.0
100	Transfer-NonSurface	training_seed	2	2f4t	0.0	0.0	3.3117566634211344	100.0
100	Transfer-NonSurface	training_seed	2	2f4u	0.0	0.0	3.4103729113462715	100.0
100	Transfer-NonSurface	training_seed	2	2fcx	30.0	100.0	1.4487460926294475	100.0
100	Transfer-NonSurface	training_seed	2	2fcy	20.0	100.0	1.6617578862099465	100.0
100	Transfer-NonSurface	training_seed	2	2fcz	10.0	100.0	1.8945720462381723	100.0
100	Transfer-NonSurface	training_seed	2	2fd0	0.0	0.0	3.5278562191070524	100.0
100	Transfer-NonSurface	training_seed	2	2g5k	0.0	0.0	2.3803712060051434	100.0
100	Transfer-NonSurface	training_seed	2	2g5q	10.0	100.0	1.6743562721237077	100.0
100	Transfer-NonSurface	training_seed	2	2g9c	20.0	100.0	0.6343356332065507	100.0
100	Transfer-NonSurface	training_seed	2	2gdi	0.0	0.0	2.16190272881232	100.0
100	Transfer-NonSurface	training_seed	2	2gis	0.0	0.0	2.214851388627171	100.0
100	Transfer-NonSurface	training_seed	2	2juk	0.0	0.0	5.190901639744294	100.0
100	Transfer-NonSurface	training_seed	2	2jwq	20.0	100.0	1.4743962189019952	100.0
100	Transfer-NonSurface	training_seed	2	2kgp	0.0	0.0	2.2316067038403076	100.0
100	Transfer-NonSurface	training_seed	2	2ktz	30.0	100.0	0.9133197606629296	100.0
100	Transfer-NonSurface	training_seed	2	2ku0	50.0	100.0	0.6915296133116473	100.0
100	Transfer-NonSurface	training_seed	2	2l94	40.0	100.0	1.3078389186300174	100.0
100	Transfer-NonSurface	training_seed	2	2loa	0.0	0.0	3.669512285683563	100.0
100	Transfer-NonSurface	training_seed	2	2mb3	0.0	0.0	2.6963117568634383	100.0
100	Transfer-NonSurface	training_seed	2	2o3v	0.0	0.0	3.541765765748572	100.0
100	Transfer-NonSurface	training_seed	2	2o3w	0.0	0.0	4.423735134987606	100.0
100	Transfer-NonSurface	training_seed	2	2o3x	0.0	0.0	4.209026550089087	100.0
100	Transfer-NonSurface	training_seed	2	2oe5	0.0	0.0	2.374860746813748	100.0
100	Transfer-NonSurface	training_seed	2	2oe8	10.0	100.0	1.791768052677186	100.0
100	Transfer-NonSurface	training_seed	2	2ogn	0.0	0.0	4.003892036014533	100.0
100	Transfer-NonSurface	training_seed	2	2pwt	0.0	0.0	5.361972793384912	100.0
100	Transfer-NonSurface	training_seed	2	2tob	0.0	0.0	2.482425360975129	100.0
100	Transfer-NonSurface	training_seed	2	2xnw	40.0	100.0	0.3628289624602756	100.0
100	Transfer-NonSurface	training_seed	2	2xnz	10.0	100.0	0.27705744290068546	100.0
100	Transfer-NonSurface	training_seed	2	2xo0	60.0	100.0	0.30476429621922557	100.0
100	Transfer-NonSurface	training_seed	2	2xo1	30.0	100.0	0.5147731071240822	100.0
100	Transfer-NonSurface	training_seed	2	2ydh	0.0	0.0	2.73914978306665	100.0
100	Transfer-NonSurface	training_seed	2	2ygh	0.0	0.0	2.9323899653505996	100.0
100	Transfer-NonSurface	training_seed	2	316d	0.0	0.0	5.107213672244	100.0
100	Transfer-NonSurface	training_seed	2	3c44	0.0	0.0	3.115832662234546	100.0
100	Transfer-NonSurface	training_seed	2	3d2x	0.0	0.0	2.2608907350354706	100.0
100	Transfer-NonSurface	training_seed	2	3dil	30.0	100.0	1.3526754348327614	100.0
100	Transfer-NonSurface	training_seed	2	3ds7	40.0	100.0	0.9014047945757835	100.0
100	Transfer-NonSurface	training_seed	2	3dvv	10.0	100.0	1.8796907030233079	100.0
100	Transfer-NonSurface	training_seed	2	3e5c	0.0	0.0	2.0886394596944187	100.0
100	Transfer-NonSurface	training_seed	2	3f2q	10.0	100.0	1.2980842613934658	100.0
100	Transfer-NonSurface	training_seed	2	3fo4	0.0	0.0	2.6084632510001327	100.0
100	Transfer-NonSurface	training_seed	2	3fo6	50.0	100.0	0.274725590362456	100.0
100	Transfer-NonSurface	training_seed	2	3gao	30.0	100.0	0.5382480840653312	100.0
100	Transfer-NonSurface	training_seed	2	3ger	20.0	100.0	0.5635036944300931	100.0
100	Transfer-NonSurface	training_seed	2	3ges	0.0	0.0	3.0087680524316487	100.0
100	Transfer-NonSurface	training_seed	2	3gog	0.0	0.0	2.7812989305195317	100.0
100	Transfer-NonSurface	training_seed	2	3got	20.0	100.0	1.1280638445020421	100.0
100	Transfer-NonSurface	training_seed	2	3gx2	10.0	100.0	1.8239877729650285	100.0
100	Transfer-NonSurface	training_seed	2	3gx3	0.0	0.0	2.4261060102717935	100.0
100	Transfer-NonSurface	training_seed	2	3gx5	30.0	100.0	1.8591475843435266	100.0
100	Transfer-NonSurface	training_seed	2	3gx7	0.0	0.0	2.817874931049467	100.0
100	Transfer-NonSurface	training_seed	2	3la5	30.0	100.0	0.5898250047683631	100.0
100	Transfer-NonSurface	training_seed	2	3mum	0.0	0.0	3.2272468542491244	100.0
100	Transfer-NonSurface	training_seed	2	3mur	0.0	0.0	3.4029783099897752	100.0
100	Transfer-NonSurface	training_seed	2	3mxh	0.0	0.0	3.814205432242451	100.0
100	Transfer-NonSurface	training_seed	2	3npn	0.0	0.0	5.187705197164958	100.0
100	Transfer-NonSurface	training_seed	2	3npq	10.0	100.0	1.3383813152461443	100.0
100	Transfer-NonSurface	training_seed	2	3owz	30.0	100.0	0.7805779525454192	100.0
100	Transfer-NonSurface	training_seed	2	3q3z	0.0	0.0	3.2238512437698676	100.0
100	Transfer-NonSurface	training_seed	2	3q50	60.0	100.0	0.7007737267862177	100.0
100	Transfer-NonSurface	training_seed	2	3s4p	0.0	0.0	3.8114810574774523	100.0
100	Transfer-NonSurface	training_seed	2	3slm	20.0	100.0	1.1738564403745013	100.0
100	Transfer-NonSurface	training_seed	2	407d	10.0	100.0	1.442908666042888	100.0
100	Transfer-NonSurface	training_seed	2	408d	10.0	100.0	1.8187710373134416	100.0
100	Transfer-NonSurface	training_seed	2	4aob	10.0	100.0	1.9590220459879126	100.0
100	Transfer-NonSurface	training_seed	2	4erj	50.0	100.0	0.8301667476410302	100.0
100	Transfer-NonSurface	training_seed	2	4fe5	30.0	100.0	0.781231290335967	100.0
100	Transfer-NonSurface	training_seed	2	4jf2	40.0	100.0	0.24674496020104555	100.0
100	Transfer-NonSurface	training_seed	2	4kqy	0.0	0.0	2.84399289184922	100.0
100	Transfer-NonSurface	training_seed	2	4lvv	0.0	0.0	2.220160691455092	100.0
	Vina	docking_repeat	1	1am0	0.0	0.0	2.27805819	100.0
	Vina	docking_repeat	1	1arj	0.0	0.0	3.47380135	100.0
	Vina	docking_repeat	1	1byj	0.0	0.0	2.51261421	100.0
	Vina	docking_repeat	1	1cvx	0.0	0.0	2.57831216	100.0
	Vina	docking_repeat	1	1cvy	0.0	0.0	2.29338902	100.0
	Vina	docking_repeat	1	1db6	0.0	0.0	3.24786523	100.0
	Vina	docking_repeat	1	1eht	20.0	100.0	0.45430429	100.0
	Vina	docking_repeat	1	1ei2	0.0	0.0	Inf	0.0
	Vina	docking_repeat	1	1f1t	40.0	100.0	0.27718558	100.0
	Vina	docking_repeat	1	1f27	0.0	0.0	2.1829726	100.0
	Vina	docking_repeat	1	1fjg	0.0	0.0	Inf	0.0
	Vina	docking_repeat	1	1fmn	30.0	100.0	1.33182118	100.0
	Vina	docking_repeat	1	1fyp	0.0	0.0	5.53529403	100.0
	Vina	docking_repeat	1	1hnw	0.0	0.0	3.47768966	100.0
	Vina	docking_repeat	1	1i9v	0.0	0.0	Inf	0.0
	Vina	docking_repeat	1	1j7t	0.0	0.0	Inf	0.0
	Vina	docking_repeat	1	1koc	0.0	0.0	2.23423481	100.0
	Vina	docking_repeat	1	1lc4	0.0	0.0	4.60899554	100.0
	Vina	docking_repeat	1	1lvj	0.0	0.0	6.91318254	100.0
	Vina	docking_repeat	1	1mwl	0.0	0.0	Inf	0.0
	Vina	docking_repeat	1	1nbk	0.0	0.0	2.74336291	100.0
	Vina	docking_repeat	1	1nem	0.0	0.0	Inf	0.0
	Vina	docking_repeat	1	1nta	0.0	0.0	4.00363296	100.0
	Vina	docking_repeat	1	1ntb	30.0	100.0	1.51927263	100.0
	Vina	docking_repeat	1	1nzm	0.0	0.0	4.47061295	100.0
	Vina	docking_repeat	1	1o15	20.0	100.0	0.50231104	100.0
	Vina	docking_repeat	1	1o9m	0.0	0.0	Inf	0.0
	Vina	docking_repeat	1	1p96	0.0	0.0	2.08296902	100.0
	Vina	docking_repeat	1	1pbr	0.0	0.0	Inf	0.0
	Vina	docking_repeat	1	1q8n	0.0	0.0	6.25945041	100.0
	Vina	docking_repeat	1	1qd3	0.0	0.0	Inf	0.0
	Vina	docking_repeat	1	1qv4	0.0	0.0	2.84336767	100.0
	Vina	docking_repeat	1	1qv8	10.0	100.0	0.95259696	100.0
	Vina	docking_repeat	1	1r4e	0.0	0.0	3.68653286	100.0
	Vina	docking_repeat	1	1tob	0.0	0.0	3.68406166	100.0
	Vina	docking_repeat	1	1u8d	10.0	100.0	0.4372218	100.0
	Vina	docking_repeat	1	1uts	0.0	0.0	4.11941114	100.0
	Vina	docking_repeat	1	1uud	0.0	0.0	4.24318397	100.0
	Vina	docking_repeat	1	1uui	0.0	0.0	5.87565755	100.0
	Vina	docking_repeat	1	1xbp	0.0	0.0	2.97840458	100.0
	Vina	docking_repeat	1	1xpf	0.0	0.0	4.36633678	100.0
	Vina	docking_repeat	1	1y26	10.0	100.0	0.50274805	100.0
	Vina	docking_repeat	1	1y27	10.0	100.0	0.37383176	100.0
	Vina	docking_repeat	1	1ykv	10.0	100.0	1.11560224	100.0
	Vina	docking_repeat	1	1yrj	0.0	0.0	5.79471861	100.0
	Vina	docking_repeat	1	1zz5	0.0	0.0	6.60098462	100.0
	Vina	docking_repeat	1	2au4	0.0	0.0	3.73330521	100.0
	Vina	docking_repeat	1	2b57	20.0	100.0	0.17216958	100.0
	Vina	docking_repeat	1	2be0	0.0	0.0	Inf	0.0
	Vina	docking_repeat	1	2bee	0.0	0.0	Inf	0.0
	Vina	docking_repeat	1	2d55	0.0	0.0	Inf	0.0
	Vina	docking_repeat	1	2esi	0.0	0.0	4.13500679	100.0
	Vina	docking_repeat	1	2esj	0.0	0.0	Inf	0.0
	Vina	docking_repeat	1	2et3	0.0	0.0	4.17210362	100.0
	Vina	docking_repeat	1	2et4	0.0	0.0	Inf	0.0
	Vina	docking_repeat	1	2et8	20.0	100.0	0.75733483	100.0
	Vina	docking_repeat	1	2f4s	0.0	0.0	5.51082257	100.0
	Vina	docking_repeat	1	2f4t	0.0	0.0	8.21974437	100.0
	Vina	docking_repeat	1	2f4u	0.0	0.0	7.19879932	100.0
	Vina	docking_repeat	1	2fcx	0.0	0.0	5.25830409	100.0
	Vina	docking_repeat	1	2fcy	0.0	0.0	Inf	0.0
	Vina	docking_repeat	1	2fcz	0.0	0.0	5.03782068	100.0
	Vina	docking_repeat	1	2fd0	0.0	0.0	Inf	0.0
	Vina	docking_repeat	1	2g5k	0.0	0.0	4.83163479	100.0
	Vina	docking_repeat	1	2g5q	0.0	0.0	6.65535495	100.0
	Vina	docking_repeat	1	2g9c	20.0	100.0	0.29682262	100.0
	Vina	docking_repeat	1	2gdi	0.0	0.0	3.36162259	100.0
	Vina	docking_repeat	1	2gis	10.0	100.0	0.9955072	100.0
	Vina	docking_repeat	1	2juk	0.0	0.0	Inf	0.0
	Vina	docking_repeat	1	2jwq	10.0	100.0	1.45400992	100.0
	Vina	docking_repeat	1	2kgp	0.0	0.0	4.60759186	100.0
	Vina	docking_repeat	1	2ktz	10.0	100.0	1.82682141	100.0
	Vina	docking_repeat	1	2ku0	0.0	0.0	3.07681199	100.0
	Vina	docking_repeat	1	2l94	0.0	0.0	2.82509523	100.0
	Vina	docking_repeat	1	2loa	0.0	0.0	5.1793115	100.0
	Vina	docking_repeat	1	2mb3	0.0	0.0	4.55563993	100.0
	Vina	docking_repeat	1	2o3v	0.0	0.0	5.29529782	100.0
	Vina	docking_repeat	1	2o3w	0.0	0.0	Inf	0.0
	Vina	docking_repeat	1	2o3x	0.0	0.0	5.13304736	100.0
	Vina	docking_repeat	1	2oe5	0.0	0.0	3.48751514	100.0
	Vina	docking_repeat	1	2oe8	0.0	0.0	2.95571075	100.0
	Vina	docking_repeat	1	2ogn	0.0	0.0	2.10220602	100.0
	Vina	docking_repeat	1	2pwt	0.0	0.0	Inf	0.0
	Vina	docking_repeat	1	2tob	0.0	0.0	3.44524839	100.0
	Vina	docking_repeat	1	2xnw	10.0	100.0	0.36363663	100.0
	Vina	docking_repeat	1	2xnz	30.0	100.0	0.31634668	100.0
	Vina	docking_repeat	1	2xo0	20.0	100.0	0.56241177	100.0
	Vina	docking_repeat	1	2xo1	10.0	100.0	0.79228714	100.0
	Vina	docking_repeat	1	2ydh	10.0	100.0	1.48915242	100.0
	Vina	docking_repeat	1	2ygh	20.0	100.0	0.99957641	100.0
	Vina	docking_repeat	1	316d	0.0	0.0	Inf	0.0
	Vina	docking_repeat	1	3c44	0.0	0.0	Inf	0.0
	Vina	docking_repeat	1	3d2x	0.0	0.0	2.22775395	100.0
	Vina	docking_repeat	1	3dil	70.0	100.0	1.11681489	100.0
	Vina	docking_repeat	1	3ds7	20.0	100.0	0.70848229	100.0
	Vina	docking_repeat	1	3dvv	0.0	0.0	4.51929561	100.0
	Vina	docking_repeat	1	3e5c	10.0	100.0	1.87115273	100.0
	Vina	docking_repeat	1	3f2q	10.0	100.0	1.2822195	100.0
	Vina	docking_repeat	1	3fo4	10.0	100.0	0.14734067	100.0
	Vina	docking_repeat	1	3fo6	10.0	100.0	0.65942342	100.0
	Vina	docking_repeat	1	3gao	10.0	100.0	0.48481646	100.0
	Vina	docking_repeat	1	3ger	10.0	100.0	0.22900655	100.0
	Vina	docking_repeat	1	3ges	10.0	100.0	0.55384407	100.0
	Vina	docking_repeat	1	3gog	10.0	100.0	0.11278177	100.0
	Vina	docking_repeat	1	3got	10.0	100.0	0.16357511	100.0
	Vina	docking_repeat	1	3gx2	10.0	100.0	1.12991442	100.0
	Vina	docking_repeat	1	3gx3	10.0	100.0	1.43920228	100.0
	Vina	docking_repeat	1	3gx5	10.0	100.0	1.17430518	100.0
	Vina	docking_repeat	1	3gx7	0.0	0.0	3.09894094	100.0
	Vina	docking_repeat	1	3la5	10.0	100.0	0.36771932	100.0
	Vina	docking_repeat	1	3mum	0.0	0.0	6.82386455	100.0
	Vina	docking_repeat	1	3mur	0.0	0.0	7.31734741	100.0
	Vina	docking_repeat	1	3mxh	0.0	0.0	5.06650571	100.0
	Vina	docking_repeat	1	3npn	20.0	100.0	1.17640551	100.0
	Vina	docking_repeat	1	3npq	10.0	100.0	1.60953425	100.0
	Vina	docking_repeat	1	3owz	0.0	0.0	Inf	0.0
	Vina	docking_repeat	1	3q3z	0.0	0.0	3.33439633	100.0
	Vina	docking_repeat	1	3q50	10.0	100.0	1.01903725	100.0
	Vina	docking_repeat	1	3s4p	0.0	0.0	Inf	0.0
	Vina	docking_repeat	1	3slm	20.0	100.0	1.17739373	100.0
	Vina	docking_repeat	1	407d	0.0	0.0	2.7390473	100.0
	Vina	docking_repeat	1	408d	0.0	0.0	4.05458403	100.0
	Vina	docking_repeat	1	4aob	10.0	100.0	1.81052576	100.0
	Vina	docking_repeat	1	4erj	70.0	100.0	0.82335324	100.0
	Vina	docking_repeat	1	4fe5	10.0	100.0	0.41047265	100.0
	Vina	docking_repeat	1	4jf2	20.0	100.0	0.34578328	100.0
	Vina	docking_repeat	1	4kqy	10.0	100.0	1.32228296	100.0
	Vina	docking_repeat	1	4lvv	0.0	0.0	6.81936075	100.0
	Vina	docking_repeat	2	1am0	0.0	0.0	2.24690461	100.0
	Vina	docking_repeat	2	1arj	0.0	0.0	3.65392884	100.0
	Vina	docking_repeat	2	1byj	0.0	0.0	2.0572439	100.0
	Vina	docking_repeat	2	1cvx	0.0	0.0	4.53098183	100.0
	Vina	docking_repeat	2	1cvy	0.0	0.0	3.33408863	100.0
	Vina	docking_repeat	2	1db6	0.0	0.0	3.00982095	100.0
	Vina	docking_repeat	2	1eht	20.0	100.0	0.25063028	100.0
	Vina	docking_repeat	2	1ei2	0.0	0.0	Inf	0.0
	Vina	docking_repeat	2	1f1t	50.0	100.0	0.26374004	100.0
	Vina	docking_repeat	2	1f27	30.0	100.0	1.14469783	100.0
	Vina	docking_repeat	2	1fjg	0.0	0.0	Inf	0.0
	Vina	docking_repeat	2	1fmn	20.0	100.0	1.37668564	100.0
	Vina	docking_repeat	2	1fyp	0.0	0.0	Inf	0.0
	Vina	docking_repeat	2	1hnw	0.0	0.0	3.99770007	100.0
	Vina	docking_repeat	2	1i9v	0.0	0.0	Inf	0.0
	Vina	docking_repeat	2	1j7t	0.0	0.0	Inf	0.0
	Vina	docking_repeat	2	1koc	0.0	0.0	2.26099685	100.0
	Vina	docking_repeat	2	1lc4	0.0	0.0	4.57291511	100.0
	Vina	docking_repeat	2	1lvj	0.0	0.0	6.71565646	100.0
	Vina	docking_repeat	2	1mwl	0.0	0.0	Inf	0.0
	Vina	docking_repeat	2	1nbk	0.0	0.0	3.0109059	100.0
	Vina	docking_repeat	2	1nem	0.0	0.0	Inf	0.0
	Vina	docking_repeat	2	1nta	20.0	100.0	1.8617432	100.0
	Vina	docking_repeat	2	1ntb	0.0	0.0	3.14372982	100.0
	Vina	docking_repeat	2	1nzm	20.0	100.0	0.61469849	100.0
	Vina	docking_repeat	2	1o15	20.0	100.0	0.47998437	100.0
	Vina	docking_repeat	2	1o9m	0.0	0.0	Inf	0.0
	Vina	docking_repeat	2	1p96	0.0	0.0	2.19986963	100.0
	Vina	docking_repeat	2	1pbr	0.0	0.0	2.92042743	100.0
	Vina	docking_repeat	2	1q8n	0.0	0.0	6.26406848	100.0
	Vina	docking_repeat	2	1qd3	0.0	0.0	Inf	0.0
	Vina	docking_repeat	2	1qv4	20.0	100.0	1.14005521	100.0
	Vina	docking_repeat	2	1qv8	0.0	0.0	2.18131327	100.0
	Vina	docking_repeat	2	1r4e	0.0	0.0	4.32508623	100.0
	Vina	docking_repeat	2	1tob	0.0	0.0	4.34417567	100.0
	Vina	docking_repeat	2	1u8d	10.0	100.0	0.43780155	100.0
	Vina	docking_repeat	2	1uts	0.0	0.0	3.82004587	100.0
	Vina	docking_repeat	2	1uud	0.0	0.0	2.87562692	100.0
	Vina	docking_repeat	2	1uui	0.0	0.0	4.76270175	100.0
	Vina	docking_repeat	2	1xbp	20.0	100.0	1.73122122	100.0
	Vina	docking_repeat	2	1xpf	0.0	0.0	4.41132984	100.0
	Vina	docking_repeat	2	1y26	10.0	100.0	0.53454121	100.0
	Vina	docking_repeat	2	1y27	10.0	100.0	0.37749991	100.0
	Vina	docking_repeat	2	1ykv	20.0	100.0	1.26159109	100.0
	Vina	docking_repeat	2	1yrj	0.0	0.0	3.61048008	100.0
	Vina	docking_repeat	2	1zz5	0.0	0.0	6.77604719	100.0
	Vina	docking_repeat	2	2au4	0.0	0.0	3.7811979	100.0
	Vina	docking_repeat	2	2b57	10.0	100.0	0.15969004	100.0
	Vina	docking_repeat	2	2be0	0.0	0.0	Inf	0.0
	Vina	docking_repeat	2	2bee	0.0	0.0	Inf	0.0
	Vina	docking_repeat	2	2d55	0.0	0.0	Inf	0.0
	Vina	docking_repeat	2	2esi	0.0	0.0	3.19632229	100.0
	Vina	docking_repeat	2	2esj	0.0	0.0	Inf	0.0
	Vina	docking_repeat	2	2et3	0.0	0.0	4.95104031	100.0
	Vina	docking_repeat	2	2et4	0.0	0.0	6.30260779	100.0
	Vina	docking_repeat	2	2et8	20.0	100.0	1.75063875	100.0
	Vina	docking_repeat	2	2f4s	0.0	0.0	5.09211347	100.0
	Vina	docking_repeat	2	2f4t	0.0	0.0	7.29530593	100.0
	Vina	docking_repeat	2	2f4u	0.0	0.0	2.20012837	100.0
	Vina	docking_repeat	2	2fcx	0.0	0.0	5.80131773	100.0
	Vina	docking_repeat	2	2fcy	0.0	0.0	Inf	0.0
	Vina	docking_repeat	2	2fcz	0.0	0.0	4.87129717	100.0
	Vina	docking_repeat	2	2fd0	0.0	0.0	Inf	0.0
	Vina	docking_repeat	2	2g5k	0.0	0.0	4.81953416	100.0
	Vina	docking_repeat	2	2g5q	0.0	0.0	6.93044356	100.0
	Vina	docking_repeat	2	2g9c	40.0	100.0	0.31464795	100.0
	Vina	docking_repeat	2	2gdi	0.0	0.0	3.41526317	100.0
	Vina	docking_repeat	2	2gis	10.0	100.0	1.22483382	100.0
	Vina	docking_repeat	2	2juk	0.0	0.0	Inf	0.0
	Vina	docking_repeat	2	2jwq	0.0	0.0	5.28066047	100.0
	Vina	docking_repeat	2	2kgp	0.0	0.0	4.90274453	100.0
	Vina	docking_repeat	2	2ktz	0.0	0.0	3.75580278	100.0
	Vina	docking_repeat	2	2ku0	0.0	0.0	4.57487186	100.0
	Vina	docking_repeat	2	2l94	0.0	0.0	2.9133751	100.0
	Vina	docking_repeat	2	2loa	0.0	0.0	6.71419628	100.0
	Vina	docking_repeat	2	2mb3	0.0	0.0	6.29523352	100.0
	Vina	docking_repeat	2	2o3v	0.0	0.0	7.94167193	100.0
	Vina	docking_repeat	2	2o3w	0.0	0.0	Inf	0.0
	Vina	docking_repeat	2	2o3x	0.0	0.0	2.40966895	100.0
	Vina	docking_repeat	2	2oe5	0.0	0.0	4.0914395	100.0
	Vina	docking_repeat	2	2oe8	0.0	0.0	2.05854071	100.0
	Vina	docking_repeat	2	2ogn	0.0	0.0	4.57252707	100.0
	Vina	docking_repeat	2	2pwt	0.0	0.0	Inf	0.0
	Vina	docking_repeat	2	2tob	0.0	0.0	3.54368407	100.0
	Vina	docking_repeat	2	2xnw	10.0	100.0	0.38669846	100.0
	Vina	docking_repeat	2	2xnz	30.0	100.0	0.35217388	100.0
	Vina	docking_repeat	2	2xo0	20.0	100.0	0.60325109	100.0
	Vina	docking_repeat	2	2xo1	10.0	100.0	0.76626716	100.0
	Vina	docking_repeat	2	2ydh	10.0	100.0	1.39543401	100.0
	Vina	docking_repeat	2	2ygh	20.0	100.0	1.11532002	100.0
	Vina	docking_repeat	2	316d	0.0	0.0	Inf	0.0
	Vina	docking_repeat	2	3c44	0.0	0.0	Inf	0.0
	Vina	docking_repeat	2	3d2x	10.0	100.0	1.83461822	100.0
	Vina	docking_repeat	2	3dil	60.0	100.0	1.12011383	100.0
	Vina	docking_repeat	2	3ds7	10.0	100.0	0.88248256	100.0
	Vina	docking_repeat	2	3dvv	0.0	0.0	4.09357185	100.0
	Vina	docking_repeat	2	3e5c	0.0	0.0	4.390396	100.0
	Vina	docking_repeat	2	3f2q	30.0	100.0	1.37881718	100.0
	Vina	docking_repeat	2	3fo4	10.0	100.0	0.13550646	100.0
	Vina	docking_repeat	2	3fo6	10.0	100.0	0.65304198	100.0
	Vina	docking_repeat	2	3gao	10.0	100.0	0.49978959	100.0
	Vina	docking_repeat	2	3ger	10.0	100.0	0.22696475	100.0
	Vina	docking_repeat	2	3ges	10.0	100.0	0.56917762	100.0
	Vina	docking_repeat	2	3gog	10.0	100.0	0.11204991	100.0
	Vina	docking_repeat	2	3got	10.0	100.0	0.16583946	100.0
	Vina	docking_repeat	2	3gx2	10.0	100.0	1.22505424	100.0
	Vina	docking_repeat	2	3gx3	10.0	100.0	1.32818964	100.0
	Vina	docking_repeat	2	3gx5	10.0	100.0	1.27014336	100.0
	Vina	docking_repeat	2	3gx7	10.0	100.0	0.88481693	100.0
	Vina	docking_repeat	2	3la5	10.0	100.0	0.37791715	100.0
	Vina	docking_repeat	2	3mum	0.0	0.0	7.44011791	100.0
	Vina	docking_repeat	2	3mur	0.0	0.0	7.39813669	100.0
	Vina	docking_repeat	2	3mxh	0.0	0.0	7.64417972	100.0
	Vina	docking_repeat	2	3npn	10.0	100.0	1.34454319	100.0
	Vina	docking_repeat	2	3npq	10.0	100.0	1.34532092	100.0
	Vina	docking_repeat	2	3owz	0.0	0.0	Inf	0.0
	Vina	docking_repeat	2	3q3z	0.0	0.0	4.40591179	100.0
	Vina	docking_repeat	2	3q50	10.0	100.0	0.99276979	100.0
	Vina	docking_repeat	2	3s4p	0.0	0.0	Inf	0.0
	Vina	docking_repeat	2	3slm	20.0	100.0	1.0792183	100.0
	Vina	docking_repeat	2	407d	0.0	0.0	14.49657529	100.0
	Vina	docking_repeat	2	408d	0.0	0.0	4.48320831	100.0
	Vina	docking_repeat	2	4aob	10.0	100.0	1.78903089	100.0
	Vina	docking_repeat	2	4erj	60.0	100.0	1.2968131	100.0
	Vina	docking_repeat	2	4fe5	10.0	100.0	0.39831696	100.0
	Vina	docking_repeat	2	4jf2	10.0	100.0	0.35028779	100.0
	Vina	docking_repeat	2	4kqy	10.0	100.0	1.20855419	100.0
	Vina	docking_repeat	2	4lvv	0.0	0.0	7.69433071	100.0
	Vina	docking_repeat	3	1am0	0.0	0.0	2.12072057	100.0
	Vina	docking_repeat	3	1arj	0.0	0.0	3.55214116	100.0
	Vina	docking_repeat	3	1byj	10.0	100.0	1.91304232	100.0
	Vina	docking_repeat	3	1cvx	0.0	0.0	2.40328221	100.0
	Vina	docking_repeat	3	1cvy	0.0	0.0	3.0883763	100.0
	Vina	docking_repeat	3	1db6	0.0	0.0	3.32503847	100.0
	Vina	docking_repeat	3	1eht	10.0	100.0	1.62899084	100.0
	Vina	docking_repeat	3	1ei2	0.0	0.0	Inf	0.0
	Vina	docking_repeat	3	1f1t	40.0	100.0	0.27012091	100.0
	Vina	docking_repeat	3	1f27	40.0	100.0	1.04009789	100.0
	Vina	docking_repeat	3	1fjg	0.0	0.0	Inf	0.0
	Vina	docking_repeat	3	1fmn	20.0	100.0	1.4530563	100.0
	Vina	docking_repeat	3	1fyp	0.0	0.0	5.09006266	100.0
	Vina	docking_repeat	3	1hnw	0.0	0.0	6.6053363	100.0
	Vina	docking_repeat	3	1i9v	0.0	0.0	Inf	0.0
	Vina	docking_repeat	3	1j7t	0.0	0.0	Inf	0.0
	Vina	docking_repeat	3	1koc	0.0	0.0	2.19016367	100.0
	Vina	docking_repeat	3	1lc4	0.0	0.0	3.99930482	100.0
	Vina	docking_repeat	3	1lvj	0.0	0.0	7.03259093	100.0
	Vina	docking_repeat	3	1mwl	0.0	0.0	Inf	0.0
	Vina	docking_repeat	3	1nbk	0.0	0.0	2.88685639	100.0
	Vina	docking_repeat	3	1nem	0.0	0.0	Inf	0.0
	Vina	docking_repeat	3	1nta	0.0	0.0	2.47760764	100.0
	Vina	docking_repeat	3	1ntb	0.0	0.0	3.48247513	100.0
	Vina	docking_repeat	3	1nzm	20.0	100.0	1.12539103	100.0
	Vina	docking_repeat	3	1o15	20.0	100.0	0.43883429	100.0
	Vina	docking_repeat	3	1o9m	0.0	0.0	7.2284142	100.0
	Vina	docking_repeat	3	1p96	0.0	0.0	2.11008155	100.0
	Vina	docking_repeat	3	1pbr	0.0	0.0	4.98507741	100.0
	Vina	docking_repeat	3	1q8n	0.0	0.0	6.28895009	100.0
	Vina	docking_repeat	3	1qd3	0.0	0.0	Inf	0.0
	Vina	docking_repeat	3	1qv4	20.0	100.0	0.99177103	100.0
	Vina	docking_repeat	3	1qv8	0.0	0.0	2.12750846	100.0
	Vina	docking_repeat	3	1r4e	0.0	0.0	2.03725106	100.0
	Vina	docking_repeat	3	1tob	0.0	0.0	2.740883	100.0
	Vina	docking_repeat	3	1u8d	10.0	100.0	0.43838248	100.0
	Vina	docking_repeat	3	1uts	0.0	0.0	4.073265	100.0
	Vina	docking_repeat	3	1uud	0.0	0.0	5.59911608	100.0
	Vina	docking_repeat	3	1uui	0.0	0.0	5.26645327	100.0
	Vina	docking_repeat	3	1xbp	20.0	100.0	1.69807126	100.0
	Vina	docking_repeat	3	1xpf	0.0	0.0	4.3407952	100.0
	Vina	docking_repeat	3	1y26	10.0	100.0	0.53520202	100.0
	Vina	docking_repeat	3	1y27	20.0	100.0	0.36227476	100.0
	Vina	docking_repeat	3	1ykv	10.0	100.0	1.19464267	100.0
	Vina	docking_repeat	3	1yrj	0.0	0.0	5.6389868	100.0
	Vina	docking_repeat	3	1zz5	0.0	0.0	5.30166033	100.0
	Vina	docking_repeat	3	2au4	0.0	0.0	3.65925409	100.0
	Vina	docking_repeat	3	2b57	10.0	100.0	0.17523543	100.0
	Vina	docking_repeat	3	2be0	0.0	0.0	Inf	0.0
	Vina	docking_repeat	3	2bee	0.0	0.0	Inf	0.0
	Vina	docking_repeat	3	2d55	0.0	0.0	Inf	0.0
	Vina	docking_repeat	3	2esi	0.0	0.0	3.28162584	100.0
	Vina	docking_repeat	3	2esj	0.0	0.0	Inf	0.0
	Vina	docking_repeat	3	2et3	0.0	0.0	2.90339396	100.0
	Vina	docking_repeat	3	2et4	0.0	0.0	Inf	0.0
	Vina	docking_repeat	3	2et8	10.0	100.0	1.62976568	100.0
	Vina	docking_repeat	3	2f4s	10.0	100.0	1.95760618	100.0
	Vina	docking_repeat	3	2f4t	0.0	0.0	3.41904015	100.0
	Vina	docking_repeat	3	2f4u	0.0	0.0	8.05326332	100.0
	Vina	docking_repeat	3	2fcx	0.0	0.0	4.82094991	100.0
	Vina	docking_repeat	3	2fcy	0.0	0.0	Inf	0.0
	Vina	docking_repeat	3	2fcz	0.0	0.0	5.50103691	100.0
	Vina	docking_repeat	3	2fd0	0.0	0.0	Inf	0.0
	Vina	docking_repeat	3	2g5k	0.0	0.0	3.52867112	100.0
	Vina	docking_repeat	3	2g5q	0.0	0.0	4.07733038	100.0
	Vina	docking_repeat	3	2g9c	20.0	100.0	0.29663539	100.0
	Vina	docking_repeat	3	2gdi	10.0	100.0	1.99786712	100.0
	Vina	docking_repeat	3	2gis	10.0	100.0	1.32104885	100.0
	Vina	docking_repeat	3	2juk	0.0	0.0	Inf	0.0
	Vina	docking_repeat	3	2jwq	20.0	100.0	1.48128028	100.0
	Vina	docking_repeat	3	2kgp	0.0	0.0	4.85479903	100.0
	Vina	docking_repeat	3	2ktz	0.0	0.0	3.71782836	100.0
	Vina	docking_repeat	3	2ku0	0.0	0.0	2.74317589	100.0
	Vina	docking_repeat	3	2l94	0.0	0.0	2.87962388	100.0
	Vina	docking_repeat	3	2loa	0.0	0.0	6.64365258	100.0
	Vina	docking_repeat	3	2mb3	0.0	0.0	6.20352977	100.0
	Vina	docking_repeat	3	2o3v	0.0	0.0	7.30777853	100.0
	Vina	docking_repeat	3	2o3w	0.0	0.0	Inf	0.0
	Vina	docking_repeat	3	2o3x	0.0	0.0	4.99398595	100.0
	Vina	docking_repeat	3	2oe5	0.0	0.0	3.35309873	100.0
	Vina	docking_repeat	3	2oe8	0.0	0.0	3.19891505	100.0
	Vina	docking_repeat	3	2ogn	30.0	100.0	0.98816595	100.0
	Vina	docking_repeat	3	2pwt	0.0	0.0	Inf	0.0
	Vina	docking_repeat	3	2tob	0.0	0.0	3.24492894	100.0
	Vina	docking_repeat	3	2xnw	10.0	100.0	0.38731279	100.0
	Vina	docking_repeat	3	2xnz	20.0	100.0	0.32668214	100.0
	Vina	docking_repeat	3	2xo0	20.0	100.0	0.57668276	100.0
	Vina	docking_repeat	3	2xo1	10.0	100.0	0.75481894	100.0
	Vina	docking_repeat	3	2ydh	0.0	0.0	3.51953259	100.0
	Vina	docking_repeat	3	2ygh	10.0	100.0	1.2209113	100.0
	Vina	docking_repeat	3	316d	0.0	0.0	Inf	0.0
	Vina	docking_repeat	3	3c44	0.0	0.0	Inf	0.0
	Vina	docking_repeat	3	3d2x	0.0	0.0	2.01795518	100.0
	Vina	docking_repeat	3	3dil	60.0	100.0	1.12838571	100.0
	Vina	docking_repeat	3	3ds7	10.0	100.0	0.80154138	100.0
	Vina	docking_repeat	3	3dvv	0.0	0.0	4.25218771	100.0
	Vina	docking_repeat	3	3e5c	0.0	0.0	2.11274657	100.0
	Vina	docking_repeat	3	3f2q	20.0	100.0	1.12438601	100.0
	Vina	docking_repeat	3	3fo4	10.0	100.0	0.1425865	100.0
	Vina	docking_repeat	3	3fo6	10.0	100.0	0.6536866	100.0
	Vina	docking_repeat	3	3gao	10.0	100.0	0.49396144	100.0
	Vina	docking_repeat	3	3ger	10.0	100.0	0.22997095	100.0
	Vina	docking_repeat	3	3ges	10.0	100.0	0.50997222	100.0
	Vina	docking_repeat	3	3gog	10.0	100.0	0.11725729	100.0
	Vina	docking_repeat	3	3got	20.0	100.0	0.16376924	100.0
	Vina	docking_repeat	3	3gx2	10.0	100.0	1.28028786	100.0
	Vina	docking_repeat	3	3gx3	10.0	100.0	1.3308397	100.0
	Vina	docking_repeat	3	3gx5	10.0	100.0	0.95674322	100.0
	Vina	docking_repeat	3	3gx7	10.0	100.0	0.83208317	100.0
	Vina	docking_repeat	3	3la5	10.0	100.0	0.36937972	100.0
	Vina	docking_repeat	3	3mum	0.0	0.0	5.34153862	100.0
	Vina	docking_repeat	3	3mur	0.0	0.0	2.20483053	100.0
	Vina	docking_repeat	3	3mxh	0.0	0.0	7.37187407	100.0
	Vina	docking_repeat	3	3npn	20.0	100.0	1.5806064	100.0
	Vina	docking_repeat	3	3npq	10.0	100.0	1.27300985	100.0
	Vina	docking_repeat	3	3owz	0.0	0.0	Inf	0.0
	Vina	docking_repeat	3	3q3z	0.0	0.0	3.8052863	100.0
	Vina	docking_repeat	3	3q50	10.0	100.0	0.99323314	100.0
	Vina	docking_repeat	3	3s4p	0.0	0.0	Inf	0.0
	Vina	docking_repeat	3	3slm	20.0	100.0	1.11670879	100.0
	Vina	docking_repeat	3	407d	0.0	0.0	2.2262418	100.0
	Vina	docking_repeat	3	408d	0.0	0.0	2.91480739	100.0
	Vina	docking_repeat	3	4aob	10.0	100.0	1.82770858	100.0
	Vina	docking_repeat	3	4erj	60.0	100.0	1.22938824	100.0
	Vina	docking_repeat	3	4fe5	20.0	100.0	0.38603044	100.0
	Vina	docking_repeat	3	4jf2	10.0	100.0	0.31527412	100.0
	Vina	docking_repeat	3	4kqy	10.0	100.0	0.94378405	100.0
	Vina	docking_repeat	3	4lvv	0.0	0.0	7.05532502	100.0
	rDock	docking_repeat	1	1am0	60.0	100.0	1.43221657	100.0
	rDock	docking_repeat	1	1arj	0.0	0.0	3.31603555	100.0
	rDock	docking_repeat	1	1byj	0.0	0.0	3.62022918	100.0
	rDock	docking_repeat	1	1cvx	0.0	0.0	3.57371728	100.0
	rDock	docking_repeat	1	1cvy	0.0	0.0	2.1461668	100.0
	rDock	docking_repeat	1	1db6	50.0	100.0	1.49637314	100.0
	rDock	docking_repeat	1	1eht	0.0	0.0	3.27591705	100.0
	rDock	docking_repeat	1	1ei2	0.0	0.0	5.73314482	100.0
	rDock	docking_repeat	1	1f1t	100.0	100.0	0.70393399	100.0
	rDock	docking_repeat	1	1f27	10.0	100.0	1.77007863	100.0
	rDock	docking_repeat	1	1fjg	0.0	0.0	3.99820121	100.0
	rDock	docking_repeat	1	1fmn	20.0	100.0	1.54434521	100.0
	rDock	docking_repeat	1	1fyp	0.0	0.0	4.51579297	100.0
	rDock	docking_repeat	1	1hnw	0.0	0.0	3.75088482	100.0
	rDock	docking_repeat	1	1i9v	0.0	0.0	4.17731318	100.0
	rDock	docking_repeat	1	1j7t	0.0	0.0	2.45444636	100.0
	rDock	docking_repeat	1	1koc	10.0	100.0	1.80173748	100.0
	rDock	docking_repeat	1	1lc4	0.0	0.0	5.72167568	100.0
	rDock	docking_repeat	1	1lvj	0.0	0.0	2.76664378	100.0
	rDock	docking_repeat	1	1mwl	0.0	0.0	4.29473592	100.0
	rDock	docking_repeat	1	1nbk	0.0	0.0	2.46237553	100.0
	rDock	docking_repeat	1	1nem	0.0	0.0	2.81670503	100.0
	rDock	docking_repeat	1	1nta	0.0	0.0	3.7102249	100.0
	rDock	docking_repeat	1	1ntb	40.0	100.0	1.55064211	100.0
	rDock	docking_repeat	1	1nzm	0.0	0.0	4.45669361	100.0
	rDock	docking_repeat	1	1o15	10.0	100.0	1.10972355	100.0
	rDock	docking_repeat	1	1o9m	0.0	0.0	5.13058972	100.0
	rDock	docking_repeat	1	1p96	0.0	0.0	3.45100298	100.0
	rDock	docking_repeat	1	1pbr	0.0	0.0	2.85891671	100.0
	rDock	docking_repeat	1	1q8n	100.0	100.0	0.65616544	100.0
	rDock	docking_repeat	1	1qd3	0.0	0.0	5.16924871	100.0
	rDock	docking_repeat	1	1qv4	70.0	100.0	0.74472826	100.0
	rDock	docking_repeat	1	1qv8	0.0	0.0	2.21284541	100.0
	rDock	docking_repeat	1	1r4e	0.0	0.0	6.03991262	100.0
	rDock	docking_repeat	1	1tob	0.0	0.0	3.6444274	100.0
	rDock	docking_repeat	1	1u8d	100.0	100.0	0.26142364	100.0
	rDock	docking_repeat	1	1uts	0.0	0.0	4.81746194	100.0
	rDock	docking_repeat	1	1uud	0.0	0.0	2.08161539	100.0
	rDock	docking_repeat	1	1uui	0.0	0.0	5.88026395	100.0
	rDock	docking_repeat	1	1xbp	0.0	0.0	2.70394922	100.0
	rDock	docking_repeat	1	1xpf	0.0	0.0	4.02632422	100.0
	rDock	docking_repeat	1	1y26	100.0	100.0	0.54206446	100.0
	rDock	docking_repeat	1	1y27	100.0	100.0	0.27299764	100.0
	rDock	docking_repeat	1	1ykv	80.0	100.0	0.70141523	100.0
	rDock	docking_repeat	1	1yrj	0.0	0.0	4.21460064	100.0
	rDock	docking_repeat	1	1zz5	0.0	0.0	5.8325093	100.0
	rDock	docking_repeat	1	2au4	10.0	100.0	1.9332642	100.0
	rDock	docking_repeat	1	2b57	100.0	100.0	0.20284725	100.0
	rDock	docking_repeat	1	2be0	0.0	0.0	5.13603951	100.0
	rDock	docking_repeat	1	2bee	0.0	0.0	5.80036972	100.0
	rDock	docking_repeat	1	2d55	0.0	0.0	5.52085151	100.0
	rDock	docking_repeat	1	2esi	0.0	0.0	4.79873334	100.0
	rDock	docking_repeat	1	2esj	0.0	0.0	4.24767058	100.0
	rDock	docking_repeat	1	2et3	0.0	0.0	2.89110268	100.0
	rDock	docking_repeat	1	2et4	0.0	0.0	4.56918421	100.0
	rDock	docking_repeat	1	2et8	10.0	100.0	0.95261222	100.0
	rDock	docking_repeat	1	2f4s	10.0	100.0	1.37850497	100.0
	rDock	docking_repeat	1	2f4t	0.0	0.0	5.11028217	100.0
	rDock	docking_repeat	1	2f4u	0.0	0.0	6.14505551	100.0
	rDock	docking_repeat	1	2fcx	0.0	0.0	4.69639493	100.0
	rDock	docking_repeat	1	2fcy	0.0	0.0	4.52957786	100.0
	rDock	docking_repeat	1	2fcz	0.0	0.0	4.69619447	100.0
	rDock	docking_repeat	1	2fd0	0.0	0.0	2.51636933	100.0
	rDock	docking_repeat	1	2g5k	0.0	0.0	3.4557964	100.0
	rDock	docking_repeat	1	2g5q	0.0	0.0	3.23293182	100.0
	rDock	docking_repeat	1	2g9c	100.0	100.0	0.27823698	100.0
	rDock	docking_repeat	1	2gdi	0.0	0.0	3.46693655	100.0
	rDock	docking_repeat	1	2gis	10.0	100.0	1.49243321	100.0
	rDock	docking_repeat	1	2juk	0.0	0.0	5.94078906	100.0
	rDock	docking_repeat	1	2jwq	90.0	100.0	0.8850616	100.0
	rDock	docking_repeat	1	2kgp	0.0	0.0	2.86015372	100.0
	rDock	docking_repeat	1	2ktz	0.0	0.0	5.405157	100.0
	rDock	docking_repeat	1	2ku0	0.0	0.0	2.11389228	100.0
	rDock	docking_repeat	1	2l94	0.0	0.0	4.90180794	100.0
	rDock	docking_repeat	1	2loa	0.0	0.0	6.24617077	100.0
	rDock	docking_repeat	1	2mb3	0.0	0.0	4.67744362	100.0
	rDock	docking_repeat	1	2o3v	0.0	0.0	3.22955839	100.0
	rDock	docking_repeat	1	2o3w	0.0	0.0	2.93871807	100.0
	rDock	docking_repeat	1	2o3x	0.0	0.0	5.34085999	100.0
	rDock	docking_repeat	1	2oe5	0.0	0.0	8.93795359	100.0
	rDock	docking_repeat	1	2oe8	0.0	0.0	8.78911765	100.0
	rDock	docking_repeat	1	2ogn	0.0	0.0	5.23920949	100.0
	rDock	docking_repeat	1	2pwt	0.0	0.0	6.99876575	100.0
	rDock	docking_repeat	1	2tob	0.0	0.0	2.91467971	100.0
	rDock	docking_repeat	1	2xnw	0.0	0.0	3.64278644	100.0
	rDock	docking_repeat	1	2xnz	100.0	100.0	0.32307153	100.0
	rDock	docking_repeat	1	2xo0	0.0	0.0	2.30446919	100.0
	rDock	docking_repeat	1	2xo1	100.0	100.0	0.83831526	100.0
	rDock	docking_repeat	1	2ydh	10.0	100.0	1.50191644	100.0
	rDock	docking_repeat	1	2ygh	0.0	0.0	2.3916885	100.0
	rDock	docking_repeat	1	316d	0.0	0.0	6.22812965	100.0
	rDock	docking_repeat	1	3c44	10.0	100.0	1.79168885	100.0
	rDock	docking_repeat	1	3d2x	10.0	100.0	1.93500329	100.0
	rDock	docking_repeat	1	3dil	100.0	100.0	0.32089918	100.0
	rDock	docking_repeat	1	3ds7	90.0	100.0	0.67086996	100.0
	rDock	docking_repeat	1	3dvv	0.0	0.0	5.04064056	100.0
	rDock	docking_repeat	1	3e5c	0.0	0.0	4.77210614	100.0
	rDock	docking_repeat	1	3f2q	70.0	100.0	0.79387289	100.0
	rDock	docking_repeat	1	3fo4	100.0	100.0	0.26252289	100.0
	rDock	docking_repeat	1	3fo6	100.0	100.0	0.29365424	100.0
	rDock	docking_repeat	1	3gao	100.0	100.0	0.46234312	100.0
	rDock	docking_repeat	1	3ger	100.0	100.0	0.57480756	100.0
	rDock	docking_repeat	1	3ges	100.0	100.0	0.18617789	100.0
	rDock	docking_repeat	1	3gog	100.0	100.0	0.41685872	100.0
	rDock	docking_repeat	1	3got	100.0	100.0	0.45618666	100.0
	rDock	docking_repeat	1	3gx2	10.0	100.0	1.84552539	100.0
	rDock	docking_repeat	1	3gx3	10.0	100.0	1.56182294	100.0
	rDock	docking_repeat	1	3gx5	10.0	100.0	1.49539546	100.0
	rDock	docking_repeat	1	3gx7	30.0	100.0	0.70055655	100.0
	rDock	docking_repeat	1	3la5	100.0	100.0	0.20844966	100.0
	rDock	docking_repeat	1	3mum	0.0	0.0	5.01005913	100.0
	rDock	docking_repeat	1	3mur	0.0	0.0	6.63369808	100.0
	rDock	docking_repeat	1	3mxh	0.0	0.0	5.31396566	100.0
	rDock	docking_repeat	1	3npn	90.0	100.0	1.06864371	100.0
	rDock	docking_repeat	1	3npq	40.0	100.0	1.08590844	100.0
	rDock	docking_repeat	1	3owz	0.0	0.0	Inf	0.0
	rDock	docking_repeat	1	3q3z	0.0	0.0	3.03470909	100.0
	rDock	docking_repeat	1	3q50	100.0	100.0	0.37885036	100.0
	rDock	docking_repeat	1	3s4p	0.0	0.0	4.71028168	100.0
	rDock	docking_repeat	1	3slm	80.0	100.0	1.25428729	100.0
	rDock	docking_repeat	1	407d	10.0	100.0	1.55816299	100.0
	rDock	docking_repeat	1	408d	0.0	0.0	2.75479571	100.0
	rDock	docking_repeat	1	4aob	0.0	0.0	2.24043009	100.0
	rDock	docking_repeat	1	4erj	70.0	100.0	0.77332458	100.0
	rDock	docking_repeat	1	4fe5	100.0	100.0	0.39664691	100.0
	rDock	docking_repeat	1	4jf2	100.0	100.0	0.40065506	100.0
	rDock	docking_repeat	1	4kqy	20.0	100.0	1.30451557	100.0
	rDock	docking_repeat	1	4lvv	50.0	100.0	1.12946004	100.0
	rDock	docking_repeat	2	1am0	50.0	100.0	1.30404571	100.0
	rDock	docking_repeat	2	1arj	0.0	0.0	2.9223072	100.0
	rDock	docking_repeat	2	1byj	0.0	0.0	3.92927731	100.0
	rDock	docking_repeat	2	1cvx	20.0	100.0	1.36861406	100.0
	rDock	docking_repeat	2	1cvy	0.0	0.0	3.25430815	100.0
	rDock	docking_repeat	2	1db6	40.0	100.0	1.46667366	100.0
	rDock	docking_repeat	2	1eht	0.0	0.0	3.25131775	100.0
	rDock	docking_repeat	2	1ei2	0.0	0.0	5.22812148	100.0
	rDock	docking_repeat	2	1f1t	100.0	100.0	0.71307514	100.0
	rDock	docking_repeat	2	1f27	50.0	100.0	1.55058417	100.0
	rDock	docking_repeat	2	1fjg	0.0	0.0	5.17458169	100.0
	rDock	docking_repeat	2	1fmn	30.0	100.0	1.18426592	100.0
	rDock	docking_repeat	2	1fyp	0.0	0.0	5.21603468	100.0
	rDock	docking_repeat	2	1hnw	0.0	0.0	4.90944134	100.0
	rDock	docking_repeat	2	1i9v	0.0	0.0	7.69456552	100.0
	rDock	docking_repeat	2	1j7t	0.0	0.0	4.59201164	100.0
	rDock	docking_repeat	2	1koc	20.0	100.0	1.94890445	100.0
	rDock	docking_repeat	2	1lc4	0.0	0.0	2.93727794	100.0
	rDock	docking_repeat	2	1lvj	0.0	0.0	5.86172199	100.0
	rDock	docking_repeat	2	1mwl	0.0	0.0	4.88151308	100.0
	rDock	docking_repeat	2	1nbk	0.0	0.0	2.25252505	100.0
	rDock	docking_repeat	2	1nem	0.0	0.0	3.47551333	100.0
	rDock	docking_repeat	2	1nta	10.0	100.0	1.91469738	100.0
	rDock	docking_repeat	2	1ntb	0.0	0.0	5.64776386	100.0
	rDock	docking_repeat	2	1nzm	10.0	100.0	1.79552165	100.0
	rDock	docking_repeat	2	1o15	100.0	100.0	1.0961714	100.0
	rDock	docking_repeat	2	1o9m	10.0	100.0	1.39345047	100.0
	rDock	docking_repeat	2	1p96	0.0	0.0	3.16488572	100.0
	rDock	docking_repeat	2	1pbr	0.0	0.0	2.5530934	100.0
	rDock	docking_repeat	2	1q8n	100.0	100.0	0.66217033	100.0
	rDock	docking_repeat	2	1qd3	0.0	0.0	2.7778442	100.0
	rDock	docking_repeat	2	1qv4	30.0	100.0	0.81392264	100.0
	rDock	docking_repeat	2	1qv8	10.0	100.0	1.5528384	100.0
	rDock	docking_repeat	2	1r4e	0.0	0.0	6.52013156	100.0
	rDock	docking_repeat	2	1tob	0.0	0.0	8.61855709	100.0
	rDock	docking_repeat	2	1u8d	100.0	100.0	0.26346271	100.0
	rDock	docking_repeat	2	1uts	0.0	0.0	5.23624447	100.0
	rDock	docking_repeat	2	1uud	0.0	0.0	2.78498003	100.0
	rDock	docking_repeat	2	1uui	0.0	0.0	2.34749342	100.0
	rDock	docking_repeat	2	1xbp	50.0	100.0	1.6036564	100.0
	rDock	docking_repeat	2	1xpf	0.0	0.0	3.90905432	100.0
	rDock	docking_repeat	2	1y26	100.0	100.0	0.53826882	100.0
	rDock	docking_repeat	2	1y27	100.0	100.0	0.27836747	100.0
	rDock	docking_repeat	2	1ykv	100.0	100.0	0.71182662	100.0
	rDock	docking_repeat	2	1yrj	0.0	0.0	2.15823998	100.0
	rDock	docking_repeat	2	1zz5	0.0	0.0	3.37346055	100.0
	rDock	docking_repeat	2	2au4	10.0	100.0	1.99049183	100.0
	rDock	docking_repeat	2	2b57	100.0	100.0	0.20402011	100.0
	rDock	docking_repeat	2	2be0	0.0	0.0	5.32107245	100.0
	rDock	docking_repeat	2	2bee	0.0	0.0	5.21168705	100.0
	rDock	docking_repeat	2	2d55	0.0	0.0	7.73073323	100.0
	rDock	docking_repeat	2	2esi	0.0	0.0	5.12533468	100.0
	rDock	docking_repeat	2	2esj	0.0	0.0	3.62816698	100.0
	rDock	docking_repeat	2	2et3	0.0	0.0	3.88897336	100.0
	rDock	docking_repeat	2	2et4	0.0	0.0	3.69687826	100.0
	rDock	docking_repeat	2	2et8	20.0	100.0	1.50489408	100.0
	rDock	docking_repeat	2	2f4s	0.0	0.0	5.13384118	100.0
	rDock	docking_repeat	2	2f4t	0.0	0.0	5.45213499	100.0
	rDock	docking_repeat	2	2f4u	0.0	0.0	3.78758205	100.0
	rDock	docking_repeat	2	2fcx	0.0	0.0	6.3138814	100.0
	rDock	docking_repeat	2	2fcy	0.0	0.0	4.86047724	100.0
	rDock	docking_repeat	2	2fcz	0.0	0.0	4.72396142	100.0
	rDock	docking_repeat	2	2fd0	0.0	0.0	3.06806629	100.0
	rDock	docking_repeat	2	2g5k	0.0	0.0	4.90229011	100.0
	rDock	docking_repeat	2	2g5q	0.0	0.0	3.24229478	100.0
	rDock	docking_repeat	2	2g9c	100.0	100.0	0.28068371	100.0
	rDock	docking_repeat	2	2gdi	0.0	0.0	8.90023175	100.0
	rDock	docking_repeat	2	2gis	10.0	100.0	1.36345953	100.0
	rDock	docking_repeat	2	2juk	0.0	0.0	6.2478047	100.0
	rDock	docking_repeat	2	2jwq	60.0	100.0	1.05294715	100.0
	rDock	docking_repeat	2	2kgp	0.0	0.0	2.85036501	100.0
	rDock	docking_repeat	2	2ktz	0.0	0.0	5.2103375	100.0
	rDock	docking_repeat	2	2ku0	0.0	0.0	4.54393492	100.0
	rDock	docking_repeat	2	2l94	0.0	0.0	2.92982737	100.0
	rDock	docking_repeat	2	2loa	0.0	0.0	6.74999901	100.0
	rDock	docking_repeat	2	2mb3	0.0	0.0	7.02407247	100.0
	rDock	docking_repeat	2	2o3v	0.0	0.0	3.77567239	100.0
	rDock	docking_repeat	2	2o3w	0.0	0.0	6.57809064	100.0
	rDock	docking_repeat	2	2o3x	0.0	0.0	2.96025026	100.0
	rDock	docking_repeat	2	2oe5	0.0	0.0	2.69036639	100.0
	rDock	docking_repeat	2	2oe8	0.0	0.0	2.85454305	100.0
	rDock	docking_repeat	2	2ogn	0.0	0.0	4.19807846	100.0
	rDock	docking_repeat	2	2pwt	0.0	0.0	6.53614721	100.0
	rDock	docking_repeat	2	2tob	0.0	0.0	2.69981143	100.0
	rDock	docking_repeat	2	2xnw	0.0	0.0	3.64207554	100.0
	rDock	docking_repeat	2	2xnz	100.0	100.0	0.32573631	100.0
	rDock	docking_repeat	2	2xo0	0.0	0.0	2.30286832	100.0
	rDock	docking_repeat	2	2xo1	100.0	100.0	0.82159713	100.0
	rDock	docking_repeat	2	2ydh	10.0	100.0	1.78238439	100.0
	rDock	docking_repeat	2	2ygh	10.0	100.0	1.50745987	100.0
	rDock	docking_repeat	2	316d	0.0	0.0	4.88525144	100.0
	rDock	docking_repeat	2	3c44	0.0	0.0	3.0826744	100.0
	rDock	docking_repeat	2	3d2x	0.0	0.0	2.90596337	100.0
	rDock	docking_repeat	2	3dil	100.0	100.0	0.77678879	100.0
	rDock	docking_repeat	2	3ds7	100.0	100.0	0.83246615	100.0
	rDock	docking_repeat	2	3dvv	0.0	0.0	2.25425778	100.0
	rDock	docking_repeat	2	3e5c	0.0	0.0	2.60216035	100.0
	rDock	docking_repeat	2	3f2q	50.0	100.0	0.84455562	100.0
	rDock	docking_repeat	2	3fo4	100.0	100.0	0.25739474	100.0
	rDock	docking_repeat	2	3fo6	100.0	100.0	0.29729462	100.0
	rDock	docking_repeat	2	3gao	60.0	100.0	0.41816644	100.0
	rDock	docking_repeat	2	3ger	100.0	100.0	0.57049626	100.0
	rDock	docking_repeat	2	3ges	100.0	100.0	0.18531236	100.0
	rDock	docking_repeat	2	3gog	100.0	100.0	0.41450668	100.0
	rDock	docking_repeat	2	3got	100.0	100.0	0.45128269	100.0
	rDock	docking_repeat	2	3gx2	0.0	0.0	3.2241935	100.0
	rDock	docking_repeat	2	3gx3	10.0	100.0	1.96822958	100.0
	rDock	docking_repeat	2	3gx5	20.0	100.0	1.50448245	100.0
	rDock	docking_repeat	2	3gx7	20.0	100.0	1.31698556	100.0
	rDock	docking_repeat	2	3la5	100.0	100.0	0.22550403	100.0
	rDock	docking_repeat	2	3mum	0.0	0.0	6.89959143	100.0
	rDock	docking_repeat	2	3mur	0.0	0.0	6.82157606	100.0
	rDock	docking_repeat	2	3mxh	0.0	0.0	7.45747437	100.0
	rDock	docking_repeat	2	3npn	90.0	100.0	1.13184391	100.0
	rDock	docking_repeat	2	3npq	40.0	100.0	1.20144504	100.0
	rDock	docking_repeat	2	3owz	0.0	0.0	Inf	0.0
	rDock	docking_repeat	2	3q3z	0.0	0.0	4.15803926	100.0
	rDock	docking_repeat	2	3q50	100.0	100.0	0.31720749	100.0
	rDock	docking_repeat	2	3s4p	0.0	0.0	4.62089233	100.0
	rDock	docking_repeat	2	3slm	80.0	100.0	1.00777951	100.0
	rDock	docking_repeat	2	407d	0.0	0.0	2.79735868	100.0
	rDock	docking_repeat	2	408d	0.0	0.0	2.0547718	100.0
	rDock	docking_repeat	2	4aob	20.0	100.0	1.8581153	100.0
	rDock	docking_repeat	2	4erj	90.0	100.0	1.13549168	100.0
	rDock	docking_repeat	2	4fe5	100.0	100.0	0.40098801	100.0
	rDock	docking_repeat	2	4jf2	100.0	100.0	0.39217745	100.0
	rDock	docking_repeat	2	4kqy	0.0	0.0	2.82503311	100.0
	rDock	docking_repeat	2	4lvv	30.0	100.0	1.28593695	100.0
	rDock	docking_repeat	3	1am0	20.0	100.0	1.91796603	100.0
	rDock	docking_repeat	3	1arj	0.0	0.0	3.34751138	100.0
	rDock	docking_repeat	3	1byj	0.0	0.0	2.82908252	100.0
	rDock	docking_repeat	3	1cvx	0.0	0.0	2.91010523	100.0
	rDock	docking_repeat	3	1cvy	0.0	0.0	4.34386975	100.0
	rDock	docking_repeat	3	1db6	20.0	100.0	1.63315629	100.0
	rDock	docking_repeat	3	1eht	0.0	0.0	3.27734346	100.0
	rDock	docking_repeat	3	1ei2	0.0	0.0	4.88836634	100.0
	rDock	docking_repeat	3	1f1t	100.0	100.0	0.71159401	100.0
	rDock	docking_repeat	3	1f27	30.0	100.0	1.65691162	100.0
	rDock	docking_repeat	3	1fjg	0.0	0.0	4.42143022	100.0
	rDock	docking_repeat	3	1fmn	30.0	100.0	1.64240311	100.0
	rDock	docking_repeat	3	1fyp	0.0	0.0	3.43353289	100.0
	rDock	docking_repeat	3	1hnw	0.0	0.0	4.12047397	100.0
	rDock	docking_repeat	3	1i9v	0.0	0.0	3.8150265	100.0
	rDock	docking_repeat	3	1j7t	0.0	0.0	2.55013737	100.0
	rDock	docking_repeat	3	1koc	20.0	100.0	1.94882497	100.0
	rDock	docking_repeat	3	1lc4	0.0	0.0	6.43525856	100.0
	rDock	docking_repeat	3	1lvj	0.0	0.0	4.90377916	100.0
	rDock	docking_repeat	3	1mwl	0.0	0.0	3.29492325	100.0
	rDock	docking_repeat	3	1nbk	10.0	100.0	1.98185131	100.0
	rDock	docking_repeat	3	1nem	0.0	0.0	3.1649471	100.0
	rDock	docking_repeat	3	1nta	0.0	0.0	4.86176806	100.0
	rDock	docking_repeat	3	1ntb	0.0	0.0	3.44155163	100.0
	rDock	docking_repeat	3	1nzm	100.0	100.0	1.60071785	100.0
	rDock	docking_repeat	3	1o15	30.0	100.0	1.1004437	100.0
	rDock	docking_repeat	3	1o9m	0.0	0.0	5.9132648	100.0
	rDock	docking_repeat	3	1p96	0.0	0.0	2.17367031	100.0
	rDock	docking_repeat	3	1pbr	0.0	0.0	3.729629	100.0
	rDock	docking_repeat	3	1q8n	100.0	100.0	0.66572726	100.0
	rDock	docking_repeat	3	1qd3	0.0	0.0	5.14469751	100.0
	rDock	docking_repeat	3	1qv4	40.0	100.0	0.58743064	100.0
	rDock	docking_repeat	3	1qv8	10.0	100.0	1.53291402	100.0
	rDock	docking_repeat	3	1r4e	0.0	0.0	6.05413586	100.0
	rDock	docking_repeat	3	1tob	0.0	0.0	4.54353654	100.0
	rDock	docking_repeat	3	1u8d	100.0	100.0	0.27991699	100.0
	rDock	docking_repeat	3	1uts	0.0	0.0	3.88919714	100.0
	rDock	docking_repeat	3	1uud	0.0	0.0	2.15579849	100.0
	rDock	docking_repeat	3	1uui	0.0	0.0	6.07908194	100.0
	rDock	docking_repeat	3	1xbp	40.0	100.0	1.58263917	100.0
	rDock	docking_repeat	3	1xpf	0.0	0.0	3.53397664	100.0
	rDock	docking_repeat	3	1y26	100.0	100.0	0.54181796	100.0
	rDock	docking_repeat	3	1y27	100.0	100.0	0.34125791	100.0
	rDock	docking_repeat	3	1ykv	100.0	100.0	0.65991278	100.0
	rDock	docking_repeat	3	1yrj	0.0	0.0	4.94610665	100.0
	rDock	docking_repeat	3	1zz5	0.0	0.0	4.53641035	100.0
	rDock	docking_repeat	3	2au4	0.0	0.0	2.93154974	100.0
	rDock	docking_repeat	3	2b57	100.0	100.0	0.20150628	100.0
	rDock	docking_repeat	3	2be0	0.0	0.0	5.58999075	100.0
	rDock	docking_repeat	3	2bee	0.0	0.0	5.56210123	100.0
	rDock	docking_repeat	3	2d55	0.0	0.0	6.71316085	100.0
	rDock	docking_repeat	3	2esi	0.0	0.0	4.32723492	100.0
	rDock	docking_repeat	3	2esj	0.0	0.0	10.11415051	100.0
	rDock	docking_repeat	3	2et3	0.0	0.0	3.5686351	100.0
	rDock	docking_repeat	3	2et4	0.0	0.0	4.19719284	100.0
	rDock	docking_repeat	3	2et8	0.0	0.0	5.33133794	100.0
	rDock	docking_repeat	3	2f4s	0.0	0.0	5.02289356	100.0
	rDock	docking_repeat	3	2f4t	0.0	0.0	2.56349404	100.0
	rDock	docking_repeat	3	2f4u	0.0	0.0	3.97180382	100.0
	rDock	docking_repeat	3	2fcx	0.0	0.0	3.99225232	100.0
	rDock	docking_repeat	3	2fcy	0.0	0.0	2.13201523	100.0
	rDock	docking_repeat	3	2fcz	0.0	0.0	4.39958922	100.0
	rDock	docking_repeat	3	2fd0	0.0	0.0	4.39871106	100.0
	rDock	docking_repeat	3	2g5k	0.0	0.0	4.61492947	100.0
	rDock	docking_repeat	3	2g5q	0.0	0.0	2.97306904	100.0
	rDock	docking_repeat	3	2g9c	100.0	100.0	0.27834875	100.0
	rDock	docking_repeat	3	2gdi	0.0	0.0	3.14053697	100.0
	rDock	docking_repeat	3	2gis	0.0	0.0	2.53049377	100.0
	rDock	docking_repeat	3	2juk	0.0	0.0	5.74979143	100.0
	rDock	docking_repeat	3	2jwq	60.0	100.0	1.0370682	100.0
	rDock	docking_repeat	3	2kgp	0.0	0.0	2.57341714	100.0
	rDock	docking_repeat	3	2ktz	0.0	0.0	5.6978879	100.0
	rDock	docking_repeat	3	2ku0	0.0	0.0	4.71780337	100.0
	rDock	docking_repeat	3	2l94	0.0	0.0	4.17834892	100.0
	rDock	docking_repeat	3	2loa	0.0	0.0	6.89676408	100.0
	rDock	docking_repeat	3	2mb3	0.0	0.0	6.52524138	100.0
	rDock	docking_repeat	3	2o3v	0.0	0.0	3.62999222	100.0
	rDock	docking_repeat	3	2o3w	0.0	0.0	5.53037012	100.0
	rDock	docking_repeat	3	2o3x	0.0	0.0	3.34180757	100.0
	rDock	docking_repeat	3	2oe5	0.0	0.0	8.90612892	100.0
	rDock	docking_repeat	3	2oe8	0.0	0.0	2.15638558	100.0
	rDock	docking_repeat	3	2ogn	100.0	100.0	1.22853694	100.0
	rDock	docking_repeat	3	2pwt	0.0	0.0	6.5868973	100.0
	rDock	docking_repeat	3	2tob	0.0	0.0	2.61579529	100.0
	rDock	docking_repeat	3	2xnw	0.0	0.0	3.64155953	100.0
	rDock	docking_repeat	3	2xnz	100.0	100.0	0.32541492	100.0
	rDock	docking_repeat	3	2xo0	0.0	0.0	2.30174928	100.0
	rDock	docking_repeat	3	2xo1	100.0	100.0	0.83235719	100.0
	rDock	docking_repeat	3	2ydh	0.0	0.0	5.20125424	100.0
	rDock	docking_repeat	3	2ygh	0.0	0.0	3.26322708	100.0
	rDock	docking_repeat	3	316d	0.0	0.0	4.17135692	100.0
	rDock	docking_repeat	3	3c44	0.0	0.0	3.13524709	100.0
	rDock	docking_repeat	3	3d2x	0.0	0.0	2.13526521	100.0
	rDock	docking_repeat	3	3dil	100.0	100.0	0.57120453	100.0
	rDock	docking_repeat	3	3ds7	100.0	100.0	0.83345277	100.0
	rDock	docking_repeat	3	3dvv	0.0	0.0	4.50263488	100.0
	rDock	docking_repeat	3	3e5c	0.0	0.0	2.35063625	100.0
	rDock	docking_repeat	3	3f2q	40.0	100.0	0.67125677	100.0
	rDock	docking_repeat	3	3fo4	100.0	100.0	0.26531618	100.0
	rDock	docking_repeat	3	3fo6	100.0	100.0	0.29876997	100.0
	rDock	docking_repeat	3	3gao	60.0	100.0	0.45713354	100.0
	rDock	docking_repeat	3	3ger	100.0	100.0	0.24474682	100.0
	rDock	docking_repeat	3	3ges	100.0	100.0	0.19095571	100.0
	rDock	docking_repeat	3	3gog	100.0	100.0	0.41925043	100.0
	rDock	docking_repeat	3	3got	100.0	100.0	0.45459527	100.0
	rDock	docking_repeat	3	3gx2	0.0	0.0	2.7103763	100.0
	rDock	docking_repeat	3	3gx3	0.0	0.0	2.15207139	100.0
	rDock	docking_repeat	3	3gx5	20.0	100.0	1.67189902	100.0
	rDock	docking_repeat	3	3gx7	30.0	100.0	1.33044148	100.0
	rDock	docking_repeat	3	3la5	100.0	100.0	0.20912968	100.0
	rDock	docking_repeat	3	3mum	0.0	0.0	4.96923969	100.0
	rDock	docking_repeat	3	3mur	20.0	100.0	1.63064344	100.0
	rDock	docking_repeat	3	3mxh	0.0	0.0	6.19458015	100.0
	rDock	docking_repeat	3	3npn	70.0	100.0	1.21818727	100.0
	rDock	docking_repeat	3	3npq	50.0	100.0	1.59228998	100.0
	rDock	docking_repeat	3	3owz	0.0	0.0	Inf	0.0
	rDock	docking_repeat	3	3q3z	0.0	0.0	3.31982823	100.0
	rDock	docking_repeat	3	3q50	100.0	100.0	0.35706532	100.0
	rDock	docking_repeat	3	3s4p	0.0	0.0	5.04333197	100.0
	rDock	docking_repeat	3	3slm	90.0	100.0	1.39495649	100.0
	rDock	docking_repeat	3	407d	0.0	0.0	2.58832344	100.0
	rDock	docking_repeat	3	408d	0.0	0.0	2.94256685	100.0
	rDock	docking_repeat	3	4aob	10.0	100.0	1.90618388	100.0
	rDock	docking_repeat	3	4erj	60.0	100.0	1.1509256	100.0
	rDock	docking_repeat	3	4fe5	100.0	100.0	0.40328025	100.0
	rDock	docking_repeat	3	4jf2	100.0	100.0	0.40602773	100.0
	rDock	docking_repeat	3	4kqy	0.0	0.0	5.74166712	100.0
	rDock	docking_repeat	3	4lvv	30.0	100.0	1.81603347	100.0
	LeDock	docking_repeat	1	1am0	80.0	100.0	1.50175418	100.0
	LeDock	docking_repeat	1	1arj	0.0	0.0	2.48931142	100.0
	LeDock	docking_repeat	1	1byj	0.0	0.0	7.28587792	100.0
	LeDock	docking_repeat	1	1cvx	10.0	100.0	1.65291396	100.0
	LeDock	docking_repeat	1	1cvy	0.0	0.0	2.40132167	100.0
	LeDock	docking_repeat	1	1db6	20.0	100.0	1.73391907	100.0
	LeDock	docking_repeat	1	1eht	0.0	0.0	3.33574079	30.0
	LeDock	docking_repeat	1	1ei2	0.0	0.0	4.24542008	100.0
	LeDock	docking_repeat	1	1f1t	100.0	100.0	0.68861232	100.0
	LeDock	docking_repeat	1	1f27	0.0	0.0	2.51085293	100.0
	LeDock	docking_repeat	1	1fjg	0.0	0.0	4.65140643	100.0
	LeDock	docking_repeat	1	1fmn	90.0	100.0	1.22181471	100.0
	LeDock	docking_repeat	1	1fyp	0.0	0.0	3.21560051	100.0
	LeDock	docking_repeat	1	1hnw	10.0	100.0	1.0683389	100.0
	LeDock	docking_repeat	1	1i9v	0.0	0.0	4.0495844	100.0
	LeDock	docking_repeat	1	1j7t	0.0	0.0	3.19435466	100.0
	LeDock	docking_repeat	1	1koc	20.0	100.0	1.77713944	100.0
	LeDock	docking_repeat	1	1lc4	0.0	0.0	2.1768643	100.0
	LeDock	docking_repeat	1	1lvj	10.0	100.0	1.55276668	100.0
	LeDock	docking_repeat	1	1mwl	0.0	0.0	2.12949936	100.0
	LeDock	docking_repeat	1	1nbk	10.0	100.0	1.89300427	100.0
	LeDock	docking_repeat	1	1nem	0.0	0.0	4.50498805	100.0
	LeDock	docking_repeat	1	1nta	0.0	0.0	3.67188304	100.0
	LeDock	docking_repeat	1	1ntb	0.0	0.0	2.40659324	100.0
	LeDock	docking_repeat	1	1nzm	0.0	0.0	4.38589455	70.0
	LeDock	docking_repeat	1	1o15	30.0	100.0	0.45003504	100.0
	LeDock	docking_repeat	1	1o9m	10.0	100.0	1.94912371	100.0
	LeDock	docking_repeat	1	1p96	0.0	0.0	2.36862913	100.0
	LeDock	docking_repeat	1	1pbr	0.0	0.0	3.35201913	100.0
	LeDock	docking_repeat	1	1q8n	60.0	100.0	0.73903064	100.0
	LeDock	docking_repeat	1	1qd3	0.0	0.0	2.81501985	100.0
	LeDock	docking_repeat	1	1qv4	100.0	100.0	0.61257394	100.0
	LeDock	docking_repeat	1	1qv8	50.0	100.0	0.73940789	100.0
	LeDock	docking_repeat	1	1r4e	0.0	0.0	3.99327684	100.0
	LeDock	docking_repeat	1	1tob	0.0	0.0	4.0725823	100.0
	LeDock	docking_repeat	1	1u8d	10.0	100.0	0.45171695	30.0
	LeDock	docking_repeat	1	1uts	0.0	0.0	6.64084036	100.0
	LeDock	docking_repeat	1	1uud	10.0	100.0	1.63159551	100.0
	LeDock	docking_repeat	1	1uui	0.0	0.0	2.03208998	100.0
	LeDock	docking_repeat	1	1xbp	0.0	0.0	2.46796061	100.0
	LeDock	docking_repeat	1	1xpf	30.0	100.0	1.30680524	100.0
	LeDock	docking_repeat	1	1y26	30.0	100.0	0.23214069	80.0
	LeDock	docking_repeat	1	1y27	30.0	100.0	0.19967246	50.0
	LeDock	docking_repeat	1	1ykv	90.0	100.0	0.70426606	100.0
	LeDock	docking_repeat	1	1yrj	0.0	0.0	3.60035573	100.0
	LeDock	docking_repeat	1	1zz5	0.0	0.0	7.7613256	100.0
	LeDock	docking_repeat	1	2au4	30.0	100.0	1.53091809	100.0
	LeDock	docking_repeat	1	2b57	20.0	100.0	0.52957745	100.0
	LeDock	docking_repeat	1	2be0	0.0	0.0	4.80934465	100.0
	LeDock	docking_repeat	1	2bee	0.0	0.0	7.28529518	100.0
	LeDock	docking_repeat	1	2d55	0.0	0.0	4.53169789	100.0
	LeDock	docking_repeat	1	2esi	30.0	100.0	1.43226512	100.0
	LeDock	docking_repeat	1	2esj	0.0	0.0	3.37695703	100.0
	LeDock	docking_repeat	1	2et3	0.0	0.0	2.16147468	100.0
	LeDock	docking_repeat	1	2et4	0.0	0.0	5.38796547	100.0
	LeDock	docking_repeat	1	2et8	90.0	100.0	0.88726172	100.0
	LeDock	docking_repeat	1	2f4s	0.0	0.0	3.11749143	100.0
	LeDock	docking_repeat	1	2f4t	0.0	0.0	4.38042504	100.0
	LeDock	docking_repeat	1	2f4u	0.0	0.0	2.03729774	100.0
	LeDock	docking_repeat	1	2fcx	10.0	100.0	1.91685685	100.0
	LeDock	docking_repeat	1	2fcy	0.0	0.0	3.51197238	100.0
	LeDock	docking_repeat	1	2fcz	0.0	0.0	2.85306019	100.0
	LeDock	docking_repeat	1	2fd0	0.0	0.0	2.35422961	100.0
	LeDock	docking_repeat	1	2g5k	0.0	0.0	2.23642009	100.0
	LeDock	docking_repeat	1	2g5q	0.0	0.0	5.74530789	100.0
	LeDock	docking_repeat	1	2g9c	100.0	100.0	0.45414976	100.0
	LeDock	docking_repeat	1	2gdi	0.0	0.0	2.13490012	100.0
	LeDock	docking_repeat	1	2gis	80.0	100.0	0.73555552	100.0
	LeDock	docking_repeat	1	2juk	0.0	0.0	4.32359522	100.0
	LeDock	docking_repeat	1	2jwq	100.0	100.0	0.96347942	100.0
	LeDock	docking_repeat	1	2kgp	0.0	0.0	2.2459607	100.0
	LeDock	docking_repeat	1	2ktz	0.0	0.0	5.58669868	100.0
	LeDock	docking_repeat	1	2ku0	0.0	0.0	5.8555896	100.0
	LeDock	docking_repeat	1	2l94	50.0	100.0	1.82664189	100.0
	LeDock	docking_repeat	1	2loa	40.0	100.0	1.51412559	100.0
	LeDock	docking_repeat	1	2mb3	0.0	0.0	4.3655476	100.0
	LeDock	docking_repeat	1	2o3v	0.0	0.0	2.14621711	100.0
	LeDock	docking_repeat	1	2o3w	0.0	0.0	3.73771379	100.0
	LeDock	docking_repeat	1	2o3x	0.0	0.0	5.16862966	100.0
	LeDock	docking_repeat	1	2oe5	0.0	0.0	2.55132104	100.0
	LeDock	docking_repeat	1	2oe8	0.0	0.0	2.65345487	100.0
	LeDock	docking_repeat	1	2ogn	90.0	100.0	1.49134714	100.0
	LeDock	docking_repeat	1	2pwt	0.0	0.0	6.69104226	100.0
	LeDock	docking_repeat	1	2tob	0.0	0.0	2.14359614	100.0
	LeDock	docking_repeat	1	2xnw	0.0	0.0	3.43576548	100.0
	LeDock	docking_repeat	1	2xnz	60.0	100.0	0.7294552	100.0
	LeDock	docking_repeat	1	2xo0	50.0	100.0	0.7643207	100.0
	LeDock	docking_repeat	1	2xo1	10.0	100.0	0.59755555	60.0
	LeDock	docking_repeat	1	2ydh	30.0	100.0	1.42754119	100.0
	LeDock	docking_repeat	1	2ygh	70.0	100.0	0.95859822	100.0
	LeDock	docking_repeat	1	316d	0.0	0.0	5.80334465	100.0
	LeDock	docking_repeat	1	3c44	30.0	100.0	1.16222643	100.0
	LeDock	docking_repeat	1	3d2x	30.0	100.0	1.82184612	100.0
	LeDock	docking_repeat	1	3dil	100.0	100.0	1.07227991	100.0
	LeDock	docking_repeat	1	3ds7	100.0	100.0	0.57536034	100.0
	LeDock	docking_repeat	1	3dvv	0.0	0.0	5.57880689	100.0
	LeDock	docking_repeat	1	3e5c	60.0	100.0	1.37123313	100.0
	LeDock	docking_repeat	1	3f2q	70.0	100.0	0.84775816	100.0
	LeDock	docking_repeat	1	3fo4	0.0	0.0	Inf	0.0
	LeDock	docking_repeat	1	3fo6	60.0	100.0	0.50713427	60.0
	LeDock	docking_repeat	1	3gao	0.0	0.0	2.65718075	20.0
	LeDock	docking_repeat	1	3ger	0.0	0.0	Inf	0.0
	LeDock	docking_repeat	1	3ges	60.0	100.0	0.97351751	70.0
	LeDock	docking_repeat	1	3gog	0.0	0.0	Inf	0.0
	LeDock	docking_repeat	1	3got	50.0	100.0	0.176879	100.0
	LeDock	docking_repeat	1	3gx2	70.0	100.0	0.68461032	100.0
	LeDock	docking_repeat	1	3gx3	90.0	100.0	1.15085587	100.0
	LeDock	docking_repeat	1	3gx5	90.0	100.0	1.08571373	100.0
	LeDock	docking_repeat	1	3gx7	90.0	100.0	0.72947338	100.0
	LeDock	docking_repeat	1	3la5	80.0	100.0	0.40302931	100.0
	LeDock	docking_repeat	1	3mum	0.0	0.0	3.29227898	100.0
	LeDock	docking_repeat	1	3mur	0.0	0.0	6.08669357	100.0
	LeDock	docking_repeat	1	3mxh	20.0	100.0	1.82972321	100.0
	LeDock	docking_repeat	1	3npn	100.0	100.0	0.85112591	100.0
	LeDock	docking_repeat	1	3npq	80.0	100.0	0.85757175	100.0
	LeDock	docking_repeat	1	3owz	30.0	100.0	0.89862395	100.0
	LeDock	docking_repeat	1	3q3z	0.0	0.0	3.41261872	100.0
	LeDock	docking_repeat	1	3q50	100.0	100.0	0.44095848	100.0
	LeDock	docking_repeat	1	3s4p	0.0	0.0	4.56546697	100.0
	LeDock	docking_repeat	1	3slm	100.0	100.0	1.27882174	100.0
	LeDock	docking_repeat	1	407d	0.0	0.0	14.92395226	100.0
	LeDock	docking_repeat	1	408d	0.0	0.0	2.28207818	100.0
	LeDock	docking_repeat	1	4aob	40.0	100.0	1.76669134	100.0
	LeDock	docking_repeat	1	4erj	50.0	100.0	0.8845643	100.0
	LeDock	docking_repeat	1	4fe5	10.0	100.0	0.54179821	30.0
	LeDock	docking_repeat	1	4jf2	60.0	100.0	0.28901597	80.0
	LeDock	docking_repeat	1	4kqy	80.0	100.0	0.97964455	100.0
	LeDock	docking_repeat	1	4lvv	0.0	0.0	2.07081041	100.0
	LeDock	docking_repeat	2	1am0	60.0	100.0	1.62808375	100.0
	LeDock	docking_repeat	2	1arj	0.0	0.0	2.07067563	100.0
	LeDock	docking_repeat	2	1byj	40.0	100.0	1.79314053	100.0
	LeDock	docking_repeat	2	1cvx	10.0	100.0	1.925346	100.0
	LeDock	docking_repeat	2	1cvy	20.0	100.0	1.67118884	100.0
	LeDock	docking_repeat	2	1db6	0.0	0.0	2.76978561	100.0
	LeDock	docking_repeat	2	1eht	0.0	0.0	3.32779956	30.0
	LeDock	docking_repeat	2	1ei2	0.0	0.0	3.92013107	100.0
	LeDock	docking_repeat	2	1f1t	100.0	100.0	0.82338908	100.0
	LeDock	docking_repeat	2	1f27	70.0	100.0	1.21308772	100.0
	LeDock	docking_repeat	2	1fjg	0.0	0.0	3.05315177	100.0
	LeDock	docking_repeat	2	1fmn	90.0	100.0	1.16200175	100.0
	LeDock	docking_repeat	2	1fyp	0.0	0.0	2.97096708	100.0
	LeDock	docking_repeat	2	1hnw	0.0	0.0	2.67512446	100.0
	LeDock	docking_repeat	2	1i9v	0.0	0.0	3.95019551	100.0
	LeDock	docking_repeat	2	1j7t	0.0	0.0	2.83487145	100.0
	LeDock	docking_repeat	2	1koc	40.0	100.0	1.78107512	100.0
	LeDock	docking_repeat	2	1lc4	0.0	0.0	2.08480701	100.0
	LeDock	docking_repeat	2	1lvj	30.0	100.0	1.82546817	100.0
	LeDock	docking_repeat	2	1mwl	0.0	0.0	2.51860434	100.0
	LeDock	docking_repeat	2	1nbk	10.0	100.0	1.96336991	100.0
	LeDock	docking_repeat	2	1nem	0.0	0.0	4.7064212	100.0
	LeDock	docking_repeat	2	1nta	20.0	100.0	1.83925791	100.0
	LeDock	docking_repeat	2	1ntb	0.0	0.0	2.63383242	100.0
	LeDock	docking_repeat	2	1nzm	20.0	100.0	0.86750671	60.0
	LeDock	docking_repeat	2	1o15	20.0	100.0	0.4764107	100.0
	LeDock	docking_repeat	2	1o9m	40.0	100.0	1.58932576	100.0
	LeDock	docking_repeat	2	1p96	0.0	0.0	6.3734249	100.0
	LeDock	docking_repeat	2	1pbr	0.0	0.0	3.05581025	100.0
	LeDock	docking_repeat	2	1q8n	90.0	100.0	0.76190096	100.0
	LeDock	docking_repeat	2	1qd3	0.0	0.0	4.5598489	100.0
	LeDock	docking_repeat	2	1qv4	90.0	100.0	0.94873266	100.0
	LeDock	docking_repeat	2	1qv8	70.0	100.0	1.19829897	100.0
	LeDock	docking_repeat	2	1r4e	0.0	0.0	4.19720954	100.0
	LeDock	docking_repeat	2	1tob	0.0	0.0	7.59744194	100.0
	LeDock	docking_repeat	2	1u8d	10.0	100.0	0.45380932	30.0
	LeDock	docking_repeat	2	1uts	0.0	0.0	2.17649288	100.0
	LeDock	docking_repeat	2	1uud	10.0	100.0	1.95273413	100.0
	LeDock	docking_repeat	2	1uui	0.0	0.0	2.22030682	100.0
	LeDock	docking_repeat	2	1xbp	50.0	100.0	1.41222908	100.0
	LeDock	docking_repeat	2	1xpf	0.0	0.0	2.40886197	100.0
	LeDock	docking_repeat	2	1y26	40.0	100.0	0.3375223	90.0
	LeDock	docking_repeat	2	1y27	20.0	100.0	0.20596889	50.0
	LeDock	docking_repeat	2	1ykv	100.0	100.0	0.85878585	100.0
	LeDock	docking_repeat	2	1yrj	0.0	0.0	2.30023714	100.0
	LeDock	docking_repeat	2	1zz5	0.0	0.0	5.12538028	100.0
	LeDock	docking_repeat	2	2au4	30.0	100.0	1.67056855	100.0
	LeDock	docking_repeat	2	2b57	10.0	100.0	0.55462477	100.0
	LeDock	docking_repeat	2	2be0	0.0	0.0	6.25318249	100.0
	LeDock	docking_repeat	2	2bee	0.0	0.0	3.67624337	100.0
	LeDock	docking_repeat	2	2d55	0.0	0.0	4.54869514	100.0
	LeDock	docking_repeat	2	2esi	0.0	0.0	4.19059591	100.0
	LeDock	docking_repeat	2	2esj	0.0	0.0	5.88760757	100.0
	LeDock	docking_repeat	2	2et3	10.0	100.0	1.8960346	100.0
	LeDock	docking_repeat	2	2et4	0.0	0.0	3.99171095	100.0
	LeDock	docking_repeat	2	2et8	70.0	100.0	1.44456041	100.0
	LeDock	docking_repeat	2	2f4s	0.0	0.0	3.24776827	100.0
	LeDock	docking_repeat	2	2f4t	0.0	0.0	2.80643633	100.0
	LeDock	docking_repeat	2	2f4u	0.0	0.0	2.55375732	100.0
	LeDock	docking_repeat	2	2fcx	20.0	100.0	1.50619116	100.0
	LeDock	docking_repeat	2	2fcy	0.0	0.0	4.68224724	100.0
	LeDock	docking_repeat	2	2fcz	0.0	0.0	3.3424846	100.0
	LeDock	docking_repeat	2	2fd0	0.0	0.0	2.32202394	100.0
	LeDock	docking_repeat	2	2g5k	0.0	0.0	2.96362343	100.0
	LeDock	docking_repeat	2	2g5q	0.0	0.0	3.02935914	100.0
	LeDock	docking_repeat	2	2g9c	100.0	100.0	0.45628195	100.0
	LeDock	docking_repeat	2	2gdi	40.0	100.0	1.0319124	100.0
	LeDock	docking_repeat	2	2gis	40.0	100.0	0.86409314	100.0
	LeDock	docking_repeat	2	2juk	0.0	0.0	4.04447683	100.0
	LeDock	docking_repeat	2	2jwq	100.0	100.0	0.98359519	100.0
	LeDock	docking_repeat	2	2kgp	0.0	0.0	2.00538174	100.0
	LeDock	docking_repeat	2	2ktz	0.0	0.0	6.5752761	100.0
	LeDock	docking_repeat	2	2ku0	0.0	0.0	5.89693052	100.0
	LeDock	docking_repeat	2	2l94	10.0	100.0	1.63006181	100.0
	LeDock	docking_repeat	2	2loa	0.0	0.0	2.20783131	100.0
	LeDock	docking_repeat	2	2mb3	0.0	0.0	6.43647285	100.0
	LeDock	docking_repeat	2	2o3v	0.0	0.0	2.66658226	100.0
	LeDock	docking_repeat	2	2o3w	0.0	0.0	5.68197186	100.0
	LeDock	docking_repeat	2	2o3x	0.0	0.0	2.98857936	100.0
	LeDock	docking_repeat	2	2oe5	0.0	0.0	3.14445536	100.0
	LeDock	docking_repeat	2	2oe8	0.0	0.0	8.98849562	100.0
	LeDock	docking_repeat	2	2ogn	10.0	100.0	1.96087129	100.0
	LeDock	docking_repeat	2	2pwt	0.0	0.0	5.33997309	100.0
	LeDock	docking_repeat	2	2tob	0.0	0.0	2.14709944	100.0
	LeDock	docking_repeat	2	2xnw	0.0	0.0	3.44097752	100.0
	LeDock	docking_repeat	2	2xnz	40.0	100.0	0.71626741	100.0
	LeDock	docking_repeat	2	2xo0	40.0	100.0	0.76946028	100.0
	LeDock	docking_repeat	2	2xo1	30.0	100.0	0.34046385	100.0
	LeDock	docking_repeat	2	2ydh	40.0	100.0	1.05605084	100.0
	LeDock	docking_repeat	2	2ygh	70.0	100.0	0.78193689	100.0
	LeDock	docking_repeat	2	316d	0.0	0.0	4.62823576	100.0
	LeDock	docking_repeat	2	3c44	0.0	0.0	4.68138119	100.0
	LeDock	docking_repeat	2	3d2x	30.0	100.0	1.4227912	100.0
	LeDock	docking_repeat	2	3dil	100.0	100.0	0.767964	100.0
	LeDock	docking_repeat	2	3ds7	100.0	100.0	0.87787309	100.0
	LeDock	docking_repeat	2	3dvv	0.0	0.0	2.7302679	100.0
	LeDock	docking_repeat	2	3e5c	80.0	100.0	1.20992196	100.0
	LeDock	docking_repeat	2	3f2q	100.0	100.0	0.77676465	100.0
	LeDock	docking_repeat	2	3fo4	0.0	0.0	Inf	0.0
	LeDock	docking_repeat	2	3fo6	80.0	100.0	0.31374273	80.0
	LeDock	docking_repeat	2	3gao	0.0	0.0	2.65716506	20.0
	LeDock	docking_repeat	2	3ger	0.0	0.0	Inf	0.0
	LeDock	docking_repeat	2	3ges	60.0	100.0	0.91383254	60.0
	LeDock	docking_repeat	2	3gog	0.0	0.0	Inf	0.0
	LeDock	docking_repeat	2	3got	50.0	100.0	0.14320107	100.0
	LeDock	docking_repeat	2	3gx2	60.0	100.0	1.16235	100.0
	LeDock	docking_repeat	2	3gx3	90.0	100.0	1.14216717	100.0
	LeDock	docking_repeat	2	3gx5	40.0	100.0	1.14246781	100.0
	LeDock	docking_repeat	2	3gx7	80.0	100.0	0.84379228	100.0
	LeDock	docking_repeat	2	3la5	60.0	100.0	0.38586235	100.0
	LeDock	docking_repeat	2	3mum	0.0	0.0	6.21449066	100.0
	LeDock	docking_repeat	2	3mur	0.0	0.0	5.0381825	100.0
	LeDock	docking_repeat	2	3mxh	0.0	0.0	4.61683136	100.0
	LeDock	docking_repeat	2	3npn	80.0	100.0	1.06169292	100.0
	LeDock	docking_repeat	2	3npq	70.0	100.0	0.77709771	100.0
	LeDock	docking_repeat	2	3owz	0.0	0.0	2.00541492	100.0
	LeDock	docking_repeat	2	3q3z	0.0	0.0	3.94922388	100.0
	LeDock	docking_repeat	2	3q50	100.0	100.0	0.42231814	100.0
	LeDock	docking_repeat	2	3s4p	0.0	0.0	5.08521431	100.0
	LeDock	docking_repeat	2	3slm	100.0	100.0	0.94172723	100.0
	LeDock	docking_repeat	2	407d	0.0	0.0	2.14451017	100.0
	LeDock	docking_repeat	2	408d	0.0	0.0	2.50126165	100.0
	LeDock	docking_repeat	2	4aob	20.0	100.0	1.85412812	100.0
	LeDock	docking_repeat	2	4erj	70.0	100.0	0.79435648	100.0
	LeDock	docking_repeat	2	4fe5	10.0	100.0	0.52723799	30.0
	LeDock	docking_repeat	2	4jf2	60.0	100.0	0.29255571	70.0
	LeDock	docking_repeat	2	4kqy	70.0	100.0	0.55509082	100.0
	LeDock	docking_repeat	2	4lvv	10.0	100.0	1.88023632	100.0
	LeDock	docking_repeat	3	1am0	0.0	0.0	3.62726917	100.0
	LeDock	docking_repeat	3	1arj	10.0	100.0	1.89468082	100.0
	LeDock	docking_repeat	3	1byj	10.0	100.0	1.81519548	100.0
	LeDock	docking_repeat	3	1cvx	10.0	100.0	1.78144282	100.0
	LeDock	docking_repeat	3	1cvy	0.0	0.0	2.91481728	100.0
	LeDock	docking_repeat	3	1db6	10.0	100.0	1.82421399	100.0
	LeDock	docking_repeat	3	1eht	0.0	0.0	3.30927962	30.0
	LeDock	docking_repeat	3	1ei2	0.0	0.0	3.06072039	100.0
	LeDock	docking_repeat	3	1f1t	100.0	100.0	0.77639141	100.0
	LeDock	docking_repeat	3	1f27	60.0	100.0	1.1223817	100.0
	LeDock	docking_repeat	3	1fjg	0.0	0.0	3.91824542	100.0
	LeDock	docking_repeat	3	1fmn	80.0	100.0	1.33052277	100.0
	LeDock	docking_repeat	3	1fyp	0.0	0.0	2.5814113	100.0
	LeDock	docking_repeat	3	1hnw	0.0	0.0	6.79086457	70.0
	LeDock	docking_repeat	3	1i9v	0.0	0.0	3.67914311	100.0
	LeDock	docking_repeat	3	1j7t	0.0	0.0	4.83995133	100.0
	LeDock	docking_repeat	3	1koc	20.0	100.0	1.9006078	100.0
	LeDock	docking_repeat	3	1lc4	0.0	0.0	3.03320242	100.0
	LeDock	docking_repeat	3	1lvj	0.0	0.0	2.14730502	100.0
	LeDock	docking_repeat	3	1mwl	0.0	0.0	2.79026555	100.0
	LeDock	docking_repeat	3	1nbk	10.0	100.0	1.77247901	100.0
	LeDock	docking_repeat	3	1nem	0.0	0.0	2.04249382	100.0
	LeDock	docking_repeat	3	1nta	0.0	0.0	2.51820847	100.0
	LeDock	docking_repeat	3	1ntb	0.0	0.0	2.91962485	100.0
	LeDock	docking_repeat	3	1nzm	20.0	100.0	1.48624759	30.0
	LeDock	docking_repeat	3	1o15	30.0	100.0	0.49341744	80.0
	LeDock	docking_repeat	3	1o9m	0.0	0.0	3.41254012	100.0
	LeDock	docking_repeat	3	1p96	10.0	100.0	1.66183444	100.0
	LeDock	docking_repeat	3	1pbr	0.0	0.0	3.25206122	100.0
	LeDock	docking_repeat	3	1q8n	70.0	100.0	0.67571891	100.0
	LeDock	docking_repeat	3	1qd3	0.0	0.0	2.13416721	100.0
	LeDock	docking_repeat	3	1qv4	60.0	100.0	0.7934869	100.0
	LeDock	docking_repeat	3	1qv8	70.0	100.0	1.07202841	100.0
	LeDock	docking_repeat	3	1r4e	0.0	0.0	4.17462165	100.0
	LeDock	docking_repeat	3	1tob	0.0	0.0	4.58950927	100.0
	LeDock	docking_repeat	3	1u8d	20.0	100.0	0.48342683	40.0
	LeDock	docking_repeat	3	1uts	0.0	0.0	7.47345409	100.0
	LeDock	docking_repeat	3	1uud	0.0	0.0	2.02081705	100.0
	LeDock	docking_repeat	3	1uui	0.0	0.0	2.00429406	100.0
	LeDock	docking_repeat	3	1xbp	60.0	100.0	1.57177059	100.0
	LeDock	docking_repeat	3	1xpf	10.0	100.0	1.80141197	100.0
	LeDock	docking_repeat	3	1y26	50.0	100.0	0.24748374	100.0
	LeDock	docking_repeat	3	1y27	30.0	100.0	0.20059117	60.0
	LeDock	docking_repeat	3	1ykv	90.0	100.0	0.80419294	100.0
	LeDock	docking_repeat	3	1yrj	0.0	0.0	3.60534132	100.0
	LeDock	docking_repeat	3	1zz5	0.0	0.0	3.12076053	100.0
	LeDock	docking_repeat	3	2au4	20.0	100.0	1.49132072	100.0
	LeDock	docking_repeat	3	2b57	0.0	0.0	2.67787088	100.0
	LeDock	docking_repeat	3	2be0	0.0	0.0	5.84506043	100.0
	LeDock	docking_repeat	3	2bee	0.0	0.0	4.20051259	100.0
	LeDock	docking_repeat	3	2d55	0.0	0.0	3.23733228	100.0
	LeDock	docking_repeat	3	2esi	0.0	0.0	4.19346707	100.0
	LeDock	docking_repeat	3	2esj	0.0	0.0	3.82010182	100.0
	LeDock	docking_repeat	3	2et3	0.0	0.0	4.28780257	100.0
	LeDock	docking_repeat	3	2et4	0.0	0.0	4.97095621	100.0
	LeDock	docking_repeat	3	2et8	0.0	0.0	2.28847636	100.0
	LeDock	docking_repeat	3	2f4s	0.0	0.0	5.82843786	100.0
	LeDock	docking_repeat	3	2f4t	0.0	0.0	2.45212885	100.0
	LeDock	docking_repeat	3	2f4u	0.0	0.0	2.4023658	100.0
	LeDock	docking_repeat	3	2fcx	0.0	0.0	2.27118404	100.0
	LeDock	docking_repeat	3	2fcy	0.0	0.0	2.91112963	100.0
	LeDock	docking_repeat	3	2fcz	0.0	0.0	5.2081528	100.0
	LeDock	docking_repeat	3	2fd0	0.0	0.0	3.54920737	100.0
	LeDock	docking_repeat	3	2g5k	0.0	0.0	3.59842437	100.0
	LeDock	docking_repeat	3	2g5q	0.0	0.0	4.70566687	100.0
	LeDock	docking_repeat	3	2g9c	100.0	100.0	0.45588156	100.0
	LeDock	docking_repeat	3	2gdi	40.0	100.0	1.51974764	100.0
	LeDock	docking_repeat	3	2gis	30.0	100.0	1.33941528	100.0
	LeDock	docking_repeat	3	2juk	0.0	0.0	4.54074489	100.0
	LeDock	docking_repeat	3	2jwq	80.0	100.0	1.17959825	100.0
	LeDock	docking_repeat	3	2kgp	0.0	0.0	2.42357726	100.0
	LeDock	docking_repeat	3	2ktz	0.0	0.0	5.63625663	100.0
	LeDock	docking_repeat	3	2ku0	0.0	0.0	5.75830184	100.0
	LeDock	docking_repeat	3	2l94	30.0	100.0	1.50833421	100.0
	LeDock	docking_repeat	3	2loa	40.0	100.0	1.69696691	100.0
	LeDock	docking_repeat	3	2mb3	0.0	0.0	6.63622789	100.0
	LeDock	docking_repeat	3	2o3v	0.0	0.0	2.67800884	100.0
	LeDock	docking_repeat	3	2o3w	0.0	0.0	5.53202166	100.0
	LeDock	docking_repeat	3	2o3x	0.0	0.0	2.71034399	100.0
	LeDock	docking_repeat	3	2oe5	0.0	0.0	9.48802454	100.0
	LeDock	docking_repeat	3	2oe8	0.0	0.0	2.60257266	100.0
	LeDock	docking_repeat	3	2ogn	100.0	100.0	1.24599561	100.0
	LeDock	docking_repeat	3	2pwt	0.0	0.0	6.85466416	100.0
	LeDock	docking_repeat	3	2tob	0.0	0.0	2.68869122	100.0
	LeDock	docking_repeat	3	2xnw	0.0	0.0	3.40393465	100.0
	LeDock	docking_repeat	3	2xnz	80.0	100.0	0.63457107	100.0
	LeDock	docking_repeat	3	2xo0	50.0	100.0	0.77846684	100.0
	LeDock	docking_repeat	3	2xo1	30.0	100.0	0.38334283	100.0
	LeDock	docking_repeat	3	2ydh	50.0	100.0	0.84435992	100.0
	LeDock	docking_repeat	3	2ygh	50.0	100.0	0.99828752	100.0
	LeDock	docking_repeat	3	316d	0.0	0.0	4.3355282	100.0
	LeDock	docking_repeat	3	3c44	0.0	0.0	2.30612996	100.0
	LeDock	docking_repeat	3	3d2x	10.0	100.0	1.92063009	100.0
	LeDock	docking_repeat	3	3dil	100.0	100.0	1.04882344	100.0
	LeDock	docking_repeat	3	3ds7	100.0	100.0	0.81320374	100.0
	LeDock	docking_repeat	3	3dvv	0.0	0.0	5.02928274	100.0
	LeDock	docking_repeat	3	3e5c	80.0	100.0	1.56591353	100.0
	LeDock	docking_repeat	3	3f2q	90.0	100.0	0.7069737	100.0
	LeDock	docking_repeat	3	3fo4	0.0	0.0	Inf	0.0
	LeDock	docking_repeat	3	3fo6	60.0	100.0	0.34662287	70.0
	LeDock	docking_repeat	3	3gao	10.0	100.0	0.38929774	30.0
	LeDock	docking_repeat	3	3ger	0.0	0.0	Inf	0.0
	LeDock	docking_repeat	3	3ges	80.0	100.0	0.86553726	90.0
	LeDock	docking_repeat	3	3gog	0.0	0.0	Inf	0.0
	LeDock	docking_repeat	3	3got	40.0	100.0	0.16387578	90.0
	LeDock	docking_repeat	3	3gx2	0.0	0.0	2.00808767	100.0
	LeDock	docking_repeat	3	3gx3	30.0	100.0	1.11098676	100.0
	LeDock	docking_repeat	3	3gx5	30.0	100.0	1.37538533	100.0
	LeDock	docking_repeat	3	3gx7	60.0	100.0	0.94406819	100.0
	LeDock	docking_repeat	3	3la5	80.0	100.0	0.36131375	100.0
	LeDock	docking_repeat	3	3mum	0.0	0.0	4.56530342	100.0
	LeDock	docking_repeat	3	3mur	10.0	100.0	1.98301654	100.0
	LeDock	docking_repeat	3	3mxh	0.0	0.0	4.62949625	100.0
	LeDock	docking_repeat	3	3npn	100.0	100.0	1.13849808	100.0
	LeDock	docking_repeat	3	3npq	90.0	100.0	1.09563048	100.0
	LeDock	docking_repeat	3	3owz	30.0	100.0	0.87818096	100.0
	LeDock	docking_repeat	3	3q3z	0.0	0.0	2.84050294	100.0
	LeDock	docking_repeat	3	3q50	100.0	100.0	0.37612201	100.0
	LeDock	docking_repeat	3	3s4p	0.0	0.0	5.57819271	100.0
	LeDock	docking_repeat	3	3slm	100.0	100.0	0.80259094	100.0
	LeDock	docking_repeat	3	407d	0.0	0.0	2.61364948	100.0
	LeDock	docking_repeat	3	408d	0.0	0.0	2.26460046	100.0
	LeDock	docking_repeat	3	4aob	30.0	100.0	1.74556098	100.0
	LeDock	docking_repeat	3	4erj	70.0	100.0	0.91623553	100.0
	LeDock	docking_repeat	3	4fe5	0.0	0.0	2.39375757	20.0
	LeDock	docking_repeat	3	4jf2	50.0	100.0	0.26737528	80.0
	LeDock	docking_repeat	3	4kqy	80.0	100.0	0.97520144	100.0
	LeDock	docking_repeat	3	4lvv	0.0	0.0	2.18863408	100.0
	PLANTS	docking_repeat	1	1am0	10.0	100.0	1.96774778	100.0
	PLANTS	docking_repeat	1	1arj	0.0	0.0	4.16982863	100.0
	PLANTS	docking_repeat	1	1byj	0.0	0.0	4.52069063	100.0
	PLANTS	docking_repeat	1	1cvx	0.0	0.0	3.16978967	100.0
	PLANTS	docking_repeat	1	1cvy	0.0	0.0	4.04265788	100.0
	PLANTS	docking_repeat	1	1db6	0.0	0.0	3.07325649	100.0
	PLANTS	docking_repeat	1	1eht	10.0	100.0	1.41263982	100.0
	PLANTS	docking_repeat	1	1ei2	0.0	0.0	6.96678195	100.0
	PLANTS	docking_repeat	1	1f1t	40.0	100.0	0.49716975	100.0
	PLANTS	docking_repeat	1	1f27	30.0	100.0	1.48943363	100.0
	PLANTS	docking_repeat	1	1fjg	0.0	0.0	Inf	0.0
	PLANTS	docking_repeat	1	1fmn	40.0	100.0	1.13244549	100.0
	PLANTS	docking_repeat	1	1fyp	0.0	0.0	3.93938965	100.0
	PLANTS	docking_repeat	1	1hnw	0.0	0.0	Inf	0.0
	PLANTS	docking_repeat	1	1i9v	0.0	0.0	7.5772633	100.0
	PLANTS	docking_repeat	1	1j7t	0.0	0.0	4.5614838	100.0
	PLANTS	docking_repeat	1	1koc	0.0	0.0	2.03304358	100.0
	PLANTS	docking_repeat	1	1lc4	0.0	0.0	3.50437414	100.0
	PLANTS	docking_repeat	1	1lvj	0.0	0.0	2.52171445	100.0
	PLANTS	docking_repeat	1	1mwl	0.0	0.0	5.68600051	100.0
	PLANTS	docking_repeat	1	1nbk	0.0	0.0	3.50126582	100.0
	PLANTS	docking_repeat	1	1nem	0.0	0.0	2.70434076	100.0
	PLANTS	docking_repeat	1	1nta	0.0	0.0	3.76707077	100.0
	PLANTS	docking_repeat	1	1ntb	0.0	0.0	Inf	0.0
	PLANTS	docking_repeat	1	1nzm	0.0	0.0	Inf	0.0
	PLANTS	docking_repeat	1	1o15	20.0	100.0	0.68247662	100.0
	PLANTS	docking_repeat	1	1o9m	0.0	0.0	3.20276311	100.0
	PLANTS	docking_repeat	1	1p96	0.0	0.0	2.12854582	100.0
	PLANTS	docking_repeat	1	1pbr	0.0	0.0	4.03082242	100.0
	PLANTS	docking_repeat	1	1q8n	40.0	100.0	0.5314508	100.0
	PLANTS	docking_repeat	1	1qd3	0.0	0.0	4.06771641	100.0
	PLANTS	docking_repeat	1	1qv4	10.0	100.0	0.83808846	100.0
	PLANTS	docking_repeat	1	1qv8	10.0	100.0	0.9982103	100.0
	PLANTS	docking_repeat	1	1r4e	0.0	0.0	4.82940813	100.0
	PLANTS	docking_repeat	1	1tob	0.0	0.0	4.34154851	100.0
	PLANTS	docking_repeat	1	1u8d	10.0	100.0	0.31148986	100.0
	PLANTS	docking_repeat	1	1uts	0.0	0.0	3.73718724	100.0
	PLANTS	docking_repeat	1	1uud	0.0	0.0	6.16230144	100.0
	PLANTS	docking_repeat	1	1uui	0.0	0.0	5.90297611	100.0
	PLANTS	docking_repeat	1	1xbp	0.0	0.0	Inf	0.0
	PLANTS	docking_repeat	1	1xpf	0.0	0.0	3.81991517	100.0
	PLANTS	docking_repeat	1	1y26	10.0	100.0	0.1763462	100.0
	PLANTS	docking_repeat	1	1y27	0.0	0.0	Inf	0.0
	PLANTS	docking_repeat	1	1ykv	30.0	100.0	0.76900124	100.0
	PLANTS	docking_repeat	1	1yrj	0.0	0.0	6.47766237	100.0
	PLANTS	docking_repeat	1	1zz5	0.0	0.0	7.90056793	100.0
	PLANTS	docking_repeat	1	2au4	0.0	0.0	3.21286297	100.0
	PLANTS	docking_repeat	1	2b57	10.0	100.0	0.28430723	100.0
	PLANTS	docking_repeat	1	2be0	0.0	0.0	5.84430459	100.0
	PLANTS	docking_repeat	1	2bee	0.0	0.0	Inf	0.0
	PLANTS	docking_repeat	1	2d55	0.0	0.0	5.3503037	100.0
	PLANTS	docking_repeat	1	2esi	0.0	0.0	5.13374638	100.0
	PLANTS	docking_repeat	1	2esj	0.0	0.0	6.98416095	100.0
	PLANTS	docking_repeat	1	2et3	0.0	0.0	3.22621047	100.0
	PLANTS	docking_repeat	1	2et4	0.0	0.0	6.35233459	100.0
	PLANTS	docking_repeat	1	2et8	20.0	100.0	0.60377719	100.0
	PLANTS	docking_repeat	1	2f4s	0.0	0.0	2.91300248	100.0
	PLANTS	docking_repeat	1	2f4t	0.0	0.0	7.28621572	100.0
	PLANTS	docking_repeat	1	2f4u	0.0	0.0	6.14736284	100.0
	PLANTS	docking_repeat	1	2fcx	0.0	0.0	4.69055107	100.0
	PLANTS	docking_repeat	1	2fcy	0.0	0.0	5.62270725	100.0
	PLANTS	docking_repeat	1	2fcz	0.0	0.0	4.69897586	100.0
	PLANTS	docking_repeat	1	2fd0	0.0	0.0	3.6215521	100.0
	PLANTS	docking_repeat	1	2g5k	0.0	0.0	4.09057292	100.0
	PLANTS	docking_repeat	1	2g5q	0.0	0.0	3.45932343	100.0
	PLANTS	docking_repeat	1	2g9c	20.0	100.0	0.24538563	100.0
	PLANTS	docking_repeat	1	2gdi	0.0	0.0	5.62734465	100.0
	PLANTS	docking_repeat	1	2gis	0.0	0.0	Inf	0.0
	PLANTS	docking_repeat	1	2juk	0.0	0.0	5.73647986	100.0
	PLANTS	docking_repeat	1	2jwq	40.0	100.0	1.37288437	100.0
	PLANTS	docking_repeat	1	2kgp	0.0	0.0	5.34028731	100.0
	PLANTS	docking_repeat	1	2ktz	20.0	100.0	1.08618713	100.0
	PLANTS	docking_repeat	1	2ku0	10.0	100.0	1.75483148	100.0
	PLANTS	docking_repeat	1	2l94	0.0	0.0	4.7171383	100.0
	PLANTS	docking_repeat	1	2loa	0.0	0.0	5.66854834	100.0
	PLANTS	docking_repeat	1	2mb3	0.0	0.0	4.84357563	100.0
	PLANTS	docking_repeat	1	2o3v	0.0	0.0	7.03010378	100.0
	PLANTS	docking_repeat	1	2o3w	0.0	0.0	6.32969023	100.0
	PLANTS	docking_repeat	1	2o3x	0.0	0.0	3.10055455	100.0
	PLANTS	docking_repeat	1	2oe5	0.0	0.0	3.38600225	100.0
	PLANTS	docking_repeat	1	2oe8	0.0	0.0	2.75188029	100.0
	PLANTS	docking_repeat	1	2ogn	0.0	0.0	Inf	0.0
	PLANTS	docking_repeat	1	2pwt	0.0	0.0	6.52005396	100.0
	PLANTS	docking_repeat	1	2tob	0.0	0.0	3.30822627	100.0
	PLANTS	docking_repeat	1	2xnw	10.0	100.0	0.37902536	100.0
	PLANTS	docking_repeat	1	2xnz	20.0	100.0	0.2698117	100.0
	PLANTS	docking_repeat	1	2xo0	20.0	100.0	0.43017252	100.0
	PLANTS	docking_repeat	1	2xo1	10.0	100.0	0.30646329	100.0
	PLANTS	docking_repeat	1	2ydh	10.0	100.0	1.69374722	100.0
	PLANTS	docking_repeat	1	2ygh	20.0	100.0	0.7553343	100.0
	PLANTS	docking_repeat	1	316d	0.0	0.0	6.27078547	100.0
	PLANTS	docking_repeat	1	3c44	0.0	0.0	2.89025017	100.0
	PLANTS	docking_repeat	1	3d2x	0.0	0.0	Inf	0.0
	PLANTS	docking_repeat	1	3dil	40.0	100.0	0.91062019	100.0
	PLANTS	docking_repeat	1	3ds7	0.0	0.0	Inf	0.0
	PLANTS	docking_repeat	1	3dvv	0.0	0.0	4.76002728	100.0
	PLANTS	docking_repeat	1	3e5c	20.0	100.0	1.08221015	100.0
	PLANTS	docking_repeat	1	3f2q	40.0	100.0	0.49681697	100.0
	PLANTS	docking_repeat	1	3fo4	10.0	100.0	0.30810781	100.0
	PLANTS	docking_repeat	1	3fo6	10.0	100.0	0.21235776	100.0
	PLANTS	docking_repeat	1	3gao	10.0	100.0	0.2838819	100.0
	PLANTS	docking_repeat	1	3ger	10.0	100.0	0.30406684	100.0
	PLANTS	docking_repeat	1	3ges	10.0	100.0	0.81534798	100.0
	PLANTS	docking_repeat	1	3gog	10.0	100.0	0.12167393	100.0
	PLANTS	docking_repeat	1	3got	10.0	100.0	0.17279678	100.0
	PLANTS	docking_repeat	1	3gx2	20.0	100.0	1.03163326	100.0
	PLANTS	docking_repeat	1	3gx3	20.0	100.0	1.31731968	100.0
	PLANTS	docking_repeat	1	3gx5	20.0	100.0	0.67484209	100.0
	PLANTS	docking_repeat	1	3gx7	50.0	100.0	0.75547365	100.0
	PLANTS	docking_repeat	1	3la5	10.0	100.0	0.43622146	100.0
	PLANTS	docking_repeat	1	3mum	0.0	0.0	4.76025868	100.0
	PLANTS	docking_repeat	1	3mur	0.0	0.0	7.11340544	100.0
	PLANTS	docking_repeat	1	3mxh	0.0	0.0	4.35050229	100.0
	PLANTS	docking_repeat	1	3npn	0.0	0.0	2.30315082	100.0
	PLANTS	docking_repeat	1	3npq	10.0	100.0	0.4988815	100.0
	PLANTS	docking_repeat	1	3owz	0.0	0.0	Inf	0.0
	PLANTS	docking_repeat	1	3q3z	0.0	0.0	3.44281148	100.0
	PLANTS	docking_repeat	1	3q50	10.0	100.0	0.68990061	100.0
	PLANTS	docking_repeat	1	3s4p	0.0	0.0	7.31794633	100.0
	PLANTS	docking_repeat	1	3slm	20.0	100.0	1.15540672	100.0
	PLANTS	docking_repeat	1	407d	0.0	0.0	Inf	0.0
	PLANTS	docking_repeat	1	408d	0.0	0.0	6.77012682	100.0
	PLANTS	docking_repeat	1	4aob	10.0	100.0	1.97267061	100.0
	PLANTS	docking_repeat	1	4erj	50.0	100.0	1.05912776	100.0
	PLANTS	docking_repeat	1	4fe5	10.0	100.0	0.27787633	100.0
	PLANTS	docking_repeat	1	4jf2	10.0	100.0	0.28773978	100.0
	PLANTS	docking_repeat	1	4kqy	20.0	100.0	1.37253257	100.0
	PLANTS	docking_repeat	1	4lvv	0.0	0.0	2.59185352	100.0
	PLANTS	docking_repeat	2	1am0	10.0	100.0	1.65749982	100.0
	PLANTS	docking_repeat	2	1arj	0.0	0.0	4.06842426	100.0
	PLANTS	docking_repeat	2	1byj	0.0	0.0	3.74190338	100.0
	PLANTS	docking_repeat	2	1cvx	0.0	0.0	3.89242758	100.0
	PLANTS	docking_repeat	2	1cvy	0.0	0.0	3.08805032	100.0
	PLANTS	docking_repeat	2	1db6	0.0	0.0	3.45694475	100.0
	PLANTS	docking_repeat	2	1eht	10.0	100.0	1.19320539	100.0
	PLANTS	docking_repeat	2	1ei2	0.0	0.0	3.60943156	100.0
	PLANTS	docking_repeat	2	1f1t	40.0	100.0	0.43348239	100.0
	PLANTS	docking_repeat	2	1f27	50.0	100.0	1.14703189	100.0
	PLANTS	docking_repeat	2	1fjg	0.0	0.0	Inf	0.0
	PLANTS	docking_repeat	2	1fmn	30.0	100.0	1.16427026	100.0
	PLANTS	docking_repeat	2	1fyp	0.0	0.0	5.25632648	100.0
	PLANTS	docking_repeat	2	1hnw	0.0	0.0	Inf	0.0
	PLANTS	docking_repeat	2	1i9v	0.0	0.0	6.46863234	100.0
	PLANTS	docking_repeat	2	1j7t	0.0	0.0	5.15931713	100.0
	PLANTS	docking_repeat	2	1koc	20.0	100.0	1.82953364	100.0
	PLANTS	docking_repeat	2	1lc4	0.0	0.0	2.88937778	100.0
	PLANTS	docking_repeat	2	1lvj	0.0	0.0	2.60658678	100.0
	PLANTS	docking_repeat	2	1mwl	0.0	0.0	4.88402877	100.0
	PLANTS	docking_repeat	2	1nbk	0.0	0.0	3.36970586	100.0
	PLANTS	docking_repeat	2	1nem	0.0	0.0	4.354665	100.0
	PLANTS	docking_repeat	2	1nta	10.0	100.0	1.85580326	100.0
	PLANTS	docking_repeat	2	1ntb	0.0	0.0	Inf	0.0
	PLANTS	docking_repeat	2	1nzm	0.0	0.0	Inf	0.0
	PLANTS	docking_repeat	2	1o15	20.0	100.0	0.69128682	100.0
	PLANTS	docking_repeat	2	1o9m	0.0	0.0	7.91700913	100.0
	PLANTS	docking_repeat	2	1p96	10.0	100.0	1.86338368	100.0
	PLANTS	docking_repeat	2	1pbr	0.0	0.0	3.03400994	100.0
	PLANTS	docking_repeat	2	1q8n	40.0	100.0	0.53686426	100.0
	PLANTS	docking_repeat	2	1qd3	0.0	0.0	4.66095032	100.0
	PLANTS	docking_repeat	2	1qv4	30.0	100.0	1.04096085	100.0
	PLANTS	docking_repeat	2	1qv8	10.0	100.0	1.38825612	100.0
	PLANTS	docking_repeat	2	1r4e	0.0	0.0	4.46642774	100.0
	PLANTS	docking_repeat	2	1tob	0.0	0.0	2.51346696	100.0
	PLANTS	docking_repeat	2	1u8d	10.0	100.0	0.34853835	100.0
	PLANTS	docking_repeat	2	1uts	0.0	0.0	3.58449359	100.0
	PLANTS	docking_repeat	2	1uud	0.0	0.0	6.94547481	100.0
	PLANTS	docking_repeat	2	1uui	0.0	0.0	6.02240294	100.0
	PLANTS	docking_repeat	2	1xbp	0.0	0.0	Inf	0.0
	PLANTS	docking_repeat	2	1xpf	0.0	0.0	3.98924526	100.0
	PLANTS	docking_repeat	2	1y26	10.0	100.0	0.17401954	100.0
	PLANTS	docking_repeat	2	1y27	0.0	0.0	Inf	0.0
	PLANTS	docking_repeat	2	1ykv	10.0	100.0	1.02683682	100.0
	PLANTS	docking_repeat	2	1yrj	0.0	0.0	5.71953268	100.0
	PLANTS	docking_repeat	2	1zz5	0.0	0.0	4.67999311	100.0
	PLANTS	docking_repeat	2	2au4	0.0	0.0	3.56747323	100.0
	PLANTS	docking_repeat	2	2b57	10.0	100.0	0.28339399	100.0
	PLANTS	docking_repeat	2	2be0	0.0	0.0	6.92921964	100.0
	PLANTS	docking_repeat	2	2bee	0.0	0.0	Inf	0.0
	PLANTS	docking_repeat	2	2d55	0.0	0.0	4.50491169	100.0
	PLANTS	docking_repeat	2	2esi	0.0	0.0	5.62468429	100.0
	PLANTS	docking_repeat	2	2esj	0.0	0.0	7.27377029	100.0
	PLANTS	docking_repeat	2	2et3	0.0	0.0	5.82170274	100.0
	PLANTS	docking_repeat	2	2et4	0.0	0.0	6.44883648	100.0
	PLANTS	docking_repeat	2	2et8	10.0	100.0	1.48369174	100.0
	PLANTS	docking_repeat	2	2f4s	0.0	0.0	5.36330014	100.0
	PLANTS	docking_repeat	2	2f4t	0.0	0.0	4.31375215	100.0
	PLANTS	docking_repeat	2	2f4u	0.0	0.0	3.52716833	100.0
	PLANTS	docking_repeat	2	2fcx	0.0	0.0	5.54195304	100.0
	PLANTS	docking_repeat	2	2fcy	0.0	0.0	4.50530744	100.0
	PLANTS	docking_repeat	2	2fcz	0.0	0.0	5.47496409	100.0
	PLANTS	docking_repeat	2	2fd0	0.0	0.0	3.98105354	100.0
	PLANTS	docking_repeat	2	2g5k	0.0	0.0	3.09202476	100.0
	PLANTS	docking_repeat	2	2g5q	0.0	0.0	3.79956118	100.0
	PLANTS	docking_repeat	2	2g9c	20.0	100.0	0.24339023	100.0
	PLANTS	docking_repeat	2	2gdi	30.0	100.0	1.37742961	100.0
	PLANTS	docking_repeat	2	2gis	0.0	0.0	Inf	0.0
	PLANTS	docking_repeat	2	2juk	0.0	0.0	7.44122802	100.0
	PLANTS	docking_repeat	2	2jwq	40.0	100.0	1.5296446	100.0
	PLANTS	docking_repeat	2	2kgp	0.0	0.0	5.38771867	100.0
	PLANTS	docking_repeat	2	2ktz	10.0	100.0	1.3962403	100.0
	PLANTS	docking_repeat	2	2ku0	10.0	100.0	1.01750153	100.0
	PLANTS	docking_repeat	2	2l94	0.0	0.0	4.12623154	100.0
	PLANTS	docking_repeat	2	2loa	0.0	0.0	5.85130509	100.0
	PLANTS	docking_repeat	2	2mb3	0.0	0.0	6.02442937	100.0
	PLANTS	docking_repeat	2	2o3v	0.0	0.0	3.52431504	100.0
	PLANTS	docking_repeat	2	2o3w	0.0	0.0	4.79882609	100.0
	PLANTS	docking_repeat	2	2o3x	0.0	0.0	5.49668233	100.0
	PLANTS	docking_repeat	2	2oe5	0.0	0.0	4.2020239	100.0
	PLANTS	docking_repeat	2	2oe8	0.0	0.0	2.48913178	100.0
	PLANTS	docking_repeat	2	2ogn	0.0	0.0	Inf	0.0
	PLANTS	docking_repeat	2	2pwt	0.0	0.0	4.33506308	100.0
	PLANTS	docking_repeat	2	2tob	0.0	0.0	3.74980505	100.0
	PLANTS	docking_repeat	2	2xnw	10.0	100.0	0.39235743	100.0
	PLANTS	docking_repeat	2	2xnz	20.0	100.0	0.26921539	100.0
	PLANTS	docking_repeat	2	2xo0	20.0	100.0	0.43476931	100.0
	PLANTS	docking_repeat	2	2xo1	10.0	100.0	0.30115896	100.0
	PLANTS	docking_repeat	2	2ydh	10.0	100.0	1.43833944	100.0
	PLANTS	docking_repeat	2	2ygh	20.0	100.0	1.05770268	100.0
	PLANTS	docking_repeat	2	316d	0.0	0.0	5.84188645	100.0
	PLANTS	docking_repeat	2	3c44	0.0	0.0	5.61046727	100.0
	PLANTS	docking_repeat	2	3d2x	0.0	0.0	Inf	0.0
	PLANTS	docking_repeat	2	3dil	40.0	100.0	0.9402404	100.0
	PLANTS	docking_repeat	2	3ds7	0.0	0.0	Inf	0.0
	PLANTS	docking_repeat	2	3dvv	0.0	0.0	3.71980651	100.0
	PLANTS	docking_repeat	2	3e5c	10.0	100.0	1.10922401	100.0
	PLANTS	docking_repeat	2	3f2q	40.0	100.0	0.42370716	100.0
	PLANTS	docking_repeat	2	3fo4	10.0	100.0	0.31369626	100.0
	PLANTS	docking_repeat	2	3fo6	10.0	100.0	0.22154773	100.0
	PLANTS	docking_repeat	2	3gao	10.0	100.0	0.28863374	100.0
	PLANTS	docking_repeat	2	3ger	10.0	100.0	0.30522255	100.0
	PLANTS	docking_repeat	2	3ges	10.0	100.0	0.86555354	100.0
	PLANTS	docking_repeat	2	3gog	10.0	100.0	0.12247445	100.0
	PLANTS	docking_repeat	2	3got	10.0	100.0	0.1666564	100.0
	PLANTS	docking_repeat	2	3gx2	10.0	100.0	1.13205454	100.0
	PLANTS	docking_repeat	2	3gx3	20.0	100.0	1.60962166	100.0
	PLANTS	docking_repeat	2	3gx5	20.0	100.0	1.30538463	100.0
	PLANTS	docking_repeat	2	3gx7	30.0	100.0	0.80831724	100.0
	PLANTS	docking_repeat	2	3la5	10.0	100.0	0.51563878	100.0
	PLANTS	docking_repeat	2	3mum	0.0	0.0	6.93167103	100.0
	PLANTS	docking_repeat	2	3mur	0.0	0.0	7.05780858	100.0
	PLANTS	docking_repeat	2	3mxh	0.0	0.0	7.08557543	100.0
	PLANTS	docking_repeat	2	3npn	0.0	0.0	7.3998714	100.0
	PLANTS	docking_repeat	2	3npq	20.0	100.0	0.92481485	100.0
	PLANTS	docking_repeat	2	3owz	0.0	0.0	Inf	0.0
	PLANTS	docking_repeat	2	3q3z	0.0	0.0	4.72839288	100.0
	PLANTS	docking_repeat	2	3q50	10.0	100.0	0.67417897	100.0
	PLANTS	docking_repeat	2	3s4p	0.0	0.0	8.03361242	100.0
	PLANTS	docking_repeat	2	3slm	20.0	100.0	0.93212356	100.0
	PLANTS	docking_repeat	2	407d	0.0	0.0	Inf	0.0
	PLANTS	docking_repeat	2	408d	0.0	0.0	5.55300891	100.0
	PLANTS	docking_repeat	2	4aob	20.0	100.0	1.16418941	100.0
	PLANTS	docking_repeat	2	4erj	80.0	100.0	1.23018159	100.0
	PLANTS	docking_repeat	2	4fe5	10.0	100.0	0.27107244	100.0
	PLANTS	docking_repeat	2	4jf2	10.0	100.0	0.27777094	100.0
	PLANTS	docking_repeat	2	4kqy	20.0	100.0	1.10668501	100.0
	PLANTS	docking_repeat	2	4lvv	0.0	0.0	2.45824118	100.0
	PLANTS	docking_repeat	3	1am0	0.0	0.0	2.08595289	100.0
	PLANTS	docking_repeat	3	1arj	0.0	0.0	4.39531087	100.0
	PLANTS	docking_repeat	3	1byj	0.0	0.0	3.15564072	100.0
	PLANTS	docking_repeat	3	1cvx	0.0	0.0	5.92971131	100.0
	PLANTS	docking_repeat	3	1cvy	0.0	0.0	2.12434722	100.0
	PLANTS	docking_repeat	3	1db6	10.0	100.0	1.26419415	100.0
	PLANTS	docking_repeat	3	1eht	10.0	100.0	1.26013356	100.0
	PLANTS	docking_repeat	3	1ei2	0.0	0.0	7.0376627	100.0
	PLANTS	docking_repeat	3	1f1t	50.0	100.0	0.4891735	100.0
	PLANTS	docking_repeat	3	1f27	40.0	100.0	1.17991915	100.0
	PLANTS	docking_repeat	3	1fjg	0.0	0.0	Inf	0.0
	PLANTS	docking_repeat	3	1fmn	20.0	100.0	1.17006288	100.0
	PLANTS	docking_repeat	3	1fyp	0.0	0.0	4.64312277	100.0
	PLANTS	docking_repeat	3	1hnw	0.0	0.0	Inf	0.0
	PLANTS	docking_repeat	3	1i9v	0.0	0.0	7.21354201	100.0
	PLANTS	docking_repeat	3	1j7t	0.0	0.0	5.45335323	100.0
	PLANTS	docking_repeat	3	1koc	10.0	100.0	1.87549295	100.0
	PLANTS	docking_repeat	3	1lc4	0.0	0.0	3.46862699	100.0
	PLANTS	docking_repeat	3	1lvj	0.0	0.0	4.96516344	100.0
	PLANTS	docking_repeat	3	1mwl	0.0	0.0	6.66074116	100.0
	PLANTS	docking_repeat	3	1nbk	0.0	0.0	3.87504671	100.0
	PLANTS	docking_repeat	3	1nem	0.0	0.0	3.76792541	100.0
	PLANTS	docking_repeat	3	1nta	0.0	0.0	3.16221441	100.0
	PLANTS	docking_repeat	3	1ntb	0.0	0.0	Inf	0.0
	PLANTS	docking_repeat	3	1nzm	0.0	0.0	Inf	0.0
	PLANTS	docking_repeat	3	1o15	20.0	100.0	0.69340615	100.0
	PLANTS	docking_repeat	3	1o9m	0.0	0.0	8.24656175	100.0
	PLANTS	docking_repeat	3	1p96	0.0	0.0	2.37717919	100.0
	PLANTS	docking_repeat	3	1pbr	0.0	0.0	4.14628553	100.0
	PLANTS	docking_repeat	3	1q8n	30.0	100.0	0.52448508	100.0
	PLANTS	docking_repeat	3	1qd3	0.0	0.0	7.18781335	100.0
	PLANTS	docking_repeat	3	1qv4	20.0	100.0	0.88039505	100.0
	PLANTS	docking_repeat	3	1qv8	10.0	100.0	1.36436781	100.0
	PLANTS	docking_repeat	3	1r4e	10.0	100.0	1.8274907	100.0
	PLANTS	docking_repeat	3	1tob	0.0	0.0	2.90372491	100.0
	PLANTS	docking_repeat	3	1u8d	10.0	100.0	0.31425195	100.0
	PLANTS	docking_repeat	3	1uts	0.0	0.0	3.58144875	100.0
	PLANTS	docking_repeat	3	1uud	0.0	0.0	5.22507191	100.0
	PLANTS	docking_repeat	3	1uui	0.0	0.0	4.96409999	100.0
	PLANTS	docking_repeat	3	1xbp	0.0	0.0	Inf	0.0
	PLANTS	docking_repeat	3	1xpf	0.0	0.0	5.05545865	100.0
	PLANTS	docking_repeat	3	1y26	10.0	100.0	0.27220152	100.0
	PLANTS	docking_repeat	3	1y27	0.0	0.0	Inf	0.0
	PLANTS	docking_repeat	3	1ykv	10.0	100.0	0.78639949	100.0
	PLANTS	docking_repeat	3	1yrj	0.0	0.0	4.36650067	100.0
	PLANTS	docking_repeat	3	1zz5	0.0	0.0	4.00415552	100.0
	PLANTS	docking_repeat	3	2au4	0.0	0.0	3.1854909	100.0
	PLANTS	docking_repeat	3	2b57	10.0	100.0	0.28375136	100.0
	PLANTS	docking_repeat	3	2be0	0.0	0.0	5.15406471	100.0
	PLANTS	docking_repeat	3	2bee	0.0	0.0	Inf	0.0
	PLANTS	docking_repeat	3	2d55	0.0	0.0	3.78188292	100.0
	PLANTS	docking_repeat	3	2esi	0.0	0.0	3.27573769	100.0
	PLANTS	docking_repeat	3	2esj	0.0	0.0	6.17294328	100.0
	PLANTS	docking_repeat	3	2et3	0.0	0.0	3.05577393	100.0
	PLANTS	docking_repeat	3	2et4	0.0	0.0	5.5974531	100.0
	PLANTS	docking_repeat	3	2et8	10.0	100.0	1.55210777	100.0
	PLANTS	docking_repeat	3	2f4s	10.0	100.0	1.64906195	100.0
	PLANTS	docking_repeat	3	2f4t	0.0	0.0	2.48565198	100.0
	PLANTS	docking_repeat	3	2f4u	0.0	0.0	3.30480163	100.0
	PLANTS	docking_repeat	3	2fcx	0.0	0.0	3.59454193	100.0
	PLANTS	docking_repeat	3	2fcy	0.0	0.0	6.71339634	100.0
	PLANTS	docking_repeat	3	2fcz	0.0	0.0	3.60047119	100.0
	PLANTS	docking_repeat	3	2fd0	0.0	0.0	5.42744068	100.0
	PLANTS	docking_repeat	3	2g5k	0.0	0.0	6.42462149	100.0
	PLANTS	docking_repeat	3	2g5q	0.0	0.0	4.51636803	100.0
	PLANTS	docking_repeat	3	2g9c	20.0	100.0	0.24124171	100.0
	PLANTS	docking_repeat	3	2gdi	20.0	100.0	1.8919454	100.0
	PLANTS	docking_repeat	3	2gis	0.0	0.0	Inf	0.0
	PLANTS	docking_repeat	3	2juk	0.0	0.0	5.89560642	100.0
	PLANTS	docking_repeat	3	2jwq	30.0	100.0	1.02728217	100.0
	PLANTS	docking_repeat	3	2kgp	0.0	0.0	5.31759963	100.0
	PLANTS	docking_repeat	3	2ktz	20.0	100.0	1.31977959	100.0
	PLANTS	docking_repeat	3	2ku0	0.0	0.0	3.02210196	100.0
	PLANTS	docking_repeat	3	2l94	0.0	0.0	3.35765241	100.0
	PLANTS	docking_repeat	3	2loa	0.0	0.0	6.26381517	100.0
	PLANTS	docking_repeat	3	2mb3	0.0	0.0	6.62736645	100.0
	PLANTS	docking_repeat	3	2o3v	0.0	0.0	7.14826021	100.0
	PLANTS	docking_repeat	3	2o3w	0.0	0.0	4.21410859	100.0
	PLANTS	docking_repeat	3	2o3x	0.0	0.0	2.9563349	100.0
	PLANTS	docking_repeat	3	2oe5	0.0	0.0	2.90813806	100.0
	PLANTS	docking_repeat	3	2oe8	0.0	0.0	3.27495227	100.0
	PLANTS	docking_repeat	3	2ogn	0.0	0.0	Inf	0.0
	PLANTS	docking_repeat	3	2pwt	0.0	0.0	7.1793759	100.0
	PLANTS	docking_repeat	3	2tob	0.0	0.0	3.05833374	100.0
	PLANTS	docking_repeat	3	2xnw	10.0	100.0	0.39600702	100.0
	PLANTS	docking_repeat	3	2xnz	20.0	100.0	0.27043714	100.0
	PLANTS	docking_repeat	3	2xo0	20.0	100.0	0.49213035	100.0
	PLANTS	docking_repeat	3	2xo1	10.0	100.0	0.30910856	100.0
	PLANTS	docking_repeat	3	2ydh	20.0	100.0	1.5648663	100.0
	PLANTS	docking_repeat	3	2ygh	10.0	100.0	1.22192818	100.0
	PLANTS	docking_repeat	3	316d	0.0	0.0	5.80310915	100.0
	PLANTS	docking_repeat	3	3c44	0.0	0.0	4.99531496	100.0
	PLANTS	docking_repeat	3	3d2x	0.0	0.0	Inf	0.0
	PLANTS	docking_repeat	3	3dil	60.0	100.0	0.91410473	100.0
	PLANTS	docking_repeat	3	3ds7	0.0	0.0	Inf	0.0
	PLANTS	docking_repeat	3	3dvv	0.0	0.0	5.01114305	100.0
	PLANTS	docking_repeat	3	3e5c	10.0	100.0	1.40298549	100.0
	PLANTS	docking_repeat	3	3f2q	50.0	100.0	0.65935805	100.0
	PLANTS	docking_repeat	3	3fo4	10.0	100.0	0.30708118	100.0
	PLANTS	docking_repeat	3	3fo6	10.0	100.0	0.21344349	100.0
	PLANTS	docking_repeat	3	3gao	10.0	100.0	0.24861587	100.0
	PLANTS	docking_repeat	3	3ger	10.0	100.0	0.30490664	100.0
	PLANTS	docking_repeat	3	3ges	10.0	100.0	0.8125461	100.0
	PLANTS	docking_repeat	3	3gog	10.0	100.0	0.12255314	100.0
	PLANTS	docking_repeat	3	3got	10.0	100.0	0.16583817	100.0
	PLANTS	docking_repeat	3	3gx2	20.0	100.0	1.17315553	100.0
	PLANTS	docking_repeat	3	3gx3	30.0	100.0	1.65906012	100.0
	PLANTS	docking_repeat	3	3gx5	20.0	100.0	1.32023305	100.0
	PLANTS	docking_repeat	3	3gx7	30.0	100.0	0.77144202	100.0
	PLANTS	docking_repeat	3	3la5	10.0	100.0	0.51624276	100.0
	PLANTS	docking_repeat	3	3mum	0.0	0.0	6.78763314	100.0
	PLANTS	docking_repeat	3	3mur	0.0	0.0	2.29711302	100.0
	PLANTS	docking_repeat	3	3mxh	0.0	0.0	7.14842817	100.0
	PLANTS	docking_repeat	3	3npn	10.0	100.0	1.32060719	100.0
	PLANTS	docking_repeat	3	3npq	20.0	100.0	0.83775024	100.0
	PLANTS	docking_repeat	3	3owz	0.0	0.0	Inf	0.0
	PLANTS	docking_repeat	3	3q3z	0.0	0.0	4.77470201	100.0
	PLANTS	docking_repeat	3	3q50	20.0	100.0	0.6864314	100.0
	PLANTS	docking_repeat	3	3s4p	0.0	0.0	7.0083259	100.0
	PLANTS	docking_repeat	3	3slm	20.0	100.0	1.03585381	100.0
	PLANTS	docking_repeat	3	407d	0.0	0.0	Inf	0.0
	PLANTS	docking_repeat	3	408d	0.0	0.0	6.34472199	100.0
	PLANTS	docking_repeat	3	4aob	20.0	100.0	1.05975466	100.0
	PLANTS	docking_repeat	3	4erj	60.0	100.0	0.88397183	100.0
	PLANTS	docking_repeat	3	4fe5	10.0	100.0	0.27354989	100.0
	PLANTS	docking_repeat	3	4jf2	20.0	100.0	0.19155352	100.0
	PLANTS	docking_repeat	3	4kqy	20.0	100.0	1.21910095	100.0
	PLANTS	docking_repeat	3	4lvv	0.0	0.0	3.2894813	100.0
	AutoDock-GPU	docking_repeat	1	1am0	10.0	100.0	1.77875216	100.0
	AutoDock-GPU	docking_repeat	1	1arj	0.0	0.0	2.19045037	100.0
	AutoDock-GPU	docking_repeat	1	1byj	0.0	0.0	4.91159235	100.0
	AutoDock-GPU	docking_repeat	1	1cvx	0.0	0.0	5.42574249	100.0
	AutoDock-GPU	docking_repeat	1	1cvy	0.0	0.0	4.97079752	100.0
	AutoDock-GPU	docking_repeat	1	1db6	30.0	100.0	1.510136	100.0
	AutoDock-GPU	docking_repeat	1	1eht	30.0	100.0	0.40460066	100.0
	AutoDock-GPU	docking_repeat	1	1ei2	0.0	0.0	5.27849566	100.0
	AutoDock-GPU	docking_repeat	1	1f1t	100.0	100.0	0.65617472	100.0
	AutoDock-GPU	docking_repeat	1	1f27	0.0	0.0	2.32119268	100.0
	AutoDock-GPU	docking_repeat	1	1fjg	0.0	0.0	Inf	0.0
	AutoDock-GPU	docking_repeat	1	1fmn	10.0	100.0	1.59076825	100.0
	AutoDock-GPU	docking_repeat	1	1fyp	0.0	0.0	5.44585602	100.0
	AutoDock-GPU	docking_repeat	1	1hnw	0.0	0.0	Inf	0.0
	AutoDock-GPU	docking_repeat	1	1i9v	0.0	0.0	5.36806609	100.0
	AutoDock-GPU	docking_repeat	1	1j7t	0.0	0.0	8.44194253	100.0
	AutoDock-GPU	docking_repeat	1	1koc	10.0	100.0	1.98848435	100.0
	AutoDock-GPU	docking_repeat	1	1lc4	0.0	0.0	3.70808567	100.0
	AutoDock-GPU	docking_repeat	1	1lvj	10.0	100.0	1.51408911	100.0
	AutoDock-GPU	docking_repeat	1	1mwl	0.0	0.0	Inf	0.0
	AutoDock-GPU	docking_repeat	1	1nbk	0.0	0.0	2.12672397	100.0
	AutoDock-GPU	docking_repeat	1	1nem	0.0	0.0	3.17151447	100.0
	AutoDock-GPU	docking_repeat	1	1nta	0.0	0.0	4.59931255	100.0
	AutoDock-GPU	docking_repeat	1	1ntb	0.0	0.0	3.95489086	100.0
	AutoDock-GPU	docking_repeat	1	1nzm	0.0	0.0	4.4526849	100.0
	AutoDock-GPU	docking_repeat	1	1o15	10.0	100.0	0.67167414	100.0
	AutoDock-GPU	docking_repeat	1	1o9m	0.0	0.0	2.0188558	100.0
	AutoDock-GPU	docking_repeat	1	1p96	0.0	0.0	3.31432197	100.0
	AutoDock-GPU	docking_repeat	1	1pbr	0.0	0.0	4.61976309	100.0
	AutoDock-GPU	docking_repeat	1	1q8n	100.0	100.0	0.49116897	100.0
	AutoDock-GPU	docking_repeat	1	1qd3	0.0	0.0	6.79731258	100.0
	AutoDock-GPU	docking_repeat	1	1qv4	30.0	100.0	0.90341455	100.0
	AutoDock-GPU	docking_repeat	1	1qv8	20.0	100.0	0.85023806	100.0
	AutoDock-GPU	docking_repeat	1	1r4e	0.0	0.0	4.3970816	100.0
	AutoDock-GPU	docking_repeat	1	1tob	0.0	0.0	3.61411175	100.0
	AutoDock-GPU	docking_repeat	1	1u8d	10.0	100.0	0.69547487	100.0
	AutoDock-GPU	docking_repeat	1	1uts	0.0	0.0	3.65631591	100.0
	AutoDock-GPU	docking_repeat	1	1uud	0.0	0.0	5.28386563	100.0
	AutoDock-GPU	docking_repeat	1	1uui	0.0	0.0	3.18621056	100.0
	AutoDock-GPU	docking_repeat	1	1xbp	0.0	0.0	Inf	0.0
	AutoDock-GPU	docking_repeat	1	1xpf	0.0	0.0	2.42992084	100.0
	AutoDock-GPU	docking_repeat	1	1y26	0.0	0.0	2.80806805	100.0
	AutoDock-GPU	docking_repeat	1	1y27	20.0	100.0	0.81112772	100.0
	AutoDock-GPU	docking_repeat	1	1ykv	100.0	100.0	0.91623168	100.0
	AutoDock-GPU	docking_repeat	1	1yrj	0.0	0.0	5.35162414	100.0
	AutoDock-GPU	docking_repeat	1	1zz5	0.0	0.0	5.15099956	100.0
	AutoDock-GPU	docking_repeat	1	2au4	0.0	0.0	2.64192263	100.0
	AutoDock-GPU	docking_repeat	1	2b57	40.0	100.0	1.0200004	100.0
	AutoDock-GPU	docking_repeat	1	2be0	0.0	0.0	4.88828518	100.0
	AutoDock-GPU	docking_repeat	1	2bee	0.0	0.0	5.91467226	100.0
	AutoDock-GPU	docking_repeat	1	2d55	0.0	0.0	5.15017726	100.0
	AutoDock-GPU	docking_repeat	1	2esi	0.0	0.0	3.4759373	100.0
	AutoDock-GPU	docking_repeat	1	2esj	0.0	0.0	7.40093426	100.0
	AutoDock-GPU	docking_repeat	1	2et3	0.0	0.0	3.22767423	100.0
	AutoDock-GPU	docking_repeat	1	2et4	0.0	0.0	3.84729351	100.0
	AutoDock-GPU	docking_repeat	1	2et8	20.0	100.0	0.99439557	100.0
	AutoDock-GPU	docking_repeat	1	2f4s	0.0	0.0	2.6106813	100.0
	AutoDock-GPU	docking_repeat	1	2f4t	0.0	0.0	6.44256228	100.0
	AutoDock-GPU	docking_repeat	1	2f4u	0.0	0.0	4.04808043	100.0
	AutoDock-GPU	docking_repeat	1	2fcx	0.0	0.0	2.94175962	100.0
	AutoDock-GPU	docking_repeat	1	2fcy	0.0	0.0	5.03290637	100.0
	AutoDock-GPU	docking_repeat	1	2fcz	0.0	0.0	5.25199553	100.0
	AutoDock-GPU	docking_repeat	1	2fd0	0.0	0.0	4.85653244	100.0
	AutoDock-GPU	docking_repeat	1	2g5k	0.0	0.0	4.45502592	100.0
	AutoDock-GPU	docking_repeat	1	2g5q	0.0	0.0	6.09254776	100.0
	AutoDock-GPU	docking_repeat	1	2g9c	10.0	100.0	1.15312026	100.0
	AutoDock-GPU	docking_repeat	1	2gdi	0.0	0.0	2.91805824	100.0
	AutoDock-GPU	docking_repeat	1	2gis	20.0	100.0	1.29232657	100.0
	AutoDock-GPU	docking_repeat	1	2juk	0.0	0.0	5.46184638	100.0
	AutoDock-GPU	docking_repeat	1	2jwq	10.0	100.0	1.14953572	100.0
	AutoDock-GPU	docking_repeat	1	2kgp	0.0	0.0	2.4988112	100.0
	AutoDock-GPU	docking_repeat	1	2ktz	70.0	100.0	1.74805356	100.0
	AutoDock-GPU	docking_repeat	1	2ku0	0.0	0.0	3.01307287	100.0
	AutoDock-GPU	docking_repeat	1	2l94	0.0	0.0	3.97521479	100.0
	AutoDock-GPU	docking_repeat	1	2loa	10.0	100.0	1.78062617	100.0
	AutoDock-GPU	docking_repeat	1	2mb3	0.0	0.0	4.49393855	100.0
	AutoDock-GPU	docking_repeat	1	2o3v	0.0	0.0	3.46700766	100.0
	AutoDock-GPU	docking_repeat	1	2o3w	0.0	0.0	5.06078097	100.0
	AutoDock-GPU	docking_repeat	1	2o3x	0.0	0.0	3.25588651	100.0
	AutoDock-GPU	docking_repeat	1	2oe5	0.0	0.0	4.0582563	100.0
	AutoDock-GPU	docking_repeat	1	2oe8	0.0	0.0	3.63333089	100.0
	AutoDock-GPU	docking_repeat	1	2ogn	0.0	0.0	Inf	0.0
	AutoDock-GPU	docking_repeat	1	2pwt	0.0	0.0	7.10287032	100.0
	AutoDock-GPU	docking_repeat	1	2tob	0.0	0.0	2.71267307	100.0
	AutoDock-GPU	docking_repeat	1	2xnw	10.0	100.0	1.0107097	100.0
	AutoDock-GPU	docking_repeat	1	2xnz	60.0	100.0	0.37093366	100.0
	AutoDock-GPU	docking_repeat	1	2xo0	40.0	100.0	0.99033889	100.0
	AutoDock-GPU	docking_repeat	1	2xo1	30.0	100.0	0.18969569	100.0
	AutoDock-GPU	docking_repeat	1	2ydh	20.0	100.0	1.55388415	100.0
	AutoDock-GPU	docking_repeat	1	2ygh	40.0	100.0	1.12380338	100.0
	AutoDock-GPU	docking_repeat	1	316d	0.0	0.0	6.14178088	100.0
	AutoDock-GPU	docking_repeat	1	3c44	10.0	100.0	1.74799745	100.0
	AutoDock-GPU	docking_repeat	1	3d2x	10.0	100.0	1.64842483	100.0
	AutoDock-GPU	docking_repeat	1	3dil	50.0	100.0	0.89584496	100.0
	AutoDock-GPU	docking_repeat	1	3ds7	90.0	100.0	0.83454264	100.0
	AutoDock-GPU	docking_repeat	1	3dvv	0.0	0.0	4.52048584	100.0
	AutoDock-GPU	docking_repeat	1	3e5c	0.0	0.0	2.50726327	100.0
	AutoDock-GPU	docking_repeat	1	3f2q	30.0	100.0	1.20763429	100.0
	AutoDock-GPU	docking_repeat	1	3fo4	20.0	100.0	0.27582999	100.0
	AutoDock-GPU	docking_repeat	1	3fo6	0.0	0.0	3.17087456	100.0
	AutoDock-GPU	docking_repeat	1	3gao	40.0	100.0	0.72929362	100.0
	AutoDock-GPU	docking_repeat	1	3ger	20.0	100.0	0.17247081	100.0
	AutoDock-GPU	docking_repeat	1	3ges	30.0	100.0	0.38750677	100.0
	AutoDock-GPU	docking_repeat	1	3gog	10.0	100.0	0.15293433	100.0
	AutoDock-GPU	docking_repeat	1	3got	20.0	100.0	0.85908265	100.0
	AutoDock-GPU	docking_repeat	1	3gx2	0.0	0.0	4.48883404	100.0
	AutoDock-GPU	docking_repeat	1	3gx3	20.0	100.0	1.39164423	100.0
	AutoDock-GPU	docking_repeat	1	3gx5	30.0	100.0	1.17318337	100.0
	AutoDock-GPU	docking_repeat	1	3gx7	20.0	100.0	0.8596914	100.0
	AutoDock-GPU	docking_repeat	1	3la5	10.0	100.0	0.93393616	100.0
	AutoDock-GPU	docking_repeat	1	3mum	0.0	0.0	4.31296202	100.0
	AutoDock-GPU	docking_repeat	1	3mur	0.0	0.0	5.54134631	100.0
	AutoDock-GPU	docking_repeat	1	3mxh	0.0	0.0	5.58298384	100.0
	AutoDock-GPU	docking_repeat	1	3npn	40.0	100.0	1.20301618	100.0
	AutoDock-GPU	docking_repeat	1	3npq	10.0	100.0	1.37639125	100.0
	AutoDock-GPU	docking_repeat	1	3owz	0.0	0.0	Inf	0.0
	AutoDock-GPU	docking_repeat	1	3q3z	0.0	0.0	3.24738203	100.0
	AutoDock-GPU	docking_repeat	1	3q50	20.0	100.0	1.29868656	100.0
	AutoDock-GPU	docking_repeat	1	3s4p	0.0	0.0	6.60608409	100.0
	AutoDock-GPU	docking_repeat	1	3slm	20.0	100.0	1.80374208	100.0
	AutoDock-GPU	docking_repeat	1	407d	0.0	0.0	2.58971187	100.0
	AutoDock-GPU	docking_repeat	1	408d	0.0	0.0	2.86625373	100.0
	AutoDock-GPU	docking_repeat	1	4aob	0.0	0.0	2.13505758	100.0
	AutoDock-GPU	docking_repeat	1	4erj	50.0	100.0	1.1076783	100.0
	AutoDock-GPU	docking_repeat	1	4fe5	0.0	0.0	2.40635045	100.0
	AutoDock-GPU	docking_repeat	1	4jf2	20.0	100.0	0.36901699	100.0
	AutoDock-GPU	docking_repeat	1	4kqy	50.0	100.0	1.48722923	100.0
	AutoDock-GPU	docking_repeat	1	4lvv	0.0	0.0	3.53020191	100.0
	AutoDock-GPU	docking_repeat	2	1am0	30.0	100.0	1.49215349	100.0
	AutoDock-GPU	docking_repeat	2	1arj	10.0	100.0	1.60350592	100.0
	AutoDock-GPU	docking_repeat	2	1byj	0.0	0.0	4.95256032	100.0
	AutoDock-GPU	docking_repeat	2	1cvx	0.0	0.0	5.1778835	100.0
	AutoDock-GPU	docking_repeat	2	1cvy	0.0	0.0	3.89319387	100.0
	AutoDock-GPU	docking_repeat	2	1db6	10.0	100.0	1.95869697	100.0
	AutoDock-GPU	docking_repeat	2	1eht	0.0	0.0	3.19341009	100.0
	AutoDock-GPU	docking_repeat	2	1ei2	0.0	0.0	5.03718967	100.0
	AutoDock-GPU	docking_repeat	2	1f1t	100.0	100.0	0.66428429	100.0
	AutoDock-GPU	docking_repeat	2	1f27	0.0	0.0	2.23583739	100.0
	AutoDock-GPU	docking_repeat	2	1fjg	0.0	0.0	Inf	0.0
	AutoDock-GPU	docking_repeat	2	1fmn	10.0	100.0	1.54749599	100.0
	AutoDock-GPU	docking_repeat	2	1fyp	0.0	0.0	5.95682373	100.0
	AutoDock-GPU	docking_repeat	2	1hnw	0.0	0.0	Inf	0.0
	AutoDock-GPU	docking_repeat	2	1i9v	0.0	0.0	7.65616879	100.0
	AutoDock-GPU	docking_repeat	2	1j7t	0.0	0.0	5.74566767	100.0
	AutoDock-GPU	docking_repeat	2	1koc	0.0	0.0	2.65514129	100.0
	AutoDock-GPU	docking_repeat	2	1lc4	0.0	0.0	4.23316367	100.0
	AutoDock-GPU	docking_repeat	2	1lvj	10.0	100.0	1.74122522	100.0
	AutoDock-GPU	docking_repeat	2	1mwl	0.0	0.0	Inf	0.0
	AutoDock-GPU	docking_repeat	2	1nbk	0.0	0.0	2.701247	100.0
	AutoDock-GPU	docking_repeat	2	1nem	10.0	100.0	1.89517765	100.0
	AutoDock-GPU	docking_repeat	2	1nta	0.0	0.0	2.5954519	100.0
	AutoDock-GPU	docking_repeat	2	1ntb	0.0	0.0	5.67068684	100.0
	AutoDock-GPU	docking_repeat	2	1nzm	0.0	0.0	2.37047129	100.0
	AutoDock-GPU	docking_repeat	2	1o15	10.0	100.0	1.5587743	100.0
	AutoDock-GPU	docking_repeat	2	1o9m	0.0	0.0	3.62349966	100.0
	AutoDock-GPU	docking_repeat	2	1p96	0.0	0.0	3.16873585	100.0
	AutoDock-GPU	docking_repeat	2	1pbr	0.0	0.0	3.45240477	100.0
	AutoDock-GPU	docking_repeat	2	1q8n	100.0	100.0	0.48053033	100.0
	AutoDock-GPU	docking_repeat	2	1qd3	0.0	0.0	3.22701003	100.0
	AutoDock-GPU	docking_repeat	2	1qv4	20.0	100.0	0.87360552	100.0
	AutoDock-GPU	docking_repeat	2	1qv8	20.0	100.0	1.20498459	100.0
	AutoDock-GPU	docking_repeat	2	1r4e	0.0	0.0	5.59892979	100.0
	AutoDock-GPU	docking_repeat	2	1tob	0.0	0.0	2.08578092	100.0
	AutoDock-GPU	docking_repeat	2	1u8d	0.0	0.0	2.42382264	100.0
	AutoDock-GPU	docking_repeat	2	1uts	0.0	0.0	3.17409298	100.0
	AutoDock-GPU	docking_repeat	2	1uud	0.0	0.0	6.00779706	100.0
	AutoDock-GPU	docking_repeat	2	1uui	0.0	0.0	4.60528112	100.0
	AutoDock-GPU	docking_repeat	2	1xbp	0.0	0.0	Inf	0.0
	AutoDock-GPU	docking_repeat	2	1xpf	0.0	0.0	2.44929949	100.0
	AutoDock-GPU	docking_repeat	2	1y26	10.0	100.0	0.36094044	100.0
	AutoDock-GPU	docking_repeat	2	1y27	0.0	0.0	2.7652212	100.0
	AutoDock-GPU	docking_repeat	2	1ykv	100.0	100.0	1.05878401	100.0
	AutoDock-GPU	docking_repeat	2	1yrj	0.0	0.0	2.10479059	100.0
	AutoDock-GPU	docking_repeat	2	1zz5	0.0	0.0	3.25256855	100.0
	AutoDock-GPU	docking_repeat	2	2au4	0.0	0.0	2.45783692	100.0
	AutoDock-GPU	docking_repeat	2	2b57	10.0	100.0	1.44700104	100.0
	AutoDock-GPU	docking_repeat	2	2be0	0.0	0.0	6.06630874	100.0
	AutoDock-GPU	docking_repeat	2	2bee	0.0	0.0	5.75123778	100.0
	AutoDock-GPU	docking_repeat	2	2d55	0.0	0.0	5.22282005	100.0
	AutoDock-GPU	docking_repeat	2	2esi	0.0	0.0	4.21155254	100.0
	AutoDock-GPU	docking_repeat	2	2esj	0.0	0.0	6.09324692	100.0
	AutoDock-GPU	docking_repeat	2	2et3	0.0	0.0	3.8218928	100.0
	AutoDock-GPU	docking_repeat	2	2et4	0.0	0.0	6.13795667	100.0
	AutoDock-GPU	docking_repeat	2	2et8	40.0	100.0	1.67201142	100.0
	AutoDock-GPU	docking_repeat	2	2f4s	0.0	0.0	3.80756422	100.0
	AutoDock-GPU	docking_repeat	2	2f4t	0.0	0.0	2.98409325	100.0
	AutoDock-GPU	docking_repeat	2	2f4u	0.0	0.0	6.71443732	100.0
	AutoDock-GPU	docking_repeat	2	2fcx	0.0	0.0	2.32676521	100.0
	AutoDock-GPU	docking_repeat	2	2fcy	0.0	0.0	4.665248	100.0
	AutoDock-GPU	docking_repeat	2	2fcz	0.0	0.0	3.38540606	100.0
	AutoDock-GPU	docking_repeat	2	2fd0	0.0	0.0	9.04936787	100.0
	AutoDock-GPU	docking_repeat	2	2g5k	0.0	0.0	4.14882078	100.0
	AutoDock-GPU	docking_repeat	2	2g5q	0.0	0.0	5.75501767	100.0
	AutoDock-GPU	docking_repeat	2	2g9c	50.0	100.0	1.25885075	100.0
	AutoDock-GPU	docking_repeat	2	2gdi	10.0	100.0	1.76807415	100.0
	AutoDock-GPU	docking_repeat	2	2gis	60.0	100.0	1.00393124	100.0
	AutoDock-GPU	docking_repeat	2	2juk	0.0	0.0	6.18479468	100.0
	AutoDock-GPU	docking_repeat	2	2jwq	20.0	100.0	1.19393251	100.0
	AutoDock-GPU	docking_repeat	2	2kgp	0.0	0.0	2.78973605	100.0
	AutoDock-GPU	docking_repeat	2	2ktz	100.0	100.0	1.667187	100.0
	AutoDock-GPU	docking_repeat	2	2ku0	0.0	0.0	2.88671416	100.0
	AutoDock-GPU	docking_repeat	2	2l94	0.0	0.0	3.98065943	100.0
	AutoDock-GPU	docking_repeat	2	2loa	0.0	0.0	2.89329722	100.0
	AutoDock-GPU	docking_repeat	2	2mb3	0.0	0.0	6.62191455	100.0
	AutoDock-GPU	docking_repeat	2	2o3v	0.0	0.0	5.01460096	100.0
	AutoDock-GPU	docking_repeat	2	2o3w	0.0	0.0	5.29652289	100.0
	AutoDock-GPU	docking_repeat	2	2o3x	0.0	0.0	3.20289183	100.0
	AutoDock-GPU	docking_repeat	2	2oe5	0.0	0.0	4.27693059	100.0
	AutoDock-GPU	docking_repeat	2	2oe8	0.0	0.0	4.34887203	100.0
	AutoDock-GPU	docking_repeat	2	2ogn	0.0	0.0	Inf	0.0
	AutoDock-GPU	docking_repeat	2	2pwt	0.0	0.0	6.89255749	100.0
	AutoDock-GPU	docking_repeat	2	2tob	0.0	0.0	2.92053131	100.0
	AutoDock-GPU	docking_repeat	2	2xnw	20.0	100.0	1.21512868	100.0
	AutoDock-GPU	docking_repeat	2	2xnz	50.0	100.0	0.54641102	100.0
	AutoDock-GPU	docking_repeat	2	2xo0	40.0	100.0	0.67907667	100.0
	AutoDock-GPU	docking_repeat	2	2xo1	30.0	100.0	0.23883981	100.0
	AutoDock-GPU	docking_repeat	2	2ydh	10.0	100.0	1.67526374	100.0
	AutoDock-GPU	docking_repeat	2	2ygh	20.0	100.0	1.34903798	100.0
	AutoDock-GPU	docking_repeat	2	316d	0.0	0.0	4.46556239	100.0
	AutoDock-GPU	docking_repeat	2	3c44	0.0	0.0	3.66290422	100.0
	AutoDock-GPU	docking_repeat	2	3d2x	0.0	0.0	6.09083112	100.0
	AutoDock-GPU	docking_repeat	2	3dil	20.0	100.0	0.84009148	100.0
	AutoDock-GPU	docking_repeat	2	3ds7	60.0	100.0	1.01611494	100.0
	AutoDock-GPU	docking_repeat	2	3dvv	0.0	0.0	4.7881574	100.0
	AutoDock-GPU	docking_repeat	2	3e5c	0.0	0.0	4.25719507	100.0
	AutoDock-GPU	docking_repeat	2	3f2q	40.0	100.0	1.22450145	100.0
	AutoDock-GPU	docking_repeat	2	3fo4	20.0	100.0	0.23211341	100.0
	AutoDock-GPU	docking_repeat	2	3fo6	20.0	100.0	0.77042526	100.0
	AutoDock-GPU	docking_repeat	2	3gao	40.0	100.0	0.71984064	100.0
	AutoDock-GPU	docking_repeat	2	3ger	50.0	100.0	0.17968811	100.0
	AutoDock-GPU	docking_repeat	2	3ges	20.0	100.0	0.35771462	100.0
	AutoDock-GPU	docking_repeat	2	3gog	0.0	0.0	2.11300301	100.0
	AutoDock-GPU	docking_repeat	2	3got	10.0	100.0	1.37715415	100.0
	AutoDock-GPU	docking_repeat	2	3gx2	40.0	100.0	1.36479131	100.0
	AutoDock-GPU	docking_repeat	2	3gx3	20.0	100.0	1.46608652	100.0
	AutoDock-GPU	docking_repeat	2	3gx5	0.0	0.0	3.9338995	100.0
	AutoDock-GPU	docking_repeat	2	3gx7	0.0	0.0	3.21762654	100.0
	AutoDock-GPU	docking_repeat	2	3la5	0.0	0.0	2.88717206	100.0
	AutoDock-GPU	docking_repeat	2	3mum	0.0	0.0	5.37671792	100.0
	AutoDock-GPU	docking_repeat	2	3mur	0.0	0.0	5.61000789	100.0
	AutoDock-GPU	docking_repeat	2	3mxh	0.0	0.0	6.09681023	100.0
	AutoDock-GPU	docking_repeat	2	3npn	30.0	100.0	1.31043799	100.0
	AutoDock-GPU	docking_repeat	2	3npq	10.0	100.0	1.51917886	100.0
	AutoDock-GPU	docking_repeat	2	3owz	0.0	0.0	Inf	0.0
	AutoDock-GPU	docking_repeat	2	3q3z	0.0	0.0	4.33266613	100.0
	AutoDock-GPU	docking_repeat	2	3q50	20.0	100.0	0.93874933	100.0
	AutoDock-GPU	docking_repeat	2	3s4p	0.0	0.0	7.28462362	100.0
	AutoDock-GPU	docking_repeat	2	3slm	0.0	0.0	2.00111864	100.0
	AutoDock-GPU	docking_repeat	2	407d	0.0	0.0	5.45229306	100.0
	AutoDock-GPU	docking_repeat	2	408d	10.0	100.0	1.88493221	100.0
	AutoDock-GPU	docking_repeat	2	4aob	0.0	0.0	2.30986322	100.0
	AutoDock-GPU	docking_repeat	2	4erj	50.0	100.0	1.05632203	100.0
	AutoDock-GPU	docking_repeat	2	4fe5	30.0	100.0	0.65070977	100.0
	AutoDock-GPU	docking_repeat	2	4jf2	20.0	100.0	0.4714884	100.0
	AutoDock-GPU	docking_repeat	2	4kqy	20.0	100.0	1.20178542	100.0
	AutoDock-GPU	docking_repeat	2	4lvv	0.0	0.0	3.81916271	100.0
	AutoDock-GPU	docking_repeat	3	1am0	10.0	100.0	1.60412181	100.0
	AutoDock-GPU	docking_repeat	3	1arj	0.0	0.0	2.69696821	100.0
	AutoDock-GPU	docking_repeat	3	1byj	0.0	0.0	4.91943453	100.0
	AutoDock-GPU	docking_repeat	3	1cvx	0.0	0.0	4.18023169	100.0
	AutoDock-GPU	docking_repeat	3	1cvy	0.0	0.0	5.07624537	100.0
	AutoDock-GPU	docking_repeat	3	1db6	30.0	100.0	0.6163494	100.0
	AutoDock-GPU	docking_repeat	3	1eht	40.0	100.0	0.39769064	100.0
	AutoDock-GPU	docking_repeat	3	1ei2	0.0	0.0	4.04229777	100.0
	AutoDock-GPU	docking_repeat	3	1f1t	100.0	100.0	0.66491197	100.0
	AutoDock-GPU	docking_repeat	3	1f27	10.0	100.0	1.9547501	100.0
	AutoDock-GPU	docking_repeat	3	1fjg	0.0	0.0	Inf	0.0
	AutoDock-GPU	docking_repeat	3	1fmn	30.0	100.0	1.32660672	100.0
	AutoDock-GPU	docking_repeat	3	1fyp	0.0	0.0	4.95528058	100.0
	AutoDock-GPU	docking_repeat	3	1hnw	0.0	0.0	Inf	0.0
	AutoDock-GPU	docking_repeat	3	1i9v	0.0	0.0	5.43366917	100.0
	AutoDock-GPU	docking_repeat	3	1j7t	0.0	0.0	5.13489214	100.0
	AutoDock-GPU	docking_repeat	3	1koc	0.0	0.0	2.16902857	100.0
	AutoDock-GPU	docking_repeat	3	1lc4	0.0	0.0	3.91683796	100.0
	AutoDock-GPU	docking_repeat	3	1lvj	0.0	0.0	4.78753834	100.0
	AutoDock-GPU	docking_repeat	3	1mwl	0.0	0.0	Inf	0.0
	AutoDock-GPU	docking_repeat	3	1nbk	0.0	0.0	2.14733905	100.0
	AutoDock-GPU	docking_repeat	3	1nem	0.0	0.0	2.51324044	100.0
	AutoDock-GPU	docking_repeat	3	1nta	0.0	0.0	3.79295796	100.0
	AutoDock-GPU	docking_repeat	3	1ntb	0.0	0.0	4.20522324	100.0
	AutoDock-GPU	docking_repeat	3	1nzm	90.0	100.0	1.45783533	100.0
	AutoDock-GPU	docking_repeat	3	1o15	0.0	0.0	3.0192831	100.0
	AutoDock-GPU	docking_repeat	3	1o9m	0.0	0.0	6.40825223	100.0
	AutoDock-GPU	docking_repeat	3	1p96	0.0	0.0	2.01114639	100.0
	AutoDock-GPU	docking_repeat	3	1pbr	0.0	0.0	6.91843767	100.0
	AutoDock-GPU	docking_repeat	3	1q8n	100.0	100.0	0.48447795	100.0
	AutoDock-GPU	docking_repeat	3	1qd3	0.0	0.0	3.6502603	100.0
	AutoDock-GPU	docking_repeat	3	1qv4	10.0	100.0	1.01094246	100.0
	AutoDock-GPU	docking_repeat	3	1qv8	10.0	100.0	1.18394257	100.0
	AutoDock-GPU	docking_repeat	3	1r4e	0.0	0.0	3.53861094	100.0
	AutoDock-GPU	docking_repeat	3	1tob	0.0	0.0	4.76537153	100.0
	AutoDock-GPU	docking_repeat	3	1u8d	10.0	100.0	0.63395796	100.0
	AutoDock-GPU	docking_repeat	3	1uts	0.0	0.0	3.32021278	100.0
	AutoDock-GPU	docking_repeat	3	1uud	0.0	0.0	5.12295416	100.0
	AutoDock-GPU	docking_repeat	3	1uui	0.0	0.0	2.17014819	100.0
	AutoDock-GPU	docking_repeat	3	1xbp	0.0	0.0	Inf	0.0
	AutoDock-GPU	docking_repeat	3	1xpf	0.0	0.0	2.34560408	100.0
	AutoDock-GPU	docking_repeat	3	1y26	10.0	100.0	0.23781106	100.0
	AutoDock-GPU	docking_repeat	3	1y27	20.0	100.0	0.73189753	100.0
	AutoDock-GPU	docking_repeat	3	1ykv	90.0	100.0	0.98682876	100.0
	AutoDock-GPU	docking_repeat	3	1yrj	0.0	0.0	3.92353843	100.0
	AutoDock-GPU	docking_repeat	3	1zz5	0.0	0.0	5.35918716	100.0
	AutoDock-GPU	docking_repeat	3	2au4	20.0	100.0	1.27898521	100.0
	AutoDock-GPU	docking_repeat	3	2b57	20.0	100.0	0.9161496	100.0
	AutoDock-GPU	docking_repeat	3	2be0	0.0	0.0	7.22319967	100.0
	AutoDock-GPU	docking_repeat	3	2bee	0.0	0.0	5.70528419	100.0
	AutoDock-GPU	docking_repeat	3	2d55	0.0	0.0	8.19909713	100.0
	AutoDock-GPU	docking_repeat	3	2esi	0.0	0.0	4.13947611	100.0
	AutoDock-GPU	docking_repeat	3	2esj	0.0	0.0	5.9903685	100.0
	AutoDock-GPU	docking_repeat	3	2et3	0.0	0.0	2.59807851	100.0
	AutoDock-GPU	docking_repeat	3	2et4	0.0	0.0	5.27670066	100.0
	AutoDock-GPU	docking_repeat	3	2et8	0.0	0.0	3.30665626	100.0
	AutoDock-GPU	docking_repeat	3	2f4s	0.0	0.0	2.74224577	100.0
	AutoDock-GPU	docking_repeat	3	2f4t	0.0	0.0	2.51171134	100.0
	AutoDock-GPU	docking_repeat	3	2f4u	0.0	0.0	7.04203568	100.0
	AutoDock-GPU	docking_repeat	3	2fcx	0.0	0.0	3.48700969	100.0
	AutoDock-GPU	docking_repeat	3	2fcy	0.0	0.0	6.58962001	100.0
	AutoDock-GPU	docking_repeat	3	2fcz	0.0	0.0	3.70749639	100.0
	AutoDock-GPU	docking_repeat	3	2fd0	0.0	0.0	5.47368389	100.0
	AutoDock-GPU	docking_repeat	3	2g5k	0.0	0.0	3.8779574	100.0
	AutoDock-GPU	docking_repeat	3	2g5q	0.0	0.0	7.02575772	100.0
	AutoDock-GPU	docking_repeat	3	2g9c	30.0	100.0	1.05770837	100.0
	AutoDock-GPU	docking_repeat	3	2gdi	0.0	0.0	2.03788828	100.0
	AutoDock-GPU	docking_repeat	3	2gis	40.0	100.0	1.17620074	100.0
	AutoDock-GPU	docking_repeat	3	2juk	0.0	0.0	6.90850782	100.0
	AutoDock-GPU	docking_repeat	3	2jwq	0.0	0.0	2.18464464	100.0
	AutoDock-GPU	docking_repeat	3	2kgp	0.0	0.0	2.730622	100.0
	AutoDock-GPU	docking_repeat	3	2ktz	100.0	100.0	1.63545574	100.0
	AutoDock-GPU	docking_repeat	3	2ku0	0.0	0.0	3.93138995	100.0
	AutoDock-GPU	docking_repeat	3	2l94	0.0	0.0	3.86764898	100.0
	AutoDock-GPU	docking_repeat	3	2loa	0.0	0.0	2.1056467	100.0
	AutoDock-GPU	docking_repeat	3	2mb3	0.0	0.0	4.84715564	100.0
	AutoDock-GPU	docking_repeat	3	2o3v	0.0	0.0	7.32139876	100.0
	AutoDock-GPU	docking_repeat	3	2o3w	0.0	0.0	5.01166709	100.0
	AutoDock-GPU	docking_repeat	3	2o3x	0.0	0.0	4.15815808	100.0
	AutoDock-GPU	docking_repeat	3	2oe5	0.0	0.0	3.27094855	100.0
	AutoDock-GPU	docking_repeat	3	2oe8	0.0	0.0	4.4751699	100.0
	AutoDock-GPU	docking_repeat	3	2ogn	0.0	0.0	Inf	0.0
	AutoDock-GPU	docking_repeat	3	2pwt	0.0	0.0	6.68110859	100.0
	AutoDock-GPU	docking_repeat	3	2tob	0.0	0.0	3.59572678	100.0
	AutoDock-GPU	docking_repeat	3	2xnw	30.0	100.0	0.80747248	100.0
	AutoDock-GPU	docking_repeat	3	2xnz	20.0	100.0	0.33832102	100.0
	AutoDock-GPU	docking_repeat	3	2xo0	60.0	100.0	0.81991501	100.0
	AutoDock-GPU	docking_repeat	3	2xo1	20.0	100.0	0.17833931	100.0
	AutoDock-GPU	docking_repeat	3	2ydh	20.0	100.0	1.74576869	100.0
	AutoDock-GPU	docking_repeat	3	2ygh	10.0	100.0	1.62034647	100.0
	AutoDock-GPU	docking_repeat	3	316d	0.0	0.0	6.84614676	100.0
	AutoDock-GPU	docking_repeat	3	3c44	0.0	0.0	3.46882291	100.0
	AutoDock-GPU	docking_repeat	3	3d2x	0.0	0.0	2.06253983	100.0
	AutoDock-GPU	docking_repeat	3	3dil	40.0	100.0	1.08947529	100.0
	AutoDock-GPU	docking_repeat	3	3ds7	60.0	100.0	0.99584474	100.0
	AutoDock-GPU	docking_repeat	3	3dvv	0.0	0.0	4.92261347	100.0
	AutoDock-GPU	docking_repeat	3	3e5c	0.0	0.0	2.97213467	100.0
	AutoDock-GPU	docking_repeat	3	3f2q	40.0	100.0	1.23017514	100.0
	AutoDock-GPU	docking_repeat	3	3fo4	40.0	100.0	0.23827486	100.0
	AutoDock-GPU	docking_repeat	3	3fo6	20.0	100.0	0.52447577	100.0
	AutoDock-GPU	docking_repeat	3	3gao	30.0	100.0	0.65931604	100.0
	AutoDock-GPU	docking_repeat	3	3ger	20.0	100.0	0.35716485	100.0
	AutoDock-GPU	docking_repeat	3	3ges	40.0	100.0	0.35662328	100.0
	AutoDock-GPU	docking_repeat	3	3gog	30.0	100.0	0.25900193	100.0
	AutoDock-GPU	docking_repeat	3	3got	10.0	100.0	0.95786794	100.0
	AutoDock-GPU	docking_repeat	3	3gx2	0.0	0.0	2.88259084	100.0
	AutoDock-GPU	docking_repeat	3	3gx3	0.0	0.0	4.24119696	100.0
	AutoDock-GPU	docking_repeat	3	3gx5	20.0	100.0	1.50981845	100.0
	AutoDock-GPU	docking_repeat	3	3gx7	10.0	100.0	0.73443064	100.0
	AutoDock-GPU	docking_repeat	3	3la5	10.0	100.0	0.670018	100.0
	AutoDock-GPU	docking_repeat	3	3mum	0.0	0.0	5.41267804	100.0
	AutoDock-GPU	docking_repeat	3	3mur	0.0	0.0	4.26475706	100.0
	AutoDock-GPU	docking_repeat	3	3mxh	0.0	0.0	6.01589937	100.0
	AutoDock-GPU	docking_repeat	3	3npn	0.0	0.0	2.71665573	100.0
	AutoDock-GPU	docking_repeat	3	3npq	0.0	0.0	2.22022443	100.0
	AutoDock-GPU	docking_repeat	3	3owz	0.0	0.0	Inf	0.0
	AutoDock-GPU	docking_repeat	3	3q3z	0.0	0.0	3.01469581	100.0
	AutoDock-GPU	docking_repeat	3	3q50	0.0	0.0	2.4592576	100.0
	AutoDock-GPU	docking_repeat	3	3s4p	0.0	0.0	7.51244737	100.0
	AutoDock-GPU	docking_repeat	3	3slm	20.0	100.0	1.09044807	100.0
	AutoDock-GPU	docking_repeat	3	407d	10.0	100.0	1.92180492	100.0
	AutoDock-GPU	docking_repeat	3	408d	0.0	0.0	2.63163736	100.0
	AutoDock-GPU	docking_repeat	3	4aob	0.0	0.0	2.00057507	100.0
	AutoDock-GPU	docking_repeat	3	4erj	70.0	100.0	0.79465975	100.0
	AutoDock-GPU	docking_repeat	3	4fe5	10.0	100.0	0.63611949	100.0
	AutoDock-GPU	docking_repeat	3	4jf2	40.0	100.0	0.36327802	100.0
	AutoDock-GPU	docking_repeat	3	4kqy	0.0	0.0	2.70902756	100.0
	AutoDock-GPU	docking_repeat	3	4lvv	0.0	0.0	2.49038973	100.0
