complex_id,pdb_id,split,ligand_ccd,ligand_label_asym_id,ligand_auth_asym_id,ligand_auth_seq_id,model_number,altloc,ligand_residues_json,selected_receptor_chains,ligand_heavy_atoms,ligand_smiles,split_group_id,benchmark_memberships,reference_ligand_sha256,reference_receptor_sha256,pdb_download_url
107D__DUO__laC__aaB__rs15__m1__alt.,107D,train,DUO,C,B,15,1,.,"[""DUO_B_15""]",A;B,37,COC(=O)[C@]1(C)Nc2c(O)cc3c(c2C1=O)[C@H](C)CN3C(=O)c1cc2cc(OC)c(OC)c(OC)c2[nH]1,G_0d9c8f0d0f0416be917f,,904f30a76177768f322ca7ec8644c0130f0e3d802b40ce204aa1d843b0e1e06f,34190c52757684d5878b969faeb1ca7de3692648ec7d4989b9384b24f2bab45d,https://files.rcsb.org/download/107D.cif
108D__TOT__laC__aaA__rs9__m1__alt.,108D,train,TOT,C,A,9,1,.,"[""TOT_A_9""]",A;B,57,CN1/C(=C/c2cc[n+](CCC[N+](C)(C)CCC[N+](C)(C)CCC[n+]3ccc(/C=C4\Sc5ccccc5N4C)c4ccccc43)c3ccccc23)Sc2ccccc21,G_3418cf6c930c8cacb576,,bdeec61922f1cc58862fe37cbd3c15d307b361fa14ba1dbcd700eed18a3a8b24,65021c186b4daa48eda95c788584de536a915cf8ec339052a0bafb87d63d219b,https://files.rcsb.org/download/108D.cif
110D__DM1__laB__aaA__rs7__m1__alt.,110D,train,DM1,B,A,7,1,.,"[""DM1_A_7""]",A,38,COc1cccc2c1C(=O)c1c(O)c3c(c(O)c1C2=O)C[C@@](O)(C(C)=O)C[C@@H]3O[C@H]1C[C@H](N)[C@H](O)[C@H](C)O1,G_2d120438882d1ea52a15,,4ae6d4bb330dc8304d85ff87f5c6930fa737f3ed2350ba41674dc50b6e2a5ff8,8c97b797b77e222412b2f40d2f0a9bf5c374974efaacfd648c5af4fbf5a1b736,https://files.rcsb.org/download/110D.cif
11YY__MLA__laI__aaB__rs801__m1__alt.,11YY,train,MLA,I,B,801,1,.,"[""MLA_B_801""]",B,7,O=C(O)CC(=O)O,G_95eabeff042d5ce1a55c,,f2e0e7bd4a8504ce5c3df77e83b7bbec084bb13123b5cce7176be56a0b12441d,311a913ae0e7108b7ee4c134b45d372f036a8e72d5f9c3a7a53f7f62a585a943,https://files.rcsb.org/download/11YY.cif
12CI__LDP__laN__aaA__rs112__m1__alt.,12CI,train,LDP,N,A,112,1,.,"[""LDP_A_112""]",A;B,11,NCCc1ccc(O)c(O)c1,G_1d23c10b0aece73e8813,,10fcff0f02f97be0cba82b69d6364abf58ec138c0ceee141cd6be3d8708c13b5,0acf74189029f8cbaa2672b631457b76f8cd36935e84f278061fe5b8eeca0f18,https://files.rcsb.org/download/12CI.cif
151D__DM2__laB__aaA__rs7__m1__alt.,151D,train,DM2,B,A,7,1,.,"[""DM2_A_7""]",A,39,COc1cccc2c1C(=O)c1c(O)c3c(c(O)c1C2=O)C[C@@](O)(C(=O)CO)C[C@@H]3O[C@H]1C[C@H](N)[C@H](O)[C@H](C)O1,G_4381029694beb1f55b00,,8793ec3740f6d6ad5bf34272b65459548c1742b281a9b7a360977ea0963c3de6,325e0d1b9443afced001d269db06b1d893c4d0622bf53a4512c0179cea5c79bc,https://files.rcsb.org/download/151D.cif
152D__DM1__laB__aaA__rs7__m1__alt.,152D,train,DM1,B,A,7,1,.,"[""DM1_A_7""]",A,38,COc1cccc2c1C(=O)c1c(O)c3c(c(O)c1C2=O)C[C@@](O)(C(C)=O)C[C@@H]3O[C@H]1C[C@H](N)[C@H](O)[C@H](C)O1,G_4381029694beb1f55b00,,aed5b4713efbe429844d44c235a887058f7de887ae6505412d5fefcde907212d,bf756f2491b3663ba77e4e19c3e1a378465eece9536f899215cd3d6d5440e90a,https://files.rcsb.org/download/152D.cif
198D__DM5__laE__aaA__rs25__m1__alt.,198D,train,DM5,E,A,25,1,.,"[""DM5_A_25""]",A;B,36,CC(=O)[C@]1(O)Cc2c(O)c3c(c(O)c2[C@@H](O[C@H]2C[C@H](N)[C@H](O)[C@H](C)O2)C1)C(=O)c1ccccc1C3=O,G_f8da3dde908a758b32f7,,234d523f8785cce4c24ffc9442a8b57d96c9101f8e5a0af4e55a7bee6ea308ad,eacbf3aa51045fd7698729fdbacb567582b6befede49fa1e7009aa84ffc02fa0,https://files.rcsb.org/download/198D.cif
198D__DM5__laG__aaB__rs26__m1__alt.,198D,train,DM5,G,B,26,1,.,"[""DM5_B_26""]",A;B;C;D,36,CC(=O)[C@]1(O)Cc2c(O)c3c(c(O)c2[C@@H](O[C@H]2C[C@H](N)[C@H](O)[C@H](C)O2)C1)C(=O)c1ccccc1C3=O,G_f8da3dde908a758b32f7,,f6be36364841a4530fe920b9cdeb03c8d27ce7488cb5bc498f9fdeee50d634ae,b338b3f05e6c61b47019edaf3fa9ce821524927fba345b80770e90616474b04b,https://files.rcsb.org/download/198D.cif
198D__DM5__laH__aaD__rs27__m1__alt.,198D,train,DM5,H,D,27,1,.,"[""DM5_D_27""]",A;B;C;D,36,CC(=O)[C@]1(O)Cc2c(O)c3c(c(O)c2[C@@H](O[C@H]2C[C@H](N)[C@H](O)[C@H](C)O2)C1)C(=O)c1ccccc1C3=O,G_f8da3dde908a758b32f7,,ad3f0689a98228c608181d46f286ad5742f5bdab83fab84cae22f012b2b70f7d,b338b3f05e6c61b47019edaf3fa9ce821524927fba345b80770e90616474b04b,https://files.rcsb.org/download/198D.cif
198D__DM5__laI__aaD__rs28__m1__alt.,198D,train,DM5,I,D,28,1,.,"[""DM5_D_28""]",C;D,36,CC(=O)[C@]1(O)Cc2c(O)c3c(c(O)c2[C@@H](O[C@H]2C[C@H](N)[C@H](O)[C@H](C)O2)C1)C(=O)c1ccccc1C3=O,G_f8da3dde908a758b32f7,,2f66475b5c3eda69f5e113e4f6494512034c30b3fd6bbaafbecb0bb62e4d54b2,d1dc7d44f88faed1f95a57a8330be2f043cefc2028bfa6b98e83de4bc4a442e3,https://files.rcsb.org/download/198D.cif
1AL9__BDA__laC__aaA__rs17__m1__alt.,1AL9,train,BDA,C,A,17,1,.,"[""BDA_A_17""]",A;B,84,COc1cccc2c1C(=O)c1c(O)c3c(c(O)c1C2=O)C[C@@](O)(C(C)=O)C[C@@H]3O[C@H]1C[C@H]([NH2+]Cc2ccc(C[NH2+][C@H]3C[C@H](O[C@H]4C[C@](O)(C(C)=O)Cc5c(O)c6c(c(O)c54)C(=O)c4c(OC)cccc4C6=O)O[C@@H](C)[C@H]3O)cc2)[C@H](O)[C@H](C)O1,G_ae12b9725a0b003bfa4c,,b32cb9ec3a3a8f5b8af23b74e7af061c91985e3f19e64bcabc0704d64e384d63,d83d9510750aab1b1b2cd56f5036aadaad17960a408b765340a9b4cd6182fd15,https://files.rcsb.org/download/1AL9.cif
1AMD__BNR__laC__aaB__rs13__m1__alt.,1AMD,train,BNR,C,B,13,1,.,"[""BNR_B_13""]",A;B,84,COc1cccc2c1C(=O)c1c(O)c3c(c(O)c1C2=O)C[C@@](O)(C(C)=O)C[C@@H]3O[C@H]1C[C@H](O)[C@H]([NH2+]Cc2ccc(C[NH2+][C@@H]3[C@H](C)O[C@@H](O[C@H]4C[C@](O)(C(C)=O)Cc5c(O)c6c(c(O)c54)C(=O)c4c(OC)cccc4C6=O)C[C@@H]3O)cc2)[C@H](C)O1,G_6b8aadba7a0bdd65d461,,72035fdf0a559c53428b1de367f746f7598a49a39e6ed643cd5d3853e4580380,897ac4579e7070656137c332ed6b58a7483881ddcc02614e6b71b2648db85c05,https://files.rcsb.org/download/1AMD.cif
1AW4__AMP__laB__aaA__rs28__m1__alt.,1AW4,train,AMP,B,A,28,1,.,"[""AMP_A_28""]",A,23,Nc1ncnc2c1ncn2[C@@H]1O[C@H](COP(=O)(O)O)[C@@H](O)[C@H]1O,G_3f227c5bf0823d5da602,,b7010440c60c6a4f7f997921f2e12a59017a61e9efa78937a8c5f0111c65938b,91bc747cdf6c91f4b987ff462387d9523528c48b84ecd0095fd0460da4f24b59,https://files.rcsb.org/download/1AW4.cif
1AW4__AMP__laC__aaA__rs29__m1__alt.,1AW4,train,AMP,C,A,29,1,.,"[""AMP_A_29""]",A,23,Nc1ncnc2c1ncn2[C@@H]1O[C@H](COP(=O)(O)O)[C@@H](O)[C@H]1O,G_3f227c5bf0823d5da602,,9f0173c08dafc8c44f478a7f32f252bfd2266301aef1bba52a25bd939a882fe8,91bc747cdf6c91f4b987ff462387d9523528c48b84ecd0095fd0460da4f24b59,https://files.rcsb.org/download/1AW4.cif
1CX3__NF__laC__aaA__rs7__m1__alt.,1CX3,train,NF,C,A,7,1,.,"[""NF_A_7""]",A;B,39,O=C1c2cccc3cccc(c23)C(=O)N1CC[NH2+]CCC[NH2+]CCN1C(=O)c2cccc3cccc(c23)C1=O,G_32a6beb40d4b71573b97,,a521fa5ea760ef84f77fd3b84268ab7e433f5c1d7fb3dd3a1f53153fbd674093,f1dd6c17ea1dc9148207e6a022011d788de72794e3765495dc73b1dae5f6807d,https://files.rcsb.org/download/1CX3.cif
1D10__DM1__laB__aaA__rs7__m1__alt.,1D10,train,DM1,B,A,7,1,.,"[""DM1_A_7""]",A,38,COc1cccc2c1C(=O)c1c(O)c3c(c(O)c1C2=O)C[C@@](O)(C(C)=O)C[C@@H]3O[C@H]1C[C@H](N)[C@H](O)[C@H](C)O1,G_4381029694beb1f55b00,,a352ec245c9f1fa56d71a2c7c7ef21cae7e8d3806baf35d50b47080155bffa99,74d0bd182e2a2e93ca04879e8c77c234ea817b341d7da86adb60d20af3911c88,https://files.rcsb.org/download/1D10.cif
1D11__DM1__laB__aaA__rs7__m1__alt.,1D11,train,DM1,B,A,7,1,.,"[""DM1_A_7""]",A,38,COc1cccc2c1C(=O)c1c(O)c3c(c(O)c1C2=O)C[C@@](O)(C(C)=O)C[C@@H]3O[C@H]1C[C@H](N)[C@H](O)[C@H](C)O1,G_1fd551551594e8caf9b1,,548cb33015dc149b7e991f082032b4fa996192d479c94b4d32aa62019807ba68,1b663986e34237069b6660b04b433870ee42735899c2b9d714aad7a5f7c25d30,https://files.rcsb.org/download/1D11.cif
1D12__DM2__laB__aaA__rs7__m1__alt.,1D12,train,DM2,B,A,7,1,.,"[""DM2_A_7""]",A,39,COc1cccc2c1C(=O)c1c(O)c3c(c(O)c1C2=O)C[C@@](O)(C(=O)CO)C[C@@H]3O[C@H]1C[C@H](N)[C@H](O)[C@H](C)O1,G_4381029694beb1f55b00,,402189ae7ea6e24be0c028250265a1e10298c2393924f406b060422a1970202d,3459f593be701e15b2dd22f8e50227fccd5392fe96122cdd574606e118c3caa5,https://files.rcsb.org/download/1D12.cif
1D15__DM6__laB__aaA__rs7__m1__alt.,1D15,train,DM6,B,A,7,1,.,"[""DM6_A_7""]",A,39,COc1cccc2c1C(=O)c1c(O)c3c(c(O)c1C2=O)C[C@@](O)(C(=O)CO)C[C@@H]3O[C@H]1C[C@H]([NH3+])[C@@H](O)[C@H](C)O1,G_4381029694beb1f55b00,,fc57a436e63d479638c04aa6a47565f15289c78cf703ec2a84f12304e76074c0,bb6c20c072417575210cdebfeb2263a48939f4c20e552bb48b26dee737855895,https://files.rcsb.org/download/1D15.cif
1D32__DIT__laC__aaA__rs9__m1__alt.,1D32,train,DIT,C,A,9,1,.,"[""DIT_A_9""]",A;B,54,COc1ccc2[nH]c3ccc4cc[n+](CCN5CCC(C6CCN(CC[n+]7ccc8ccc9[nH]c%10ccc(OC)cc%10c9c8c7)CC6)CC5)cc4c3c2c1,G_371fc8776acd59e088d3,,e09c853b6479c09f4253c5210a4a7aebfa15d77eb8bf50817889ef5b699239ee,3dd40c43b0cf378c4f3f19ed4d23c879dc35ef8a8483f8eef1a9f475e73d287f,https://files.rcsb.org/download/1D32.cif
1D36__MAR__laB__aaA__rs7__m1__alt.,1D36,train,MAR,B,A,7,1,.,"[""MAR_A_7""]",A,47,COc1cccc2c1C(=O)c1c(O)c3c(c(O)c1C2=O)C[C@@](O)(C(C)=O)C[C@@H]3O[C@H]1C[C@H](N)[C@H](O[C@H]2C[C@H](O)[C@@H](O)[C@H](C)O2)[C@H](C)O1,G_1fd551551594e8caf9b1,,e09ab9afb7c6961ab2d3d7d0b6d83cfdac6d38e5e42f13e29f9965cd0728b4cd,0444541d1bc38145ba2d2c2786b1f0ac47f5e76d85bd2c293f16af1a81c0a368,https://files.rcsb.org/download/1D36.cif
1D37__DM4__laB__aaA__rs7__m1__alt.,1D37,train,DM4,B,A,7,1,.,"[""DM4_A_7""]",A,37,C[C@@H]1O[C@@H](O[C@H]2C[C@](O)(C(=O)CO)Cc3cc4c(c(O)c32)C(=O)c2c(O)cccc2C4=O)C[C@H](N)[C@@H]1O,G_4381029694beb1f55b00,,fb13183a483afce202d53ca7c2089ff9c0dae86126e4404d5429e6a654ded007,84a9d963507bf45045e783522d786e68dd77b7a8ab2d8f0d4dbb4b8b2b1f9d3a,https://files.rcsb.org/download/1D37.cif
1D38__DM5__laB__aaA__rs7__m1__alt.,1D38,train,DM5,B,A,7,1,.,"[""DM5_A_7""]",A,36,CC(=O)[C@]1(O)Cc2c(O)c3c(c(O)c2[C@@H](O[C@H]2C[C@H](N)[C@H](O)[C@H](C)O2)C1)C(=O)c1ccccc1C3=O,G_4381029694beb1f55b00,,bd28496e868b2083251fbad8a6cc211715d2240ad67f5abf608bde14033c459b,e88d515b44c0badb4ba315806ed88e5731bf1ab2e41bb8577ffadb509b5d5ab3,https://files.rcsb.org/download/1D38.cif
1DA0__DM1__laB__aaA__rs7__m1__alt.,1DA0,train,DM1,B,A,7,1,.,"[""DM1_A_7""]",A,38,COc1cccc2c1C(=O)c1c(O)c3c(c(O)c1C2=O)C[C@@](O)(C(C)=O)C[C@@H]3O[C@H]1C[C@H](N)[C@H](O)[C@@H](C)O1,G_4381029694beb1f55b00,,173b4368632ef9393f304b777587f5850df65116b0326b46a8497fda41107b88,a824375b8a42830f81c8ffd02b814e56d01672cccda90d85e6bfae18bfe76cf8,https://files.rcsb.org/download/1DA0.cif
1DA9__DM2__laB__aaA__rs7__m1__alt.,1DA9,train,DM2,B,A,7,1,.,"[""DM2_A_7""]",A,39,COc1cccc2c1C(=O)c1c(O)c3c(c(O)c1C2=O)C[C@@](O)(C(=O)CO)C[C@@H]3O[C@H]1C[C@H](N)[C@H](O)[C@H](C)O1,G_250ccde2fae0814d69c1,,61deb0ca816638f091f3fed6029114c16e8b7fc8f55b53b09c9b7b93fc1dc668,032c4110c666eccf5f82d8f3e61a401a58cfcb989fb0ee1eeaf5e07447965f76,https://files.rcsb.org/download/1DA9.cif
1DJ6__104__laD__aaA__rs13__m1__alt.,1DJ6,train,104,D,A,13,1,.,"[""104_A_13""]",A;B,10,NCCNCCNCCN,G_d4394b970d2eb8a9762d,,9b064a32158db849553d31422b68b46808d2fb00775f58a0b37ef64b8fa08110,da8acd1b93fe38f5bd92e143ae8fce5c9e7e1989a796661497c662a87b7ef1fe,https://files.rcsb.org/download/1DJ6.cif
1DJ6__104__laE__aaB__rs14__m1__alt.,1DJ6,train,104,E,B,14,1,.,"[""104_B_14""]",A;B,10,NCCNCCNCCN,G_d4394b970d2eb8a9762d,,95eff9e02de5dc9490555782598c4e09064ce0679b392998a9a3cef4388b3a89,da8acd1b93fe38f5bd92e143ae8fce5c9e7e1989a796661497c662a87b7ef1fe,https://files.rcsb.org/download/1DJ6.cif
1DL8__DA7__laB__aaA__rs3014__m1__alt.,1DL8,train,DA7,B,A,3014,1,.,"[""DA7_A_3014""]",A,24,CN(C)CCNC(=O)c1cccc2c(N)c3cccc(F)c3nc12,G_1fd551551594e8caf9b1,,fd6bac2d5f666a2823a4a25c6372d9ef013661fa2cb5e9281abe73f5815480e4,f4b0a4969feecfa120aad65f6e0305e321064bb343d544b3555634b93c5bd55e,https://files.rcsb.org/download/1DL8.cif
1DL8__DA7__laC__aaA__rs3015__m1__altA,1DL8,train,DA7,C,A,3015,1,A,"[""DA7_A_3015""]",A,24,CN(C)CCNC(=O)c1cccc2c(N)c3cccc(F)c3nc12,G_1fd551551594e8caf9b1,,f7a378f387c09667f2cbe4fdf9b4fbbbb5c254e140ebcd79ff40918cefd096d6,f4b0a4969feecfa120aad65f6e0305e321064bb343d544b3555634b93c5bd55e,https://files.rcsb.org/download/1DL8.cif
1FDG__9TA__laD__aaB__rs13__m1__alt.,1FDG,train,9TA,D,B,13,1,.,"[""9TA_B_13""]",A;B,16,O=C1c2ccccc2C(=O)c2ccccc21,G_1fd551551594e8caf9b1,,a63366bb80383e9e6ff4f213ba6a04925664eedb55ed2481de3e588b8676bf95,1f841147d344053ef6e71918dc5747db8299d5c4e4ccdf41406feb7cf37d4036,https://files.rcsb.org/download/1FDG.cif
1G5L__BLB__laG__aaC__rs1__m1__alt.,1G5L,train,BLB,G,C,1,1,.,"[""BLB_C_1""]",A;B;C,98,Cc1c(N)nc([C@H](CC(N)=O)NC[C@H](N)C(N)=O)nc1C(=O)N[C@H](C(=O)N[C@H](C)[C@@H](O)[C@H](C)C(=O)N[C@H](C(=O)NCCc1nc(-c2nc(C(=O)NCCCCNC(N)=[NH2+])cs2)cs1)[C@@H](C)O)[C@@H](O[C@@H]1O[C@@H](CO)[C@@H](O)[C@H](O)[C@@H]1O[C@H]1O[C@H](CO)[C@@H](O)[C@H](OC(N)=O)[C@@H]1O)c1c[nH]cn1,G_ee05efe1f96e69eaaf07,,e9dae1d6d9ea469393e6fae95a2e4e231b124b0703ae02732173f09ae5443b8b,f1a3e29ecaee96049608621b3bea99a275d42d19ec79a87bd8e25e0bfb06d1df,https://files.rcsb.org/download/1G5L.cif
1GJ2__BLB__laG__aaC__rs1__m1__alt.,1GJ2,train,BLB,G,C,1,1,.,"[""BLB_C_1""]",A;B;C,98,Cc1c(N)nc([C@H](CC(N)=O)NC[C@H](N)C(N)=O)nc1C(=O)N[C@H](C(=O)N[C@H](C)[C@@H](O)[C@H](C)C(=O)N[C@H](C(=O)NCCc1nc(-c2nc(C(=O)NCCCCNC(N)=[NH2+])cs2)cs1)[C@@H](C)O)[C@@H](O[C@@H]1O[C@@H](CO)[C@@H](O)[C@H](O)[C@@H]1O[C@H]1O[C@H](CO)[C@@H](O)[C@H](OC(N)=O)[C@@H]1O)c1c[nH]cn1,G_ee05efe1f96e69eaaf07,,48ced4b0c9c36586c0596201eacf38733c3dd03dd499ba2ee08ac66de5e41f57,ff5b02c188ab266c2e6fb285116a5a4c095cdac31a69260d4a95334021e2451f,https://files.rcsb.org/download/1GJ2.cif
1I5V__PPZ__laC__aaA__rs7__m1__alt.,1I5V,train,PPZ,C,A,7,1,.,"[""PPZ_A_7""]",A;B,17,OCCNc1ncnc2c1nc1ccccn12,G_f8da3dde908a758b32f7,,3662cfd183d775de5af038a4f18f178974c96893f8ecf7705f4d0f243c699a5a,af78b53b9c29a8a574fb3968ab82891830cb3b5c12113ebfb918765a571a4a58,https://files.rcsb.org/download/1I5V.cif
1I5V__PPZ__laD__aaB__rs7__m1__alt.,1I5V,train,PPZ,D,B,7,1,.,"[""PPZ_B_7""]",A;B,17,OCCNc1ncnc2c1nc1ccccn12,G_f8da3dde908a758b32f7,,d2302aab19b35404494a574e02851eea9d5709ab3eba4f41bd90f602629367b0,af78b53b9c29a8a574fb3968ab82891830cb3b5c12113ebfb918765a571a4a58,https://files.rcsb.org/download/1I5V.cif
1IMS__DM7__laB__aaA__rs7__m1__alt.,1IMS,train,DM7,B,A,7,1,.,"[""DM7_A_7""]",A,39,COc1cccc2c1C(=O)c1c(O)c3c(c(O)c1C2=O)C[C@@](O)(C(=O)CO)C[C@@H]3O[C@H]1C[C@H]([NH3+])[C@H](I)[C@H](C)O1,G_4381029694beb1f55b00,,ff0bca563fcac1f929e0c5beff1c254a13f8a20411fdd8800163566d7e82cfb4,593fae2ff9973eb1b7c38be728bd2278c05b85c399b98b5a09f55a5282ca65a5,https://files.rcsb.org/download/1IMS.cif
1JO2__DM1__laB__aaA__rs7__m1__alt.,1JO2,train,DM1,B,A,7,1,.,"[""DM1_A_7""]",A,38,COc1cccc2c1C(=O)c1c(O)c3c(c(O)c1C2=O)C[C@@](O)(C(C)=O)C[C@@H]3O[C@H]1C[C@H](N)[C@H](O)[C@H](C)O1,G_4381029694beb1f55b00,,869f4ed1fc69e4da1238df68207d65c5e95511a8fde14f2cd28e7c11d5f404e8,8b46a08ce39e6f815048b00950a375fefad477df3a303d9ec7dd47bceb92436b,https://files.rcsb.org/download/1JO2.cif
1K9G__DR1__laB__aaA__rs7__m1__alt.,1K9G,train,DR1,B,A,7,1,.,"[""DR1_A_7""]",A,18,Cn1c2c3ccccc3nc-2cc2ccccc21,G_b700544f2b5f9676e613,,b30b57427f25cb9fc6550898f93eff0c7b8c63ed20c42a0c3dd7b4764734ac92,dfab2cf42115fdfc52d39e3637f026eb47d66f1d40934eb32bfe88f218677c82,https://files.rcsb.org/download/1K9G.cif
1K9G__DR1__laC__aaA__rs8__m1__alt.,1K9G,train,DR1,C,A,8,1,.,"[""DR1_A_8""]",A,18,Cn1c2c3ccccc3nc-2cc2ccccc21,G_b700544f2b5f9676e613,,167505cd9aaf7a90d3b39f13579e1f316aa901d848815a9e6aed783d039c2add,dfab2cf42115fdfc52d39e3637f026eb47d66f1d40934eb32bfe88f218677c82,https://files.rcsb.org/download/1K9G.cif
1KCI__DRC__laB__aaA__rs3014__m1__alt.,1KCI,train,DRC,B,A,3014,1,.,"[""DRC_A_3014""]",A,26,Nc1c2ccccc2nc2c(C(=O)NCCN3CCOCC3)cccc12,G_1fd551551594e8caf9b1,,eba997c1a5a2b58d456934a6ccb614b8acd4fee103dc9d6a7584f26f0e42b484,9fd5742b3e7a0f04fe41de491e970185a230c68086d06eb071b76d0d2e9e6e77,https://files.rcsb.org/download/1KCI.cif
1KCI__DRC__laC__aaA__rs3015__m1__alt.,1KCI,train,DRC,C,A,3015,1,.,"[""DRC_A_3015""]",A,26,Nc1c2ccccc2nc2c(C(=O)NCCN3CCOCC3)cccc12,G_1fd551551594e8caf9b1,,f5cf593a92247993494c711ddd6a0f29c6f6f9e3f627580db6e69a506fb07945,9fd5742b3e7a0f04fe41de491e970185a230c68086d06eb071b76d0d2e9e6e77,https://files.rcsb.org/download/1KCI.cif
1KVH__NCS__laC__aaB__rs21__m1__alt.,1KVH,train,NCS,C,B,21,1,.,"[""NCS_B_21""]",A;B,48,C[NH2+][C@H]1[C@@H](O[C@@H]2c3cc4c(cc3[C@@H]3[C@H]2OC(=O)[C@@]32C(=O)C=Cc3c(C)cc(OC)cc32)[C@@](O)([C@H]2COC(=O)O2)C=C4)O[C@H](C)[C@H](O)[C@@H]1O,G_557ea092ce3b0c5c2a1d,,f2032e73c6fbda866a77084ee2d63f0d5e1f09d1656510f533abffda8eb835a8,828559e2afeb153c70320a5e4ab10aebedb83188e07ab8ce353267806d92acee,https://files.rcsb.org/download/1KVH.cif
1LEJ__P11__laC__aaA__rs27__m1__alt.,1LEJ,train,P11,C,A,27,1,.,"[""P11_A_27""]",A;B,66,Cn1cc(NC(=O)c2nc(NC(=O)CCNC(=O)c3nc(NC(=O)CCNC(=O)c4cc(NC(=O)c5nccn5C)cn4C)cn3C)cn2C)cc1C(=O)NCCC(=O)NCCC[NH+](C)C,G_44cd963ea204325dd6e0,,1c7e07ae1d9ce5aa2eec4b283ff43594999e5fda4abd51f959481a7888a51166,3210d94b6e79535f212d2458fe820819b56b4d251823cf706a0a84d6ef80c466,https://files.rcsb.org/download/1LEJ.cif
1M18__1SZ__laV__aaJ__rs1601__m1__alt.,1M18,train,1SZ,V,J,1601,1,.,"[""1SZ_J_1601""]",A;B,89,CN(C)CCCNC(=O)CCNC(=O)c1cc(NC(=O)c2cc(NC(=O)c3cc(NC(=O)c4cc(NC(=O)CCCNC(=O)c5cc(NC(=O)c6nc(NC(=O)c7cc(NC(=O)c8nccn8C)cn7C)cn6C)cn5C)cn4C)cn3C)cn2C)cn1C,G_3b9eb495fae77c379e57,,1c84efb069e593d6a56a2800e978393bb051e33575b86dea4a09b6613f8feab4,d1f9c80bf6473958134ebab4cbd1ac90486d733ecca451776424c392b612aed1,https://files.rcsb.org/download/1M18.cif
1M69__DAX__laB__aaA__rs2000__m1__altC,1M69,train,DAX,B,A,2000,1,C,"[""DAX_A_2000""]",A,24,C[NH+](C)CCNC(=O)c1cccc2c(N)c3cccc(Br)c3[nH+]c12,G_1fd551551594e8caf9b1,,419917793f1272a467c02e1436112b72a2b103db37bb3cb825648d597470cf42,313f617b15627c890d6e02eef0c45677ed0545bfd93ed8b2d3a4edab566a2234,https://files.rcsb.org/download/1M69.cif
1M69__DAX__laC__aaA__rs3000__m1__altD,1M69,train,DAX,C,A,3000,1,D,"[""DAX_A_3000""]",A,24,C[NH+](C)CCNC(=O)c1cccc2c(N)c3cccc(Br)c3[nH+]c12,G_1fd551551594e8caf9b1,,a3c6095f010078ae2772d2f129fd3d5ad91be2a97501b3a924acfc4bc1e50714,313f617b15627c890d6e02eef0c45677ed0545bfd93ed8b2d3a4edab566a2234,https://files.rcsb.org/download/1M69.cif
1N37__RSD__laC__aaB__rs17__m1__alt.,1N37,train,RSD,C,B,17,1,.,"[""RSD_B_17""]",A;B,75,CO[C@H]1[C@H](O[C@@H]2C3=C(CC4=C(C(=O)C5=C6O[C@@H]7O[C@](C)([C@H]6C=C[C@H]5C4=O)[C@@H](O[C@H]4C[C@](C)([N+](=O)[O-])[C@H](O[C@@H]5O[C@@H](C)[C@H](O)[C@@](C)(O)[C@H]5OC)[C@@H](C)O4)[C@@H]([NH+](C)C)[C@@H]7O)C3O)C[C@](C)(O)[C@H]2OC)O[C@@H](C)[C@H](O)[C@@]1(C)O,G_31c161a874349a8bdc69,,99d5c4a11d71a44acd27c7702fc274c27e81dbb216207d6ba510cc352936701a,086f9e81ba112a11e8fe1b196e49b9547fc9a0960cbaae6d02f0734f994db98b,https://files.rcsb.org/download/1N37.cif
1NAB__44D__laC__aaA__rs41__m1__alt.,1NAB,train,44D,C,A,41,1,.,"[""44D_A_41""]",A;B,46,C[C@@H]1O[C@@H](O[C@@H]2[C@H](C)O[C@H](O[C@H]3C[C@](O)(C(=O)CO)Cc4c(O)c5c(c(O)c43)C(=O)c3ccccc3C5=O)C[C@@H]2O)C[C@H](N)[C@@H]1O,G_f8da3dde908a758b32f7,,47d97be2eba3f657ffb473b45daecca4db995c672330300407fe8398d4d5b879,b1b0a8803da0802a32c433dee6691c1b0cb5aaa18c82233882e2d60f93d8059a,https://files.rcsb.org/download/1NAB.cif
1NAB__44D__laD__aaB__rs40__m1__alt.,1NAB,train,44D,D,B,40,1,.,"[""44D_B_40""]",A;B,46,C[C@@H]1O[C@@H](O[C@@H]2[C@H](C)O[C@@H](O[C@H]3C[C@](O)(C(=O)CO)Cc4c(O)c5c(c(O)c43)C(=O)c3ccccc3C5=O)C[C@@H]2O)C[C@H](N)[C@@H]1O,G_f8da3dde908a758b32f7,,4420f19fee62e74b1641820196cbcbd9962cfc794caa00722def259f147acaf9,b1b0a8803da0802a32c433dee6691c1b0cb5aaa18c82233882e2d60f93d8059a,https://files.rcsb.org/download/1NAB.cif
1OLD__AAR__laB__aaA__rs25__m1__alt.,1OLD,train,AAR,B,A,25,1,.,"[""AAR_A_25""]",A,12,NC(=[NH2+])NCCC[C@H](N)C(N)=O,G_f6d205a36aa2b3ea9b3b,,3f87828eb9262bf6eb8a9e5cedba8a1e7b69ba788e6a808e07a1a98b5ad5e562,afbe1b65ff913fef62183f2417bbc6ef99f1800225698d4e023ec60399aafc3b,https://files.rcsb.org/download/1OLD.cif
1P20__DM2__laB__aaA__rs7__m1__alt.,1P20,train,DM2,B,A,7,1,.,"[""DM2_A_7""]",A,39,COc1cccc2c1C(=O)c1c(O)c3c(c(O)c1C2=O)C[C@@](O)(C(=O)CO)C[C@@H]3O[C@H]1C[C@H](N)[C@H](O)[C@H](C)O1,G_4381029694beb1f55b00,,f325d6233ad6fd47332eca60c6afbcd4dd5bd270f6c28231c627ebf7b11b0a07,b4bfa0aeea8a734b791d63babd22f1a71a8d33d94e26ad6e96e78d0606adfdb9,https://files.rcsb.org/download/1P20.cif
1PQQ__CYE__laC__aaB__rs23__m1__alt.,1PQQ,train,CYE,C,B,23,1,.,"[""CYE_B_23""]",A;B,69,Cn1cc2cc1C(=O)NCCCC(=O)NC1=C[NH+](C)C(=C1)C(=O)Nc1cc(n(C)c1)C(=O)Nc1cc(n(CCCN)c1)C(=O)NCCCC(=O)Nc1cn(C)c(n1)C(=O)Nc1cc(n(C)c1)C(=O)N2,G_b73fd82ffba342183c45,,20da00fcc4b23b718be0c40143f73dfac72d6b0c5f7ae53be9a9eec54bf23690,956bf9657371aa8667d49b39bde20e63bb2a7175d2799b4bc1d1561e24bfcfa9,https://files.rcsb.org/download/1PQQ.cif
1QCH__NGM__laC__aaA__rs13__m1__alt.,1QCH,train,NGM,C,A,13,1,.,"[""NGM_A_13""]",A;B,56,COC(=O)[C@@H]1c2cc3c(c(O)c2[C@@H](O[C@@H]2O[C@@H](C)[C@H](OC)[C@@](C)(OC)[C@H]2OC)C[C@]1(C)O)C(=O)c1c(O)cc2c(c1C3=O)O[C@@H]1O[C@@]2(C)[C@H](O)[C@@H](N(C)C)[C@@H]1O,G_32a6beb40d4b71573b97,,47e8f039e8879c39211e29c7d85043f562667b9632c7f3dfafc6f67ad825ee59,2497d1c718b8f984a411ded1208a8b16e2fae783e9391c45f5f4032d90d241f8,https://files.rcsb.org/download/1QCH.cif
1QSX__HT__laJ__aaB__rs25__m1__alt.,1QSX,train,HT,J,B,25,1,.,"[""HT_B_25""]",A;B,32,CN1CCN(c2ccc3nc(-c4ccc5nc(-c6ccc(O)cc6)[nH]c5c4)[nH]c3c2)CC1,G_2c557c4c6ad9206fb138,,99f767aed1e91758c57831f5659c678803a433c855c293d5f73ab2d55ca000ce,49d902e24d0dce4a3b061c57cde0fb5f05a24c2f4dad70ece26236ef3974e8b1,https://files.rcsb.org/download/1QSX.cif
1QSX__HT__laK__aaB__rs26__m1__alt.,1QSX,train,HT,K,B,26,1,.,"[""HT_B_26""]",A;B,32,CN1CCN(c2ccc3nc(-c4ccc5nc(-c6ccc(O)cc6)[nH]c5c4)[nH]c3c2)CC1,G_2c557c4c6ad9206fb138,,d15d6e3d5ca2c5be6f8ba54d74b1eff15b52bf34a1effd9c86448c39265417fe,49d902e24d0dce4a3b061c57cde0fb5f05a24c2f4dad70ece26236ef3974e8b1,https://files.rcsb.org/download/1QSX.cif
1R68__MAR__laB__aaA__rs7__m1__alt.,1R68,train,MAR,B,A,7,1,.,"[""MAR_A_7""]",A,47,COc1cccc2c1C(=O)c1c(O)c3c(c(O)c1C2=O)C[C@@](O)(C(C)=O)C[C@@H]3O[C@H]1C[C@H](N)[C@H](O[C@H]2C[C@H](O)[C@@H](O)[C@H](C)O2)[C@H](C)O1,G_4381029694beb1f55b00,,89a3f6be35b71b3394e4a1c28b84687b2517be3c334a5e03724bf6c3fe2ae262,4448f1c95e5910a0c9d338da56da9e83434b5b6cf0ec45fb04a3c106ecb94a85,https://files.rcsb.org/download/1R68.cif
1RMX__AIK__laC__aaA__rs11__m1__alt.,1RMX,train,AIK,C,A,11,1,.,"[""AIK_A_11""]",A;B,38,CC(C)c1sc(NC(=O)c2cc(NC(=O)c3cc(NC=O)cn3C)cn2C)nc1C(=O)NCCCN(C)C,G_0884f30afeef76dffb79,,9eb0e029c66f218fb101b7a898158131352330485d430b133f1d2ac53555fd63,ad7c57345ed917c2028c3e8224fbd1d6552bc112e4cbb890942daff44c0016b4,https://files.rcsb.org/download/1RMX.cif
1RMX__AIK__laD__aaB__rs2__m1__alt.,1RMX,train,AIK,D,B,2,1,.,"[""AIK_B_2""]",A;B,38,CC(C)c1sc(NC(=O)c2cc(NC(=O)c3cc(NC=O)cn3C)cn2C)nc1C(=O)NCCCN(C)C,G_0884f30afeef76dffb79,,155aa257e4ca1d2f05e9fe27c5995bfdf974a92dbc98c5d7be13ce0ebadec36a,ad7c57345ed917c2028c3e8224fbd1d6552bc112e4cbb890942daff44c0016b4,https://files.rcsb.org/download/1RMX.cif
1S32__DIB__laBA__aaI__rs1611__m1__alt.,1S32,train,DIB,BA,I,1611,1,.,"[""DIB_I_1611""]",A;B,7,CN(C)CCCN,G_3b9eb495fae77c379e57,,5de4121cfe365d0e040eedce2768613e859add75e629fbd0399dab7088b6fcb7,a37059f0d623804b2f4228f4fc523ade237b9a09f2f47e5242739328fde14965,https://files.rcsb.org/download/1S32.cif
1S32__DIB__laMA__aaI__rs1631__m1__alt.,1S32,train,DIB,MA,I,1631,1,.,"[""DIB_I_1631""]",A;B,7,CN(C)CCCN,G_3b9eb495fae77c379e57,,738bae80b86a324799854a6ea3d36c965de80b062a7104b47ecaa5f3f72029a5,a37059f0d623804b2f4228f4fc523ade237b9a09f2f47e5242739328fde14965,https://files.rcsb.org/download/1S32.cif
1S32__OGG__laTA__aaJ__rs1700__m1__alt.,1S32,train,OGG,TA,J,1700,1,.,"[""OGG_J_1700""]",A;B,12,NC(=O)COCCOCC(N)=O,G_3b9eb495fae77c379e57,,9d7c8308bcd1cb2b1bf6800e519ae5edf89553f0fffc6191389d8bf794902196,a37059f0d623804b2f4228f4fc523ade237b9a09f2f47e5242739328fde14965,https://files.rcsb.org/download/1S32.cif
1V9G__SPW__laC__aaA__rs13__m1__alt.,1V9G,train,SPW,C,A,13,1,.,"[""SPW_A_13""]",A;B,14,[NH3+]CCC[NH2+]CCCC[NH2+]CCC[NH3+],G_d4394b970d2eb8a9762d,,1257ac520a7d4e8c6de9def450446b4658c10be874d470bed980823dc6c0503f,48867375c1a569fd99b84780daa753e52d46b0a67994c3430bb0de8e48f81ea8,https://files.rcsb.org/download/1V9G.cif
1X26__NAZ__laC__aaA__rs25__m1__alt.,1X26,train,NAZ,C,A,25,1,.,"[""NAZ_A_25""]",A;B,34,Cc1ccc2ccc(NC(=O)CCNCCC(=O)NCc3ccc4ccc(=O)[nH]c4n3)nc2n1,G_371875130bf669764bfc,,dfc67bfb60544d483a4f2a6dae4f2b9f179df1a5bd1f60684248ab3a47b7f11a,a50f84c8c6a8dee8d1d5861b2efd183635c31ccb304118ec1d666901f5530bd2,https://files.rcsb.org/download/1X26.cif
1X26__NAZ__laD__aaB__rs24__m1__alt.,1X26,train,NAZ,D,B,24,1,.,"[""NAZ_B_24""]",A;B,34,Cc1ccc2ccc(NC(=O)CCNCCC(=O)NCc3ccc4ccc(=O)[nH]c4n3)nc2n1,G_371875130bf669764bfc,,fc2e72f05a53055267fce235c3a3cdf9c8ebb3eb8903ef4def5911c30e1f4c63,a50f84c8c6a8dee8d1d5861b2efd183635c31ccb304118ec1d666901f5530bd2,https://files.rcsb.org/download/1X26.cif
1X95__XR2__laC__aaA__rs21__m1__alt.,1X95,train,XR2,C,A,21,1,.,"[""XR2_A_21""]",A;B,44,Cc1cccc2nc3cccc(C(=O)NCC[NH2+]CC[NH2+]CCNC(=O)c4cccc5nc6cccc(C)c6[nH+]c45)c3[nH+]c12,G_32a6beb40d4b71573b97,,632f83fc8f0e2efdf8f2a0dae700e201e137cbd5c398f7253d56935982ccac1d,09f8cc01270bc5a05efa1bb6c736e6e3e7edbb7549102dbd8259d8eda8e27f70,https://files.rcsb.org/download/1X95.cif
1YLS__DAI__laM__aaC__rs100__m1__alt.,1YLS,train,DAI,M,C,100,1,.,"[""DAI_C_100""]",B;C;D,28,CCCCCN1C(=O)[C@H]2[C@H]3c4ccccc4[C@](CO)(c4ccccc43)[C@H]2C1=O,G_7aa242742fb9e960440b,,a826497fef28e2901d0225925734977090956a74e7754251cb571105e9a3729e,e57de70206fcc297769968e90302f65276c2f12df54219a92f7fe1e090866095,https://files.rcsb.org/download/1YLS.cif
1Z3F__EL__laC__aaA__rs41__m1__alt.,1Z3F,train,EL,C,A,41,1,.,"[""EL_A_41""]",A;B,19,Cc1c2cc[nH+]cc2c(C)c2c1[nH]c1ccccc12,G_f8da3dde908a758b32f7,,7b9b0ef952d1c2491749e982f8f6a0fe3efea24577d15cdf48aa09549024abe4,6fc68b275f9ad32dd41ae8b02aa908ecb29cc4b84d6eccbe84af2f7fe3cca42f,https://files.rcsb.org/download/1Z3F.cif
1Z3F__EL__laE__aaB__rs42__m1__alt.,1Z3F,train,EL,E,B,42,1,.,"[""EL_B_42""]",A;B,19,Cc1c2cc[nH+]cc2c(C)c2c1[nH]c1ccccc12,G_f8da3dde908a758b32f7,,ff3896a4313e421e4d93bf4f1c1f43408f2da3396f41a3c1e46b884b06685130,6fc68b275f9ad32dd41ae8b02aa908ecb29cc4b84d6eccbe84af2f7fe3cca42f,https://files.rcsb.org/download/1Z3F.cif
1ZTT__NT__laD__aaG__rs301__m1__alt.,1ZTT,train,NT,D,G,301,1,.,"[""NT_G_301""]",A;B,31,Cn1cc(NC(=O)c2cc(NC(=O)CNC(=N)N)cn2C)cc1C(=O)NCCC(=N)N,G_54617f9c318b8c4f9697,,34ef3f41359ada66ef906c3a80c582c379b8eff8cca4a4e25a099b9944b49cbd,c933fd953bb5fba55f69a513571775b3eab15ba4d95dee51fa3b02a37db42199,https://files.rcsb.org/download/1ZTT.cif
202D__MNG__laC__aaA__rs9__m1__alt.,202D,train,MNG,C,A,9,1,.,"[""MNG_A_9""]",A;B,39,CO[C@@H]1C[C@](C)(O)Cc2cc3c(c(O)c21)C(=O)c1c(O)cc2c(c1C3=O)O[C@@H]1O[C@@]2(C)[C@H](O)[C@@H](N(C)C)[C@@H]1O,G_34a22ef70d3a3fe15e2c,,0413477900cdb4485c3bd604b62d12a10b86194327a98b4af1c2d31794525006,eea3125a38f0a62c880da10ec3c497517567052c14f7556003293bbdc6715360,https://files.rcsb.org/download/202D.cif
202D__MNG__laD__aaB__rs9__m1__alt.,202D,train,MNG,D,B,9,1,.,"[""MNG_B_9""]",A;B,39,CO[C@@H]1C[C@](C)(O)Cc2cc3c(c(O)c21)C(=O)c1c(O)cc2c(c1C3=O)O[C@@H]1O[C@@]2(C)[C@H](O)[C@@H](N(C)C)[C@@H]1O,G_34a22ef70d3a3fe15e2c,,2dddb087abb1ade90ab26cf0c8f06357590a173b98b9487072b75054cc4b77bc,eea3125a38f0a62c880da10ec3c497517567052c14f7556003293bbdc6715360,https://files.rcsb.org/download/202D.cif
203D__PSO__laC__aaA__rs9__m1__alt.,203D,train,PSO,C,A,9,1,.,"[""PSO_A_9""]",A;B,19,Cc1oc2c(C)c3oc(=O)cc(C)c3cc2c1CO,G_0ea993e0398d82866da7,,16acd280493b1c0ca211e220ec8ca26247619fcc7be718bfe34fe4024288d151,6579da89e49878d9adb8cf8935d4fdcdb3882a62f74d1e7a05927b0108a6c31f,https://files.rcsb.org/download/203D.cif
204D__PSO__laC__aaB__rs1__m1__alt.,204D,train,PSO,C,B,1,1,.,"[""PSO_B_1""]",A;B,19,Cc1oc2c(C)c3oc(=O)cc(C)c3cc2c1CO,G_0ea993e0398d82866da7,,2a2c55745eeb1da9c2d9801655d7df775bb036bc0085d3daaafe4e710e60fc74,86a45df028f7d534b2fc683d64703535a405cab93a64eaf109d1aa5ca127f604,https://files.rcsb.org/download/204D.cif
207D__CRH__laL__aaA__rs13__m1__alt.,207D,train,CRH,L,A,13,1,.,"[""CRH_A_13""]",A;B,28,CO[C@H](C(=O)[C@@H](O)[C@@H](C)O)[C@H]1CC(=O)c2c(cc3ccc(C)c(O)c3c2O)C1,G_2da89380ad42a5abd0c0,,2d1d7e16d109840d7d505321b742fd31cd4eb6428d7d8339038a08311bb882c4,d5d896e6d67e1495bc52305c957f9a42342d633f3903f950e5bfd3825c90e680,https://files.rcsb.org/download/207D.cif
207D__CRH__laM__aaA__rs27__m1__alt.,207D,train,CRH,M,A,27,1,.,"[""CRH_A_27""]",A;B,28,CO[C@H](C(=O)[C@@H](O)[C@@H](C)O)[C@H]1CC(=O)c2c(cc3ccc(C)c(O)c3c2O)C1,G_2da89380ad42a5abd0c0,,3cecaa388b609787aea14b6ecdf5b0f2b8aa463b6d8aa741428110537eaf09f5,d5d896e6d67e1495bc52305c957f9a42342d633f3903f950e5bfd3825c90e680,https://files.rcsb.org/download/207D.cif
207D__CRH__laO__aaB__rs17__m1__alt.,207D,train,CRH,O,B,17,1,.,"[""CRH_B_17""]",A;B,28,CO[C@H](C(=O)[C@@H](O)[C@@H](C)O)[C@H]1CC(=O)c2c(cc3ccc(C)c(O)c3c2O)C1,G_2da89380ad42a5abd0c0,,53a99c13a0235583a76daf2f8a8ae939e4570a746a054c9ee774060f2af122e7,d5d896e6d67e1495bc52305c957f9a42342d633f3903f950e5bfd3825c90e680,https://files.rcsb.org/download/207D.cif
207D__CRH__laP__aaB__rs23__m1__alt.,207D,train,CRH,P,B,23,1,.,"[""CRH_B_23""]",A;B,28,CO[C@H](C(=O)[C@@H](O)[C@@H](C)O)[C@H]1CC(=O)c2c(cc3ccc(C)c(O)c3c2O)C1,G_2da89380ad42a5abd0c0,,aca6d3206aa101ecafc1de8cdc7afb6c58ebcb678f5203877ddba46f054850a4,d5d896e6d67e1495bc52305c957f9a42342d633f3903f950e5bfd3825c90e680,https://files.rcsb.org/download/207D.cif
215D__DMM__laB__aaA__rs7__m1__alt.,215D,train,DMM,B,A,7,1,.,"[""DMM_A_7""]",A,46,COc1cccc2c1C(=O)c1c(O)c3c(c(O)c1C2=O)C[C@@](O)(C(=O)CO)C[C@@H]3O[C@H]1C[C@H](N2CCO[C@H](OC)C2)[C@H](O)[C@H](C)O1,G_1fd551551594e8caf9b1,,75934fbb31a4cf1924990f28d9990911765f1d530a12d42478b814458edf7768,ab819d0e25af96dc3fba1f8f77d12c0790c8ddbbb7ea4a18039ca8e65142e9ab,https://files.rcsb.org/download/215D.cif
21CC__PP9__laC__aaB__rs101__m1__alt.,21CC,train,PP9,C,B,101,1,.,"[""PP9_B_101""]",A;B,42,C=CC1=C(C)c2cc3[nH]c(cc4nc(cc5[nH]c(cc1n2)c(C)c5C=C)C(C)=C4CCC(=O)O)c(CCC(=O)O)c3C,G_ddff74462a80aa5a65f4,,4e238ce0124279bbc041c9b5f37717d805ac729d7dde9802ca577e008cb1464a,541f4dbddb5de10fb704b80ed8caf149959249a021ca5a7a5b26c7fcf191b390,https://files.rcsb.org/download/21CC.cif
224D__NGM__laC__aaA__rs14__m1__altA,224D,train,NGM,C,A,14,1,A,"[""NGM_A_14""]",A;B,56,COC(=O)[C@@H]1c2cc3c(c(O)c2[C@@H](O[C@@H]2O[C@@H](C)[C@H](OC)[C@@](C)(OC)[C@H]2OC)C[C@]1(C)O)C(=O)c1c(O)cc2c(c1C3=O)O[C@@H]1O[C@@]2(C)[C@H](O)[C@@H](N(C)C)[C@@H]1O,G_5752b6ead73128586730,,5f066126121f47780dabc309d9d58cb9d5d0b1fdd1f66f9c85ab20cb8cd44d23,24a87a38ff7e52307b8edacdc0b1e69ad1e6d504b5cfab386e8f0983e80647fa,https://files.rcsb.org/download/224D.cif
224D__NGM__laD__aaB__rs13__m1__alt.,224D,train,NGM,D,B,13,1,.,"[""NGM_B_13""]",A;B,56,COC(=O)[C@@H]1c2cc3c(c(O)c2[C@@H](O[C@@H]2O[C@@H](C)[C@H](OC)[C@@](C)(OC)[C@H]2OC)C[C@]1(C)O)C(=O)c1c(O)cc2c(c1C3=O)O[C@@H]1O[C@@]2(C)[C@H](O)[C@@H](N(C)C)[C@@H]1O,G_5752b6ead73128586730,,a2e65a8750c9ed2238930237f85da3393e3c25e9495736b2aefc2ebea2c39f87,24a87a38ff7e52307b8edacdc0b1e69ad1e6d504b5cfab386e8f0983e80647fa,https://files.rcsb.org/download/224D.cif
234D__DMM__laB__aaA__rs7__m1__alt.,234D,train,DMM,B,A,7,1,.,"[""DMM_A_7""]",A,46,COc1cccc2c1C(=O)c1c(O)c3c(c(O)c1C2=O)C[C@@](O)(C(=O)CO)C[C@@H]3O[C@H]1C[C@H](N2CCO[C@H](OC)C2)[C@H](O)[C@H](C)O1,G_4381029694beb1f55b00,,bbf995d781b19a300ec7226b365dbede7a19036454fc4887c993940132f38ea2,3bd20f6ea37c704a5bafacd8d650f4d4f911534ee38fef8c041ff81ff1628552,https://files.rcsb.org/download/234D.cif
235D__DMM__laB__aaA__rs7__m1__altA,235D,train,DMM,B,A,7,1,A,"[""DMM_A_7""]",A,46,COc1cccc2c1C(=O)c1c(O)c3c(c(O)c1C2=O)C[C@@](O)(C(=O)CO)C[C@@H]3O[C@H]1C[C@H](N2CCO[C@@H](OC)C2)[C@H](O)[C@H](C)O1,G_4381029694beb1f55b00,,c29ca5941cd3d457b0c327f10c211d54958edf16a2641de8452526b15337e3a1,44585c92eb28f8f69f64ffe4e7d354ff82feb6644c4932d3d6cc71f77bce7a4a,https://files.rcsb.org/download/235D.cif
236D__CMD__laB__aaA__rs7__m1__alt.,236D,train,CMD,B,A,7,1,.,"[""CMD_A_7""]",A,46,COc1cccc2c1C(=O)c1c(O)c3c(c(O)c1C2=O)C[C@@](O)(C(=O)CO)C[C@@H]3O[C@H]1C[C@H](N2CCOC[C@@H]2C#N)[C@H](O)[C@H](C)O1,G_4381029694beb1f55b00,,be1a667341e719fb0093c1a667b3b4e8c45c9aa23676c2aa1ccba5c82313ea4d,b09ba2ef4c4b70b427562eea4435ce0a10b9fdb0dfe389d86e2f0c51152cfe16,https://files.rcsb.org/download/236D.cif
23JZ__AMR__laB__aaA__rs101__m1__alt.,23JZ,train,AMR,B,A,101,1,.,"[""AMR_A_101""]",A,15,N=C(N)NC(=O)c1nc(Cl)c(N)nc1N,G_b35e59e3cb00ed717f8a,,0f5de8c57549dac2276e36401e8c1139dcbac33a22286b16b725e4cdc405f1fa,4c0bc7e7e0ecf9fe77dc4e07acf9cbe029091b599d4e844caa4e271b3d027285,https://files.rcsb.org/download/23JZ.cif
23KA__AMR__laF__aaB__rs101__m1__alt.,23KA,train,AMR,F,B,101,1,.,"[""AMR_B_101""]",A;B,15,N=C(N)NC(=O)c1nc(Cl)c(N)nc1N,G_b35e59e3cb00ed717f8a,,4aaa9e7d179bce14b9788c6ba8bfce96571dc8aa17f4b86e817d0ba7b4a5ceb9,23dc5171c9d15f6c5ccde79d365594b27ee3761d269509557faefce91d804fad,https://files.rcsb.org/download/23KA.cif
23KA__AMR__laI__aaC__rs101__m1__alt.,23KA,train,AMR,I,C,101,1,.,"[""AMR_C_101""]",C,15,N=C(N)NC(=O)c1nc(Cl)c(N)nc1N,G_b35e59e3cb00ed717f8a,,d7089b994931fd56e4e0763267662e0ad5b88d20dc0ad4773dc1dd8ae2e1e8f6,7fc63822241b2af0b683bef46865a93eb1e34000fe9d650b9e8d4ee5e37ac205,https://files.rcsb.org/download/23KA.cif
245D__NGM__laC__aaA__rs14__m1__altA,245D,train,NGM,C,A,14,1,A,"[""NGM_A_14""]",A;B,56,COC(=O)[C@@H]1c2cc3c(c(O)c2[C@@H](O[C@@H]2O[C@@H](C)[C@H](OC)[C@@](C)(OC)[C@H]2OC)C[C@]1(C)O)C(=O)c1c(O)cc2c(c1C3=O)O[C@@H]1O[C@@]2(C)[C@H](O)[C@@H](N(C)C)[C@@H]1O,G_5752b6ead73128586730,,6392309616d427abff551afedd45bcd8b937efb7a90d8f95d47e16e7134a950d,1ec005fe8cb11fe12349cacfa5f7f10b908d5a6618b7d07825d86a015152ca15,https://files.rcsb.org/download/245D.cif
245D__NGM__laD__aaB__rs13__m1__alt.,245D,train,NGM,D,B,13,1,.,"[""NGM_B_13""]",A;B,56,COC(=O)[C@@H]1c2cc3c(c(O)c2[C@@H](O[C@@H]2O[C@@H](C)[C@H](OC)[C@@](C)(OC)[C@H]2OC)C[C@]1(C)O)C(=O)c1c(O)cc2c(c1C3=O)O[C@@H]1O[C@@]2(C)[C@H](O)[C@@H](N(C)C)[C@@H]1O,G_5752b6ead73128586730,,b1d468d0dead1d7d6b8e0bf01242afa89b0b809fc4789eb4f0326bf6a22c99fa,1ec005fe8cb11fe12349cacfa5f7f10b908d5a6618b7d07825d86a015152ca15,https://files.rcsb.org/download/245D.cif
24QP__DNH__laZ__aaN__rs101__m1__alt.,24QP,train,DNH,Z,N,101,1,.,"[""DNH_N_101""]",M;P,8,N[C@@H]1CCCC[C@H]1N,G_e70846682313a9b29b6a,,bfe29bfaef5cfd743680e3807bdca5f27468977c539b0b9c085cf6aa92cc80e7,5abbf9830829c86b758aeb0b7b24b052e16f8d0ab07d9d0c1ee94f797e2ad1d8,https://files.rcsb.org/download/24QP.cif
24QR__DNH__laU__aaN__rs101__m1__alt.,24QR,train,DNH,U,N,101,1,.,"[""DNH_N_101""]",I;J;K,8,N[C@@H]1CCCC[C@H]1N,G_5a42badda56c7be54f58,,2802795df3891055d7f3898fcb28d9354fbc3a8ae501a4898ad3d272fe6d8fa6,dcd9e97cd08eb8616a6d3e44b2883a02cb57484110e642ae6f6722df91a96043,https://files.rcsb.org/download/24QR.cif
258D__NGM__laE__aaA__rs26__m1__alt.,258D,train,NGM,E,A,26,1,.,"[""NGM_A_26""]",A;B;C;D,56,COC(=O)[C@@H]1c2cc3c(c(O)c2[C@@H](O[C@@H]2O[C@@H](C)[C@H](OC)[C@@](C)(OC)[C@H]2OC)C[C@]1(C)O)C(=O)c1c(O)cc2c(c1C3=O)O[C@@H]1O[C@@]2(C)[C@H](O)[C@@H](N(C)C)[C@@H]1O,G_6b8aadba7a0bdd65d461,,dadda416d70a3b9920129d24a4037c654e1df6602a62e7d7a15a05a584429dc5,8ca377935731cf693b39432fc0c5d1296b22558a21a6e28757aa47f167dbd917,https://files.rcsb.org/download/258D.cif
258D__NGM__laG__aaB__rs25__m1__alt.,258D,train,NGM,G,B,25,1,.,"[""NGM_B_25""]",A;B;C,56,COC(=O)[C@@H]1c2cc3c(c(O)c2[C@@H](O[C@@H]2O[C@@H](C)[C@H](OC)[C@@](C)(OC)[C@H]2OC)C[C@]1(C)O)C(=O)c1c(O)cc2c(c1C3=O)O[C@@H]1O[C@@]2(C)[C@H](O)[C@@H](N(C)C)[C@@H]1O,G_6b8aadba7a0bdd65d461,,17d138cb52257c293f5081eefc562760ae71e55d2fd7192fb9377c8b0b0a2d78,8aa6187d99c94c25f1b4abfb22e1cf3673cbd67a64236ae344d0e77e21b3202d,https://files.rcsb.org/download/258D.cif
258D__NGM__laK__aaC__rs28__m1__alt.,258D,train,NGM,K,C,28,1,.,"[""NGM_C_28""]",C;D,56,COC(=O)[C@@H]1c2cc3c(c(O)c2[C@@H](O[C@@H]2O[C@@H](C)[C@H](OC)[C@@](C)(OC)[C@H]2OC)C[C@@]1(C)O)C(=O)c1c(O)cc2c(c1C3=O)O[C@@H]1O[C@@]2(C)[C@H](O)[C@@H](N(C)C)[C@@H]1O,G_6b8aadba7a0bdd65d461,,c957923edc0ee58f5cac75cf09c542117b778e8dd0ce7f7ce544c0df65b28325,2a1d74a0e1abdcc9d590092822bcd9894fad3a219ec0dc444736b519700697d7,https://files.rcsb.org/download/258D.cif
258D__NGM__laL__aaD__rs27__m1__alt.,258D,train,NGM,L,D,27,1,.,"[""NGM_D_27""]",A;B;C;D,56,COC(=O)[C@@H]1c2cc3c(c(O)c2[C@@H](O[C@@H]2O[C@@H](C)[C@H](OC)[C@@](C)(OC)[C@H]2OC)C[C@]1(C)O)C(=O)c1c(O)cc2c(c1C3=O)O[C@@H]1O[C@@]2(C)[C@H](O)[C@@H](N(C)C)[C@@H]1O,G_6b8aadba7a0bdd65d461,,f8cad37e66445e1ac4f5cf58a4678456d25e28e47cef11f3d82530f5b7d33540,8ca377935731cf693b39432fc0c5d1296b22558a21a6e28757aa47f167dbd917,https://files.rcsb.org/download/258D.cif
26JR__A1EOV__laB__aaA__rs101__m1__alt.,26JR,train,A1EOV,B,A,101,1,.,"[""A1EOV_A_101""]",A,38,Cc1cnc(CNC(=O)c2c(=O)c3ccc(N4C[C@H]5CN(C)C[C@H]5C4)nc3n3c2sc2ccccc23)cn1,G_98f2a74e0b19f1c865e2,,1e4c14f63e9787b922eb6530857d8a1e642b36da541ae6a11774dc0d28fde685,4f0585aeb9ef12a9f261c44cdcdb20d73c7ce0bc762a08fbf14eb57b1724f732,https://files.rcsb.org/download/26JR.cif
26JT__A1EOB__laB__aaA__rs101__m1__alt.,26JT,train,A1EOB,B,A,101,1,.,"[""A1EOB_A_101""]",A,37,Cc1cnc(CNC(=O)c2c(=O)c3ccc(N4CCCN(C)CC4)nc3n3c2sc2ccccc23)cn1,G_98f2a74e0b19f1c865e2,,52e6f701f87ca7cbaf92bcc9dcbdb685899073031f7592ea250a43c468a7b4f2,e6adf1b45318724f77f50b801d118b3ffaa32ca4ed6dde46c0d837ae93370178,https://files.rcsb.org/download/26JT.cif
276D__DM8__laB__aaA__rs7__m1__alt.,276D,train,DM8,B,A,7,1,.,"[""DM8_A_7""]",A,39,COc1cccc2c1C(=O)c1c(O)c3c(c(O)c1C2=O)C[C@@](O)(C(C)=O)C[C@@H]3O[C@@H]1O[C@@H](C)[C@H](O)[C@@H](N)[C@H]1Br,G_4381029694beb1f55b00,,08120e280b5196ac51ce3d307f30eb31af3918cbe725efcb009e659ea646bb0c,979a637dd7e1b61d913febe37e27d5f0a7ecb9f29bcc80dab2492b95ec1bb7e7,https://files.rcsb.org/download/276D.cif
278D__DM8__laB__aaA__rs7__m1__alt.,278D,train,DM8,B,A,7,1,.,"[""DM8_A_7""]",A,39,COc1cccc2c1C(=O)c1c(O)c3c(c(O)c1C2=O)C[C@@](O)(C(C)=O)C[C@@H]3O[C@@H]1O[C@@H](C)[C@H](O)[C@@H](N)[C@H]1Br,G_2d120438882d1ea52a15,,7ff6a31c3001862cfb25c6128f965ca745a089ae539d5bd09b111d55d8cf16f4,091e034f1482f805bae317e52d83e1d6b9f022657f7f8ca5b26a3f3825fdd51c,https://files.rcsb.org/download/278D.cif
282D__NGM__laC__aaA__rs13__m1__alt.,282D,train,NGM,C,A,13,1,.,"[""NGM_A_13""]",A;B,56,COC(=O)[C@@H]1c2cc3c(c(O)c2[C@@H](O[C@@H]2O[C@@H](C)C(OC)[C@@](C)(OC)[C@H]2OC)C[C@]1(C)O)C(=O)c1c(O)cc2c(c1C3=O)O[C@@H]1O[C@@]2(C)[C@H](O)[C@H](N(C)C)[C@H]1O,G_98f90913825ff5d6a99a,,1344fa6f5665dfb5a08b280eea24fc81be21d2f1b89e76310ad2bb62a14003cc,bad57719bbf82479a86a0d0bbf7de4e765f3ed4031501049db14ec796da96438,https://files.rcsb.org/download/282D.cif
288D__DM8__laB__aaA__rs7__m1__alt.,288D,train,DM8,B,A,7,1,.,"[""DM8_A_7""]",A,39,COc1cccc2c1C(=O)c1c(O)c3c(c(O)c1C2=O)C[C@@](O)(C(C)=O)C[C@@H]3O[C@@H]1O[C@@H](C)[C@H](O)[C@@H](N)[C@H]1Br,G_1fd551551594e8caf9b1,,f40cfd1bd5fa152407502fa782767045556b7dd3f3d2572fa147c1b3a6b8f1dc,66ff958846d1699956d5fcf427ce66c82641f033af00132ba7a78e51d3ec950f,https://files.rcsb.org/download/288D.cif
292D__P24__laC__aaA__rs13__m1__alt.,292D,train,P24,C,A,13,1,.,"[""P24_A_13""]",A;B,9,NCCCCNCCN,G_d4394b970d2eb8a9762d,,864bd5dd673fabb5b6cd2b8a4b1ed7d53faadad725935909848fe4ed0a3d4475,94d54ff2b29d77f3fe021945fa35a4305e2d04394bcb8db384581930daac9b80,https://files.rcsb.org/download/292D.cif
2ARG__AAR__laB__aaA__rs31__m1__alt.,2ARG,train,AAR,B,A,31,1,.,"[""AAR_A_31""]",A,12,NC(=[NH2+])NCCC[C@H](N)C(N)=O,G_8bfb6c9ec1e5277aa296,,37f7be78b3f36f2d3abf9250bb5022ea9b0114a3b352748e3fdcbb968efe875c,d5f9f546020281ce976392a6f8f3df1fdd2596412cdf9e4cf68b682a86c785b0,https://files.rcsb.org/download/2ARG.cif
2DES__DMM__laC__aaA__rs13__m1__alt.,2DES,train,DMM,C,A,13,1,.,"[""DMM_A_13""]",A;B,46,COc1cccc2c1C(=O)c1c(O)c3c(c(O)c1C2=O)C[C@@](O)(C(=O)CO)C[C@@H]3O[C@H]1C[C@H](N2CCO[C@H](OC)C2)[C@H](O)[C@H](C)O1,G_1fd551551594e8caf9b1,,44a14c5c64fc939e45096e8fac0fa340d01cbc3a94a56fb5ac0e4128656c0278,d3bbbcd2e88f03f49b0e5075aef7d020d664ca82d79b39fd2c0880127ab95f6f,https://files.rcsb.org/download/2DES.cif
2DES__DMM__laD__aaA__rs14__m1__alt.,2DES,train,DMM,D,A,14,1,.,"[""DMM_A_14""]",A;B,46,COc1cccc2c1C(=O)c1c(O)c3c(c(O)c1C2=O)C[C@@](O)(C(=O)CO)C[C@@H]3O[C@H]1C[C@H](N2CCO[C@H](OC)C2)[C@H](O)[C@H](C)O1,G_1fd551551594e8caf9b1,,24b0e3ec0272fc850dca7e7cbc6da1027c5d0fe44e24600cd43caf9a4fa225f5,d3bbbcd2e88f03f49b0e5075aef7d020d664ca82d79b39fd2c0880127ab95f6f,https://files.rcsb.org/download/2DES.cif
2ET0__NPM__laJ__aaA__rs10__m1__alt.,2ET0,train,NPM,J,A,10,1,.,"[""NPM_A_10""]",A,29,C(=N/c1ccc(Cc2ccc(/N=C/c3ccccn3)cc2)cc1)\c1ccccn1,G_1fd551551594e8caf9b1,,b191afc6d19470580ab2c8bf858cbd3fa333fc1c33bf79923d57f72b956b13f8,08f267f0316d8d88275da953ba3226a470039ee4e47d4010d8a3c7c04a11b37e,https://files.rcsb.org/download/2ET0.cif
2IE1__PAW__laC__aaA__rs101__m1__alt.,2IE1,train,PAW,C,A,101,1,.,"[""PAW_A_101""]",A;B,13,NCCNCCNCCNCCN,G_d4394b970d2eb8a9762d,,7007c1f31d8a176e239e000e8700ff2cf0b63b2f4d79e807642ad46b262ded85,4f4dea91ef7d1c5c83bc6b107bb8eb2082fd25b57ace2cf9cefcec7b0bd20309,https://files.rcsb.org/download/2IE1.cif
2IE1__PAW__laD__aaB__rs102__m1__alt.,2IE1,train,PAW,D,B,102,1,.,"[""PAW_B_102""]",A;B,13,NCCNCCNCCNCCN,G_d4394b970d2eb8a9762d,,51fb7991f6b03d45349595f5af1903e2a38b015cea2679e9aa3ddaafbc2cbf9c,4f4dea91ef7d1c5c83bc6b107bb8eb2082fd25b57ace2cf9cefcec7b0bd20309,https://files.rcsb.org/download/2IE1.cif
2KD4__PRL__laC__aaA__rs17__m1__alt.,2KD4,train,PRL,C,A,17,1,.,"[""PRL_A_17""]",A;B,16,Nc1ccc2cc3ccc(N)cc3nc2c1,G_4a1ea9d17b738bbdec0b,,ae1ab570d48c000d2ce603a7df11a1cc0bd35651f5860bbfcbb56e5c534660e6,836890efd046713694ba5e23595e9ea9847cd40996b522e6dea3aaa7ac10e2ac,https://files.rcsb.org/download/2KD4.cif
2KD4__PRL__laD__aaB__rs17__m1__alt.,2KD4,train,PRL,D,B,17,1,.,"[""PRL_B_17""]",A;B,16,Nc1ccc2cc3ccc(N)cc3nc2c1,G_4a1ea9d17b738bbdec0b,,e66c73bc6738f74cd5325626004bfa895dc156aaa16464a141b96aaf3b7ae7b8,836890efd046713694ba5e23595e9ea9847cd40996b522e6dea3aaa7ac10e2ac,https://files.rcsb.org/download/2KD4.cif
2KXM__RIO__laB__aaA__rs101__m1__alt.,2KXM,train,RIO,B,A,101,1,.,"[""RIO_A_101""]",A,31,NC[C@H]1O[C@H](O[C@H]2[C@H](O[C@@H]3O[C@H](CO)[C@@H](O)[C@H]3O)[C@@H](O)[C@H](N)C[C@@H]2N)[C@H](N)[C@@H](O)[C@@H]1O,G_b2af33f57322cde0012e,,cfd79ece10e70ec89b59a54ed1831d9c5b99a74eb25fc0ca038aa7dc6dacd763,6f7e557e8719d5ef509854e9e6c1560328c8984404487a68e52bc6cccd197429,https://files.rcsb.org/download/2KXM.cif
2L1V__PRF__laB__aaA__rs37__m1__alt.,2L1V,train,PRF,B,A,37,1,.,"[""PRF_A_37""]",A,13,NCc1c[nH]c2nc(N)[nH]c(=O)c12,G_fce85dfc4e682d1e789b,,44d9f190aa18fe909ca83d34884ad04e8444379cbaa8e85ec1278fc2c49288ca,81eee0af79da5b8e0a3df553e78826bb596bc5c8ba823164c4acf9e23d8b348b,https://files.rcsb.org/download/2L1V.cif
2L7V__QUL__laD__aaA__rs1__m1__alt.,2L7V,train,QUL,D,A,1,1,.,"[""QUL_A_1""]",A,25,CCN(CC)CCNc1c2ccccc2nc2c1[nH]c1ccccc12,G_504f11fa1e3278ad1b85,,9c9cd7beca356e824280bbd3c44449d1a58736fbd0bb28150e396222ceae3d51,8ab8fa15ed187c320e5f1537f95c4fd05e0baa1922d53fc47e6160a1e2684fea,https://files.rcsb.org/download/2L7V.cif
2L7V__QUL__laE__aaA__rs2__m1__alt.,2L7V,train,QUL,E,A,2,1,.,"[""QUL_A_2""]",A,25,CCN(CC)CCNc1c2ccccc2nc2c1[nH]c1ccccc12,G_504f11fa1e3278ad1b85,,1cfabdc122ea6779226dbf890b1dbf2c330bd26921cc91f2690157fe84cf7aba,8ab8fa15ed187c320e5f1537f95c4fd05e0baa1922d53fc47e6160a1e2684fea,https://files.rcsb.org/download/2L7V.cif
2LWH__NT__laC__aa1__rs101__m1__alt.,2LWH,train,NT,C,1,101,1,.,"[""NT_1_101""]",A;B,31,Cn1cc(NC(=O)c2cc(NC(=O)CNC(=N)N)cn2C)cc1C(=O)NCCC(=N)N,G_0675dcbedb8587433e1d,,003cccf1ddfc334f7189f19c0612da7190050865a252cf9b39901d9933151514,1d30354467e292321065d61e66bf2ff51539b9d0c50d6936aabe6ce0a72299de,https://files.rcsb.org/download/2LWH.cif
2LWK__0EC__laB__aaA__rs101__m1__alt.,2LWK,train,0EC,B,A,101,1,.,"[""0EC_A_101""]",A,21,COc1cc2nc(N3CCNCC3)nc(N)c2cc1OC,G_4d79dd1cf784ba59d82c,,8913843dcd241cdbdec0b27286d8a2f46734868724fc5874a8ebc9bf3932f417,7c3ce9e4f1aca2b0865358f58c72aa99148c5106543d79df4dcf43fcb9e1f5b9,https://files.rcsb.org/download/2LWK.cif
2MG8__XR2__laC__aaB__rs101__m1__alt.,2MG8,train,XR2,C,B,101,1,.,"[""XR2_B_101""]",A;B,44,Cc1cccc2nc3cccc(C(=O)NCC[NH2+]CC[NH2+]CCNC(=O)c4cccc5nc6cccc(C)c6[nH+]c45)c3[nH+]c12,G_152843b17d2e5e1bbbda,,2e0e712482554b9ca3694f80562d2e8b5806adbcec27835d46a5e26a7fba40e3,ad411b5218064b803c6b6fb5d41d2e004d6c94ef1465453b6b1714d2b58662bf,https://files.rcsb.org/download/2MG8.cif
2MG8__XR2__laD__aaB__rs102__m1__alt.,2MG8,train,XR2,D,B,102,1,.,"[""XR2_B_102""]",A;B,44,Cc1cccc2nc3cccc(C(=O)NCC[NH2+]CC[NH2+]CCNC(=O)c4cccc5nc6cccc(C)c6[nH+]c45)c3[nH+]c12,G_152843b17d2e5e1bbbda,,0528174a57dfef758592c4ac544f37e1fd39b716a34ede6ca20364a79f07ffc4,ad411b5218064b803c6b6fb5d41d2e004d6c94ef1465453b6b1714d2b58662bf,https://files.rcsb.org/download/2MG8.cif
2MGN__PQ3__laB__aaA__rs25__m1__alt.,2MGN,train,PQ3,B,A,25,1,.,"[""PQ3_A_25""]",A,42,C[n+]1cc(NC(=O)c2ccc3ccc4ccc(C(=O)Nc5cc6ccccc6[n+](C)c5)nc4c3n2)cc2ccccc21,G_8c3db9e2410237792fc7,,6ecf95323ece5031652ea382dfb091eb76826bbbd1ff88ddb3121fe8ca559ee8,adfba9f6c6adab63052f623364b7f8953e0771dd9f4d07d33f46bd775a0685cf,https://files.rcsb.org/download/2MGN.cif
2MIY__PRF__laB__aaA__rs101__m1__alt.,2MIY,train,PRF,B,A,101,1,.,"[""PRF_A_101""]",A,13,NCc1c[nH]c2nc(N)[nH]c(=O)c12,G_66307bac48e623d53565,,7e7f494169b76e0c0d5d771294a7ede4046041543ac291171bcbc10a9a368c95,f5e1f28a7a2c04a9a37ae2f43104e3e2d3bed45b31df316284ba54b8bbdc0b1d,https://files.rcsb.org/download/2MIY.cif
2MNE__3B5__laC__aaA__rs101__m1__alt.,2MNE,train,3B5,C,A,101,1,.,"[""3B5_A_101""]",A;B,44,CC(C)c1sc(NC(=O)c2cc(NC(=O)c3cc(NC(=O)c4cccnc4)cn3C)cn2C)nc1C(=O)NCCC[NH+](C)C,G_0884f30afeef76dffb79,,6548e1a4bd686deb65e6bec35054ccc5af79461b1c47be9da08b13afd5f5e59d,f376895177901272c45dcdd984dbacc543abcecbc0ad658c3597d08ec154f69d,https://files.rcsb.org/download/2MNE.cif
2MNE__3B5__laD__aaB__rs101__m1__alt.,2MNE,train,3B5,D,B,101,1,.,"[""3B5_B_101""]",A;B,44,CC(C)c1sc(NC(=O)c2cc(NC(=O)c3cc(NC(=O)c4cccnc4)cn3C)cn2C)nc1C(=O)NCCC[NH+](C)C,G_0884f30afeef76dffb79,,86eda2b170a9b87d059e2faff6cba285e2236ef762181bd1d6bede2b5bc168f5,f376895177901272c45dcdd984dbacc543abcecbc0ad658c3597d08ec154f69d,https://files.rcsb.org/download/2MNE.cif
2MXS__PAR__laB__aaA__rs101__m1__alt.,2MXS,train,PAR,B,A,101,1,.,"[""PAR_A_101""]",A,42,NC[C@@H]1O[C@H](O[C@H]2[C@@H](O)[C@H](O[C@@H]3[C@@H](O)[C@H](N)C[C@H](N)[C@H]3O[C@H]3O[C@H](CO)[C@@H](O)[C@H](O)[C@H]3N)O[C@@H]2CO)[C@H](N)[C@@H](O)[C@@H]1O,G_b2af33f57322cde0012e,,99896401d9eec40fddcee3e7052ad241dd27c5502505e7be4e9fd915f534eb74,5977de3db45b7f426b0aae56f7bc7b70fdbfb8ef42438dd7824040beff5e0874,https://files.rcsb.org/download/2MXS.cif
2N0J__RIO__laB__aaA__rs101__m1__alt.,2N0J,train,RIO,B,A,101,1,.,"[""RIO_A_101""]",A,31,NC[C@H]1O[C@H](O[C@H]2[C@H](O[C@@H]3O[C@H](CO)[C@@H](O)[C@H]3O)[C@@H](O)[C@H](N)C[C@@H]2N)[C@H](N)[C@@H](O)[C@@H]1O,G_b2af33f57322cde0012e,,ece888471d6facbe724ef80f31c273905b25565b878d2991f6cf0acedc1c0cfe,12248508d34ce1a9ae8b1fda64365d635a06914fa818f64fd0b16645fb33ff61,https://files.rcsb.org/download/2N0J.cif
2N6C__QUE__laB__aaA__rs101__m1__alt.,2N6C,train,QUE,B,A,101,1,.,"[""QUE_A_101""]",A,22,O=c1c(O)c(-c2ccc(O)c(O)c2)oc2cc(O)cc(O)c12,G_8c3db9e2410237792fc7,,403981a5db8349170f60482b83f313e4085181eb94b20393beeef43c265867dc,c1acb92a9db76bf7fdad0d731363b31f8d65b9fdfefca3f32be1740468c19069,https://files.rcsb.org/download/2N6C.cif
2N6C__QUE__laC__aaA__rs102__m1__alt.,2N6C,train,QUE,C,A,102,1,.,"[""QUE_A_102""]",A,22,O=c1c(O)c(-c2ccc(O)c(O)c2)oc2cc(O)cc(O)c12,G_8c3db9e2410237792fc7,,1e3bdbc6ffe53e918e4b48b0a386c51d2a283ee77d50ae1580c01253ba0f87a8,c1acb92a9db76bf7fdad0d731363b31f8d65b9fdfefca3f32be1740468c19069,https://files.rcsb.org/download/2N6C.cif
2N96__4JF__laC__aaY__rs101__m1__alt.,2N96,train,4JF,C,Y,101,1,.,"[""4JF_Y_101""]",A;B,98,CC[C@@]1(O[C@H]2C[C@H](OC)[C@@H](O)[C@H](C)O2)[C@H](O[C@@H]2C[C@H](O)[C@@H](N(C)C)[C@H](C)O2)C2=C(NN)[C@@H]3C(=O)C4=C(O)CC=C(O)C4C(=O)C3=C2C(=O)[C@@H]1[C@H]1C(=O)C2=C3C(=O)c4c(O)ccc(O)c4C(=O)C3=C(NN)[C@H]2[C@@H](O[C@@H]2C[C@H](O)[C@@H](N(C)C)[C@H](C)O2)[C@@]1(CC)O[C@H]1C[C@H](OC)[C@@H](O)[C@H](C)O1,G_be8e8ae60a27536ad491,,9726a013f3e75ff0aecfc4a0f9bbf8e249f9da5d636bc7b302042f91c8f58847,9503c859c3f44f910c64663c9940785a0680cf34a4840a1036dda47ff0f09901,https://files.rcsb.org/download/2N96.cif
2NEO__NCS__laB__aaA__rs21__m1__alt.,2NEO,train,NCS,B,A,21,1,.,"[""NCS_A_21""]",A,48,C[NH2+][C@H]1[C@@H](O[C@@H]2c3cc4c(cc3[C@@H]3[C@H]2OC(=O)[C@@]32C(=O)C=Cc3c(C)cc(OC)cc32)[C@@](O)([C@H]2COC(=O)O2)C=C4)O[C@H](C)[C@H](O)[C@@H]1O,G_662d93f502560dc34d5a,,8da8bf55404b9e2bab43fb435e9a6a4757b1b5d93d0a31b4b44dd01e974debad,da2b36f1c9b240176f7636a50e3ca2706252f3cae7f80779fb989e127bbeca1e,https://files.rcsb.org/download/2NEO.cif
2NZ4__GLP__laR__aaF__rs5002__m1__alt.,2NZ4,train,GLP,R,F,5002,1,.,"[""GLP_F_5002""]",A;C;D;E;F,16,N[C@@H]1[C@@H](O)[C@H](O)[C@@H](COP(=O)(O)O)O[C@@H]1O,G_a1c07a3955421f362a50,,ba4faf5e77d731a7cff69f0e823f874a89ffdc556f97ea5c17ea81d003a8bc10,03581d8c4d2e68dce02193bb2a897b9db0eb6225c0c170bec32dc7ec2ff5eecd,https://files.rcsb.org/download/2NZ4.cif
2NZ4__GLP__laW__aaG__rs5003__m1__alt.,2NZ4,train,GLP,W,G,5003,1,.,"[""GLP_G_5003""]",C;D;E;F;G,16,N[C@@H]1[C@@H](O)[C@H](O)[C@@H](COP(=O)(O)O)O[C@@H]1O,G_a1c07a3955421f362a50,,c1bc4183dc147726947dedbf8cf24b27d607dc62e354c462de74460c5cc02f79,69d1b3152dfbd3cee42addaebeb1a6b3f5223519ebb0fe56eb97c96ba2a4d8c6,https://files.rcsb.org/download/2NZ4.cif
2O5C__TDR__laE__aaD__rs799__m1__alt.,2O5C,train,TDR,E,D,799,1,.,"[""TDR_D_799""]",B,9,Cc1c[nH]c(=O)[nH]c1=O,G_048f30b55d8c9695038f,,9c75af9817806b026f565470ffdd4c713c6208b18d03d93b56d49ec760ee3c95,9c45834f267e5ab6ea355adf0ff6a6a5cf7cc1eed72b7ad76b48ba297d448cbe,https://files.rcsb.org/download/2O5C.cif
2O5E__TDR__laE__aaD__rs9__m1__alt.,2O5E,train,TDR,E,D,9,1,.,"[""TDR_D_9""]",B,9,Cc1c[nH]c(=O)[nH]c1=O,G_048f30b55d8c9695038f,,4c44006a0e94bcb0601c9746c30116d5a09a406b5fded479a3a37f653e2fd429,4788ec75eee4edcc3ce6485d16a94a51eadb3d333d954aeabb71c080f660fb5b,https://files.rcsb.org/download/2O5E.cif
2OEY__S2A__laB__aaA__rs26__m1__alt.,2OEY,train,S2A,B,A,26,1,.,"[""S2A_A_26""]",A,40,CN[C@H]1[C@@H](O[C@@H]2c3cc4ccccc4cc3[C@@H]3[C@H]2C=C[C@@]32C(=O)C=Cc3ccc(OC)cc32)O[C@H](C)[C@H](O)[C@@H]1O,G_0afee7058414bb83f67b,,ce972d641bc44350eb31351b671f32c549167875d5cd08e0c11713b6a8b673cb,ce3a1e7748cb6fd3367040280fd81310de91e675a5b4017594b03ee4c5f7a5c4,https://files.rcsb.org/download/2OEY.cif
2OYQ__N5P__laN__aaI__rs704__m1__alt.,2OYQ,train,N5P,N,I,704,1,.,"[""N5P_I_704""]",E;F,32,O=[N+]([O-])c1ccc2c(ccn2[C@H]2C[C@H](O)[C@@H](CO[P@@](=O)(O)O[P@](=O)(O)OP(=O)(O)O)O2)c1,G_ead2e43a63fb0ca04eb3,,8246d35b375b225ec466bdefa4205829dc729d1c0627c05eff675cb1df027783,f622a50164d41464b9719a61e7f7caf82a00f9529d5afa2529ca56ead0cb2db9,https://files.rcsb.org/download/2OYQ.cif
2QK9__16D__laG__aaC__rs1004__m1__alt.,2QK9,train,16D,G,C,1004,1,.,"[""16D_C_1004""]",A;B,8,NCCCCCCN,G_a6d5077cdcee5171b596,,4df500fac34f49bcd9216466eefc1eeb45bcb0757a2f4e727f27d3d4cd683628,7d95231e596502f94e4a63dd8fc02a1713d6db2d23b7a8fd95dbb88bcb88d51a,https://files.rcsb.org/download/2QK9.cif
2QWY__SAM__laH__aaA__rs100__m1__alt.,2QWY,train,SAM,H,A,100,1,.,"[""SAM_A_100""]",A,27,C[S@@+](CC[C@H](N)C(=O)[O-])C[C@H]1O[C@@H](n2cnc3c(N)ncnc32)[C@H](O)[C@@H]1O,G_634c652c92f1c4aa1d1a,,649366820087420cdb8fbac00b18e25eec6414193a576feed89a60d9769aa019,3c2b435e486e92f822d82e663b03b714478d669c767dc3032a3e4e13c95053ca,https://files.rcsb.org/download/2QWY.cif
2QWY__SAM__laK__aaB__rs300__m1__alt.,2QWY,train,SAM,K,B,300,1,.,"[""SAM_B_300""]",B,27,C[S@@+](CC[C@H](N)C(=O)[O-])C[C@H]1O[C@@H](n2cnc3c(N)ncnc32)[C@H](O)[C@@H]1O,G_634c652c92f1c4aa1d1a,,998c9e84d44094c35d06831938e89bde6adb7e05d3458614a61bd0cec892eb24,ba58edc01c3f471d03aa96d0c4a2efcaddfcd313ea3487abb5392fcbd300da1e,https://files.rcsb.org/download/2QWY.cif
2QWY__SAM__laO__aaC__rs500__m1__alt.,2QWY,train,SAM,O,C,500,1,.,"[""SAM_C_500""]",C,27,C[S@@+](CC[C@H](N)C(=O)[O-])C[C@H]1O[C@@H](n2cnc3c(N)ncnc32)[C@H](O)[C@@H]1O,G_634c652c92f1c4aa1d1a,,510ab8dc2a6f93039b14c2d9950009764005c1cb19c5ee2950eef06bb1cf9a18,4d6d049d90271f63fe169aa7424657b00a9053217bc14e7690e2129b5e0390d3,https://files.rcsb.org/download/2QWY.cif
2R2S__BLB__laE__aaB__rs9__m1__alt.,2R2S,train,BLB,E,B,9,1,.,"[""BLB_B_9""]",A;B,98,Cc1c(N)nc([C@H](CC(N)=O)NC[C@H](N)C(N)=O)nc1C(=O)N[C@H](C(=O)N[C@@H](C)[C@H](O)[C@H](C)C(=O)NC(C(=O)NCCc1nc(-c2nc(C(=O)NCCCCNC(N)=[NH2+])cs2)cs1)[C@@H](C)O)[C@@H](O[C@@H]1O[C@@H](CO)[C@@H](O)[C@H](O)[C@@H]1O[C@H]1O[C@H](CO)[C@@H](O)[C@H](OC(N)=O)[C@@H]1O)c1c[nH]cn1,G_dff6a42783a14020d77b,,e9b7aac4adba9ccc4cbab0cc39ca432d60a16202ca400bade1ac5ebf07833a1e,892b94d11f0ffd4119ae312042926f49713afb95e4fd5de30ff3c9c2e92d632b,https://files.rcsb.org/download/2R2S.cif
2R2U__BTZ__laD__aaG__rs1__m1__alt.,2R2U,train,BTZ,D,G,1,1,.,"[""BTZ_G_1""]",A;B,21,N=C(N)NCCCCNC(=O)c1csc(-c2cscn2)n1,G_bfc19b7b65125fcffdd4,,1cabf72856d314a2f667c7114ad9a2cdb06b88fffbb4b562fad0da0b86f62a94,c6509b4dff30b640bd758f4c85f2cc2c339217af075e2f3512e4df407936feb0,https://files.rcsb.org/download/2R2U.cif
308D__DM1__laD__aaA__rs14__m1__alt.,308D,train,DM1,D,A,14,1,.,"[""DM1_A_14""]",A;B,38,COc1cccc2c1C(=O)c1c(O)c3c(c(O)c1C2=O)C[C@@](O)(C(C)=O)C[C@@H]3O[C@H]1C[C@H](N)[C@H](O)[C@H](C)O1,G_1fd551551594e8caf9b1,,bb7ae840e214ad31492f1516fcd778d6b4650c4984886a17aa7953f605462052,8a033c1eec517c65c0f363224a9e15bc30b7ebe7e9fa6680b5694f58c0a882d1,https://files.rcsb.org/download/308D.cif
308D__DM1__laH__aaB__rs14__m1__alt.,308D,train,DM1,H,B,14,1,.,"[""DM1_B_14""]",A;B,38,COc1cccc2c1C(=O)c1c(O)c3c(c(O)c1C2=O)C[C@@](O)(C(C)=O)C[C@@H]3O[C@H]1C[C@H](N)[C@H](O)[C@H](C)O1,G_1fd551551594e8caf9b1,,e606a3e27ed6cad976d7cc5272074073a5a952781007e0c32ddea4c402b35361,8a033c1eec517c65c0f363224a9e15bc30b7ebe7e9fa6680b5694f58c0a882d1,https://files.rcsb.org/download/308D.cif
366D__DA6__laB__aaA__rs3013__m1__alt.,366D,train,DA6,B,A,3013,1,.,"[""DA6_A_3013""]",A,24,CN(C)CCNC(=O)c1cccc2c([NH3+])c3ccc(Br)cc3[nH+]c12,G_ca3027c76349e041684a,,fa646a41ecdc240d30225867e021cfad51bddd1ba287824b833687832bb2ef51,7db0050ca28f92c709a600d50136680d2bd27f71f00c18ba457d876f529d91b3,https://files.rcsb.org/download/366D.cif
366D__DA6__laC__aaA__rs3015__m1__alt.,366D,train,DA6,C,A,3015,1,.,"[""DA6_A_3015""]",A,24,CN(C)CCNC(=O)c1cccc2c([NH3+])c3ccc(Br)cc3[nH+]c12,G_ca3027c76349e041684a,,82e87e556f4babb46173a6a0a65d26da669b1e7d93ad6a09d3c9ab377ac3e5de,7db0050ca28f92c709a600d50136680d2bd27f71f00c18ba457d876f529d91b3,https://files.rcsb.org/download/366D.cif
378D__DMY__laE__aaA__rs34__m1__alt.,378D,train,DMY,E,A,34,1,.,"[""DMY_A_34""]",A;B;C,35,Cn1cc(NC(=O)c2cc(NC(=O)c3cc(NC=O)cn3C)cn2C)cc1C(=O)NCCC(=N)N,G_789f4ec27ae28566e277,,90239ef4db6697258c123668d8b696fa7cdf086bdb159cfa26f588ab593e8d1e,abb3a431cf4b041ca84a6aeeaa35094cbf75da82369c8e335b74a0733b0db989,https://files.rcsb.org/download/378D.cif
378D__DMY__laG__aaB__rs33__m1__alt.,378D,train,DMY,G,B,33,1,.,"[""DMY_B_33""]",A;B;C;D,35,Cn1cc(NC(=O)c2cc(NC(=O)c3cc(NC=O)cn3C)cn2C)cc1C(=O)NCCC(=N)N,G_789f4ec27ae28566e277,,1419f7150b45a6219bf3b9992e21449104cf42464059c882e3557e7a3851147b,5113855380bc4fdd86d5fa4d6dba471b764df60738a8aed4dc95823b61c7b546,https://files.rcsb.org/download/378D.cif
378D__DMY__laH__aaC__rs36__m1__alt.,378D,train,DMY,H,C,36,1,.,"[""DMY_C_36""]",A;C;D,35,Cn1cc(NC(=O)c2cc(NC(=O)c3cc(NC=O)cn3C)cn2C)cc1C(=O)NCCC(=N)N,G_789f4ec27ae28566e277,,73faebd631efe62f345af5b3f913d141a768b90124a3abc1cf465d2b3eed9405,ec9543eb97b7a30ac5defc5b3702587c1d6a403032be01adcb81ed5da4ef5dad,https://files.rcsb.org/download/378D.cif
378D__DMY__laI__aaD__rs35__m1__alt.,378D,train,DMY,I,D,35,1,.,"[""DMY_D_35""]",A;C;D,35,Cn1cc(NC(=O)c2cc(NC(=O)c3cc(NC=O)cn3C)cn2C)cc1C(=O)NCCC(=N)N,G_789f4ec27ae28566e277,,51104c3cb2a93376437c29078afa6ce5d51bf7745f2b8d395a97d6177e79e139,ec9543eb97b7a30ac5defc5b3702587c1d6a403032be01adcb81ed5da4ef5dad,https://files.rcsb.org/download/378D.cif
37CM__N3D__laD__aaA__rs102__m1__alt.,37CM,train,N3D,D,A,102,1,.,"[""N3D_A_102""]",A,6,CNCCCN,G_0b3b0acb0595a1a57016,,462bf5f03bc65e8c11ada801fbea12588f5c9f661f0717f45df9519f0bb88c3d,1cf201ebace84ecfe9f7783e8d509e4fe39b83d78d8d0683a727ee857f60fbd7,https://files.rcsb.org/download/37CM.cif
37CM__N3D__laQ__aaB__rs102__m1__alt.,37CM,train,N3D,Q,B,102,1,.,"[""N3D_B_102""]",B,6,CNCCCN,G_0b3b0acb0595a1a57016,,62c70b67524c5cdd03aa2bc6379b2f45beef9e45f2d4f8b3a20c392946200ce3,03e779ef174d330c1e0dfd7ca25b6aea1392e1a87dada91c2c1ddbad1308c5d9,https://files.rcsb.org/download/37CM.cif
385D__NOD__laB__aaA__rs7__m1__alt.,385D,train,NOD,B,A,7,1,.,"[""NOD_A_7""]",A,42,COc1cccc2c1C(=O)c1c(O)c3c(c(O)c1C2=O)C[C@@](O)(C(=O)CO)C[C@@H]3O[C@H]1C[C@@H](NCCO)[C@H](O)[C@H](C)O1,G_4381029694beb1f55b00,,61e877e23d9b8f17b67ad209db234296ed0f1d4d10ee05a8326c1b0c0b498315,d6cbd264cbf9fcfe8795d0bd55485b957e03a6c25d63cf9fdf746353c8972644,https://files.rcsb.org/download/385D.cif
386D__AQS__laB__aaA__rs7__m1__alt.,386D,train,AQS,B,A,7,1,.,"[""AQS_A_7""]",A,28,[NH3+]CCCN(CCC[NH3+])S(=O)(=O)c1ccc2c(c1)C(=O)c1ccccc1C2=O,G_1fd551551594e8caf9b1,,4a1bfe67ef2395459452d804389e2d1d0bef1cabdf3f09fce757a9283fa350f8,a41db909224b6ddfc9978b405e83dc144ddfd891f28de6f2d0908b363dc9b080,https://files.rcsb.org/download/386D.cif
3B4A__GLP__laC__aaA__rs401__m1__alt.,3B4A,train,GLP,C,A,401,1,.,"[""GLP_A_401""]",A;B,16,N[C@@H]1[C@@H](O)[C@H](O)[C@@H](COP(=O)(O)O)O[C@@H]1O,G_4e3feda0a3799e054bfd,,c66815268aca285751e5bd263aeb97817e791d3c3a2cc945265b120845a111d3,cd765083f277fc76b9c795ffe8c2c96849f3ba40b64a0731e5d8b5ab9792b09a,https://files.rcsb.org/download/3B4A.cif
3B4B__GLP__laC__aaA__rs201__m1__alt.,3B4B,train,GLP,C,A,201,1,.,"[""GLP_A_201""]",A;B,16,N[C@@H]1[C@@H](O)[C@H](O)[C@@H](COP(=O)(O)O)O[C@@H]1O,G_03ac507633f2da674242,,0d9a7488a0355888aae0733bf96a496333cc30c649eb6ee8a5342129d2d46e2f,ebf34db151af10e9446960ac26793d4b7de89b58e7169d0fd1b3cf2611fa6673,https://files.rcsb.org/download/3B4B.cif
3B4C__GLP__laC__aaA__rs201__m1__alt.,3B4C,train,GLP,C,A,201,1,.,"[""GLP_A_201""]",A;B,16,N[C@@H]1[C@@H](O)[C@H](O)[C@@H](COP(=O)(O)O)O[C@@H]1O,G_69d69d129df9a7c47dfa,,e244febd97e268332f60741ca68e63f26414b58652913993f9ef9ed725bea22f,0cb82725ef1bd784a4c9619d1be8034e92f9b2f0be95bcd4697753f25895e1e9,https://files.rcsb.org/download/3B4C.cif
3BNQ__PAR__laI__aaC__rs101__m1__alt.,3BNQ,train,PAR,I,C,101,1,.,"[""PAR_C_101""]",A;B;C;D,42,NC[C@@H]1O[C@H](O[C@H]2[C@@H](O)[C@H](O[C@@H]3[C@@H](O)[C@H](N)C[C@H](N)[C@H]3O[C@H]3O[C@H](CO)[C@@H](O)[C@H](O)[C@H]3N)O[C@@H]2CO)[C@H](N)[C@@H](O)[C@@H]1O,G_4344d0ea8c9900f8bd99,,0fae5deba09df79c3ad3b9c44151a18c1d11b126ad391a5549a92e249e8bd9fd,c100eb4d091c6780d47c04442b892a49c43281fb8fe360a0aa4c044e0baaa258,https://files.rcsb.org/download/3BNQ.cif
3BNR__PAR__laF__aaC__rs24__m1__alt.,3BNR,train,PAR,F,C,24,1,.,"[""PAR_C_24""]",A;B;C;D,42,NC[C@@H]1O[C@H](O[C@H]2[C@@H](O)[C@H](O[C@@H]3[C@@H](O)[C@H](N)C[C@H](N)[C@H]3O[C@H]3O[C@H](CO)[C@@H](O)[C@H](O)[C@H]3N)O[C@@H]2CO)[C@H](N)[C@@H](O)[C@@H]1O,G_6b56c8e4fb57c97c62b0,,99ca0981d6401d8f3743cc61d39139008c0e788ad1df9db5590a4a8c483542d1,cd4339b5699856b66ff211d2c498ebda93b6ac9092c6552c72434de3e803c84e,https://files.rcsb.org/download/3BNR.cif
3CDM__NII__laD__aaA__rs27__m1__alt.,3CDM,train,NII,D,A,27,1,.,"[""NII_A_27""]",A;B,42,CN(C)CCCN1C(=O)c2cc(NCCCO)c3c4c(cc(NCCCO)c(c24)C1=O)C(=O)N(CCCN(C)C)C3=O,G_4419eca7fb1cbcd83693,,0d59b041b3dbb60a8c98f5af13919db61babb08720b8823b4bef7e7a967a42d4,0317f2a815545e0418da00cf569bfa40b30cb017005e9c1fe21b289d17b568fe,https://files.rcsb.org/download/3CDM.cif
3CDM__NII__laH__aaB__rs27__m1__alt.,3CDM,train,NII,H,B,27,1,.,"[""NII_B_27""]",A;B,42,CN(C)CCCN1C(=O)c2cc(NCCCO)c3c4c(cc(NCCCO)c(c24)C1=O)C(=O)N(CCCN(C)C)C3=O,G_4419eca7fb1cbcd83693,,4949f3e3f6cb3d0b5c67e95e82a53e8e9f8883a39439906560362479f2229237,0317f2a815545e0418da00cf569bfa40b30cb017005e9c1fe21b289d17b568fe,https://files.rcsb.org/download/3CDM.cif
3CDM__NII__laI__aaB__rs28__m1__alt.,3CDM,train,NII,I,B,28,1,.,"[""NII_B_28""]",A;B,42,CN(C)CCCN1C(=O)c2cc(NCCCO)c3c4c(cc(NCCCO)c(c24)C1=O)C(=O)N(CCCN(C)C)C3=O,G_4419eca7fb1cbcd83693,,60e148067898754a210fe94a5a9d8ff68c210ee8b6542d59c56382cb9047c7c1,0317f2a815545e0418da00cf569bfa40b30cb017005e9c1fe21b289d17b568fe,https://files.rcsb.org/download/3CDM.cif
3CDM__NII__laJ__aaB__rs29__m1__alt.,3CDM,train,NII,J,B,29,1,.,"[""NII_B_29""]",A;B,42,CN(C)CCCN1C(=O)c2cc(NCCCO)c3c4c(cc(NCCCO)c(c24)C1=O)C(=O)N(CCCN(C)C)C3=O,G_4419eca7fb1cbcd83693,,90c958898852d9d4e7077490675fc4c420dc0b46aa22c71f33db5803a80764ac,0317f2a815545e0418da00cf569bfa40b30cb017005e9c1fe21b289d17b568fe,https://files.rcsb.org/download/3CDM.cif
3CE5__BRA__laE__aaA__rs27__m1__alt.,3CE5,train,BRA,E,A,27,1,.,"[""BRA_A_27""]",A;B,44,CN(C)c1ccc(Nc2c3ccc(NC(=O)CCN4CCCC4)cc3nc3cc(NC(=O)CCN4CCCC4)ccc23)cc1,G_73b27e6f8ffef816ac02,,4f038bf708279f317adf37a21c85a633b005f98fcf099ac463787b9337ec3e6a,8bdebb423ae9b7dc78f2121e2598097a07af8cc373532f572c1be7200d059d93,https://files.rcsb.org/download/3CE5.cif
3EGZ__CTC__laD__aaB__rs601__m1__alt.,3EGZ,train,CTC,D,B,601,1,.,"[""CTC_B_601""]",B,33,CN(C)[C@@H]1C(O)=C(C(N)=O)C(=O)[C@@]2(O)C(O)=C3C(=O)c4c(O)ccc(Cl)c4[C@@](C)(O)[C@H]3C[C@@H]12,G_02e803498382e8d2c8c6,,b2ecdda05c3933aee9810a046ae71ca10255c8db48de06d03c643c86bf2cc578,1279114a0c8da43755149bb6caf723b28631a5da69d88334a3cfec03ef026ed5,https://files.rcsb.org/download/3EGZ.cif
3EM2__NCE__laF__aaA__rs29__m1__alt.,3EM2,train,NCE,F,A,29,1,.,"[""NCE_A_29""]",A;B,36,O=C(CCN1CCOCC1)Nc1ccc2cc3ccc(NC(=O)CCN4CCOCC4)cc3nc2c1,G_bf122f9dbe9aaac7e786,,5ddf741d52d47015601d356622d795c360a25570732e534cc4de20c9cc15097e,55dc886b4f786afcd6916ceb474ce1482f53add8e5bb42e585ed03593b5cb23a,https://files.rcsb.org/download/3EM2.cif
3EQW__NCI__laF__aaA__rs29__m1__alt.,3EQW,train,NCI,F,A,29,1,.,"[""NCI_A_29""]",A;B,40,CC[C@@H]1CCCCN1CCC(=O)Nc1ccc2cc3ccc(NC(=O)CCN4CCCC[C@H]4CC)cc3nc2c1,G_bf122f9dbe9aaac7e786,,21dc96b8f22f8b833b2aa46404c57176ea8cdaa6181a45166fdc1414e9a75093,1d0514483a97775986adf80a8002fecebd37acef9d7c05418d2f31a1119ded3a,https://files.rcsb.org/download/3EQW.cif
3ERU__NCJ__laF__aaA__rs29__m1__alt.,3ERU,train,NCJ,F,A,29,1,.,"[""NCJ_A_29""]",A;B,38,C[C@@H]1CCCCN1CCC(=O)Nc1ccc2cc3ccc(NC(=O)CCN4CCCC[C@H]4C)cc3nc2c1,G_bf122f9dbe9aaac7e786,,ca77d50f060eb27451ec27ad153ccafaaac208be52ec3f997d16e2bcc2944233,53c9b97cf17e3a4e87a95c1f1aad8137447d9a6490077b4d3eaac93621118757,https://files.rcsb.org/download/3ERU.cif
3ES0__NCK__laF__aaA__rs29__m1__alt.,3ES0,train,NCK,F,A,29,1,.,"[""NCK_A_29""]",A;B,38,CC1CCN(CCC(=O)Nc2ccc3cc4ccc(NC(=O)CCN5CCC(C)CC5)cc4nc3c2)CC1,G_bf122f9dbe9aaac7e786,,92ac6c84f41a088c491b5ddbf8e7375d9537f8e89690f5723a6fa52e4225d114,9990461ac2b4716563738fad054cff6d4e5badf454db1b67438ded679a1e2c02,https://files.rcsb.org/download/3ES0.cif
3ET8__NCL__laF__aaA__rs29__m1__alt.,3ET8,train,NCL,F,A,29,1,.,"[""NCL_A_29""]",A;B,38,C[C@@H]1CCCN(CCC(=O)Nc2ccc3cc4ccc(NC(=O)CCN5CCC[C@@H](C)C5)cc4nc3c2)C1,G_bf122f9dbe9aaac7e786,,0cad4ffeb0c7a5a65346edd01c814f5c5263a5609f8e475e6aa755a7eba7b6dd,4626f76593d7d299377d7389d6654363d096385e7f3bbe8d0645082ebd631240,https://files.rcsb.org/download/3ET8.cif
3EUI__NC5__laH__aaA__rs57__m1__alt.,3EUI,train,NC5,H,A,57,1,.,"[""NC5_A_57""]",A;B,40,CC[C@@H]1CCCCN1CCC(=O)Nc1ccc2cc3ccc(NC(=O)CCN4CCCC[C@@H]4CC)cc3nc2c1,G_bf122f9dbe9aaac7e786,,b55c0fc059e622ea65a9af5ce4e0c645dd7b1aed4a7e96e750dc5dc0d9354699,0d2c27fc30d77785071dc84d8cd15d3454d3945bd494e3d7b26a42eb5d7559fc,https://files.rcsb.org/download/3EUI.cif
3EUI__NCI__laN__aaC__rs58__m1__alt.,3EUI,train,NCI,N,C,58,1,.,"[""NCI_C_58""]",C;D,40,CC[C@@H]1CCCCN1CCC(=O)Nc1ccc2cc3ccc(NC(=O)CCN4CCCC[C@H]4CC)cc3nc2c1,G_bf122f9dbe9aaac7e786,,c70ba8753c2641acfcb061390afc5f3fe14c83338070b7e6b4543fd982c6d3c3,f87f5cedba9daeb6163726f9b1a3d55ff559f51fca8f23f0b4a10a608bf6e037,https://files.rcsb.org/download/3EUI.cif
3EUM__NCQ__laF__aaA__rs29__m1__alt.,3EUM,train,NCQ,F,A,29,1,.,"[""NCQ_A_29""]",A;B,38,O=C(CCN1CCCCCC1)Nc1ccc2cc3ccc(NC(=O)CCN4CCCCCC4)cc3nc2c1,G_bf122f9dbe9aaac7e786,,ab86970e44f6d7fe7e17499155a6e065777f458ebc92aa5a4fdb7e9a1ed1ab08,9ef9ad6a08f241cc39fde7b18c0d42e6bed92f1b56458f79027fffd5de7def9a,https://files.rcsb.org/download/3EUM.cif
3EY0__PNT__laC__aaA__rs11__m1__alt.,3EY0,train,PNT,C,A,11,1,.,"[""PNT_A_11""]",A;B,25,N=C(N)c1ccc(OCCCCCOc2ccc(C(=N)N)cc2)cc1,G_553ba37a09008e7b82c9,,9c467db3e8baa79db59eba7713280e9f85991a1288701d2043d75fa361ffab41,a233f05539e86f0f60588a3d171a47dba761b912a0a4036c099f303f540f85e6,https://files.rcsb.org/download/3EY0.cif
3FT6__PRL__laC__aaA__rs21__m1__alt.,3FT6,train,PRL,C,A,21,1,.,"[""PRL_A_21""]",A;B,16,Nc1ccc2cc3ccc(N)cc3nc2c1,G_f8da3dde908a758b32f7,,3aae6295101211c2cd8d96acda7a50d33799053ab67ed3290462ec766ca344e1,80b919f95603d3bddfd239915e9cc855a200ba0f1afa00f8bbba18c90f55a866,https://files.rcsb.org/download/3FT6.cif
3FT6__PRL__laF__aaB__rs22__m1__alt.,3FT6,train,PRL,F,B,22,1,.,"[""PRL_B_22""]",A;B,16,Nc1ccc2cc3ccc(N)cc3nc2c1,G_f8da3dde908a758b32f7,,487291787dc9a429ce0edf2fb18370d8742504c087eb6cf5df17dbda657082ab,80b919f95603d3bddfd239915e9cc855a200ba0f1afa00f8bbba18c90f55a866,https://files.rcsb.org/download/3FT6.cif
3FX8__5PM__laG__aaC__rs211__m1__alt.,3FX8,train,5PM,G,C,211,1,.,"[""5PM_C_211""]",A,29,C(=N/c1ccc(Sc2ccc(/N=C/c3ccccn3)cc2)cc1)\c1ccccn1,G_1fd551551594e8caf9b1,,4f0811e81cef05831055f774f4646f7dd307497cd58c7fd05722463b896a6ae7,0504cbb8c764e11b1602fcd9e47c3897edc205b3a428d5cffc3d49229ef55a52,https://files.rcsb.org/download/3FX8.cif
3G8T__GLP__laM__aaE__rs5001__m1__alt.,3G8T,train,GLP,M,E,5001,1,.,"[""GLP_E_5001""]",B;C;E,16,N[C@@H]1[C@@H](O)[C@H](O)[C@@H](COP(=O)(O)O)O[C@@H]1O,G_365958d9cb709ecfd1c8,,0bdbb9564c83b636d123b26e2f1b869df56d768beea2af455f3e2e8542680d98,805568dcb8d2f35c7f5053788fc06b647d82616d1aab477a754485b3c2bbc146,https://files.rcsb.org/download/3G8T.cif
3G8T__GLP__laR__aaQ__rs5002__m1__alt.,3G8T,train,GLP,R,Q,5002,1,.,"[""GLP_Q_5002""]",B;E;F;H;I,16,N[C@@H]1[C@@H](O)[C@H](O)[C@@H](COP(=O)(O)O)O[C@@H]1O,G_365958d9cb709ecfd1c8,,39aec3cca795f36d716969127c34c8d28667843e6ad51ec94dd805765cd32dbb,45b209fe872a2b39d58fdc43dba5a9e76d330014b883a7c1155477f2426ab23a,https://files.rcsb.org/download/3G8T.cif
3G8T__GLP__laV__aaR__rs5003__m1__alt.,3G8T,train,GLP,V,R,5003,1,.,"[""GLP_R_5003""]",E;F;H;I;K,16,N[C@@H]1[C@@H](O)[C@H](O)[C@@H](COP(=O)(O)O)O[C@@H]1O,G_365958d9cb709ecfd1c8,,d1627359917ba08c689d877beb26478ed3b06a160778baa03ffa2cc24fe1811c,22ffe360389fcf860261a3062d2e876dfd14f53d42c57e369ca241d1e0128eea,https://files.rcsb.org/download/3G8T.cif
3G8T__GLP__laZ__aaH__rs5004__m1__alt.,3G8T,train,GLP,Z,H,5004,1,.,"[""GLP_H_5004""]",H;K;L,16,N[C@@H]1[C@@H](O)[C@H](O)[C@@H](COP(=O)(O)O)O[C@@H]1O,G_365958d9cb709ecfd1c8,,9e175b3c9bb0c5c2adc5ceca2342b554def94571c84ac71575fb2d5551521580,61fd3de13c3fbd26f57951ddce18db90964d1524fa2e374069409df78844f3ed,https://files.rcsb.org/download/3G8T.cif
3G96__6MN__laM__aaF__rs12__m1__alt.,3G96,train,6MN,M,F,12,1,.,"[""6MN_F_12""]",B;E;F;H;I,16,N[C@H]1[C@@H](O)[C@H](O)[C@@H](COP(=O)(O)O)O[C@@H]1O,G_a1c07a3955421f362a50,,593eff575880a2662d82d89e013fa2b367bf13c551ce0ac92b2de228980c3d0a,3fc1ba73802aef53d8e55d1f8019dbb94d08dc03a2aa66f1497900aa646d35c0,https://files.rcsb.org/download/3G96.cif
3G9C__GLP__laM__aaE__rs5001__m1__alt.,3G9C,train,GLP,M,E,5001,1,.,"[""GLP_E_5001""]",B;C,16,N[C@@H]1[C@@H](O)[C@H](O)[C@@H](COP(=O)(O)O)O[C@@H]1O,G_dc3a8aa3e2b00b398f8e,,e2d76ed508d1fcba0af3842fd24d72ce40df0be51ada177681ea56752c6e9111,b101cc27f4ad928154b6b00e400a455b8ff860105dbad9c2502d29e0e2cd04ea,https://files.rcsb.org/download/3G9C.cif
3I1D__NPM__laF__aaA__rs203__m1__alt.,3I1D,train,NPM,F,A,203,1,.,"[""NPM_A_203""]",A,29,C(=N/c1ccc(Cc2ccc(/N=C/c3ccccn3)cc2)cc1)\c1ccccn1,G_1fd551551594e8caf9b1,,e8c3f92faf8f0d939b13d550a79123362160a00eb553e2d2a54ffdc3f54adb6c,1c565b3d279ac047b5ff994ffa210d03a4e3213e49ab6a3ecae549d5f87b2458,https://files.rcsb.org/download/3I1D.cif
3I1D__NPM__laN__aaB__rs8__m1__alt.,3I1D,train,NPM,N,B,8,1,.,"[""NPM_B_8""]",B,29,C(=N/c1ccc(Cc2ccc(/N=C/c3ccccn3)cc2)cc1)\c1ccccn1,G_1fd551551594e8caf9b1,,6286f07e6e981fbd79edab21923e17d7dbeb54ada8a882ccc16d08a7011722b6,bd0717c083d3a7fa6075cf1099c301bb5faf5f6904837ca0079740693f5328fc,https://files.rcsb.org/download/3I1D.cif
3I1D__NPM__laP__aaB__rs204__m1__alt.,3I1D,train,NPM,P,B,204,1,.,"[""NPM_B_204""]",A;B,29,C(=N/c1ccc(Cc2ccc(/N=C/c3ccccn3)cc2)cc1)\c1ccccn1,G_1fd551551594e8caf9b1,,fb7e6243fd5c8d573f78b0840a5fc91239a6851b8107368d2c2ce131e336f8ae,7dfba8e785d436c81382729e87b1c98f2c0bb7c9e07cc19d1d72df28ddc3b2b8,https://files.rcsb.org/download/3I1D.cif
3IAG__XYL__laE__aaA__rs17__m1__alt.,3IAG,train,XYL,E,A,17,1,.,"[""XYL_A_17""]",A;B,10,OC[C@@H](O)[C@H](O)[C@@H](O)CO,G_e8cd2328c500e7e8ab1e,,83e45727b7dcc429582fdeb812c985b80c1de2774d3178a80cb2bcfd0c6d20b7,40ebf62fc5388aaddcdd667a6c8f8d79f4eeab04e94e48277e16fe27ef2f363e,https://files.rcsb.org/download/3IAG.cif
3L3C__G6P__laBA__aaH__rs5004__m1__alt.,3L3C,train,G6P,BA,H,5004,1,.,"[""G6P_H_5004""]",H;K;L,16,O=P(O)(O)OC[C@H]1O[C@H](O)[C@H](O)[C@@H](O)[C@@H]1O,G_a1c07a3955421f362a50,,2fde8afacbee8501a94027a9e1e710b60a66930715f43005a1a052907e8d0201,3b3633b9fffe37afa2fd80f4a14d26e53d1e44d1dc97838cff567f2372c8ffb9,https://files.rcsb.org/download/3L3C.cif
3L3C__G6P__laN__aaP__rs5001__m1__alt.,3L3C,train,G6P,N,P,5001,1,.,"[""G6P_P_5001""]",B;C;E,16,O=P(O)(O)OC[C@H]1O[C@H](O)[C@H](O)[C@@H](O)[C@@H]1O,G_a1c07a3955421f362a50,,402daab5c510cece63a5dc74fb466c449b6eb8b7e5d93f603dc9ba0dbe4f8831,bc1390ef110bbc3e2de059fe870c443ad2bf18521c9480bc093c1758c8392317,https://files.rcsb.org/download/3L3C.cif
3L3C__G6P__laS__aaQ__rs5002__m1__alt.,3L3C,train,G6P,S,Q,5002,1,.,"[""G6P_Q_5002""]",B;E;F;H;I,16,O=P(O)(O)OC[C@H]1O[C@H](O)[C@H](O)[C@@H](O)[C@@H]1O,G_a1c07a3955421f362a50,,8b9ccd1973b0904cf517c333e14dc96a1db41c1000ff230557501eb814fd6ae6,2d77db11f7dffdd564a48bb2bbaff9597ae650233774a14b77d3bb79bdf9ba46,https://files.rcsb.org/download/3L3C.cif
3MIJ__R14__laD__aaA__rs30__m1__alt.,3MIJ,train,R14,D,A,30,1,.,"[""R14_A_30""]",A,56,CCN(CC)CCC(=O)Nc1cccc(-c2cn(-c3ccc4cc5ccc(-n6cc(-c7cccc(NC(=O)CCN(CC)CC)c7)nn6)cc5nc4c3)nn2)c1,G_3845dade855b55b35121,,12eb03b5bf0e1d0a38547842809c20e178cb555dae925baf348202c6d4889a15,83836a48c493d28c441771fcb589287170635863c63da5a9fee2f4b5ff7a63f8,https://files.rcsb.org/download/3MIJ.cif
3NX5__SAU__laE__aaC__rs7__m1__alt.,3NX5,train,SAU,E,C,7,1,.,"[""SAU_C_7""]",B;C;D,25,C[n+]1cc2c3c(ccc2c2ccc4cc5c(cc4c21)OCO5)OCO3,G_1bfc2c3cc40a3cf45e60,,c30aca2e4f8da5b97411589c5ef58eeb535ba39b2b0888f9bb3dba94b5a2a7a8,7056bc92c60c3003479b67a527a395aff4080e269668998db5cbac6a4d7a1282,https://files.rcsb.org/download/3NX5.cif
3NYP__RNR__laF__aaA__rs17__m1__alt.,3NYP,train,RNR,F,A,17,1,.,"[""RNR_A_17""]",A;B,36,O=C(CCN1CC[C@@H](F)C1)Nc1ccc2cc3ccc(NC(=O)CCN4CC[C@@H](F)C4)cc3nc2c1,G_bf122f9dbe9aaac7e786,,ab75a9061372b18bcf4ed6c8458defca53da454886a18af5aa0db83b7922aeec,28f1062881454908ce13c83386c0474ebc6beeb9a33ba80db6ac86062de5c096,https://files.rcsb.org/download/3NYP.cif
3NZ7__SNS__laF__aaA__rs17__m1__alt.,3NZ7,train,SNS,F,A,17,1,.,"[""SNS_A_17""]",A;B,36,O=C(CCN1CC[C@H](F)C1)Nc1ccc2cc3ccc(NC(=O)CCN4CC[C@H](F)C4)cc3nc2c1,G_bf122f9dbe9aaac7e786,,b37b8939dfcf6b66393d5d3504ba4a02f250a0f36c96ae6397904e595ac71a88,6d12000489347f94d3f65d35db2637a853c88e8b0e166d4220e6dc90312f8fd6,https://files.rcsb.org/download/3NZ7.cif
3QCR__R14__laD__aaA__rs15__m1__alt.,3QCR,train,R14,D,A,15,1,.,"[""R14_A_15""]",A,56,CCN(CC)CCC(=O)Nc1cccc(-c2cn(-c3ccc4cc5ccc(-n6cc(-c7cccc(NC(=O)CCN(CC)CC)c7)nn6)cc5nc4c3)nn2)c1,G_ca96bd051796b089258e,,446f5b65c1576f4d588403a64b079162d8a44274e0b062eb8eaa628d29daad19,7f9774b94e781e0d1b57ff3876e0bb7f412bf3fa4ad2fe4584645a802cda633f,https://files.rcsb.org/download/3QCR.cif
3SUH__FFO__laD__aaX__rs103__m1__alt.,3SUH,train,FFO,D,X,103,1,.,"[""FFO_X_103""]",A,34,Nc1nc2c(c(=O)[nH]1)N(C=O)[C@@H](CNc1ccc(C(=O)N[C@@H](CCC(=O)O)C(=O)O)cc1)CN2,G_29e8a7f2332874b97afd,,5460bb05c7893d92afa66e35147192426a6d7cd3ba559ea66f90ac0a6f55ea80,9de90eac21bffc41a3be5e31ffddda31a7ab30c69f70701fd3fe3a6379be10fa,https://files.rcsb.org/download/3SUH.cif
3TZR__SS0__laK__aaA__rs75__m1__alt.,3TZR,train,SS0,K,A,75,1,.,"[""SS0_A_75""]",A;B,24,CN(C)CCCn1c(N)nc2ccc3c(c21)C[C@H](CN(C)C)CO3,G_80a7b6d8365d1e0c5249,,151abc654b83da8b0481e9abaf1e268a835a9a5612aa94fc53030b358ae714e7,ef80d1860133f6388a9ddd98153aef1516e4602182df1c66db80868330ad83f6,https://files.rcsb.org/download/3TZR.cif
3U4M__MLI__laO__aaB__rs2202__m1__alt.,3U4M,train,MLI,O,B,2202,1,.,"[""MLI_B_2202""]",B,7,O=C([O-])CC(=O)[O-],G_e11034eec43cef80567e,,09b66ce266bd94dae65177f0469ea10f126eff0566b06453619b84e99ed0fcc7,9ad2da8b2cbca90b53a74f01639e139a35967ea0493d32b7e4d40b7be96e2194,https://files.rcsb.org/download/3U4M.cif
3U4M__MLI__laP__aaB__rs2203__m1__alt.,3U4M,train,MLI,P,B,2203,1,.,"[""MLI_B_2203""]",B,7,O=C([O-])CC(=O)[O-],G_e11034eec43cef80567e,,25830f5aa6108dad3a5e490388b1bd6b4681a64c7be7b0bd0e638d56945a1f9e,9ad2da8b2cbca90b53a74f01639e139a35967ea0493d32b7e4d40b7be96e2194,https://files.rcsb.org/download/3U4M.cif
3U4M__MLI__laQ__aaB__rs2204__m1__alt.,3U4M,train,MLI,Q,B,2204,1,.,"[""MLI_B_2204""]",B,7,O=C([O-])CC(=O)[O-],G_e11034eec43cef80567e,,dce7e85a9cd6482948c48aa5d058cd900a2286f31e07ead735ec2c3a8c8e6eb8,9ad2da8b2cbca90b53a74f01639e139a35967ea0493d32b7e4d40b7be96e2194,https://files.rcsb.org/download/3U4M.cif
3U4M__MLI__laR__aaB__rs2205__m1__alt.,3U4M,train,MLI,R,B,2205,1,.,"[""MLI_B_2205""]",B,7,O=C([O-])CC(=O)[O-],G_e11034eec43cef80567e,,fc28970a9aa1f1528b2e2cb9420d13ddf1160a923f393cd4736a22bce14d0464,9ad2da8b2cbca90b53a74f01639e139a35967ea0493d32b7e4d40b7be96e2194,https://files.rcsb.org/download/3U4M.cif
3U56__MLI__laD__aaB__rs2201__m1__alt.,3U56,train,MLI,D,B,2201,1,.,"[""MLI_B_2201""]",B,7,O=C([O-])CC(=O)[O-],G_e11034eec43cef80567e,,d81b02998e812bff3a4960fcefe0f32636fa4837f7f41f183ea32e4d25857880,b83fcbf16a63859f40eabe8fc6168dd4a3163c5dbee1276f7e912ca1353f51bf,https://files.rcsb.org/download/3U56.cif
452D__9AD__laB__aaA__rs3013__m1__alt.,452D,train,9AD,B,A,3013,1,.,"[""9AD_A_3013""]",A,23,CN(C)CCNC(=O)c1cccc2c(N)c3ccccc3nc12,G_1fd551551594e8caf9b1,,ae6a2d6b282d320d285e491565a9d310624d045bc54570dc2eefffc6a3eaa58e,2d01945e60060498e6b4620d0450dfe0e81064398fe9251a1de91b20d02eb70f,https://files.rcsb.org/download/452D.cif
452D__9AD__laC__aaA__rs3015__m1__alt.,452D,train,9AD,C,A,3015,1,.,"[""9AD_A_3015""]",A,23,CN(C)CCNC(=O)c1cccc2c(N)c3ccccc3nc12,G_1fd551551594e8caf9b1,,6460ba0e9f57a3f6d6a735dd207051003602230ae5d48a8ee65cdc7f445c857f,2d01945e60060498e6b4620d0450dfe0e81064398fe9251a1de91b20d02eb70f,https://files.rcsb.org/download/452D.cif
465D__9AD__laB__aaA__rs3014__m1__alt.,465D,train,9AD,B,A,3014,1,.,"[""9AD_A_3014""]",A,23,CN(C)CCNC(=O)c1cccc2c(N)c3ccccc3nc12,G_1fd551551594e8caf9b1,,a2a3ea4cbc7edd1e233c891f7dbab1da8fbd346106ae439b22679d31a50628b5,6c3acd69155bf8ae529f359a68a174ba63e51c795b434cef0f15f0729089de1b,https://files.rcsb.org/download/465D.cif
465D__9AD__laC__aaA__rs3015__m1__altA,465D,train,9AD,C,A,3015,1,A,"[""9AD_A_3015""]",A,23,CN(C)CCNC(=O)c1cccc2c(N)c3ccccc3nc12,G_1fd551551594e8caf9b1,,63de986a024ad4dc52e52212b1753154c22328544f2ac3b714951d836e948862,6c3acd69155bf8ae529f359a68a174ba63e51c795b434cef0f15f0729089de1b,https://files.rcsb.org/download/465D.cif
473D__NT__laE__aaB__rs21__m1__alt.,473D,train,NT,E,B,21,1,.,"[""NT_B_21""]",A;B,31,Cn1cc(NC(=O)c2cc(NC(=O)CNC(=N)N)cn2C)cc1C(=O)NCCC(=N)N,G_0f2c53a028a04f6409f0,,d6e5879687c0a97f698d68e772acd33e8db97fd12b17a0c96b5781dee8e17fe5,89e1149384cfb67db50d479b68c3de1c8add55c8e051fd5689197d16b77a94a6,https://files.rcsb.org/download/473D.cif
482D__DM9__laB__aaA__rs7__m1__alt.,482D,train,DM9,B,A,7,1,.,"[""DM9_A_7""]",A,44,COCCN(CO)[C@H]1C[C@H](O[C@H]2C[C@](O)(C(C)=O)Cc3c2c(O)c2c(O)c4c(OC)cccc4c(O)c2c3O)O[C@@H](C)[C@H]1O,G_4381029694beb1f55b00,,913acc1c5366e0efe51c64cdc6ff6549b22f22882a391290c40eaa550c966c1e,82486605b0d56ed4895d6b0452f40b27f2b2218aa2696db8fb0be9d1cb8527d2,https://files.rcsb.org/download/482D.cif
4BZT__XR2__laC__aaA__rs13__m1__alt.,4BZT,train,XR2,C,A,13,1,.,"[""XR2_A_13""]",A;B,44,Cc1cccc2nc3cccc(C(=O)NCC[NH2+]CC[NH2+]CCNC(=O)c4cccc5nc6cccc(C)c6[nH+]c45)c3[nH+]c12,G_32a6beb40d4b71573b97,,0c2b7e2d38887fb664a25c6b8e07d5f78b621d1e08d8b6e6d816338406dc74d5,68b9428fae5936ba06e9749cfaa6abbc0900bde5fbc95afa59ad05e1da1c2c0c,https://files.rcsb.org/download/4BZT.cif
4BZU__XR2__laC__aaA__rs17__m1__alt.,4BZU,train,XR2,C,A,17,1,.,"[""XR2_A_17""]",A;B,44,Cc1cccc2nc3cccc(C(=O)NCC[NH2+]CC[NH2+]CCNC(=O)c4cccc5nc6cccc(C)c6[nH+]c45)c3[nH+]c12,G_591b411638df5c9a5d3e,,e6a4dcf44ac9d1393c704e5d982855ef250333ed1eef6187c375e660cae6f86e,a90f29381c0e99ac16609b3039f22213d2f862e05cd6451237c17478955b3a15,https://files.rcsb.org/download/4BZU.cif
4BZV__XR2__laC__aaA__rs17__m1__alt.,4BZV,train,XR2,C,A,17,1,.,"[""XR2_A_17""]",A;B,44,Cc1cccc2nc3cccc(C(=O)NCC[NH2+]CC[NH2+]CCNC(=O)c4cccc5nc6cccc(C)c6[nH+]c45)c3[nH+]c12,G_a81f4caa83b537a964f0,,c39956dcc98039e4eab0d32420d0fa9e581ac170242b9bf94ca38bfb4ae6d33e,0a8f062e7e5618e69a03791fa1996d7a2f69e774d9f54596078ebb638e16a4b3,https://files.rcsb.org/download/4BZV.cif
4D9X__KPT__laF__aaC__rs101__m1__alt.,4D9X,train,KPT,F,C,101,1,.,"[""KPT_C_101""]",B;C;D,24,c1c2c(cc3c1OCO3)-c1cc3ccc4c(c3c[n+]1CC2)OCO4,G_1bfc2c3cc40a3cf45e60,,0453fb819033897d0260d777712f37a4cc4daf1a1b9adce76c9800ca449e6300,7134e4772985927b3a3675671f3eac0baef5c8f3fd8e4b17a72157d15d658251,https://files.rcsb.org/download/4D9X.cif
4D9Y__CTI__laE__aaA__rs201__m1__alt.,4D9Y,train,CTI,E,A,201,1,.,"[""CTI_A_201""]",A;B;D,26,COc1ccc2c(c[n+](C)c3c4cc5c(cc4ccc23)OCO5)c1OC,G_1bfc2c3cc40a3cf45e60,,15452df8170e16b3509b412a00b5210f91d96421af157eab9fcb504daa0c3130,9bec1df658902edee4c3415bd5be2fb76b4bf75ce8fad044e96e19a830d2f550,https://files.rcsb.org/download/4D9Y.cif
4KZD__1TU__laG__aaR__rs103__m1__alt.,4KZD,train,1TU,G,R,103,1,.,"[""1TU_R_103""]",C,18,Cc1nc(Cc2cc(F)c(O)c(F)c2)c(O)n1C,G_0c634718a14d714774d4,,819560ec744e14c8ae1dfdd2eb16349e3315f41e1cd66ce964bfb2dc391d1d38,74fa66637ffe75c71edee39af1d30c23471f2f517af2e3d263b373c3f06d2658,https://files.rcsb.org/download/4KZD.cif
4L5K__KPT__laB__aaA__rs101__m1__alt.,4L5K,train,KPT,B,A,101,1,.,"[""KPT_A_101""]",A,24,c1c2c(cc3c1OCO3)-c1cc3ccc4c(c3c[n+]1CC2)OCO4,G_4381029694beb1f55b00,,7e7720e5d760167a5a5f338d6ee684aea760cd7070ba71e031709e999ff0c3dc,cc6ca479fda0c8c8f2f18b1030ab11515fabe9222fa2a434a74c62c52c819ace,https://files.rcsb.org/download/4L5K.cif
4L81__SAM__laB__aaA__rs101__m1__alt.,4L81,train,SAM,B,A,101,1,.,"[""SAM_A_101""]",A,27,C[S@@+](CC[C@H](N)C(=O)[O-])C[C@H]1O[C@@H](n2cnc3c(N)ncnc32)[C@H](O)[C@@H]1O,G_58c164b6bf69d2cb9ff5,,b72fb339c0f5132eed3073eaef9f6410fb6c0627efc08754f995d8ed1a250b57,7a6851e16863db06a559cb16d478ef076933241b107c9a8717ea192b3db22433,https://files.rcsb.org/download/4L81.cif
4OCD__MWB__laD__aaA__rs101__m1__alt.,4OCD,train,MWB,D,A,101,1,.,"[""MWB_A_101""]",A;B;C,25,c1cc(Nc2ccc(NC3=NCCN3)cc2)ccc1NC1=NCCN1,G_bedb59053f323bb89e16,,f5f1332343b7109fa2adcc3af05945eb77c9d769e254e13756f263497aa0274c,4167dcc2731bd7782bc820524f42d6f0affb6a7b2932104b4f4aed28962012d2,https://files.rcsb.org/download/4OCD.cif
4OCD__MWB__laE__aaB__rs101__m1__alt.,4OCD,train,MWB,E,B,101,1,.,"[""MWB_B_101""]",A;B;C,25,c1cc(Nc2ccc(NC3=NCCN3)cc2)ccc1NC1=NCCN1,G_bedb59053f323bb89e16,,75807d9d378f7a43c6ea75169f0da680f390a93db36939df5d7f4678c2513852,4167dcc2731bd7782bc820524f42d6f0affb6a7b2932104b4f4aed28962012d2,https://files.rcsb.org/download/4OCD.cif
4OCD__MWB__laF__aaC__rs101__m1__alt.,4OCD,train,MWB,F,C,101,1,.,"[""MWB_C_101""]",B;C,25,c1cc(Nc2ccc(NC3=NCCN3)cc2)ccc1NC1=NCCN1,G_bedb59053f323bb89e16,,2faf4b57c121f2b3dc4ad57c36e2a5f50d52e5b59c8efa34451defdeb7bc2427,acfdbb8341e96758392ec59d68e39811eb4256996f17edfc6eee7b45506672c2,https://files.rcsb.org/download/4OCD.cif
4OQU__SAM__laB__aaA__rs101__m1__alt.,4OQU,train,SAM,B,A,101,1,.,"[""SAM_A_101""]",A,27,C[S@@+](CC[C@H](N)C(=O)[O-])C[C@H]1O[C@@H](n2cnc3c(N)ncnc32)[C@H](O)[C@@H]1O,G_d6062a7912a9aaf3e48b,,632b2551e07b6415fe43c104b347575ac293eaf1f4605a4cf75f67157f385fe9,61495f48dbaf0f57d05ba5b9610ff89b3c4a166cd6b8bf4b5cb1f66d0a5d71a8,https://files.rcsb.org/download/4OQU.cif
4P1D__KPT__laE__aaA__rs103__m1__alt.,4P1D,train,KPT,E,A,103,1,.,"[""KPT_A_103""]",A;B,24,c1c2c(cc3c1OCO3)-c1cc3ccc4c(c3c[n+]1CC2)OCO4,G_73b27e6f8ffef816ac02,,209e145c9743adbfab53d861eee4801475f04c17a5ebcea8cad89d305b57fa6d,847fdbf16034cd79724e997330d389d109cfab0386b73b9d41537a6415deb0a7,https://files.rcsb.org/download/4P1D.cif
4Q9Q__2ZZ__laF__aaR__rs103__m1__alt.,4Q9Q,train,2ZZ,F,R,103,1,.,"[""2ZZ_R_103""]",C,16,CC1=N/C(=C\c2cccc(Br)c2)C(=O)N1C,G_0c634718a14d714774d4,,5bdfeef1a0985607d9d1415989a67bb8dcf4f35683fc0478e304bd43e71e5512,f31f7c4e9135e1de8ba2e7d858fe40efd6d375cf51a57d20cad08f2e024b328b,https://files.rcsb.org/download/4Q9Q.cif
4Q9R__2ZY__laE__aaR__rs102__m1__alt.,4Q9R,train,2ZY,E,R,102,1,.,"[""2ZY_R_102""]",C,22,CC1=N/C(=C\c2cc(F)c(O)c(F)c2)C(=O)N1CC(F)(F)F,G_0c634718a14d714774d4,,7d9be06f8b2825724dab44f2a362d662551ec0a5d730a72d535e6b2e380ec945,dd1663f4006df63eb82933fb960d2e95703c2505a6b0ff18dfed5b1789d2eba0,https://files.rcsb.org/download/4Q9R.cif
4QK8__2BA__laB__aaA__rs201__m1__alt.,4QK8,train,2BA,B,A,201,1,.,"[""2BA_A_201""]",A,44,Nc1ncnc2c1ncn2[C@@H]1O[C@@H]2CO[P@@](=O)(O)O[C@H]3[C@@H](O)[C@H](n4cnc5c(N)ncnc54)O[C@@H]3CO[P@@](=O)(O)O[C@H]2[C@H]1O,G_ce948ebfe00e3267e44e,,4e353639f545b7caaae42dddb923fd3d4a385f3c2090b53e49f0873e8c9fd9fb,12018facc9d82654a43e91f32d641a4dff40ae85249e767fee0eb7ec8c31329f,https://files.rcsb.org/download/4QK8.cif
4QK8__2BA__laC__aaA__rs202__m1__alt.,4QK8,train,2BA,C,A,202,1,.,"[""2BA_A_202""]",A,44,Nc1ncnc2c1ncn2[C@@H]1O[C@@H]2CO[P@@](=O)(O)O[C@H]3[C@@H](O)[C@H](n4cnc5c(N)ncnc54)O[C@@H]3CO[P@@](=O)(O)O[C@H]2[C@H]1O,G_ce948ebfe00e3267e44e,,b08eeb47260c72d089abcb4896a0bb535dbe10468ea07551e3c96c02039dc793,12018facc9d82654a43e91f32d641a4dff40ae85249e767fee0eb7ec8c31329f,https://files.rcsb.org/download/4QK8.cif
4QK9__2BA__laB__aaA__rs201__m1__alt.,4QK9,train,2BA,B,A,201,1,.,"[""2BA_A_201""]",A,44,Nc1ncnc2c1ncn2[C@@H]1O[C@@H]2CO[P@@](=O)(O)O[C@H]3[C@@H](O)[C@H](n4cnc5c(N)ncnc54)O[C@@H]3CO[P@@](=O)(O)O[C@H]2[C@H]1O,G_6364b68c1783bff71953,,b5bd0b9600dc0fe36b9df02faf666dc28311ec7c029153db96ca7c1b860ce7f0,9fcf3507840c4279be4746369a16d54aeea460801eb59e9f4018d03b9f086533,https://files.rcsb.org/download/4QK9.cif
4QK9__2BA__laC__aaA__rs202__m1__alt.,4QK9,train,2BA,C,A,202,1,.,"[""2BA_A_202""]",A,44,Nc1ncnc2c1ncn2[C@@H]1O[C@@H]2CO[P@@](=O)(O)O[C@H]3[C@@H](O)[C@H](n4cnc5c(N)ncnc54)O[C@@H]3CO[P@@](=O)(O)O[C@H]2[C@H]1O,G_6364b68c1783bff71953,,17301569e6ea69dc25c27c70d79b93648dfacccfd821ef02e673de619f054c1d,9fcf3507840c4279be4746369a16d54aeea460801eb59e9f4018d03b9f086533,https://files.rcsb.org/download/4QK9.cif
4QKA__2BA__laB__aaA__rs201__m1__alt.,4QKA,train,2BA,B,A,201,1,.,"[""2BA_A_201""]",A,44,Nc1ncnc2c1ncn2[C@@H]1O[C@@H]2CO[P@@](=O)(O)O[C@H]3[C@@H](O)[C@H](n4cnc5c(N)ncnc54)O[C@@H]3CO[P@@](=O)(O)O[C@H]2[C@H]1O,G_ce948ebfe00e3267e44e,,d8207e34be06f434288f16dad2b96218668248a9379ce4f4a102acf4d33ec7be,daf0901b7d422c91164238895a2afc25085b1714a32bfca238a4da051a7e46f7,https://files.rcsb.org/download/4QKA.cif
4QKA__2BA__laC__aaA__rs202__m1__alt.,4QKA,train,2BA,C,A,202,1,.,"[""2BA_A_202""]",A,44,Nc1ncnc2c1ncn2[C@@H]1O[C@@H]2CO[P@@](=O)(O)O[C@H]3[C@@H](O)[C@H](n4cnc5c(N)ncnc54)O[C@@H]3CO[P@@](=O)(O)O[C@H]2[C@H]1O,G_ce948ebfe00e3267e44e,,7fe248dcfef5b0896c3fd00400e56ea0579eb8bd44c9a1e5d28ba815b8a7776d,daf0901b7d422c91164238895a2afc25085b1714a32bfca238a4da051a7e46f7,https://files.rcsb.org/download/4QKA.cif
4QLM__2BA__laD__aaA__rs203__m1__alt.,4QLM,train,2BA,D,A,203,1,.,"[""2BA_A_203""]",A,44,Nc1ncnc2c1ncn2[C@@H]1O[C@@H]2CO[P@@](=O)(O)O[C@H]3[C@@H](O)[C@H](n4cnc5c(N)ncnc54)O[C@@H]3CO[P@](=O)(O)O[C@H]2[C@H]1O,G_b32187f81fda483477f6,,7f02994f118fcee4d2bbdc8af505f782737adb0394acf8aa9bc6a3a013b00980,7d1d68844ba338dc3633891a9c9ad1f73affedebb29aa4f7a94976ed58b1779e,https://files.rcsb.org/download/4QLM.cif
4QLM__2BA__laE__aaA__rs204__m1__alt.,4QLM,train,2BA,E,A,204,1,.,"[""2BA_A_204""]",A,44,Nc1ncnc2c1ncn2[C@@H]1O[C@@H]2CO[P@@](=O)(O)O[C@H]3[C@@H](O)[C@H](n4cnc5c(N)ncnc54)O[C@@H]3CO[P@](=O)(O)O[C@H]2[C@H]1O,G_b32187f81fda483477f6,,d3cb47d8fc0ade17663565768a78534f334ac0d8445c355ab4fc9f7ddea1a466,7d1d68844ba338dc3633891a9c9ad1f73affedebb29aa4f7a94976ed58b1779e,https://files.rcsb.org/download/4QLM.cif
4QZA__DCT__laI__aaU__rs101__m1__alt.,4QZA,train,DCT,I,U,101,1,.,"[""DCT_U_101""]",D,27,Nc1ccn([C@H]2CC[C@@H](CO[P@](=O)(O)O[P@](=O)(O)OP(=O)(O)O)O2)c(=O)n1,G_7c70ae444627afc584fe,,754361642c7e40d4a85d3627612b45773228711fd1959fa390246ee7c829fc1d,1fc5e6f04dbd73d09fe389b475bcbb360ba1d2b39048aa5b04eb82c449a875cc,https://files.rcsb.org/download/4QZA.cif
4RPX__DCP__laT__aaD__rs101__m1__alt.,4RPX,train,DCP,T,D,101,1,.,"[""DCP_D_101""]",B;D,28,Nc1ccn([C@H]2C[C@H](O)[C@@H](CO[P@@](=O)(O)O[P@@](=O)(O)OP(=O)(O)O)O2)c(=O)n1,G_15050faef046d2307070,,d803b52eb4c3c27da7643d92771b3ba1cd476c1f65b7a8514ac79e7b8793dfbb,35800bcbc82c16e96b3b6d73f1360c695899756367741e57873421bb1ee48caf,https://files.rcsb.org/download/4RPX.cif
4RPY__DCP__laU__aaT__rs101__m1__alt.,4RPY,train,DCP,U,T,101,1,.,"[""DCP_T_101""]",B;D,28,Nc1ccn([C@H]2C[C@H](O)[C@@H](CO[P@@](=O)(O)O[P@@](=O)(O)OP(=O)(O)O)O2)c(=O)n1,G_15050faef046d2307070,,b72093f7b8cf245dda67bdc82b25a67136034e6d16bdd3025e94fa8089e3c36e,cf9aa75c8a8e5b3b9e95fa581f14a42e95fd34721d846a967171a9ce38b76299,https://files.rcsb.org/download/4RPY.cif
4RPZ__DCP__laO__aaD__rs101__m1__alt.,4RPZ,train,DCP,O,D,101,1,.,"[""DCP_D_101""]",B;D,28,Nc1ccn([C@H]2C[C@H](O)[C@@H](CO[P@](=O)(O)O[P@@](=O)(O)OP(=O)(O)O)O2)c(=O)n1,G_15050faef046d2307070,,3d01e262e6cce0d9a661e74792009f9d78153cf45f2a1163cbaceca92cec4058,98eb4d8f61d35cf09fb8eae1421666bb4d55c9c55915d1fb1bb17a925a261106,https://files.rcsb.org/download/4RPZ.cif
4RZD__PRF__laB__aaA__rs201__m1__alt.,4RZD,train,PRF,B,A,201,1,.,"[""PRF_A_201""]",A,13,NCc1c[nH]c2nc(N)[nH]c(=O)c12,G_5103cb97b5712bedaf9f,,713e81eccd2128e9bcb398cff7c28c303f2fb547f841e4f5fdf33bd4a7c05888,21ff28c9ce1552004e181c5425e359ad250867b502136741b675c7324edb38b7,https://files.rcsb.org/download/4RZD.cif
4TS0__38E__laR__aaY__rs206__m1__alt.,4TS0,train,38E,R,Y,206,1,.,"[""38E_Y_206""]",A;B,18,CC1=N/C(=C\c2cc(F)c(O)c(F)c2)C(=O)N1C,G_d8b7f574abac88c5ffd9,,cd4895bba82a76f26e734b0708be91f3ed6d4ea14c5c4c03b29846452fe0b2e5,dbbf56576864aa6211bb8dd24a5459e994cc0c6ece7595694e7110e08f18b985,https://files.rcsb.org/download/4TS0.cif
4TS2__38E__laH__aaY__rs204__m1__alt.,4TS2,train,38E,H,Y,204,1,.,"[""38E_Y_204""]",A;B,18,CC1=N/C(=C\c2cc(F)c(O)c(F)c2)C(=O)N1C,G_d8b7f574abac88c5ffd9,,832b92ffd904b25a15fc31c846e77727afa5605e360d001ae0823e9c376025db,f4272a6c1eb8ae255a4584cfad1556c97582d5fc616a092d5756b9f7c1c4adfd,https://files.rcsb.org/download/4TS2.cif
4W90__2BA__laC__aaC__rs201__m1__alt.,4W90,train,2BA,C,C,201,1,.,"[""2BA_C_201""]",B,44,Nc1ncnc2c1ncn2[C@@H]1O[C@@H]2CO[P@@](=O)(O)O[C@H]3[C@@H](O)[C@H](n4cnc5c(N)ncnc54)O[C@@H]3CO[P@](=O)(O)O[C@H]2[C@H]1O,G_2150f6a02db46414fd16,,3c438774547fb0bc3623a12bd415b0f69dae7b9e5543d73968228bbf0dfd15a5,2d6e52defc4c07d5a1b334d34d3b32dd5eb8ff2b58c9d7febdbb7c77ad78ccce,https://files.rcsb.org/download/4W90.cif
4W90__2BA__laD__aaC__rs202__m1__alt.,4W90,train,2BA,D,C,202,1,.,"[""2BA_C_202""]",B,44,Nc1ncnc2c1ncn2[C@@H]1O[C@@H]2CO[P@@](=O)(O)O[C@H]3[C@@H](O)[C@H](n4cnc5c(N)ncnc54)O[C@@H]3CO[P@](=O)(O)O[C@H]2[C@H]1O,G_2150f6a02db46414fd16,,38deffcd1fb0f4336641ce263aefc6593dd09d92b47016909a6e616d37fcdd4a,2d6e52defc4c07d5a1b334d34d3b32dd5eb8ff2b58c9d7febdbb7c77ad78ccce,https://files.rcsb.org/download/4W90.cif
4W92__2BA__laJ__aaC__rs208__m1__alt.,4W92,train,2BA,J,C,208,1,.,"[""2BA_C_208""]",B,44,Nc1ncnc2c1ncn2[C@@H]1O[C@@H]2CO[P@@](=O)(O)O[C@H]3[C@@H](O)[C@H](n4cnc5c(N)ncnc54)O[C@@H]3CO[P@](=O)(O)O[C@H]2[C@H]1O,G_2150f6a02db46414fd16,,9aab1fabebec12ba6083cec91070a0672ae32b0293eae8480ff4da3297e000b2,77c7236cbdcaf93eefae10fccb5a8af80b8fe3152b9f911fee10de1904f06e2b,https://files.rcsb.org/download/4W92.cif
4W92__2BA__laK__aaC__rs209__m1__alt.,4W92,train,2BA,K,C,209,1,.,"[""2BA_C_209""]",B,44,Nc1ncnc2c1ncn2[C@@H]1O[C@@H]2CO[P@@](=O)(O)O[C@H]3[C@@H](O)[C@H](n4cnc5c(N)ncnc54)O[C@@H]3CO[P@](=O)(O)O[C@H]2[C@H]1O,G_2150f6a02db46414fd16,,166fece804058e72c0ceb5c0a0d95107909ee3c73cc43f02a552fab4ea04905d,77c7236cbdcaf93eefae10fccb5a8af80b8fe3152b9f911fee10de1904f06e2b,https://files.rcsb.org/download/4W92.cif
4X4V__5GP__laK__aaB__rs502__m1__alt.,4X4V,train,5GP,K,B,502,1,.,"[""5GP_B_502""]",B,24,Nc1nc2c(ncn2[C@@H]2O[C@H](COP(=O)(O)O)[C@@H](O)[C@H]2O)c(=O)[nH]1,G_df222a1b45f0449a5132,,9ac3e36cf287c1d63b3f83c943abc72b208424317dc4d4fe4a618a9c2bdfe915,4576f7829d92c878bcbac14e8c646b56be1ae85a2cd570301344b40079caeb61,https://files.rcsb.org/download/4X4V.cif
4XW7__AMZ__laB__aaA__rs101__m1__alt.,4XW7,train,AMZ,B,A,101,1,.,"[""AMZ_A_101""]",A,22,NC(=O)c1ncn([C@@H]2O[C@H](COP(=O)(O)O)[C@@H](O)[C@H]2O)c1N,G_020722e93f7895c4e086,,10df08dad9151454ab7ac8725542f645d96b06a0dad55445a46a5a2b689472e0,44e5f62048e9eee5230c3df2898b1ab3b9f791a983f64b28e73d29b7f7c3acf2,https://files.rcsb.org/download/4XW7.cif
4XWF__AMZ__laB__aaA__rs101__m1__alt.,4XWF,train,AMZ,B,A,101,1,.,"[""AMZ_A_101""]",A,22,NC(=O)c1ncn([C@@H]2O[C@H](COP(=O)(O)O)[C@@H](O)[C@H]2O)c1N,G_020722e93f7895c4e086,,699c45c9f69cc26a020ad2520136055b734aed9b7a6cc70e9b416d34b74f3c69,2eef3239ac0625e489b4b32e8d5041a28204f561fa4cdb709607a2c32989aa8d,https://files.rcsb.org/download/4XWF.cif
4Y1I__GTP__laBA__aaA__rs226__m1__alt.,4Y1I,train,GTP,BA,A,226,1,.,"[""GTP_A_226""]",A;B,32,Nc1nc2c(ncn2[C@@H]2O[C@H](CO[P@@](=O)(O)O[P@@](=O)(O)OP(=O)(O)O)[C@@H](O)[C@H]2O)c(=O)[nH]1,G_bd63aa662af9ed47c094,,c7023598a161c57632096f0d0e1948873302710192b1e5e6e106a5dd3dcf2e7e,7599dcf5ce9edea5ddb277736927796fd0204c87828017081f8ceba4c7262a9c,https://files.rcsb.org/download/4Y1I.cif
4Y1I__GTP__laC__aaA__rs201__m1__alt.,4Y1I,train,GTP,C,A,201,1,.,"[""GTP_A_201""]",A,32,Nc1nc2c(ncn2[C@@H]2O[C@H](CO[P@@](=O)(O)O[P@](=O)(O)OP(=O)(O)O)[C@@H](O)[C@H]2O)c(=O)[nH]1,G_bd63aa662af9ed47c094,,2a5ac6be179ea450b814248ef4d4874f29484f682a00de20fb6ff3d7c6a5a215,f71f6c537bf2215be361cc4115b1e4ceebdcebadf6222a02f5bbc3e62217ab37,https://files.rcsb.org/download/4Y1I.cif
4YAZ__4BW__laH__aaR__rs106__m1__alt.,4YAZ,train,4BW,H,R,106,1,.,"[""4BW_R_106""]",A,45,Nc1nc2c(ncn2[C@@H]2O[C@@H]3CO[P@](=O)(O)O[C@H]4[C@@H](O)[C@H](n5cnc6c(N)ncnc65)O[C@@H]4CO[P@@](=O)(O)O[C@H]3[C@H]2O)c(=O)[nH]1,G_ce69caab7153f344dc2e,,80df4f17fc11d2ee07913d7e8aa408a7c5d8c66ebb7115c1591b6b11f0d04667,646cb1626ac7f4153183994d738fcecb093af3e448be18ab0efd7cc62d182454,https://files.rcsb.org/download/4YAZ.cif
4YAZ__4BW__laL__aaA__rs103__m1__alt.,4YAZ,train,4BW,L,A,103,1,.,"[""4BW_A_103""]",B,45,Nc1nc2c(ncn2[C@@H]2O[C@@H]3CO[P@](=O)(O)O[C@H]4[C@@H](O)[C@H](n5cnc6c(N)ncnc65)O[C@@H]4CO[P@@](=O)(O)O[C@H]3[C@H]2O)c(=O)[nH]1,G_ce69caab7153f344dc2e,,89f7476bf0fe9d4b6f0feb10f6e41bc5da84363226179a3b09e8197977033346,e533bb3f6de68ba2fe83258dcda192c6e4ba84aa7ed3aa83074ca37c253e00c9,https://files.rcsb.org/download/4YAZ.cif
4YB0__C2E__laD__aaR__rs102__m1__alt.,4YB0,train,C2E,D,R,102,1,.,"[""C2E_R_102""]",A;B,46,Nc1nc2c(ncn2[C@@H]2O[C@@H]3CO[P@@](=O)(O)O[C@H]4[C@@H](O)[C@H](n5cnc6c(=O)[nH]c(N)nc65)O[C@@H]4CO[P@](=O)(O)O[C@H]3[C@H]2O)c(=O)[nH]1,G_689ef75b0dd4d93dca97,,efdb3722be9d43f39916d1c015619ea06523ee608ed645a585b8f846300df9cb,cb93329cff2687c37872df9528cd47a4584f369ed18697e0623d762cc5bcb08e,https://files.rcsb.org/download/4YB0.cif
4YB0__C2E__laK__aaA__rs102__m1__alt.,4YB0,train,C2E,K,A,102,1,.,"[""C2E_A_102""]",A;B,46,Nc1nc2c(ncn2[C@@H]2O[C@@H]3CO[P@@](=O)(O)O[C@H]4[C@@H](O)[C@H](n5cnc6c(=O)[nH]c(N)nc65)O[C@@H]4CO[P@](=O)(O)O[C@H]3[C@H]2O)c(=O)[nH]1,G_689ef75b0dd4d93dca97,,d29ba399fb7173e9fe105c9f3e16dbcb922cdff5f38f573b496ac1214a6b1e5d,cb93329cff2687c37872df9528cd47a4584f369ed18697e0623d762cc5bcb08e,https://files.rcsb.org/download/4YB0.cif
4Z2D__LFX__laK__aaF__rs102__m1__alt.,4Z2D,train,LFX,K,F,102,1,.,"[""LFX_F_102""]",F;G;H,26,C[C@H]1COc2c(N3CCN(C)CC3)c(F)cc3c(=O)c(C(=O)O)cn1c23,G_2a1e4907417f8fa212c2,,19345aa899ef8cfafbcdf3c8b2e36d20509f1a25dfbd1d8871973a2d233a7baf,d148000d8661698543e1ffb8d608317d3dfd43a5f20f08804685bb091f0ceee7,https://files.rcsb.org/download/4Z2D.cif
4ZM0__144__laK__aaG__rs102__m1__alt.,4ZM0,train,144,K,G,102,1,.,"[""144_G_102""]",F;G;H,8,C[N+](CO)(CO)CO,G_2a6f6e1bafd3571f1f75,,5db8642cfc01515935468134ad894ee5ca64bbf398b9b59917af648a0762476f,8c0f4fb8cdc2bf157ef5af60e0caeb17223cc0edbe32d0a496ac0a5618919536,https://files.rcsb.org/download/4ZM0.cif
5BTP__AMZ__laJ__aaB__rs108__m1__alt.,5BTP,train,AMZ,J,B,108,1,.,"[""AMZ_B_108""]",A,22,NC(=O)c1ncn([C@@H]2O[C@H](COP(=O)(O)O)[C@@H](O)[C@H]2O)c1N,G_2870177277d647729653,,3180f56241419b7e84cc3472a12648dd985e575d1f59d9a09d55fed824534895,bdff2b7b57f94506ac3ca95799a004e83cc4906d5174fbe96069647608fa5136,https://files.rcsb.org/download/5BTP.cif
5BTP__AMZ__laQ__aaA__rs106__m1__alt.,5BTP,train,AMZ,Q,A,106,1,.,"[""AMZ_A_106""]",B,22,NC(=O)c1ncn([C@@H]2O[C@H](COP(=O)(O)O)[C@@H](O)[C@H]2O)c1N,G_2870177277d647729653,,f7dc54954306f59c981665e85d56190fd90175b291eab8d916d3aaeafff72dde,f6198685c00bd87a356212a068183ccf9ad0f760eb83f05d35bd1c27bcc737d7,https://files.rcsb.org/download/5BTP.cif
5E63__PG0__laJ__aaE__rs101__m1__altA,5E63,train,PG0,J,E,101,1,A,"[""PG0_E_101""]",B;E,8,COCCOCCO,G_330f81373c58485694ef,,5dcca2e2dbf5f6d193ef0dd3e5c8e453a2a9241439186754e4d494598b21dec0,30eb8ecbe1833f88873aba59a41f8bb1a1898c7d815510cce74bd23b24239c10,https://files.rcsb.org/download/5E63.cif
5E67__PG0__laG__aaB__rs101__m1__altA,5E67,train,PG0,G,B,101,1,A,"[""PG0_B_101""]",B;C,8,COCCOCCO,G_89c3c4a1bfb911aa4217,,e8c31b0365cbb43a693f21aaaa432928d1592b94a8dd31d4973db3ca3507080e,c58579524ef4f3eacc37c64a0a32f8e3c469369117289dce1b3277ac619e908d,https://files.rcsb.org/download/5E67.cif
5IHD__2OP__laG__aaA__rs103__m1__alt.,5IHD,train,2OP,G,A,103,1,.,"[""2OP_A_103""]",A;B;C;D,6,C[C@H](O)C(=O)O,G_e53e04e40f1677727954,,4a5fc4a0c6876358c7a5147e52916846a53a89ff56edb4a8bfe66d2cad48ecd3,4758cb331b083962951e4194155d30660678a77ad1610b250596cf1c43038e20,https://files.rcsb.org/download/5IHD.cif
5IHD__2OP__laJ__aaB__rs103__m1__alt.,5IHD,train,2OP,J,B,103,1,.,"[""2OP_B_103""]",A;B;C;D,6,C[C@H](O)C(=O)O,G_e53e04e40f1677727954,,38a1792122d618c088aa4de9b9bd25c08461f5debc4ccc1f9423f9c6ed514caa,4758cb331b083962951e4194155d30660678a77ad1610b250596cf1c43038e20,https://files.rcsb.org/download/5IHD.cif
5IHD__SIN__laM__aaD__rs101__m1__alt.,5IHD,train,SIN,M,D,101,1,.,"[""SIN_D_101""]",A;B;C;D,8,O=C(O)CCC(=O)O,G_e53e04e40f1677727954,,c844a715ff6422f9b868fc63f0184c6f0bff54c44adcd1149fd27328c11e5adc,4758cb331b083962951e4194155d30660678a77ad1610b250596cf1c43038e20,https://files.rcsb.org/download/5IHD.cif
5JVW__6O6__laJ__aaB__rs102__m1__alt.,5JVW,train,6O6,J,B,102,1,.,"[""6O6_B_102""]",A;B;C;D,87,COC(=O)[C@H](Cc1c[nH]c2ccccc12)NC(=O)[C@@H](OC)[C@@H]1Cc2cc3cc(O[C@H]4C[C@@H](O[C@H]5C[C@@H](O)[C@H](O)[C@@H](C)O5)[C@H](O)[C@@H](C)O4)c(C)c(O)c3c(O)c2C(=O)[C@H]1O[C@H]1C[C@@H](O[C@H]2C[C@@H](O[C@H]3C[C@](C)(O)[C@H](O)[C@@H](C)O3)[C@@H](O)[C@@H](C)O2)[C@H](O)[C@@H](C)O1,G_8c46e55d60c30f91a657,,2252f90600bffa916ff76596e9178ba319e627861d258e4bddfa6d9e44e85785,8abe31da799d33bb487d1ca2c1b37f16dce4167056a284259705bc70b0ca546b,https://files.rcsb.org/download/5JVW.cif
5JVW__6O6__laP__aaC__rs102__m1__alt.,5JVW,train,6O6,P,C,102,1,.,"[""6O6_C_102""]",A;B;C;D,87,COC(=O)[C@H](Cc1c[nH]c2ccccc12)NC(=O)[C@@H](OC)[C@@H]1Cc2cc3cc(O[C@H]4C[C@@H](O[C@H]5C[C@@H](O)[C@H](O)[C@@H](C)O5)[C@H](O)[C@@H](C)O4)c(C)c(O)c3c(O)c2C(=O)[C@H]1O[C@H]1C[C@@H](O[C@H]2C[C@@H](O[C@H]3C[C@](C)(O)[C@H](O)[C@@H](C)O3)[C@@H](O)[C@@H](C)O2)[C@H](O)[C@@H](C)O1,G_8c46e55d60c30f91a657,,7a673e007d7615cbd9a97db83cf2cb0c9711ede47a50c00e21cc9fff4ca2feb7,8abe31da799d33bb487d1ca2c1b37f16dce4167056a284259705bc70b0ca546b,https://files.rcsb.org/download/5JVW.cif
5JW0__6O7__laC__aaA__rs101__m1__alt.,5JW0,train,6O7,C,A,101,1,.,"[""6O7_A_101""]",A;B,84,COC(=O)[C@H](Cc1ccccc1)NC(=O)[C@@H](OC)[C@@H]1Cc2cc3cc(O[C@H]4C[C@@H](O[C@H]5C[C@@H](O)[C@H](O)[C@@H](C)O5)[C@H](O)[C@@H](C)O4)c(C)c(O)c3c(O)c2C(=O)[C@H]1O[C@H]1C[C@@H](O[C@H]2C[C@@H](O[C@H]3C[C@](C)(O)[C@H](O)[C@@H](C)O3)[C@@H](O)[C@@H](C)O2)[C@H](O)[C@@H](C)O1,G_06a680071be18fd88660,,095565781e14ea75499b729a4304a379efbc39bc4790d8ba908c2306891685b0,ab1b7e06ddf25ca748de98c491c458d3d87e905d731b33fe2b3a94c2361253fb,https://files.rcsb.org/download/5JW0.cif
5JW0__6O7__laD__aaA__rs102__m1__alt.,5JW0,train,6O7,D,A,102,1,.,"[""6O7_A_102""]",A;B,84,COC(=O)[C@H](Cc1ccccc1)NC(=O)[C@@H](OC)[C@@H]1Cc2cc3cc(O[C@H]4C[C@@H](O[C@H]5C[C@@H](O)[C@H](O)[C@@H](C)O5)[C@H](O)[C@@H](C)O4)c(C)c(O)c3c(O)c2C(=O)[C@H]1O[C@H]1C[C@@H](O[C@H]2C[C@@H](O[C@H]3C[C@](C)(O)[C@H](O)[C@@H](C)O3)[C@@H](O)[C@@H](C)O2)[C@H](O)[C@@H](C)O1,G_06a680071be18fd88660,,0f61e7ad4cf43e3939b4aea078b9bd10f633907ebe5b4b9de157357f8c2bb49b,ab1b7e06ddf25ca748de98c491c458d3d87e905d731b33fe2b3a94c2361253fb,https://files.rcsb.org/download/5JW0.cif
5JW0__6O7__laE__aaA__rs103__m1__alt.,5JW0,train,6O7,E,A,103,1,.,"[""6O7_A_103""]",A;B,84,COC(=O)[C@H](Cc1ccccc1)NC(=O)[C@@H](OC)[C@@H]1Cc2cc3cc(O[C@H]4C[C@@H](O[C@H]5C[C@@H](O)[C@H](O)[C@@H](C)O5)[C@H](O)[C@@H](C)O4)c(C)c(O)c3c(O)c2C(=O)[C@H]1O[C@H]1C[C@@H](O[C@H]2C[C@@H](O[C@H]3C[C@](C)(O)[C@H](O)[C@@H](C)O3)[C@@H](O)[C@@H](C)O2)[C@H](O)[C@@H](C)O1,G_06a680071be18fd88660,,a4649fb1e919422de88fd1e3b42910eb3317c49db021f172b5815a7a1d67c56a,ab1b7e06ddf25ca748de98c491c458d3d87e905d731b33fe2b3a94c2361253fb,https://files.rcsb.org/download/5JW0.cif
5JW0__6O7__laK__aaB__rs101__m1__alt.,5JW0,train,6O7,K,B,101,1,.,"[""6O7_B_101""]",A;B,84,COC(=O)[C@H](Cc1ccccc1)NC(=O)[C@@H](OC)[C@@H]1Cc2cc3cc(O[C@H]4C[C@@H](O[C@H]5C[C@@H](O)[C@H](O)[C@@H](C)O5)[C@H](O)[C@@H](C)O4)c(C)c(O)c3c(O)c2C(=O)[C@H]1O[C@H]1C[C@@H](O[C@H]2C[C@@H](O[C@H]3C[C@](C)(O)[C@H](O)[C@@H](C)O3)[C@@H](O)[C@@H](C)O2)[C@H](O)[C@@H](C)O1,G_06a680071be18fd88660,,e0ed10ea57a414d3b084e4d2ed6c6610aa240437770bde36ba65818962577cef,ab1b7e06ddf25ca748de98c491c458d3d87e905d731b33fe2b3a94c2361253fb,https://files.rcsb.org/download/5JW0.cif
5JW2__6O7__laC__aaA__rs101__m1__alt.,5JW2,train,6O7,C,A,101,1,.,"[""6O7_A_101""]",A;B,84,COC(=O)[C@H](Cc1ccccc1)NC(=O)[C@@H](OC)[C@@H]1Cc2cc3cc(O[C@H]4C[C@@H](O[C@H]5C[C@@H](O)[C@H](O)[C@@H](C)O5)[C@H](O)[C@@H](C)O4)c(C)c(O)c3c(O)c2C(=O)[C@H]1O[C@H]1C[C@@H](O[C@H]2C[C@@H](O[C@H]3C[C@](C)(O)[C@H](O)[C@@H](C)O3)[C@@H](O)[C@@H](C)O2)[C@H](O)[C@@H](C)O1,G_7c4276be74e6b26f3dd9,,b426f6b849fa7d3dc64742657ec322168a704fbe4d61a5878828f89509373879,4905c78880e203e90d75d9f6198621c0613bd11d767f60948070facc31dd942a,https://files.rcsb.org/download/5JW2.cif
5JW2__6O7__laD__aaA__rs102__m1__alt.,5JW2,train,6O7,D,A,102,1,.,"[""6O7_A_102""]",A;B,84,COC(=O)[C@H](Cc1ccccc1)NC(=O)[C@@H](OC)[C@@H]1Cc2cc3cc(O[C@H]4C[C@@H](O[C@H]5C[C@@H](O)[C@H](O)[C@@H](C)O5)[C@H](O)[C@@H](C)O4)c(C)c(O)c3c(O)c2C(=O)[C@H]1O[C@H]1C[C@@H](O[C@H]2C[C@@H](O[C@H]3C[C@](C)(O)[C@H](O)[C@@H](C)O3)[C@@H](O)[C@@H](C)O2)[C@H](O)[C@@H](C)O1,G_7c4276be74e6b26f3dd9,,79af6dd4688389133e776fb2b2664d2d96536dcfc9185ce9d41618e04ea84d23,4905c78880e203e90d75d9f6198621c0613bd11d767f60948070facc31dd942a,https://files.rcsb.org/download/5JW2.cif
5JW2__6O7__laE__aaA__rs103__m1__alt.,5JW2,train,6O7,E,A,103,1,.,"[""6O7_A_103""]",A;B,84,COC(=O)[C@H](Cc1ccccc1)NC(=O)[C@@H](OC)[C@@H]1Cc2cc3cc(O[C@H]4C[C@@H](O[C@H]5C[C@@H](O)[C@H](O)[C@@H](C)O5)[C@H](O)[C@@H](C)O4)c(C)c(O)c3c(O)c2C(=O)[C@H]1O[C@H]1C[C@@H](O[C@H]2C[C@@H](O[C@H]3C[C@](C)(O)[C@H](O)[C@@H](C)O3)[C@@H](O)[C@@H](C)O2)[C@H](O)[C@@H](C)O1,G_7c4276be74e6b26f3dd9,,32f970c10fba4da506b58245611497456b77229156cd9bb8f64d399599ef1090,4905c78880e203e90d75d9f6198621c0613bd11d767f60948070facc31dd942a,https://files.rcsb.org/download/5JW2.cif
5JW2__6O7__laI__aaB__rs101__m1__alt.,5JW2,train,6O7,I,B,101,1,.,"[""6O7_B_101""]",A;B,84,COC(=O)[C@H](Cc1ccccc1)NC(=O)[C@@H](OC)[C@@H]1Cc2cc3cc(O[C@H]4C[C@@H](O[C@H]5C[C@@H](O)[C@H](O)[C@@H](C)O5)[C@H](O)[C@@H](C)O4)c(C)c(O)c3c(O)c2C(=O)[C@H]1O[C@H]1C[C@@H](O[C@H]2C[C@@H](O[C@H]3C[C@](C)(O)[C@H](O)[C@@H](C)O3)[C@@H](O)[C@@H](C)O2)[C@H](O)[C@@H](C)O1,G_7c4276be74e6b26f3dd9,,cb2200e03d9da7a5a60c2ddb6ba4da845ccfea5a6bf139f4ccac43ada0d7853b,4905c78880e203e90d75d9f6198621c0613bd11d767f60948070facc31dd942a,https://files.rcsb.org/download/5JW2.cif
5LIT__6XV__laE__aaD__rs101__m1__alt.,5LIT,train,6XV,E,D,101,1,.,"[""6XV_D_101""]",A;C;D,27,O=C(Nc1ccc(N=C2NCCN2)cc1)c1ccc(N=C2NCCN2)cc1,G_faf33889548a0548cedb,,183bfec8f37966b9e97d73311f20aaa63af522053b28ec13f10569678d6161e4,9e1a2a39a979bd8bf427fde24d8cd52a6734e30d756a5973d2cc2602167df1ed,https://files.rcsb.org/download/5LIT.cif
5LIT__6XV__laG__aaC__rs101__m1__alt.,5LIT,train,6XV,G,C,101,1,.,"[""6XV_C_101""]",B;C;D,27,O=C(Nc1ccc(N=C2NCCN2)cc1)c1ccc(N=C2NCCN2)cc1,G_faf33889548a0548cedb,,f99836d5ed6d5979e244aa7007a4e6738c4fe55baecf8b8ae5be7232cc88d87a,633a79b495204720ee9fe038fa7ac74554d405d64d368c083e0d15c2ced347c4,https://files.rcsb.org/download/5LIT.cif
5LIT__6XV__laJ__aaB__rs102__m1__alt.,5LIT,train,6XV,J,B,102,1,.,"[""6XV_B_102""]",A;B;C;D,27,O=C(Nc1ccc(N=C2NCCN2)cc1)c1ccc(N=C2NCCN2)cc1,G_faf33889548a0548cedb,,2401e72714e55f9bece7fef1e79f26cf74421974ccb71e555fcf3272e49370c7,31638bcc03cc61705f47a0c951001aee9478951b4c0104d99f9d5fb50284d4e4,https://files.rcsb.org/download/5LIT.cif
5LWJ__GTP__laB__aaA__rs101__m1__alt.,5LWJ,train,GTP,B,A,101,1,.,"[""GTP_A_101""]",A,32,Nc1nc2c(ncn2[C@@H]2O[C@H](CO[P@](=O)(O)O[P@](=O)(O)OP(=O)(O)O)[C@@H](O)[C@H]2O)c(=O)[nH]1,G_2b5d68c7288ae640128f,,698bd2e6529e451929e4ac047c07069bfa3a20ce1a5d4ab1752c6f99cfda3f53,a888c9e7aea39b62b0392a0d9f47c4738a3666c44a6329af31c345dae7a23ed2,https://files.rcsb.org/download/5LWJ.cif
5NDV__PAR__laTJA__aa3__rs201__m1__alt.,5NDV,train,PAR,TJA,3,201,1,.,"[""PAR_3_201""]",B,42,NC[C@@H]1O[C@H](O[C@H]2[C@@H](O)[C@H](O[C@@H]3[C@@H](O)[C@H](N)C[C@H](N)[C@H]3O[C@H]3O[C@H](CO)[C@@H](O)[C@H](O)[C@H]3N)O[C@@H]2CO)[C@H](N)[C@@H](O)[C@@H]1O,G_3f9dcb5d8c4df2dc0f7e,,cc6a3b8394a76644f9c92748f9f860d7fb84a081fb338d5b1c68dcf7034d29e8,d9ccb4301524ac3c67bb91b5c3cab98d7d35773cad53a9bb554fbe2d0f37a89c,https://files.rcsb.org/download/5NDV.cif
5NPM__MLI__laC__aaB__rs101__m1__alt.,5NPM,train,MLI,C,B,101,1,.,"[""MLI_B_101""]",B,7,O=C([O-])CC(=O)[O-],G_e11034eec43cef80567e,,b34691b9e2ae0a7bc46e4ca73111478208e40ab7d642f8c45e5986016e343886,557a5f823fed3dbae5b60ec57dca7c47282a31774b187a721899ba4421d19c5a,https://files.rcsb.org/download/5NPM.cif
5O62__EGD__laC__aaA__rs101__m1__alt.,5O62,train,EGD,C,A,101,1,.,"[""EGD_A_101""]",A,6,CCNC(=N)N,G_9bc8b37874ce847acc9d,,5ab8654e7e24f2dcb8c72ff7260c9aa83bb3e64a9acb13e3a42fe3b791d05d50,cb21800f76b5207ecd4f0c5efe2bb37ac4aaca4d13b251aff05d96c909d80fae,https://files.rcsb.org/download/5O62.cif
5O69__AG2__laC__aaA__rs101__m1__alt.,5O69,train,AG2,C,A,101,1,.,"[""AG2_A_101""]",A,9,N=C(N)NCCCCN,G_9bc8b37874ce847acc9d,,c76f4754bbe47738ace07fd284601696a680ac3c1d8717ad83bc8427b0fdd145,e14838162a97db59cb990cc8c935e0ff715f45f75ea2e45140137e504373de12,https://files.rcsb.org/download/5O69.cif
5OB3__1TU__laB__aaA__rs101__m1__alt.,5OB3,train,1TU,B,A,101,1,.,"[""1TU_A_101""]",A,18,Cc1nc(Cc2cc(F)c(O)c(F)c2)c(O)n1C,G_ecd64a90cdeb667fbd09,,eb938df875ecf2bc1c2caf9f9fd2daea59ff304f5d4a02b9874b9900dbc3c16e,f237d9be79504db439c79712257a393422bdf1cad3cff35841bdb738fe99184b,https://files.rcsb.org/download/5OB3.cif
5OBM__LLL__laCEA__aa4__rs224__m1__alt.,5OBM,train,LLL,CEA,4,224,1,.,"[""LLL_4_224""]",C;DC,31,CN[C@@H]1[C@@H](O)[C@@H](O[C@@H]2[C@@H](O)[C@H](O[C@H]3O[C@H](CN)CC[C@H]3N)[C@@H](N)C[C@H]2N)OC[C@]1(C)O,G_3f9dcb5d8c4df2dc0f7e,,0d6b75efdc4ab041a45843a2a958e60ebd80cfd3d8d0efd49ef6820924334d79,5d610561b39b3f78a62e221dc110f66ee2434e4ead8cad5d0eae97bc3d8a3909,https://files.rcsb.org/download/5OBM.cif
5OBM__LLL__laGTB__aa8__rs221__m1__alt.,5OBM,train,LLL,GTB,8,221,1,.,"[""LLL_8_221""]",DC,31,CN[C@@H]1[C@@H](O)[C@@H](O[C@@H]2[C@@H](O)[C@H](O[C@H]3O[C@H](CN)CC[C@H]3N)[C@@H](N)C[C@H]2N)OC[C@]1(C)O,G_3f9dcb5d8c4df2dc0f7e,,ba701df9ab449881627d6ac5a229c0b344f94478beca63b37d6a6dc457ac6b69,699426955699b7d2bd1845832b67151e7933021ecee45b2fcc8e0fd5cdb74cff,https://files.rcsb.org/download/5OBM.cif
5OBM__LLL__laJSB__aa7__rs231__m1__alt.,5OBM,train,LLL,JSB,7,231,1,.,"[""LLL_7_231""]",CC,31,CN[C@@H]1[C@@H](O)[C@@H](O[C@@H]2[C@@H](O)[C@H](O[C@H]3O[C@H](CN)CC[C@H]3N)[C@@H](N)C[C@H]2N)OC[C@]1(C)O,G_3f9dcb5d8c4df2dc0f7e,,25e5da9b7df2d51154faa77cafadb29dfc1a04895d7fe2b0ff720c29c59bab13,173639c9c9ed28d521b2e7e2bb159b2178a5ca766b8696336afbc1ecc991b24a,https://files.rcsb.org/download/5OBM.cif
5OBM__LLL__laLSB__aa7__rs233__m1__alt.,5OBM,train,LLL,LSB,7,233,1,.,"[""LLL_7_233""]",CC,31,CN[C@@H]1[C@@H](O)[C@@H](O[C@@H]2[C@@H](O)[C@H](O[C@H]3O[C@H](CN)CC[C@H]3N)[C@@H](N)C[C@H]2N)OC[C@]1(C)O,G_3f9dcb5d8c4df2dc0f7e,,a46be132abe757ef2145c3b069f06caabae45d4054f591a0367710022e8cffbb,173639c9c9ed28d521b2e7e2bb159b2178a5ca766b8696336afbc1ecc991b24a,https://files.rcsb.org/download/5OBM.cif
5ODF__CWN__laC__aaA__rs101__m1__alt.,5ODF,train,CWN,C,A,101,1,.,"[""CWN_A_101""]",A;B,89,Cc1scnc1C(=O)Nc1cc(C(=O)Nc2cc(C(=O)Nc3cc(C(=O)NCCCC(=O)Nc4cn(C)c(C(=O)Nc5cc(C(=O)Nc6cc(C(=O)Nc7cc(C(=O)NCCC(=O)NCCC[NH+](C)C)n(C)c7)n(C)c6)n(C)c5)n4)n(C)c3)n(C)c2)n(C)c1,G_f3c467e6cfdb57c77b06,,4ae5503e4b51555881a3de291b23b68367b7da87e9444531955f0a28979fd412,0706f66b7bda966486aa48c263544a5d14d65e80d8c102f38e6a96b95fdc196f,https://files.rcsb.org/download/5ODF.cif
5TPY__HEZ__laC__aaA__rs102__m1__alt.,5TPY,train,HEZ,C,A,102,1,.,"[""HEZ_A_102""]",A,8,OCCCCCCO,G_368ee102718f5d4f7063,,edb31255fa1cadb45bf9105836918f917dc4a98b6c221dbb53c5c0e13050e449,a46b467284d6e2cab0eac274dc808ce8779f0ae8f7025e311fb0ac3aff3df443,https://files.rcsb.org/download/5TPY.cif
5V3F__74G__laF__aaA__rs104__m1__alt.,5V3F,train,74G,F,A,104,1,.,"[""74G_A_104""]",A,52,C[n+]1ccc(C[C@@H]2Sc3ccccc3N2CC(=O)NCCOCCOCCOCCNC(=O)CCCC[C@@H]2SC[C@@H]3NC(=O)N[C@@H]32)c2ccccc21,G_08798c9c6a80d175ab47,,3daa84587a17ae2e4d5bbcacec0bc8e338e4df4953fcfca93773104f4dcb43ef,da59e9a210e19d86a3936cf6519b4e8e0f2d5169c7651391fd8aea28e00e253a,https://files.rcsb.org/download/5V3F.cif
5V3F__74G__laJ__aaB__rs104__m1__alt.,5V3F,train,74G,J,B,104,1,.,"[""74G_B_104""]",A;B,52,C[n+]1ccc(C[C@@H]2Sc3ccccc3N2CC(=O)NCCOCCOCCOCCNC(=O)CCCC[C@@H]2SC[C@@H]3NC(=O)N[C@@H]32)c2ccccc21,G_08798c9c6a80d175ab47,,cd0cf9561ac8e03ea3d8e1812d6e7ad516edadc1c73077df389c13aed0172324,e62151d1442f345f97ee5e638fa3546bbfb851607edec89f35ea095a23f872d6,https://files.rcsb.org/download/5V3F.cif
5VCF__8OS__laC__aaA__rs101__m1__alt.,5VCF,train,8OS,C,A,101,1,.,"[""8OS_A_101""]",A;B,29,Cc1nc[nH]c1[P@](=O)(O)OC[C@H]1O[C@@H](n2cnc3c(=O)[nH]c(N)nc32)[C@H](O)[C@@H]1O,G_6ee7bb21b7b021a0656e,,04f3174a34c4a1064aa7409e83cfc659987ca06193025ad22c86fbd2b8ce202b,c40d277d58637a82fff8e40341bae893f592688f67cbda90d2b4e0787fa7b74b,https://files.rcsb.org/download/5VCF.cif
5VCI__8OS__laC__aaA__rs101__m1__alt.,5VCI,train,8OS,C,A,101,1,.,"[""8OS_A_101""]",A;B,29,Cc1nc[nH]c1[P@@](=O)(O)OC[C@H]1O[C@@H](n2cnc3c(=O)[nH]c(N)nc32)[C@H](O)[C@@H]1O,G_6ee7bb21b7b021a0656e,,92e61c143357625b2be976cb58c163278bea74d6a87269e3c92dea14745444e6,173e69b9b33c56237deb04e76a7706af475a8d268dfe0c81fffab1ff2dd57f44,https://files.rcsb.org/download/5VCI.cif
5W77__9WP__laD__aaA__rs103__m1__alt.,5W77,train,9WP,D,A,103,1,.,"[""9WP_A_103""]",A,32,Cc1oc2ccc(O)c(CN3CCCCCC3)c2c1C(=O)Nc1ccc(C(F)(F)F)cc1,G_504f11fa1e3278ad1b85,,6a1d8240cb371b8c5e95d4326b0e6e27460f02229e8fa0beab5b3d04d0120006,f47811c5d5d7938928d32b58a5283858c5bfbcd7a34f726ee18966be247aa2a2,https://files.rcsb.org/download/5W77.cif
5W77__9WP__laE__aaA__rs104__m1__alt.,5W77,train,9WP,E,A,104,1,.,"[""9WP_A_104""]",A,32,Cc1oc2ccc(O)c(CN3CCCCCC3)c2c1C(=O)Nc1ccc(C(F)(F)F)cc1,G_504f11fa1e3278ad1b85,,5c98a14b62fa0266b79342c3ecaa63c330a210847ff54ed24fe3ad70e8f6abe4,f47811c5d5d7938928d32b58a5283858c5bfbcd7a34f726ee18966be247aa2a2,https://files.rcsb.org/download/5W77.cif
5Z7I__BU3__laF__aaD__rs1000__m1__alt.,5Z7I,train,BU3,F,D,1000,1,.,"[""BU3_D_1000""]",D;E,6,C[C@@H](O)[C@@H](C)O,G_eb4903b99f36d77d79d9,,70f4e22dd257a001c80c708ccb9ab9975a9ee56d9e84c64325bc205814f0d070,fbb8dcbddf4cdce04b175789c7479ab4a489a089db3ef50f7e7ad3252e0b0dda,https://files.rcsb.org/download/5Z7I.cif
6AZ3__PAR__laAC__aa2__rs1703__m1__alt.,6AZ3,train,PAR,AC,2,1703,1,.,"[""PAR_2_1703""]",QA;RA,42,NC[C@@H]1O[C@H](O[C@H]2[C@@H](O)[C@H](O[C@@H]3[C@@H](O)[C@H](N)C[C@H](N)[C@H]3O[C@H]3O[C@H](CO)[C@@H](O)[C@H](O)[C@H]3N)O[C@@H]2CO)[C@H](N)[C@@H](O)[C@@H]1O,G_861206b6a58a5dca1ac4,,f1e83eb784e44c1f5ffc768fb8163d42f9eadcba50046d85dfecd2af36ce8618,edae59d86088bcd07840cf6613f8c6d99ef6c83a5b7488fa5be9c537fc60391b,https://files.rcsb.org/download/6AZ3.cif
6AZ3__PAR__laBB__aa1__rs1804__m1__alt.,6AZ3,train,PAR,BB,1,1804,1,.,"[""PAR_1_1804""]",QA,42,NC[C@@H]1O[C@H](O[C@H]2[C@@H](O)[C@H](O[C@@H]3[C@@H](O)[C@H](N)C[C@H](N)[C@H]3O[C@H]3O[C@H](CO)[C@@H](O)[C@H](O)[C@H]3N)O[C@@H]2CO)[C@H](N)[C@@H](O)[C@@H]1O,G_861206b6a58a5dca1ac4,,d7f7759b4981d79f9173f2ff65be79643926402f4444835053937eb19901dae6,b4e89733e1139e4c9e41ccedc3dce7363df47a13b4e8458463f1dc639457ceac,https://files.rcsb.org/download/6AZ3.cif
6AZ3__PAR__laCB__aa1__rs1805__m1__alt.,6AZ3,train,PAR,CB,1,1805,1,.,"[""PAR_1_1805""]",QA;SA,42,NC[C@@H]1O[C@H](O[C@H]2[C@@H](O)[C@H](O[C@@H]3[C@@H](O)[C@H](N)C[C@H](N)[C@H]3O[C@H]3O[C@H](CO)[C@@H](O)[C@H](O)[C@H]3N)O[C@@H]2CO)[C@H](N)[C@@H](O)[C@@H]1O,G_861206b6a58a5dca1ac4,,f9730cbef95d3ee050e9a065572a230500146bc95c97ae5b97583ad5aef4eb8e,584abb5764a2b63b48987da5528508f35d57718d85d8ff6e326d4cd88d535516,https://files.rcsb.org/download/6AZ3.cif
6AZ3__PAR__laZB__aa2__rs1702__m1__alt.,6AZ3,train,PAR,ZB,2,1702,1,.,"[""PAR_2_1702""]",QA;RA,42,NC[C@@H]1O[C@H](O[C@H]2[C@@H](O)[C@H](O[C@@H]3[C@@H](O)[C@H](N)C[C@H](N)[C@H]3O[C@H]3O[C@H](CO)[C@@H](O)[C@H](O)[C@H]3N)O[C@@H]2CO)[C@H](N)[C@@H](O)[C@@H]1O,G_861206b6a58a5dca1ac4,,1d4152c9e00a1f12224058025cbc635e7740769610c3bc62c6b29226253dd29c,edae59d86088bcd07840cf6613f8c6d99ef6c83a5b7488fa5be9c537fc60391b,https://files.rcsb.org/download/6AZ3.cif
6AZ4__GP3__laC__aaA__rs101__m1__alt.,6AZ4,train,GP3,C,A,101,1,.,"[""GP3_A_101""]",A;B,51,Nc1nc2c(ncn2[C@@H]2O[C@H](CO[P@](=O)(O)OP(=O)(O)O[P@@](=O)(O)OC[C@H]3O[C@@H](n4cnc5c(=O)[nH]c(N)nc54)[C@H](O)[C@@H]3O)[C@@H](O)[C@H]2O)c(=O)[nH]1,G_4334f002e1b5a211e228,,29d8a0d965a5cedd285e5d38a31f3e01d6a7c5107c3fb63e3dabfa23f2eae225,dd24ed43d9779362fa6cbd86244172f79c1a7517cd80537204f8159117846ec9,https://files.rcsb.org/download/6AZ4.cif
6BSH__TAM__laN__aaR__rs101__m1__alt.,6BSH,train,TAM,N,R,101,1,.,"[""TAM_R_101""]",C;D,11,NC(CCO)(CCO)CCO,G_47a9afe725304a959c5d,,9cfe7a126efde73627ea573fb975bf0a545e2c2deefbb8f909d77f4c8222fff4,5a5492dacc1de073287831bbe7aad4060da72174ba9dade81ab275d1fc1452ef,https://files.rcsb.org/download/6BSH.cif
6BSJ__TAM__laK__aaR__rs101__m1__alt.,6BSJ,train,TAM,K,R,101,1,.,"[""TAM_R_101""]",C;D,11,NC(CCO)(CCO)CCO,G_5823031a27f86dc0cd3f,,3817f15188d63d69a0edd424eb73955ad6ca378501eff0580668156dd74d9179,12af57e05ee20bdaef4470427ad2e9aeb23ea8469c7d98aeb7f667939f4850dd,https://files.rcsb.org/download/6BSJ.cif
6BST__SR0__laC__aaA__rs101__m1__alt.,6BST,train,SR0,C,A,101,1,.,"[""SR0_A_101""]",A;B,10,[NH3+]CCCC[NH2+]CCC[NH3+],G_d4394b970d2eb8a9762d,,a340db71b34c560e59cd6362223683562d8221792dfac8143452300304daef95,9a2e467ed2273885eda65685157cd257cb15dde8beb859c716d9eecafd788490,https://files.rcsb.org/download/6BST.cif
6C63__EKJ__laD__aaA__rs101__m1__alt.,6C63,train,EKJ,D,A,101,1,.,"[""EKJ_A_101""]",A;B;C,29,COCCNC(=O)C[n+]1c(Cc2cc[n+](C)c3ccccc23)sc2ccccc21,G_1289e351afffc8579e30,,eaaef62d55695fd219cf9f51aaef5670bc462339fd00ce7785f4e4059134e908,b97aef9d5c97e512850346a7f5dcf53b13203ffa261ab61224573ad8eb0172de,https://files.rcsb.org/download/6C63.cif
6C63__EKJ__laH__aaB__rs101__m1__alt.,6C63,train,EKJ,H,B,101,1,.,"[""EKJ_B_101""]",A;B;C,29,COCCNC(=O)C[n+]1c(Cc2cc[n+](C)c3ccccc23)sc2ccccc21,G_1289e351afffc8579e30,,0c15ce287d7976f08608f0d6ba13eb98820d8a195b5c99d43f9c5229373d7097,b97aef9d5c97e512850346a7f5dcf53b13203ffa261ab61224573ad8eb0172de,https://files.rcsb.org/download/6C63.cif
6C64__EKM__laD__aaA__rs101__m1__alt.,6C64,train,EKM,D,A,101,1,.,"[""EKM_A_101""]",A;B;C,24,C[n+]1ccc(/C=C\Cc2sc3ccccc3[n+]2C)c2ccccc21,G_1289e351afffc8579e30,,5f9ada2442d4dc48adbe8e96dcbda9b40e5a8d149a2becab97079da655d3b93a,669b6f056dde0eaca9cc48164c84038e863a80536b0733c5b48340f597d244c3,https://files.rcsb.org/download/6C64.cif
6C64__EKM__laH__aaB__rs101__m1__alt.,6C64,train,EKM,H,B,101,1,.,"[""EKM_B_101""]",A;B;C,24,C[n+]1ccc(/C=C/Cc2sc3ccccc3[n+]2C)c2ccccc21,G_1289e351afffc8579e30,,6a5508a8212a4bc21226867b25c989247298e6454eab5c3d1cadfdac5e44a0c7,669b6f056dde0eaca9cc48164c84038e863a80536b0733c5b48340f597d244c3,https://files.rcsb.org/download/6C64.cif
6C65__EKJ__laD__aaA__rs101__m1__alt.,6C65,train,EKJ,D,A,101,1,.,"[""EKJ_A_101""]",A;B;C,29,COCCNC(=O)C[n+]1c(Cc2cc[n+](C)c3ccccc23)sc2ccccc21,G_1f5f85fe563925953eaf,,1f07db6377c799421fce4009933868fc858813f4384813ed59cda7826a68fbc2,28663ad4562d2b21a9f8854344db3b692a1ce6bd4713159d7223a9d361a434dc,https://files.rcsb.org/download/6C65.cif
6C65__EKJ__laH__aaB__rs101__m1__alt.,6C65,train,EKJ,H,B,101,1,.,"[""EKJ_B_101""]",A;B;C,29,COCCNC(=O)C[n+]1c(Cc2cc[n+](C)c3ccccc23)sc2ccccc21,G_1f5f85fe563925953eaf,,9430d3143d5a60ee23da4bb4a96e8964bd1eedc747388388fdf0464faf6b005b,28663ad4562d2b21a9f8854344db3b692a1ce6bd4713159d7223a9d361a434dc,https://files.rcsb.org/download/6C65.cif
6C65__EKJ__laL__aaC__rs101__m1__alt.,6C65,train,EKJ,L,C,101,1,.,"[""EKJ_C_101""]",B;C,29,COCCNC(=O)C[n+]1c(Cc2cc[n+](C)c3ccccc23)sc2ccccc21,G_1f5f85fe563925953eaf,,78e73cce6fcda530db02a68412bdddb2cb1016a2371933fa692e68eca89713a9,752abad38e1ab0f5add82ba2ba0bcbf20c2e2739094830906cb5b115a3d0a542,https://files.rcsb.org/download/6C65.cif
6CB3__GTP__laAB__aaB__rs221__m1__alt.,6CB3,train,GTP,AB,B,221,1,.,"[""GTP_B_221""]",A;B,32,Nc1nc2c(ncn2[C@@H]2O[C@H](CO[P@@](=O)(O)O[P@@](=O)(O)OP(=O)(O)O)[C@@H](O)[C@H]2O)c(=O)[nH]1,G_9a4cdd410441decac1f0,,17fe430e9c46693fdaa3e586fdb8ff14b860d124c054d7e74a02d913094bec0c,961ecd3aafc586a863d7907e94de850e5ff767676e9d4383ac2a8cbe44dfdfc9,https://files.rcsb.org/download/6CB3.cif
6CB3__GTP__laU__aaA__rs219__m1__alt.,6CB3,train,GTP,U,A,219,1,.,"[""GTP_A_219""]",A;B,32,Nc1nc2c(ncn2[C@@H]2O[C@H](CO[P@](=O)(O)O[P@@](=O)(O)OP(=O)(O)O)[C@@H](O)[C@H]2O)c(=O)[nH]1,G_9a4cdd410441decac1f0,,6e825a1fcb270416d8de71402a06d369ed4e25fb070a8f8d382173e0a92fc02d,961ecd3aafc586a863d7907e94de850e5ff767676e9d4383ac2a8cbe44dfdfc9,https://files.rcsb.org/download/6CB3.cif
6CC3__GTP__laFA__aaB__rs211__m1__alt.,6CC3,train,GTP,FA,B,211,1,.,"[""GTP_B_211""]",B,32,Nc1nc2c(ncn2[C@@H]2O[C@H](CO[P@@](=O)(O)O[P@@](=O)(O)OP(=O)(O)O)[C@@H](O)[C@H]2O)c(=O)[nH]1,G_2be7724b91f9e2ab8dac,,aa72b3df98cfd1400882d08908a1e9b27cfddfb9a363d4d4146515b93d87bf96,13a407e9d8619de788c7324d8d33e21a9c8cb53d4349c689b57f48534b803c11,https://files.rcsb.org/download/6CC3.cif
6CK5__PRP__laIA__aaB__rs216__m1__alt.,6CK5,train,PRP,IA,B,216,1,.,"[""PRP_B_216""]",B,22,O=P(O)(O)OC[C@H]1O[C@H](O[P@@](=O)(O)OP(=O)(O)O)[C@H](O)[C@@H]1O,G_b75e1a9edc996e8b0acf,,ae532207d7ed8fcf825586b4efaaa419d355ccbce1be3923593b9a42e1be8c15,c95e9b71fc0410528813395455d2fc2f1402255efea31a870f2cbafb1687fcd5,https://files.rcsb.org/download/6CK5.cif
6DB8__G4A__laD__aaR__rs101__m1__alt.,6DB8,train,G4A,D,R,101,1,.,"[""G4A_R_101""]",B,27,CN1/C(=C/c2sc3ccccc3[n+]2CCCS(=O)(=O)O)Oc2ccccc21,G_92fe205b1c074b71da3c,,2ff769e1b1d3b288f1460ba098c9e795e21e1aba33a89e2e4a1b0864e1fd8bea,6960dca6d88b6302381f74b77f3aab7433df41f7b3410b81f2eae19a6fa7a113,https://files.rcsb.org/download/6DB8.cif
6DLQ__PRP__laB__aaA__rs201__m1__altA,6DLQ,train,PRP,B,A,201,1,A,"[""PRP_A_201""]",A,22,O=P(O)(O)OC[C@H]1O[C@H](O[P@](=O)(O)OP(=O)(O)O)[C@H](O)[C@@H]1O,G_96de5ce1de529c641343,,427abbc0b228dd03373500c0059d21201d75262108eb2dfd7c5fe8d426b92b99,bcd222fbcdf3af2e7eaf6da78473f4898e021cba99b262fd82ef0e838aa0accb,https://files.rcsb.org/download/6DLQ.cif
6DLR__PRP__laB__aaA__rs201__m1__altA,6DLR,train,PRP,B,A,201,1,A,"[""PRP_A_201""]",A,22,O=P(O)(O)OC[C@H]1O[C@H](O[P@](=O)(O)OP(=O)(O)O)[C@H](O)[C@@H]1O,G_96de5ce1de529c641343,,98cba573a48a8e827440e7f6da6cba3b33722e22fe7d7fa5e9f73f11023f8ffe,43dd51adc6a6bfc798dbf6273195163b768fc370f14c5791e2e9732b88bb0fb5,https://files.rcsb.org/download/6DLR.cif
6DLS__PRP__laB__aaA__rs201__m1__altA,6DLS,train,PRP,B,A,201,1,A,"[""PRP_A_201""]",A,22,O=P(O)(O)OC[C@H]1O[C@H](O[P@](=O)(O)OP(=O)(O)O)[C@H](O)[C@@H]1O,G_96de5ce1de529c641343,,f976cb6566bb8081db68b499ab9bd4044f78f44f2e34d44624918e05a33fbb65,1f3f414200faf1b8b9469d5a132445894c563873a6be8bf0ebc139c47906381d,https://files.rcsb.org/download/6DLS.cif
6DLT__PRP__laH__aaA__rs207__m1__altA,6DLT,train,PRP,H,A,207,1,A,"[""PRP_A_207""]",A,22,O=P(O)(O)OC[C@H]1O[C@H](O[P@](=O)(O)OP(=O)(O)O)[C@H](O)[C@@H]1O,G_96de5ce1de529c641343,,2137ba17f0e8ccdbcf9c31dd1e6c2fbebdee91b7b1ad86b1e1ed326122555e86,508df387ac097e95b2da86bfbdd049b4b3526ae549ce3a7eab3c49f722ff689d,https://files.rcsb.org/download/6DLT.cif
6E81__TFX__laB__aaA__rs101__m1__altA,6E81,train,TFX,B,A,101,1,A,"[""TFX_A_101""]",A,20,Cc1ccc2c(c1)sc(-c1ccc(N(C)C)cc1)[n+]2C,G_751558b4043242d86f3d,,0d6a12f9b5f5053ab2799d6652d0ae95131795405f024faabb3600fb1deee751,024105b85e85a2388c4d70724c1704f76204237f384ff0b6e0cfb6f2ce243212,https://files.rcsb.org/download/6E81.cif
6E82__TFX__laC__aaA__rs102__m1__altA,6E82,train,TFX,C,A,102,1,A,"[""TFX_A_102""]",A,20,Cc1ccc2c(c1)sc(-c1ccc(N(C)C)cc1)[n+]2C,G_30a39506a4816edb6c64,,ecc293ff229ae94b74ad3bdcdaf37d0acffb0ff679f206dd02155d99e2111f21,ed1d49c9c87ca15320e56e2788624f6508c79615382954746d8cea52219595b2,https://files.rcsb.org/download/6E82.cif
6E84__J0D__laC__aaA__rs102__m1__alt.,6E84,train,J0D,C,A,102,1,.,"[""J0D_A_102""]",A,22,CN1/C(=C/c2cc[n+](C)c3ccccc23)Sc2ccccc21,G_751558b4043242d86f3d,,b3ca53ce83eb7be1a776febcf304977802f7716843aae1f22be975fba9cbbd9d,35303bf918a9f00781c8a283d445b0b953f4d0f43f09685255152588db5d5a25,https://files.rcsb.org/download/6E84.cif
6E8S__EKJ__laC__aaA__rs101__m1__alt.,6E8S,train,EKJ,C,A,101,1,.,"[""EKJ_A_101""]",A;B,29,COCCNC(=O)C[n+]1c(Cc2cc[n+](C)c3ccccc23)sc2ccccc21,G_860bac04d2e414142a3a,,d70757bdf2d4c9329650f711957290b155dc1e990596bd8fa39364a2ecae3ffa,f2e5e82262b8b21ea8cb627804227c8ce24a6c15e01d10d15b508caec883d161,https://files.rcsb.org/download/6E8S.cif
6E8S__EKJ__laG__aaB__rs101__m1__alt.,6E8S,train,EKJ,G,B,101,1,.,"[""EKJ_B_101""]",A;B,29,COCCNC(=O)C[n+]1c(Cc2cc[n+](C)c3ccccc23)sc2ccccc21,G_860bac04d2e414142a3a,,43334fdf322113425f7c53de42834d40af4b970efc037e0a57b2209c1803a2fd,f2e5e82262b8b21ea8cb627804227c8ce24a6c15e01d10d15b508caec883d161,https://files.rcsb.org/download/6E8S.cif
6E8T__HZG__laE__aaD__rs101__m1__alt.,6E8T,train,HZG,E,D,101,1,.,"[""HZG_D_101""]",A;D,25,CC(=O)C[n+]1c(Cc2cc[n+](C)c3ccccc23)sc2ccccc21,G_85380bb04f765f054d1a,,00550c04b3e0c23bb1192b0d7be1c8a3b4717b655b0dff7b6ad47cd122c89983,41e89ee83680fa5a19a4556d3171b9ba3323a16cbf40197b53f65a1450c2f490,https://files.rcsb.org/download/6E8T.cif
6E8T__HZG__laG__aaC__rs101__m1__alt.,6E8T,train,HZG,G,C,101,1,.,"[""HZG_C_101""]",B;C,25,CC(=O)C[n+]1c(Cc2cc[n+](C)c3ccccc23)sc2ccccc21,G_85380bb04f765f054d1a,,672f2e9c9a02df7df852ae592c699b6ccf121195a9e30552b51e41cf2a08d208,7f651b32319a5b95e0d3716e7e1a36a9fccf127b4ab1ee97ff475a63776355f6,https://files.rcsb.org/download/6E8T.cif
6E8T__HZG__laJ__aaB__rs101__m1__alt.,6E8T,train,HZG,J,B,101,1,.,"[""HZG_B_101""]",B;C;D,25,CC(=O)C[n+]1c(Cc2cc[n+](C)c3ccccc23)sc2ccccc21,G_85380bb04f765f054d1a,,07b92e416a0b431b54e0f5f4fbf50da74992a79630b64aab1d92677cab29db95,e97adc5085e2d3563ac33776673a34a74633153f9b701eb1c6695a07b291c136,https://files.rcsb.org/download/6E8T.cif
6E8T__HZG__laL__aaA__rs101__m1__alt.,6E8T,train,HZG,L,A,101,1,.,"[""HZG_A_101""]",A;D,25,CC(=O)C[n+]1c(Cc2cc[n+](C)c3ccccc23)sc2ccccc21,G_85380bb04f765f054d1a,,7b560adab92afaa65bd47dfb553c7e11c39fc160e867f320811899a509cdd4a1,41e89ee83680fa5a19a4556d3171b9ba3323a16cbf40197b53f65a1450c2f490,https://files.rcsb.org/download/6E8T.cif
6E8U__HZD__laG__aaB__rs106__m1__alt.,6E8U,train,HZD,G,B,106,1,.,"[""HZD_B_106""]",A,52,C[n+]1ccc(Cc2sc3ccccc3[n+]2CC(=O)NCCOCCOCCOCCNC(=O)CCCC[C@H]2SC[C@H]3NC(=O)N[C@H]32)c2ccccc21,G_9372e39e7541855426b2,,dccd0bb0eb0aa45f6b33bcd33e912a973d56445899abf19420182c7586de6d34,845195335e6c99a5250e4922f0f75113a46808d39f5fdc624b2c1fcdade58c56,https://files.rcsb.org/download/6E8U.cif
6FC9__D5B__laB__aaA__rs101__m1__alt.,6FC9,train,D5B,B,A,101,1,.,"[""D5B_A_101""]",A,18,[NH3+]Cc1cccc2cc3cccc(C[NH3+])c3cc12,G_ff22f073e7a9c8691a74,,af0305447e66685a7c1fe1530e1d9f8783029435bac89cb7d518cf9e1b32dd99,361a9aeafb2f0fa7395e4acfd69af8ae54465eade789e0d844fca200f179f396,https://files.rcsb.org/download/6FC9.cif
6GIM__EZK__laE__aaD__rs101__m1__alt.,6GIM,train,EZK,E,D,101,1,.,"[""EZK_D_101""]",A;C;D,28,O=C(Nc1ccc([NH+]=C2NCCN2)c(Cl)c1)c1ccc([NH+]=C2NCCN2)cc1,G_faf33889548a0548cedb,,c9087e1a22efb2cb6f43d91446771ed2d66990893979b47f9963ecd3638909b8,6b9cb86a67e9c44a95bdebefcbc9be328d4ebdaeed6cbce1c5d2bd325c2c3241,https://files.rcsb.org/download/6GIM.cif
6GIM__EZK__laF__aaC__rs101__m1__alt.,6GIM,train,EZK,F,C,101,1,.,"[""EZK_C_101""]",B;C;D,28,O=C(Nc1ccc([NH+]=C2NCCN2)c(Cl)c1)c1ccc([NH+]=C2NCCN2)cc1,G_faf33889548a0548cedb,,af705249fae01e6d842437a76a742aee0579fadffc1ee62eb719d842b4fac08a,07c0a97261e59ae5d70e54c4ef01cf4dcb5a04c63a8caf49cd5b42afea875b0c,https://files.rcsb.org/download/6GIM.cif
6GIM__EZK__laI__aaB__rs101__m1__alt.,6GIM,train,EZK,I,B,101,1,.,"[""EZK_B_101""]",A;B;C;D,28,O=C(Nc1ccc([NH+]=C2NCCN2)c(Cl)c1)c1ccc([NH+]=C2NCCN2)cc1,G_faf33889548a0548cedb,,d0ac62a52494a9f5b3bf1b9a5704f53ad304551fbfab7cec10b2bf32dd89a69b,aa2dffe33a85f776ef7c96bbba0f5998493110cd3ed11ef807e9d46591fc858e,https://files.rcsb.org/download/6GIM.cif
6GZ7__FGW__laC__aaA__rs101__m1__alt.,6GZ7,train,FGW,C,A,101,1,.,"[""FGW_A_101""]",A;B,91,CC(C)n1ccnc1C(=O)Nc1cc(C(=O)Nc2cc(C(=O)Nc3cc(C(=O)NCCCC(=O)Nc4cn(C)c(C(=O)Nc5cc(C(=O)Nc6cc(C(=O)Nc7cc(C(=O)NCCC(=O)NCCC[NH+](C)C)n(C)c7)n(C)c6)n(C)c5)n4)n(C)c3)n(C)c2)n(C)c1,G_327c2a2adc15b73518b0,,ad573ec75d6bb21d978cdf58598e29b62f0e83308f1ba79e751bc3e51f9a197c,23eabe1fc23c8c3878fb780e2dc4b40f8f9b399ddb1abf07eeaf50d488f5fae6,https://files.rcsb.org/download/6GZ7.cif
6GZK__FH8__laB__aaA__rs101__m1__alt.,6GZK,train,FH8,B,A,101,1,.,"[""FH8_A_101""]",A,32,CN(C)c1ccc2c(-c3ccc(C(=O)O)cc3C(=O)O)c3ccc(=[N+](C)C)cc-3oc2c1,G_e570b205c5ce77f45ce3,,b7bd3be46627bffa174cf8a77a22898080f55750defe5e38889f792e236a6491,6b081cba14c0262820e2932371a224e6f79306d7077978318a6ed80e850bc0c8,https://files.rcsb.org/download/6GZK.cif
6GZR__FH8__laB__aaA__rs101__m1__alt.,6GZR,train,FH8,B,A,101,1,.,"[""FH8_A_101""]",A,32,CN(C)c1ccc2c(-c3ccc(C(=O)O)cc3C(=O)O)c3ccc(=[N+](C)C)cc-3oc2c1,G_e570b205c5ce77f45ce3,,14fda3763039d69bf11f5bd6d590223306589489de87087497ab632b2e6da79c,39b91efa6a9ce4b17778d010517e9761e025f5dd258f3e6ea15439dbc7d2397b,https://files.rcsb.org/download/6GZR.cif
6HAG__SAH__laB__aaA__rs101__m1__alt.,6HAG,train,SAH,B,A,101,1,.,"[""SAH_A_101""]",A,26,Nc1ncnc2c1ncn2[C@@H]1O[C@H](CSCC[C@H](N)C(=O)O)[C@@H](O)[C@H]1O,G_09fc3570827476faeeb0,,cbdce8b5c8d1073af25fc067944ab5f71dc46e74a7989843bf4360a8c25e78f9,3ec1eaa768ddbc28a64f98f2cba36df95b5f2589988cb8ae29a6470df73a31e9,https://files.rcsb.org/download/6HAG.cif
6IZP__B2R__laB__aaA__rs101__m1__alt.,6IZP,train,B2R,B,A,101,1,.,"[""B2R_A_101""]",A,37,Cc1ccc2ccc(NC(=O)OCCCNCCCOC(=O)Nc3ccc4ccc(C)nc4n3)nc2n1,G_65b008721d0979c1f99f,,87663ed23a07bf305b33d3e2a13b253c24a041e3703da67305e42cba8c22b194,323e6d60d87b3564fc3c5a5b74865bc715a9c29be10b9008e4265b2c6075d141,https://files.rcsb.org/download/6IZP.cif
6IZP__B2R__laC__aaA__rs102__m1__alt.,6IZP,train,B2R,C,A,102,1,.,"[""B2R_A_102""]",A,37,Cc1ccc2ccc(NC(=O)OCCCNCCCOC(=O)Nc3ccc4ccc(C)nc4n3)nc2n1,G_65b008721d0979c1f99f,,11dabd5ea446b1a293d576039505c58218064bb1df92a2de8ec6506cd266fc70,323e6d60d87b3564fc3c5a5b74865bc715a9c29be10b9008e4265b2c6075d141,https://files.rcsb.org/download/6IZP.cif
6J2W__B2U__laB__aaA__rs101__m1__alt.,6J2W,train,B2U,B,A,101,1,.,"[""B2U_A_101""]",A,28,C[C@@H]1Cc2c(Cl)cc(C(=O)N[C@H](Cc3ccccc3)C(=O)O)c(O)c2C(=O)O1,G_bcdee719161bcc020e17,,7fc2d86b69bcca564bdf1f0b99f279cab919eeef70302f9ed649ea3b01420d9b,e504edadc7e287a11ea0509b0703fdf0a4ccadbd3d61af3ce843dcfa7a3a0180,https://files.rcsb.org/download/6J2W.cif
6JJ0__BO6__laB__aaA__rs101__m1__alt.,6JJ0,train,BO6,B,A,101,1,.,"[""BO6_A_101""]",A,31,C[n+]1ccc(/C=C/c2ccc3[nH]c4ccc(/C=C/c5cc[n+](C)cc5)cc4c3c2)cc1,G_504f11fa1e3278ad1b85,,6670d7829a4f97de788a62f634407fc7f3f1f3bc435b1ba7fbff8e1d8e14978e,bacbe194f2de78dc4a0ffa776ff2c63e8baaca53c6ba3ec9d80b72599d393a47,https://files.rcsb.org/download/6JJ0.cif
6JJH__POH__laB__aaB__rs101__m1__alt.,6JJH,train,POH,B,B,101,1,.,"[""POH_B_101""]",A,52,C[n+]1ccc(-c2c3nc(c(-c4cc[n+](C)cc4)c4ccc([nH]4)c(-c4cc[n+](C)cc4)c4nc(c(-c5cc[n+](C)cc5)c5ccc2[nH]5)C=C4)C=C3)cc1,G_f5b0a27c8867ce1b62ce,,639a2f7a51c66f71db43b6b1bdc6b90fe175bcd0cb683fa3fa5d9f6af8e88885,b501a6e1e5241c512b16db81ff02d84ba915b041a02780e8851b159adf9501a5,https://files.rcsb.org/download/6JJH.cif
6JJH__POH__laC__aaB__rs102__m1__alt.,6JJH,train,POH,C,B,102,1,.,"[""POH_B_102""]",A,52,C[n+]1ccc(-c2c3nc(c(-c4cc[n+](C)cc4)c4ccc([nH]4)c(-c4cc[n+](C)cc4)c4nc(c(-c5cc[n+](C)cc5)c5ccc2[nH]5)C=C4)C=C3)cc1,G_f5b0a27c8867ce1b62ce,,6811c0314d90b40afab0707281ac2f7f99d25c512c7040077b83800c3c5e991a,b501a6e1e5241c512b16db81ff02d84ba915b041a02780e8851b159adf9501a5,https://files.rcsb.org/download/6JJH.cif
6JJI__POH__laE__aaB__rs104__m1__alt.,6JJI,train,POH,E,B,104,1,.,"[""POH_B_104""]",A,52,C[n+]1ccc(-c2c3nc(c(-c4cc[n+](C)cc4)c4ccc([nH]4)c(-c4cc[n+](C)cc4)c4nc(c(-c5cc[n+](C)cc5)c5ccc2[nH]5)C=C4)C=C3)cc1,G_f5b0a27c8867ce1b62ce,,6c0af420179fab73aae4b493e47243edff66b15c92c0b89c80dd3b96d98073fe,927ee89b5bd0000188bc699e9c2589f0f687305f54088fbfdb620fb36db9a333,https://files.rcsb.org/download/6JJI.cif
6K3Y__4BW__laB__aaA__rs101__m1__alt.,6K3Y,train,4BW,B,A,101,1,.,"[""4BW_A_101""]",A,45,Nc1nc2c(ncn2[C@@H]2O[C@@H]3CO[P@](=O)(O)O[C@H]4[C@@H](O)[C@H](n5cnc6c(N)ncnc65)O[C@@H]4CO[P@@](=O)(O)O[C@H]3[C@H]2O)c(=O)[nH]1,G_29644ff7eba1d83fb093,,c61cb5a556e2e21a2d2bdd08f33874e78ba9f8d030b52fec913e693881bdce9e,9655793c4b3341bbfb0872ef762d37642371ea708d8d58fd8906cec91c947744,https://files.rcsb.org/download/6K3Y.cif
6KFL__POH__laG__aaA__rs105__m1__alt.,6KFL,train,POH,G,A,105,1,.,"[""POH_A_105""]",A;B,52,C[n+]1ccc(-c2c3nc(c(-c4cc[n+](C)cc4)c4ccc([nH]4)c(-c4cc[n+](C)cc4)c4nc(c(-c5cc[n+](C)cc5)c5ccc2[nH]5)C=C4)C=C3)cc1,G_22f6f869a2d4d6d632de,,63bfb1e4401b124e3225cd36710443b8f20411e06491525f97d4c116a9973737,0b0b0eebab7b8d16e3a48b73bf6e9aa237a57af61409a56a8336bdddb10ab8ec,https://files.rcsb.org/download/6KFL.cif
6LAS__SAM__laF__aaA__rs101__m1__alt.,6LAS,train,SAM,F,A,101,1,.,"[""SAM_A_101""]",A,27,C[S@@+](CC[C@H](N)C(=O)[O-])C[C@H]1O[C@@H](n2cnc3c(N)ncnc32)[C@H](O)[C@@H]1O,G_a60a38c7c5512b252d06,,01fc8f6b8534a9891943198b43054b2241c3725056431784dfc76d867e5d9b10,1816056516e9b513f18e2d3319ce39586d49afff9ed65d67fd84dfff20402710,https://files.rcsb.org/download/6LAS.cif
6LAS__SAM__laG__aaB__rs101__m1__alt.,6LAS,train,SAM,G,B,101,1,.,"[""SAM_B_101""]",B,27,C[S@@+](CC[C@H](N)C(=O)[O-])C[C@H]1O[C@@H](n2cnc3c(N)ncnc32)[C@H](O)[C@@H]1O,G_a60a38c7c5512b252d06,,4ec0ab6d0701a9ed60fc6367a43eadeeee31107a2918f899487ab74f29185a80,44df69ee8057e590b8ac8a24e6f72fd4fa30b012d888570be4d3dfbe2de615f7,https://files.rcsb.org/download/6LAS.cif
6LAU__SAH__laF__aaA__rs101__m1__alt.,6LAU,train,SAH,F,A,101,1,.,"[""SAH_A_101""]",A,26,Nc1ncnc2c1ncn2[C@@H]1O[C@H](CSCC[C@H](N)C(=O)O)[C@@H](O)[C@H]1O,G_a60a38c7c5512b252d06,,7cd9875e871cee1995496805ac06c562921f2a12d9c31425310dde7246f9981c,9bee8c34712b886aed7ac3a410a4c0478e57ce2d66e83d06528936e9dad09e57,https://files.rcsb.org/download/6LAU.cif
6LAU__SAH__laI__aaB__rs101__m1__alt.,6LAU,train,SAH,I,B,101,1,.,"[""SAH_B_101""]",B,26,Nc1ncnc2c1ncn2[C@@H]1O[C@H](CSCC[C@H](N)C(=O)O)[C@@H](O)[C@H]1O,G_a60a38c7c5512b252d06,,67833f46a483259f9eaf47c9a3b6626d21c469d66e6bd66d223a0ec55f8c5ef3,537498962a74153db380aaafca5cafcfd5c6d39845d41795f80064950dda426d,https://files.rcsb.org/download/6LAU.cif
6LAX__SAM__laF__aaA__rs101__m1__alt.,6LAX,train,SAM,F,A,101,1,.,"[""SAM_A_101""]",A,27,C[S@@+](CC[C@H](N)C(=O)[O-])C[C@H]1O[C@@H](n2cnc3c(N)ncnc32)[C@H](O)[C@@H]1O,G_63d567b2c857002b7834,,74da04a037e6454ad929c6c2ba8a4f724613caeafb5392cb9eb52597a62e1cef,d70cc828639b1dc85a48339571a81d9f0a0608f66801b5a96ac85ef513f6c7b1,https://files.rcsb.org/download/6LAX.cif
6LAX__SAM__laG__aaB__rs101__m1__alt.,6LAX,train,SAM,G,B,101,1,.,"[""SAM_B_101""]",E,27,C[S@@+](CC[C@H](N)C(=O)[O-])C[C@H]1O[C@@H](n2cnc3c(N)ncnc32)[C@H](O)[C@@H]1O,G_63d567b2c857002b7834,,b73851539cd549cc087ccc97d5d6a9d955f12e5b538303108b5b6a619946e195,271672fd0bfd889dae0e0e3516f6e9a0fa0f2628a89d92ac982744e1634486c9,https://files.rcsb.org/download/6LAX.cif
6LAZ__E7X__laG__aaA__rs102__m1__alt.,6LAZ,train,E7X,G,A,102,1,.,"[""E7X_A_102""]",A,29,Nc1ncnc2c1ncn2[C@@H]1O[C@H](CN(CCO)CC[C@H]([NH3+])C(=O)[O-])[C@@H](O)[C@H]1O,G_a60a38c7c5512b252d06,,4514ee1d430a183da6a0230976b49e53d6464f4883861e51b0f31350f4c94d35,39fa77bf9bb19fde27b2e37a52fbcf9fc5a1ea58d45b133f4e452b195e9fd227,https://files.rcsb.org/download/6LAZ.cif
6LAZ__E7X__laH__aaB__rs101__m1__alt.,6LAZ,train,E7X,H,B,101,1,.,"[""E7X_B_101""]",B,29,Nc1ncnc2c1ncn2[C@@H]1O[C@H](CN(CCO)CC[C@H]([NH3+])C(=O)[O-])[C@@H](O)[C@H]1O,G_a60a38c7c5512b252d06,,3409aae7096f21a05dc95256c9c72107dacf7a5cc8006c19bb7487baede5ff7b,f954e96829a52bdeab7cd0642f9c43d5e0f08759c34dbd3a18664e799c5eb6e5,https://files.rcsb.org/download/6LAZ.cif
6M4T__F1R__laG__aaA__rs103__m1__alt.,6M4T,train,F1R,G,A,103,1,.,"[""F1R_A_103""]",A;B;C;D,31,COc1ccc2nc3cc(Cl)ccc3c(NCCCCNc3nc(N)nc(N)n3)c2c1,G_c8ecaa194a59138a6d96,,ed92d89dc50e5105d38d21cfd93975dce5e891bb755e95622f30bc1e74f4b439,4df0d971e146fcc28c92c369117f2115050c090498ed628d204093474cb2c1c9,https://files.rcsb.org/download/6M4T.cif
6M4T__F1R__laJ__aaB__rs103__m1__alt.,6M4T,train,F1R,J,B,103,1,.,"[""F1R_B_103""]",A;B;C;D,31,COc1ccc2nc3cc(Cl)ccc3c(NCCCCNc3nc(N)nc(N)n3)c2c1,G_c8ecaa194a59138a6d96,,509839e7737d6959d259da7006a6671b632d2cb0e447abf26853066f42955bd8,4df0d971e146fcc28c92c369117f2115050c090498ed628d204093474cb2c1c9,https://files.rcsb.org/download/6M4T.cif
6M4T__F1R__laK__aaC__rs101__m1__alt.,6M4T,train,F1R,K,C,101,1,.,"[""F1R_C_101""]",A;B;C;D,31,COc1ccc2nc3cc(Cl)ccc3c(NCCCCNc3nc(N)nc(N)n3)c2c1,G_c8ecaa194a59138a6d96,,e055070a3de1673566c83b8ce0acecc67e7f8ce56062ad48fcd9142bfa7c9810,4df0d971e146fcc28c92c369117f2115050c090498ed628d204093474cb2c1c9,https://files.rcsb.org/download/6M4T.cif
6M4T__F1R__laL__aaD__rs101__m1__alt.,6M4T,train,F1R,L,D,101,1,.,"[""F1R_D_101""]",A;B;C;D,31,COc1ccc2nc3cc(Cl)ccc3c(NCCCCNc3nc(N)nc(N)n3)c2c1,G_c8ecaa194a59138a6d96,,a6969464dea0dcb45c3b2c130ad8cc6f0012a4510258ff28b2a5d9c2fed93faf,4df0d971e146fcc28c92c369117f2115050c090498ed628d204093474cb2c1c9,https://files.rcsb.org/download/6M4T.cif
6M5J__F1R__laG__aaA__rs103__m1__alt.,6M5J,train,F1R,G,A,103,1,.,"[""F1R_A_103""]",A;B;C;D,31,COc1ccc2nc3cc(Cl)ccc3c(NCCCCNc3nc(N)nc(N)n3)c2c1,G_9320227a614bac60531f,,c602a9fadf8fb56aaf03494c49ec878bcf7c077a3b6eecfe3b875090531fb610,3ccda850a87af63c04d86029668f111fb78aca3e8f416e780b9ceacfea5d0705,https://files.rcsb.org/download/6M5J.cif
6M5J__F1R__laJ__aaB__rs103__m1__alt.,6M5J,train,F1R,J,B,103,1,.,"[""F1R_B_103""]",A;B;C;D,31,COc1ccc2nc3cc(Cl)ccc3c(NCCCCNc3nc(N)nc(N)n3)c2c1,G_9320227a614bac60531f,,c95456194b69aeb363e22851cb82bd613eb607edf34826b72019b12e184b6059,3ccda850a87af63c04d86029668f111fb78aca3e8f416e780b9ceacfea5d0705,https://files.rcsb.org/download/6M5J.cif
6M5J__F1R__laK__aaC__rs101__m1__alt.,6M5J,train,F1R,K,C,101,1,.,"[""F1R_C_101""]",A;B;C;D,31,COc1ccc2nc3cc(Cl)ccc3c(NCCCCNc3nc(N)nc(N)n3)c2c1,G_9320227a614bac60531f,,f0a4ac3cdcc74aa4881bb6a1d39abd0252a9c7fdae66b0830578da9b173ac3d3,3ccda850a87af63c04d86029668f111fb78aca3e8f416e780b9ceacfea5d0705,https://files.rcsb.org/download/6M5J.cif
6M5J__F1R__laL__aaD__rs101__m1__alt.,6M5J,train,F1R,L,D,101,1,.,"[""F1R_D_101""]",A;B;C;D,31,COc1ccc2nc3cc(Cl)ccc3c(NCCCCNc3nc(N)nc(N)n3)c2c1,G_9320227a614bac60531f,,c35b777014ee9d65476e5cb0cb1be01a0fdbcc451f70ed86b162dc910d128c23,3ccda850a87af63c04d86029668f111fb78aca3e8f416e780b9ceacfea5d0705,https://files.rcsb.org/download/6M5J.cif
6N5K__2BA__laB__aaA__rs201__m1__alt.,6N5K,train,2BA,B,A,201,1,.,"[""2BA_A_201""]",A,44,Nc1ncnc2c1ncn2[C@@H]1O[C@@H]2CO[P@@](=O)(O)O[C@H]3[C@@H](O)[C@H](n4cnc5c(N)ncnc54)O[C@@H]3CO[P@@](=O)(O)O[C@H]2[C@H]1O,G_1b409084228d7ed828cb,,6bc1d32de6d5b54121d9256d9a5566add8f285c49ea25dedb8702b948bee18db,1826998cc33acf47c6698f1af19b1b9ff82a1ea95aa63faa23742dbd790147b9,https://files.rcsb.org/download/6N5K.cif
6N5K__2BA__laC__aaA__rs202__m1__alt.,6N5K,train,2BA,C,A,202,1,.,"[""2BA_A_202""]",A,44,Nc1ncnc2c1ncn2[C@@H]1O[C@@H]2CO[P@@](=O)(O)O[C@H]3[C@@H](O)[C@H](n4cnc5c(N)ncnc54)O[C@@H]3CO[P@@](=O)(O)O[C@H]2[C@H]1O,G_1b409084228d7ed828cb,,38ea816623d51d93a5212db924b5597477bd72f017cd219d106421259846cdee,1826998cc33acf47c6698f1af19b1b9ff82a1ea95aa63faa23742dbd790147b9,https://files.rcsb.org/download/6N5K.cif
6N5N__2BA__laB__aaA__rs201__m1__alt.,6N5N,train,2BA,B,A,201,1,.,"[""2BA_A_201""]",A,44,Nc1ncnc2c1ncn2[C@@H]1O[C@@H]2CO[P@@](=O)(O)O[C@H]3[C@@H](O)[C@H](n4cnc5c(N)ncnc54)O[C@@H]3CO[P@@](=O)(O)O[C@H]2[C@H]1O,G_5784fb1c077ab6bfe52b,,6de6adc4ace1382feac2115a778057f5aa12e0dde868412e313baaca837c9a20,ed6d6b797fd3faeae37ba0bbd8acb918f1e0f61027a24acca412e096a110ed32,https://files.rcsb.org/download/6N5N.cif
6N5N__2BA__laC__aaA__rs202__m1__alt.,6N5N,train,2BA,C,A,202,1,.,"[""2BA_A_202""]",A,44,Nc1ncnc2c1ncn2[C@@H]1O[C@@H]2CO[P@@](=O)(O)O[C@H]3[C@@H](O)[C@H](n4cnc5c(N)ncnc54)O[C@@H]3CO[P@@](=O)(O)O[C@H]2[C@H]1O,G_5784fb1c077ab6bfe52b,,0ccce51956dc827ff5863d9a5508f89b9527e222f1d2097acbf33877646e176a,ed6d6b797fd3faeae37ba0bbd8acb918f1e0f61027a24acca412e096a110ed32,https://files.rcsb.org/download/6N5N.cif
6N5O__2BA__laB__aaA__rs201__m1__alt.,6N5O,train,2BA,B,A,201,1,.,"[""2BA_A_201""]",A,44,Nc1ncnc2c1ncn2[C@@H]1O[C@@H]2CO[P@@](=O)(O)O[C@H]3[C@@H](O)[C@H](n4cnc5c(N)ncnc54)O[C@@H]3CO[P@@](=O)(O)O[C@H]2[C@H]1O,G_418b5c9f3bedd929da71,,94ff793ab6fa35794f375c31f137bdf01ef8aaefa0cf20a925668d4f66c719dd,4bb6735c1374e1ebc05b02f4afc17cc49190e9ecab00bfcd7836b9fd58fe37e5,https://files.rcsb.org/download/6N5O.cif
6N5O__2BA__laC__aaA__rs202__m1__alt.,6N5O,train,2BA,C,A,202,1,.,"[""2BA_A_202""]",A,44,Nc1ncnc2c1ncn2[C@@H]1O[C@@H]2CO[P@@](=O)(O)O[C@H]3[C@@H](O)[C@H](n4cnc5c(N)ncnc54)O[C@@H]3CO[P@@](=O)(O)O[C@H]2[C@H]1O,G_418b5c9f3bedd929da71,,cde78bb61c4a0ca38849f46d420d9bf3bec805be69c003d8219f4046c3263ab7,4bb6735c1374e1ebc05b02f4afc17cc49190e9ecab00bfcd7836b9fd58fe37e5,https://files.rcsb.org/download/6N5O.cif
6N5P__2BA__laB__aaA__rs201__m1__alt.,6N5P,train,2BA,B,A,201,1,.,"[""2BA_A_201""]",A,44,Nc1ncnc2c1ncn2[C@@H]1O[C@@H]2CO[P@@](=O)(O)O[C@H]3[C@@H](O)[C@H](n4cnc5c(N)ncnc54)O[C@@H]3CO[P@@](=O)(O)O[C@H]2[C@H]1O,G_071fee1f690070f75483,,4739ed43b0baeafa49bd39f620e0369674ee5f2ce77196dcc12b708a30cf2ef0,030c8eef544e735adcf4cdfd915dca2a9fe50900e200ce9a20457ca9c3808a35,https://files.rcsb.org/download/6N5P.cif
6N5P__2BA__laC__aaA__rs202__m1__alt.,6N5P,train,2BA,C,A,202,1,.,"[""2BA_A_202""]",A,44,Nc1ncnc2c1ncn2[C@@H]1O[C@@H]2CO[P@@](=O)(O)O[C@H]3[C@@H](O)[C@H](n4cnc5c(N)ncnc54)O[C@@H]3CO[P@@](=O)(O)O[C@H]2[C@H]1O,G_071fee1f690070f75483,,42b2595ba84340c31b034957247ae48b0d555c91358eaf6b868682624d4099ea,030c8eef544e735adcf4cdfd915dca2a9fe50900e200ce9a20457ca9c3808a35,https://files.rcsb.org/download/6N5P.cif
6N5Q__2BA__laB__aaA__rs201__m1__alt.,6N5Q,train,2BA,B,A,201,1,.,"[""2BA_A_201""]",A,44,Nc1ncnc2c1ncn2[C@@H]1O[C@@H]2CO[P@@](=O)(O)O[C@H]3[C@@H](O)[C@H](n4cnc5c(N)ncnc54)O[C@@H]3CO[P@@](=O)(O)O[C@H]2[C@H]1O,G_ff73e9fc274938020167,,de51c2089f72ac197331ab7a75f309b6e83b602b996826e71ff87ec18dc2b56e,c5c03f1c4f33893dbbdbc90f83453a679c651931538916f4cafe6faa6fb1b7fb,https://files.rcsb.org/download/6N5Q.cif
6N5Q__2BA__laC__aaA__rs202__m1__alt.,6N5Q,train,2BA,C,A,202,1,.,"[""2BA_A_202""]",A,44,Nc1ncnc2c1ncn2[C@@H]1O[C@@H]2CO[P@@](=O)(O)O[C@H]3[C@@H](O)[C@H](n4cnc5c(N)ncnc54)O[C@@H]3CO[P@@](=O)(O)O[C@H]2[C@H]1O,G_ff73e9fc274938020167,,6444b3c095b00168efaef4fb809b3a84997c8cd47ab8136ad4bb8a228e28be44,c5c03f1c4f33893dbbdbc90f83453a679c651931538916f4cafe6faa6fb1b7fb,https://files.rcsb.org/download/6N5Q.cif
6N5S__2BA__laC__aaA__rs202__m1__alt.,6N5S,train,2BA,C,A,202,1,.,"[""2BA_A_202""]",A,44,Nc1ncnc2c1ncn2[C@@H]1O[C@@H]2CO[P@@](=O)(O)O[C@H]3[C@@H](O)[C@H](n4cnc5c(N)ncnc54)O[C@@H]3CO[P@@](=O)(O)O[C@H]2[C@H]1O,G_443c8fdb80a34d39361b,,419d720b907fe56efe207bf0a71f0378de08232374b1e95c28409803682e7b2e,3037a3cb477176e53122c65df26a806e0925587d94b96e14ccf80073eeac6677,https://files.rcsb.org/download/6N5S.cif
6N5S__2BA__laD__aaA__rs203__m1__alt.,6N5S,train,2BA,D,A,203,1,.,"[""2BA_A_203""]",A,44,Nc1ncnc2c1ncn2[C@@H]1O[C@@H]2CO[P@@](=O)(O)O[C@H]3[C@@H](O)[C@H](n4cnc5c(N)ncnc54)O[C@@H]3CO[P@@](=O)(O)O[C@H]2[C@H]1O,G_443c8fdb80a34d39361b,,20de0570ba0e091807b4addd18d90ecbd4e62fb5b92844d8a745aef6e683387c,3037a3cb477176e53122c65df26a806e0925587d94b96e14ccf80073eeac6677,https://files.rcsb.org/download/6N5S.cif
6N5T__2BA__laB__aaA__rs201__m1__alt.,6N5T,train,2BA,B,A,201,1,.,"[""2BA_A_201""]",A,44,Nc1ncnc2c1ncn2[C@@H]1O[C@@H]2CO[P@@](=O)(O)O[C@H]3[C@@H](O)[C@H](n4cnc5c(N)ncnc54)O[C@@H]3CO[P@@](=O)(O)O[C@H]2[C@H]1O,G_b73543af39a03d688399,,b460affb3b120e5ead5056861d0195fec7ec4123e7c00b2bdc5352a67985d2ec,e76d11b767ee3aaad974d717dbcb88addf652d74804832b7d3ce61dfd3fc2b33,https://files.rcsb.org/download/6N5T.cif
6N5T__2BA__laC__aaA__rs202__m1__alt.,6N5T,train,2BA,C,A,202,1,.,"[""2BA_A_202""]",A,44,Nc1ncnc2c1ncn2[C@@H]1O[C@@H]2CO[P@@](=O)(O)O[C@H]3[C@@H](O)[C@H](n4cnc5c(N)ncnc54)O[C@@H]3CO[P@@](=O)(O)O[C@H]2[C@H]1O,G_b73543af39a03d688399,,54afb41eca5b9099b4dd29f4f663269a387d3418a625edf34444bf381ac3904b,e76d11b767ee3aaad974d717dbcb88addf652d74804832b7d3ce61dfd3fc2b33,https://files.rcsb.org/download/6N5T.cif
6O2L__BO6__laB__aaA__rs101__m1__alt.,6O2L,train,BO6,B,A,101,1,.,"[""BO6_A_101""]",A,31,C[n+]1ccc(/C=C/c2ccc3[nH]c4ccc(/C=C/c5cc[n+](C)cc5)cc4c3c2)cc1,G_504f11fa1e3278ad1b85,,c27aee3911198178bcb1d6a01b11cec6de1d479ff6b1ea33c400a7111b256b94,b8d115047125b9e2df4525cd46714d1a72a9515f66612e78069584144a9da6ec,https://files.rcsb.org/download/6O2L.cif
6O2L__BO6__laC__aaA__rs102__m1__alt.,6O2L,train,BO6,C,A,102,1,.,"[""BO6_A_102""]",A,31,C[n+]1ccc(/C=C/c2ccc3[nH]c4ccc(/C=C/c5cc[n+](C)cc5)cc4c3c2)cc1,G_504f11fa1e3278ad1b85,,92b7e0dc9b8594d86b8314b020b86b9547e6b7159813d3b9d99128fb6786432d,b8d115047125b9e2df4525cd46714d1a72a9515f66612e78069584144a9da6ec,https://files.rcsb.org/download/6O2L.cif
6OD9__AMZ__laD__aaA__rs102__m1__alt.,6OD9,train,AMZ,D,A,102,1,.,"[""AMZ_A_102""]",A,22,NC(=O)c1ncn([C@@H]2O[C@H](COP(=O)(O)O)[C@@H](O)[C@H]2O)c1N,G_2870177277d647729653,,87e111606ae923cf7648f66fc5afb965e10d9a101dfbcdd9fdfcfc535583bb67,a9284991e99f35e13d70b7cd07b0f014f35e57e850f335bc9a26035bbf479edf,https://files.rcsb.org/download/6OD9.cif
6OD9__AMZ__laI__aaB__rs102__m1__alt.,6OD9,train,AMZ,I,B,102,1,.,"[""AMZ_B_102""]",B,22,NC(=O)c1ncn([C@@H]2O[C@H](COP(=O)(O)O)[C@@H](O)[C@H]2O)c1N,G_2870177277d647729653,,e62892118b48ac126dd51f9fe7b196a32c10013b0410904093937c324d1ec7ca,e4f79375b7f48df2beac1c2288750bbb9d36a25eb56165bffea2e4851d33bbf1,https://files.rcsb.org/download/6OD9.cif
6OZK__TLA__laS__aaD__rs101__m1__alt.,6OZK,train,TLA,S,D,101,1,.,"[""TLA_D_101""]",C;D,10,O=C(O)[C@H](O)[C@@H](O)C(=O)O,G_22794a0eaa1866c5cf5d,,5626ca277bce12388fb91b9e19e5e9cc9984aa017e7c18f4d080dfe2f6a06a95,3e77c66bf41c5f38fed97d1c48697cf34ef8cd9f6f9fdfd6dbc6ca6b754bbc3a,https://files.rcsb.org/download/6OZK.cif
6OZL__TLA__laN__aaD__rs101__m1__alt.,6OZL,train,TLA,N,D,101,1,.,"[""TLA_D_101""]",C;D,10,O=C(O)[C@H](O)[C@@H](O)C(=O)O,G_22794a0eaa1866c5cf5d,,5b66c5b8058c803141bf0a74ca8362d8c0884e1264d20a61f89671fa23dec975,b3a1a4df54b149acf31562009e2976b7ce62ca44638c43641ed788ee0e701a41,https://files.rcsb.org/download/6OZL.cif
6QIR__J48__laE__aaA__rs101__m1__alt.,6QIR,train,J48,E,A,101,1,.,"[""J48_A_101""]",A;B;C,37,O=C1Nc2ccc3ccc(nc3n2)C[NH2+]Cc2ccc3ccc(nc3n2)NC(=O)OCC/C=C/CCO1,G_bd2914520746262ff6cd,,d727f534a903c8292b813b3ffd6eb518aff77f0c3ecacafb77718b9f1d12fdf7,b14cbd61a8339520a4ff3e2384fb12209fd87b01494f5919ff9ac00b4139980a,https://files.rcsb.org/download/6QIR.cif
6QIR__J48__laF__aaA__rs102__m1__alt.,6QIR,train,J48,F,A,102,1,.,"[""J48_A_102""]",A;B;C,37,O=C1Nc2ccc3ccc(nc3n2)C[NH2+]Cc2ccc3ccc(nc3n2)NC(=O)OCC/C=C/CCO1,G_bd2914520746262ff6cd,,3b93a679e284eed9127c576ae7ac3aec1640ad55d64c643210e0ec11ee981532,b14cbd61a8339520a4ff3e2384fb12209fd87b01494f5919ff9ac00b4139980a,https://files.rcsb.org/download/6QIR.cif
6QIR__J48__laG__aaC__rs101__m1__alt.,6QIR,train,J48,G,C,101,1,.,"[""J48_C_101""]",B;C;D,37,O=C1Nc2ccc3ccc(nc3n2)C[NH2+]Cc2ccc3ccc(nc3n2)NC(=O)OCC/C=C/CCO1,G_bd2914520746262ff6cd,,ed20418c256a4158bc00290047fe4d78e8ae7d11dd174953f3f2099a7dfa826f,011ecf766519aaf607ee0ae5e17bf37afda472fc940a7cee80728b4c58b60d87,https://files.rcsb.org/download/6QIR.cif
6QIR__J48__laH__aaD__rs101__m1__alt.,6QIR,train,J48,H,D,101,1,.,"[""J48_D_101""]",B;C;D,37,O=C1Nc2ccc3ccc(nc3n2)C[NH2+]Cc2ccc3ccc(nc3n2)NC(=O)OCC/C=C/CCO1,G_bd2914520746262ff6cd,,5ec40ff7c4cb5d1e8cd89d5f5adcd89f842db6ff5ae5141ff52ca121f38721b9,011ecf766519aaf607ee0ae5e17bf37afda472fc940a7cee80728b4c58b60d87,https://files.rcsb.org/download/6QIR.cif
6QIS__J48__laI__aaA__rs101__m1__alt.,6QIS,train,J48,I,A,101,1,.,"[""J48_A_101""]",A;B;E;G;H,37,O=C1Nc2ccc3ccc(nc3n2)C[NH2+]Cc2ccc3ccc(nc3n2)NC(=O)OCC/C=C/CCO1,G_3100abf53dd20c748e52,,8e0b8a0fea320284a0517f0f6819ea8d2a253e275347f2664f99e8c995969fb3,599b480152db962563fab5bc566bc44aee53ad1f6f8ed495d5c7162542a0afd8,https://files.rcsb.org/download/6QIS.cif
6QIS__J48__laJ__aaB__rs101__m1__alt.,6QIS,train,J48,J,B,101,1,.,"[""J48_B_101""]",A;B;E;G;H,37,O=C1Nc2ccc3ccc(nc3n2)C[NH2+]Cc2ccc3ccc(nc3n2)NC(=O)OCC/C=C/CCO1,G_3100abf53dd20c748e52,,c534a3fbd3ede05f67db2f309d4a75e8f835f21b5a6f4e8f71ea51cddcfb7d5d,599b480152db962563fab5bc566bc44aee53ad1f6f8ed495d5c7162542a0afd8,https://files.rcsb.org/download/6QIS.cif
6QIS__J48__laK__aaC__rs101__m1__alt.,6QIS,train,J48,K,C,101,1,.,"[""J48_C_101""]",A;C;D;E;F;G;H,37,O=C1Nc2ccc3ccc(nc3n2)C[NH2+]Cc2ccc3ccc(nc3n2)NC(=O)OCC/C=C/CCO1,G_3100abf53dd20c748e52,,de103f57c270d381b78a38a68c9a9add0346586df5b938d66740d305f54379a7,76aac72e5e28513f89f689d3a37f99af289507d324423df8cd5928beb53ddc3e,https://files.rcsb.org/download/6QIS.cif
6QIS__J48__laL__aaC__rs102__m1__alt.,6QIS,train,J48,L,C,102,1,.,"[""J48_C_102""]",A;C;D;E;F;H,37,O=C1Nc2ccc3ccc(nc3n2)C[NH2+]Cc2ccc3ccc(nc3n2)NC(=O)OCC/C=C/CCO1,G_3100abf53dd20c748e52,,2ba4783ce340ca7c1181fa127a0420e583dfca8a2f32600cc3ed70e23f4da78f,3a9a2caf86e21b1e524518d45ac67032d8394be0c68a63ef5bb652f9effaed84,https://files.rcsb.org/download/6QIS.cif
6QIS__J48__laN__aaE__rs101__m1__alt.,6QIS,train,J48,N,E,101,1,.,"[""J48_E_101""]",A;C;D;E;F;H,37,O=C1Nc2ccc3ccc(nc3n2)C[NH2+]Cc2ccc3ccc(nc3n2)NC(=O)OCC/C=C/CCO1,G_3100abf53dd20c748e52,,5a17380a8a42835c0993e3fa45ce1cbc63e8ef3069c5dc64d1e4fa57d7a32f0d,3a9a2caf86e21b1e524518d45ac67032d8394be0c68a63ef5bb652f9effaed84,https://files.rcsb.org/download/6QIS.cif
6QIS__J48__laO__aaE__rs102__m1__altB,6QIS,train,J48,O,E,102,1,B,"[""J48_E_102""]",A;C;D;E;F,37,O=C1Nc2ccc3ccc(nc3n2)C[NH2+]Cc2ccc3ccc(nc3n2)NC(=O)OCC/C=C/CCO1,G_3100abf53dd20c748e52,,3c8907ba997fe48ee9da670e50163695dd10980f5f689aa02aa7f181fd098fb7,87d5809d7bb7ea255e20a39dfbcb904f981ad69223c040705c67d35871a7c85f,https://files.rcsb.org/download/6QIS.cif
6QIS__J48__laP__aaG__rs101__m1__alt.,6QIS,train,J48,P,G,101,1,.,"[""J48_G_101""]",A;B;D;E;G;H,37,O=C1Nc2ccc3ccc(nc3n2)C[NH2+]Cc2ccc3ccc(nc3n2)NC(=O)OCC/C=C/CCO1,G_3100abf53dd20c748e52,,6989f7e85140d31ef4d0958a88aaf2174c250ea273ff100e35ce2867acb9a769,1169e8193df1d579d97163fdad39600732bb735933f59e47f74d5c08f0aebe5b,https://files.rcsb.org/download/6QIS.cif
6QIS__J48__laQ__aaH__rs101__m1__alt.,6QIS,train,J48,Q,H,101,1,.,"[""J48_H_101""]",A;B;C;D;G;H,37,O=C1Nc2ccc3ccc(nc3n2)C[NH2+]Cc2ccc3ccc(nc3n2)NC(=O)OCC/C=C/CCO1,G_3100abf53dd20c748e52,,37c7510e73f7fc466ae44ac87bbf48915ff08102193ffe3aa5a6e67086f63c22,a46e994e9404d558d507f6db5aad80365a0d392b4e27df4534dd585b37b28fd4,https://files.rcsb.org/download/6QIS.cif
6QIT__J48__laE__aaA__rs101__m1__altA,6QIT,train,J48,E,A,101,1,A,"[""J48_A_101""]",A;B;C;D,37,O=C1Nc2ccc3ccc(nc3n2)C[NH2+]Cc2ccc3ccc(nc3n2)NC(=O)OCC/C=C\CCO1,G_671e19d7c2470433ebc8,,53b8ae33678d8e1ba87d303026da1b207cdc0f23aadde8ec720d1fa720587676,7145ae0324a3f0f3f689cd3580985757392c37b52ceb4bca762ae266e5302bb1,https://files.rcsb.org/download/6QIT.cif
6QIT__J48__laF__aaA__rs102__m1__altA,6QIT,train,J48,F,A,102,1,A,"[""J48_A_102""]",A;B;C;D,37,O=C1Nc2ccc3ccc(nc3n2)C[NH2+]Cc2ccc3ccc(nc3n2)NC(=O)OCC/C=C\CCO1,G_671e19d7c2470433ebc8,,31ffb41ca2aa5834016aa3645f75de0ebd9ae24b86d9429a1095b57e9ec1812b,7145ae0324a3f0f3f689cd3580985757392c37b52ceb4bca762ae266e5302bb1,https://files.rcsb.org/download/6QIT.cif
6QIT__J48__laG__aaC__rs101__m1__alt.,6QIT,train,J48,G,C,101,1,.,"[""J48_C_101""]",A;B;C;D,37,O=C1Nc2ccc3ccc(nc3n2)C[NH2+]Cc2ccc3ccc(nc3n2)NC(=O)OCC/C=C\CCO1,G_671e19d7c2470433ebc8,,348fffe74033d06a4eb7efb819109162f473c5d297df97ade165245d44654991,7145ae0324a3f0f3f689cd3580985757392c37b52ceb4bca762ae266e5302bb1,https://files.rcsb.org/download/6QIT.cif
6QIT__J48__laH__aaD__rs101__m1__altA,6QIT,train,J48,H,D,101,1,A,"[""J48_D_101""]",A;B;C;D,37,O=C1Nc2ccc3ccc(nc3n2)C[NH2+]Cc2ccc3ccc(nc3n2)NC(=O)OCC/C=C\CCO1,G_671e19d7c2470433ebc8,,5d7827351d1d6d0375f397c2cea524c4420c736b9137ca4c2d794eddf3286ec7,7145ae0324a3f0f3f689cd3580985757392c37b52ceb4bca762ae266e5302bb1,https://files.rcsb.org/download/6QIT.cif
6RIO__K4Z__laC__aaA__rs101__m1__alt.,6RIO,train,K4Z,C,A,101,1,.,"[""K4Z_A_101""]",A;B,90,Cn1cc(NC(=O)c2cc(NC(=O)c3cc(NC(=O)c4nc(NC(=O)[C@H]([NH3+])CCNC(=O)c5cc(NC(=O)c6cc(NC(=O)c7cc(NC(=O)c8nccn8C)cn7C)cn6C)cn5C)cn4C)cn3C)cn2C)cc1C(=O)NCCC(=O)NCCC[NH+](C)C,G_f3c467e6cfdb57c77b06,,f00d428b596f626d989da3dfb8ea5050d2fedc7512442e4788649ab6cbd45f07,d78cb21164d00037594e36dfbe5d492bd7efd80e073185f6bd87004289bbf7f8,https://files.rcsb.org/download/6RIO.cif
6SX3__LWQ__laB__aaA__rs101__m1__alt.,6SX3,train,LWQ,B,A,101,1,.,"[""LWQ_A_101""]",A,34,C[n+]1cc(NC(=O)c2cccc(C(=O)Nc3cc4ccccc4[n+](C)c3)n2)cc2ccccc21,G_cdc9f3fbb3c1118e9717,,fdda9e9a804787bfc3df6c98aac71ba3ac9dccfccb410a724852f37d8bce90c9,9db4d6b1416a754543b8f232bb8a38c7b64db60ff3f396ee35db86d5b13eb7db,https://files.rcsb.org/download/6SX3.cif
6TB7__AMP__laB__aaA__rs101__m1__alt.,6TB7,train,AMP,B,A,101,1,.,"[""AMP_A_101""]",A,23,Nc1ncnc2c1ncn2[C@@H]1O[C@H](COP(=O)(O)O)[C@@H](O)[C@H]1O,G_51c41abf3066426a10dd,,a0b784bea0b396e8eb0ae27712e9848c9bb9270a1a9604e09556904a6d503113,4d4059b4d9b0d6cbd20729724371857bc984af6644e3d153ac7b9f8334afa914,https://files.rcsb.org/download/6TB7.cif
6TF1__ADP__laJ__aaA__rs109__m1__alt.,6TF1,train,ADP,J,A,109,1,.,"[""ADP_A_109""]",A,27,Nc1ncnc2c1ncn2[C@@H]1O[C@H](CO[P@](=O)(O)OP(=O)(O)O)[C@@H](O)[C@H]1O,G_51c41abf3066426a10dd,,d3c7155a29d9f6c500adf3b25ec919bde8e33c3eea9c3b9658f00c36b0bb909c,77c26728262b5cef45f8cf391855a7ccf55138e3584ce9465da4880b81e7e603,https://files.rcsb.org/download/6TF1.cif
6TF2__ATP__laJ__aaA__rs109__m1__alt.,6TF2,train,ATP,J,A,109,1,.,"[""ATP_A_109""]",A,31,Nc1ncnc2c1ncn2[C@@H]1O[C@H](CO[P@@](=O)(O)O[P@](=O)(O)OP(=O)(O)O)[C@@H](O)[C@H]1O,G_51c41abf3066426a10dd,,d7925b88a0caa4a89621312cc58b262a0a1b7d42b8887af195e2630edafceee0,55e28e583cf79d131d2f72533ee26c1fcd4747791d921eac83730ae338b8fef3,https://files.rcsb.org/download/6TF2.cif
6TFE__N6E__laR__aaA__rs117__m1__alt.,6TFE,train,N6E,R,A,117,1,.,"[""N6E_A_117""]",A,32,CNc1ncnc2c1ncn2[C@@H]1O[C@H](CO[P@](=O)(O)O[P@@](=O)(O)OP(=O)(O)O)[C@@H](O)[C@H]1O,G_51c41abf3066426a10dd,,42e13a6a9781f369cfa381951e4cbfadc239dcb4ca465a1976ffe0463eb3677a,aef9a1fe3ada8dc3c7973aa969da44ee517dc8fcf7c35b4fa8ea9ea5f2d19ed7,https://files.rcsb.org/download/6TFE.cif
6TFG__PPS__laM__aaA__rs112__m1__alt.,6TFG,train,PPS,M,A,112,1,.,"[""PPS_A_112""]",A,31,Nc1ncnc2c1ncn2[C@@H]1O[C@H](CO[P@](=O)(O)OS(=O)(=O)O)[C@@H](OP(=O)(O)O)[C@H]1O,G_51c41abf3066426a10dd,,b4e188097e4aa8808eaadb4042e0ef8bc246b789799fc96b02417e6663c28eb5,4269372a177c7c5f87b2a6bbc118d26826fbd84a37069cd3893f4582d06474e9,https://files.rcsb.org/download/6TFG.cif
6U8F__TG__laC__aaA__rs101__m1__alt.,6U8F,train,TG,C,A,101,1,.,"[""TG_A_101""]",A;B,22,Nc1nc2c(ncn2[C@@H]2OC[C@H](O[PH](=O)(=O)O)[C@H]2O)c(=O)[nH]1,G_32277f55ad76c06936f8,,45d8b483e2c9d83021acca04e84f45d2ab2deb76f6df94bee14d8e93c9173b42,6e5d9e7afe4ef2a70c4d81409bd449b2214d763dc5de46c8543e37b83315e5d7,https://files.rcsb.org/download/6U8F.cif
6UP0__YO3__laF__aaC__rs104__m1__alt.,6UP0,train,YO3,F,C,104,1,.,"[""YO3_C_104""]",A,24,CN1C=C/C(=C\C=C\c2oc3ccccc3[n+]2C)c2ccccc21,G_e57ac5d221d517a4daf6,,807a5765b95199b4f5406394da8140ba353f01ceadca7e9e2aae2c9fd7404382,911f56cfb3f83105f2ffee0f78ec797853637276e0a0cb296f6e37bcbf2d3403,https://files.rcsb.org/download/6UP0.cif
6UP0__YO3__laK__aaD__rs104__m1__alt.,6UP0,train,YO3,K,D,104,1,.,"[""YO3_D_104""]",B,24,CN1C=C/C(=C\C=C\c2oc3ccccc3[n+]2C)c2ccccc21,G_e57ac5d221d517a4daf6,,c347f197a9866003f43ed9e79f40f21cedc4f77c17ae1ac254d020b6f9bd69ff,a652586b08bfed37d40592331e82f60a6cd56eac1c5446d305710ab685053039,https://files.rcsb.org/download/6UP0.cif
6V9D__QW4__laC__aaB__rs101__m1__alt.,6V9D,train,QW4,C,B,101,1,.,"[""QW4_B_101""]",A,25,CC(=O)C[n+]1c(/C=C2\C=CN(C)c3ccccc32)sc2ccccc21,G_65d1bbe23a32f64cd984,,fc92fa2f118655f572d026cddb022e6e19b79b86d3f4f69169a4f6062db19c6f,06eeb9a81c9c707d077c9313ed2dd39dab45e49e7f4818882eb2ffa8947def32,https://files.rcsb.org/download/6V9D.cif
6V9D__QW4__laD__aaB__rs102__m1__alt.,6V9D,train,QW4,D,B,102,1,.,"[""QW4_B_102""]",A,25,CC(=O)C[n+]1c(/C=C2\C=CN(C)c3ccccc32)sc2ccccc21,G_65d1bbe23a32f64cd984,,27f01add8e769f341c22a19f68379094031b2e57635fd20fff9d68bda97966d8,06eeb9a81c9c707d077c9313ed2dd39dab45e49e7f4818882eb2ffa8947def32,https://files.rcsb.org/download/6V9D.cif
6V9D__QW4__laH__aaE__rs101__m1__alt.,6V9D,train,QW4,H,E,101,1,.,"[""QW4_E_101""]",B,25,CC(=O)C[n+]1c(/C=C2\C=CN(C)c3ccccc32)sc2ccccc21,G_65d1bbe23a32f64cd984,,23b012f22e249bb8a2a01aa42dba42ce8c075cbb3623421fb9bc875d9203ebe7,e750a2cbfa4c5c38572cba28c177a31a1baecd4e2c39e89aaf09623fd422e162,https://files.rcsb.org/download/6V9D.cif
6VA2__QSV__laC__aaA__rs101__m1__alt.,6VA2,train,QSV,C,A,101,1,.,"[""QSV_A_101""]",A;B,29,CNC(=N)N/N=C(\C)c1ccc2sc3ccc(/C(C)=N/NC(=N)NC)cc3c2c1,G_612b881b449dc3888de1,,fdf4f14665302136a38d2dd3a25881fdf229e3402094a6722b162e592d8e33f9,24e4b010b19f27f5b0f96faf3b11e2cb97c8756b5c169c7ce018d47bee8d2dae,https://files.rcsb.org/download/6VA2.cif
6VA3__MQC__laC__aaA__rs101__m1__alt.,6VA3,train,MQC,C,A,101,1,.,"[""MQC_A_101""]",A;B,23,COc1cccc(Nc2cc(C)nc3ccc(C(=N)N)cc23)c1,G_612b881b449dc3888de1,,0d408f3cc125716027dd0f6e73530c47514e0f4e77235aa03ac9aea3a2b5973d,30d4b4760cc5f6c7e10e2d6ff5a301b907aa4c632c3f4e0348d84ab17f93f8e9,https://files.rcsb.org/download/6VA3.cif
6VA4__QSY__laC__aaB__rs101__m1__alt.,6VA4,train,QSY,C,B,101,1,.,"[""QSY_B_101""]",A;B,27,COc1ccc2[nH]c3c(=O)n(CCC[N@H+](C)C4CCCCC4)cnc3c2c1,G_612b881b449dc3888de1,,6a655a5d48437c573f66c14ac0cdb7e0da1f19ca05cd0dccbde2fa7541e760e4,545545c43b2a56bd812a2e1e16d71278774ed331a83ff584a2ca06cb8c006f5e,https://files.rcsb.org/download/6VA4.cif
6VGG__QWP__laF__aaB__rs101__m1__alt.,6VGG,train,QWP,F,B,101,1,.,"[""QWP_B_101""]",B;C,76,CO[C@H](C(=O)[C@@H](O)[C@@H](C)O)[C@@H]1Cc2cc3cc(O[C@H]4C[C@@H](O[C@H]5C[C@@H](O)[C@H](O)[C@@H](C)O5)[C@H](O)[C@@H](C)O4)c(C)c(O)c3c(O)c2C(=O)[C@H]1O[C@H]1C[C@@H](O[C@H]2C[C@@H](O[C@H]3C[C@](C)(O)[C@H](O)[C@@H](C)O3)[C@@H](O)[C@@H](C)O2)[C@H](O)[C@@H](C)O1,G_bfba580ee7891b3ae958,,10d93585eb55c700097fab5b74f605a5ff34cf82ff5bf7e021d922b32aec34f6,dabd5b3c0a9dedc2981a5c4a56e6ae72b82b379a81b43dc5154668600d62d045,https://files.rcsb.org/download/6VGG.cif
6WK7__AX2__laC__aaB__rs101__m1__alt.,6WK7,train,AX2,C,B,101,1,.,"[""AX2_B_101""]",A;B,9,Nc1nc(N)nc(N)n1,G_44c068aa256325f048f8,,a4c2d3a0cdca4d9a3d92eb77ab705d1a90d18a16345e3e676a931de277e07f82,206b02b723940b079d22d806ac6eda049dd24accd972d92f9aa660cc9df76afb,https://files.rcsb.org/download/6WK7.cif
6WK7__AX2__laD__aaB__rs102__m1__alt.,6WK7,train,AX2,D,B,102,1,.,"[""AX2_B_102""]",A;B,9,Nc1nc(N)nc(N)n1,G_44c068aa256325f048f8,,33173ae3c144fc520541c128fbbe0b52244dab879f94d79ac90f6885f3aa8705,206b02b723940b079d22d806ac6eda049dd24accd972d92f9aa660cc9df76afb,https://files.rcsb.org/download/6WK7.cif
6WK7__AX2__laE__aaB__rs103__m1__alt.,6WK7,train,AX2,E,B,103,1,.,"[""AX2_B_103""]",A;B,9,Nc1nc(N)nc(N)n1,G_44c068aa256325f048f8,,59d7956c3a5ddd27aaf85bca139db005bb5fd4db111aa7f9cf6ff63f42ab5e12,206b02b723940b079d22d806ac6eda049dd24accd972d92f9aa660cc9df76afb,https://files.rcsb.org/download/6WK7.cif
6WK7__AX2__laF__aaC__rs101__m1__alt.,6WK7,train,AX2,F,C,101,1,.,"[""AX2_C_101""]",A;B,9,Nc1nc(N)nc(N)n1,G_44c068aa256325f048f8,,43cccc5f3127dfe837889c73b04c7ca4326ad311f48ac70d6822bbdbf350bea8,206b02b723940b079d22d806ac6eda049dd24accd972d92f9aa660cc9df76afb,https://files.rcsb.org/download/6WK7.cif
6WK7__AX2__laG__aaC__rs102__m1__alt.,6WK7,train,AX2,G,C,102,1,.,"[""AX2_C_102""]",A;B,9,Nc1nc(N)nc(N)n1,G_44c068aa256325f048f8,,f243072e1a81396ffae12e564a1710d2e731275689f88639bcfb42a3ed53815e,206b02b723940b079d22d806ac6eda049dd24accd972d92f9aa660cc9df76afb,https://files.rcsb.org/download/6WK7.cif
6WK7__AX2__laH__aaC__rs103__m1__alt.,6WK7,train,AX2,H,C,103,1,.,"[""AX2_C_103""]",A;B,9,Nc1nc(N)nc(N)n1,G_44c068aa256325f048f8,,a030f7b08049c69dc2b198eb4bb1a2af801d1da33476cf1ed219ae7ebe1257cf,206b02b723940b079d22d806ac6eda049dd24accd972d92f9aa660cc9df76afb,https://files.rcsb.org/download/6WK7.cif
6WTL__2BA__laB__aaA__rs201__m1__alt.,6WTL,train,2BA,B,A,201,1,.,"[""2BA_A_201""]",A,44,Nc1ncnc2c1ncn2[C@@H]1O[C@@H]2CO[P@@](=O)(O)O[C@H]3[C@@H](O)[C@H](n4cnc5c(N)ncnc54)O[C@@H]3CO[P@@](=O)(O)O[C@H]2[C@H]1O,G_a4752897a80acd549991,,eb5082d53138671ad8b54a87309e4d6b56ca3b7e0a30c6477b0fc51d9a672b28,56fe1da2ae831d49139f09c525c7eaec73fa6d7db36a4168509a8ed3c583d61a,https://files.rcsb.org/download/6WTL.cif
6WTL__2BA__laC__aaA__rs202__m1__alt.,6WTL,train,2BA,C,A,202,1,.,"[""2BA_A_202""]",A,44,Nc1ncnc2c1ncn2[C@@H]1O[C@@H]2CO[P@@](=O)(O)O[C@H]3[C@@H](O)[C@H](n4cnc5c(N)ncnc54)O[C@@H]3CO[P@@](=O)(O)O[C@H]2[C@H]1O,G_a4752897a80acd549991,,6eefaa84423103d82d2555f3a87d59705e01e67579c96aa83c38103473738aa1,56fe1da2ae831d49139f09c525c7eaec73fa6d7db36a4168509a8ed3c583d61a,https://files.rcsb.org/download/6WTL.cif
6WTR__2BA__laB__aaA__rs201__m1__alt.,6WTR,train,2BA,B,A,201,1,.,"[""2BA_A_201""]",A,44,Nc1ncnc2c1ncn2[C@@H]1O[C@@H]2CO[P@@](=O)(O)O[C@H]3[C@@H](O)[C@H](n4cnc5c(N)ncnc54)O[C@@H]3CO[P@@](=O)(O)O[C@H]2[C@H]1O,G_192d37507b84f8b2e8da,,ea89ed2e228bc28dc87c09f67e0dae3785d2f097bc22738a45193f960178ec66,3f0dfd3aaba1ade0f99e7aa9602fd36ccbe86b53efd96f8920ae176eb1adac1b,https://files.rcsb.org/download/6WTR.cif
6WTR__2BA__laC__aaA__rs202__m1__alt.,6WTR,train,2BA,C,A,202,1,.,"[""2BA_A_202""]",A,44,Nc1ncnc2c1ncn2[C@@H]1O[C@@H]2CO[P@@](=O)(O)O[C@H]3[C@@H](O)[C@H](n4cnc5c(N)ncnc54)O[C@@H]3CO[P@@](=O)(O)O[C@H]2[C@H]1O,G_192d37507b84f8b2e8da,,e6cc44378afb8fa8a7a2669b8e6d471634d2826bf5e0c9418b265cf5d562af28,3f0dfd3aaba1ade0f99e7aa9602fd36ccbe86b53efd96f8920ae176eb1adac1b,https://files.rcsb.org/download/6WTR.cif
6WZR__UG1__laH__aaA__rs106__m1__alt.,6WZR,train,UG1,H,A,106,1,.,"[""UG1_A_106""]",A,15,NC(=O)c1ncn(-c2ccncc2)c1N,G_2870177277d647729653,,0b69321a36326b595293f01fbb5f0eb0c76f6b68aa0c659107ecff1269a5991e,85c9ddd00fd9d9fe2dd53aebaea59d515b71d7faa1695eb18506aeb514a82405,https://files.rcsb.org/download/6WZR.cif
6WZR__UG1__laK__aaB__rs103__m1__alt.,6WZR,train,UG1,K,B,103,1,.,"[""UG1_B_103""]",B,15,NC(=O)c1ncn(-c2ccncc2)c1N,G_2870177277d647729653,,043bca4008a83e371e8c6de2dda184db35884c1358bdd02e64bd517b62010df9,51067f069497e0cff1c773e157330d07b17042cd0819ca6ef0b98dff22c0db34,https://files.rcsb.org/download/6WZR.cif
6WZS__UG4__laI__aaB__rs107__m1__alt.,6WZS,train,UG4,I,B,107,1,.,"[""UG4_B_107""]",A,15,NC(=O)c1ncn(-c2cccnc2)c1N,G_2870177277d647729653,,dc2fc4a0b92f25e1cc4e515e652829db229e190fe71a5ed2a33ef28d46316d78,223c0f4a8f0bd589f4a6ec5177cfb4996e19fb038b487b1b4bae1e18d3e510db,https://files.rcsb.org/download/6WZS.cif
6WZS__UG4__laP__aaA__rs107__m1__alt.,6WZS,train,UG4,P,A,107,1,.,"[""UG4_A_107""]",B,15,NC(=O)c1ncn(-c2cccnc2)c1N,G_2870177277d647729653,,901c3e464269f08dd585b2bf2017876fc42232540ca5b0da4a53d2dd2f1af100,a6596dfc10a645bca8349a12a6cf9db9bbe72394b3776d60a446ca2a7a91f92c,https://files.rcsb.org/download/6WZS.cif
6XB7__UYS__laB__aaA__rs101__m1__alt.,6XB7,train,UYS,B,A,101,1,.,"[""UYS_A_101""]",A,24,CN(C)c1nc(N)c(C(=O)N=C(N)N)nc1C#Cc1ccccc1,G_30da49ecb8940cc873b2,,f71180250b4750a7830ecb383ca500b0d5768da8f24956e1becdb8f4cdc6ae43,1d66aec1d4e90754de1c7e385addc5acbe4dcb5fdd1d54539d1d34b77f7879af,https://files.rcsb.org/download/6XB7.cif
6XKN__PRF__laB__aaA__rs201__m1__alt.,6XKN,train,PRF,B,A,201,1,.,"[""PRF_A_201""]",A,13,NCc1c[nH]c2nc(N)[nH]c(=O)c12,G_a0bddf8bf3be9b5357ba,,edf0900dcb412ed57e51c283a07ccd16c49e61e7ec10137406a185aea28e08e3,97da38609031351ed8d1f755b51eaf11a4011f10ae72caea9391e6a289880c07,https://files.rcsb.org/download/6XKN.cif
6XKO__PRF__laB__aaA__rs201__m1__alt.,6XKO,train,PRF,B,A,201,1,.,"[""PRF_A_201""]",A,13,NCc1c[nH]c2nc(N)[nH]c(=O)c12,G_a970cd81a8103e136a80,,3063cbc591b42109cbac2c28e9ce3e002d8307bc3618f849cae86d501e5d3bde,554d13ad23e4dcbbf7ff2f7af47f3dcef342c69010b0452f51197c4a12b40f2a,https://files.rcsb.org/download/6XKO.cif
6XRQ__V8A__laF__aaA__rs102__m1__alt.,6XRQ,train,V8A,F,A,102,1,.,"[""V8A_A_102""]",A;B,58,O=C1c2cc(NCCCN3CCOCC3)c3c4c(cc(NCCCN5CCOCC5)c(c24)C(=O)N1CCCN1CCOCC1)C(=O)N(CCCN1CCOCC1)C3=O,G_56adb20866994dfff6c5,,d79db08fbb13c101e67da30dd83280a4570427170e80c3dc2529e399079efcc6,fdd8aa404383cb245a2837f1407fb0df257163682800de363a250aeebeb4d0c4,https://files.rcsb.org/download/6XRQ.cif
6XRQ__V8A__laG__aaA__rs103__m1__alt.,6XRQ,train,V8A,G,A,103,1,.,"[""V8A_A_103""]",A;B,58,O=C1c2cc(NCCCN3CCOCC3)c3c4c(cc(NCCCN5CCOCC5)c(c24)C(=O)N1CCCN1CCOCC1)C(=O)N(CCCN1CCOCC1)C3=O,G_56adb20866994dfff6c5,,9b3ff15b1c82c647a9212d51c68bfb656eb5382ff11d63de743481ffafec98e9,fdd8aa404383cb245a2837f1407fb0df257163682800de363a250aeebeb4d0c4,https://files.rcsb.org/download/6XRQ.cif
6YL5__SAH__laAA__aaE__rs101__m1__alt.,6YL5,train,SAH,AA,E,101,1,.,"[""SAH_E_101""]",E;F;K;L,26,Nc1ncnc2c1ncn2[C@@H]1O[C@H](CSCC[C@H](N)C(=O)O)[C@@H](O)[C@H]1O,G_02b9eef4f590fc142965,,9223888b72d8dc3abed79539efaabf75cd15add4d9a52986ce73066dd5de2643,3ab64c8fc7c1e6066a1d5093c527afe7617479a86e886ba24b79a5331a1b049e,https://files.rcsb.org/download/6YL5.cif
6YL5__SAH__laFA__aaG__rs101__m1__alt.,6YL5,train,SAH,FA,G,101,1,.,"[""SAH_G_101""]",A;B;G;H,26,Nc1ncnc2c1ncn2[C@@H]1O[C@H](CSCC[C@H](N)C(=O)O)[C@@H](O)[C@H]1O,G_02b9eef4f590fc142965,,4d2b42385de59737a3e8098915b0eb9b2f0a91be33aebeb6ba4d302417cacb51,28d94ba6a0aa3e2d388c0f998de3997e64196263ebe1e8b681ef166b73533692,https://files.rcsb.org/download/6YL5.cif
6YL5__SAH__laJA__aaI__rs101__m1__alt.,6YL5,train,SAH,JA,I,101,1,.,"[""SAH_I_101""]",C;D;I;J,26,Nc1ncnc2c1ncn2[C@@H]1O[C@H](CSCC[C@H](N)C(=O)O)[C@@H](O)[C@H]1O,G_02b9eef4f590fc142965,,517dd94c427d02b1c47601abad98342de438e21bddcc5f1db5bb9c462c8e38ea,1ddceb63bed59979fcb6228a85913a33412ccae1824b3171eef3cc1df0e864d6,https://files.rcsb.org/download/6YL5.cif
6YL5__SAH__laM__aaA__rs101__m1__alt.,6YL5,train,SAH,M,A,101,1,.,"[""SAH_A_101""]",A;B;G;H,26,Nc1ncnc2c1ncn2[C@@H]1O[C@H](CSCC[C@H](N)C(=O)O)[C@@H](O)[C@H]1O,G_02b9eef4f590fc142965,,59d083b14dbfdb73498f7d23d043cb26caaec3fb5fa4489f7f2ebab9f517c5b4,28d94ba6a0aa3e2d388c0f998de3997e64196263ebe1e8b681ef166b73533692,https://files.rcsb.org/download/6YL5.cif
6YL5__SAH__laNA__aaK__rs101__m1__alt.,6YL5,train,SAH,NA,K,101,1,.,"[""SAH_K_101""]",E;F;K;L,26,Nc1ncnc2c1ncn2[C@@H]1O[C@H](CSCC[C@H](N)C(=O)O)[C@@H](O)[C@H]1O,G_02b9eef4f590fc142965,,00788d6d67c71bb65845a4d56e553b4b6e7824406231fcc2f36e44823a84aa19,3ab64c8fc7c1e6066a1d5093c527afe7617479a86e886ba24b79a5331a1b049e,https://files.rcsb.org/download/6YL5.cif
6YL5__SAH__laW__aaC__rs101__m1__alt.,6YL5,train,SAH,W,C,101,1,.,"[""SAH_C_101""]",C;D;I;J,26,Nc1ncnc2c1ncn2[C@@H]1O[C@H](CSCC[C@H](N)C(=O)O)[C@@H](O)[C@H]1O,G_02b9eef4f590fc142965,,9e6d25be67fb7a99edf4501b2a46dc987311b4a9e41d02144bacb8c7d55f647e,1ddceb63bed59979fcb6228a85913a33412ccae1824b3171eef3cc1df0e864d6,https://files.rcsb.org/download/6YL5.cif
6YMI__AMP__laN__aaA__rs102__m1__alt.,6YMI,train,AMP,N,A,102,1,.,"[""AMP_A_102""]",A;B;G;H,23,Nc1ncnc2c1ncn2[C@@H]1O[C@H](COP(=O)(O)O)[C@@H](O)[C@H]1O,G_e07fbc2bbeb285969932,,48617c21a38af6fde50cb429462d45b37850ebcd5ae97bb5e73e66cbd80c9b50,a811c047d29d5754546e4bf978fd6edc5eb7a0c714eecf4ad51c9bc507861fff,https://files.rcsb.org/download/6YMI.cif
6YMI__AMP__laO__aaA__rs103__m1__alt.,6YMI,train,AMP,O,A,103,1,.,"[""AMP_A_103""]",A;B;G;H,23,Nc1ncnc2c1ncn2[C@@H]1O[C@H](COP(=O)(O)O)[C@@H](O)[C@H]1O,G_e07fbc2bbeb285969932,,69df0c8c2b50b340d4eb1f16a3bbefa719fa8e11c81659e553f9a2cd3dc624f5,a811c047d29d5754546e4bf978fd6edc5eb7a0c714eecf4ad51c9bc507861fff,https://files.rcsb.org/download/6YMI.cif
6YMI__AMP__laQ__aaC__rs102__m1__alt.,6YMI,train,AMP,Q,C,102,1,.,"[""AMP_C_102""]",C;D;I;J,23,Nc1ncnc2c1ncn2[C@@H]1O[C@H](COP(=O)(O)O)[C@@H](O)[C@H]1O,G_e07fbc2bbeb285969932,,92c69779ada9b571c49d02e79743d8b4b34a97ea535a273ff5cbd77a43509980,852e6984a6976c7cdfb2c95de2f06c2be8e96abe69553b3246b208622ed24fd7,https://files.rcsb.org/download/6YMI.cif
6YMI__AMP__laS__aaF__rs102__m1__alt.,6YMI,train,AMP,S,F,102,1,.,"[""AMP_F_102""]",E;F;K;L,23,Nc1ncnc2c1ncn2[C@@H]1O[C@H](COP(=O)(O)O)[C@@H](O)[C@H]1O,G_e07fbc2bbeb285969932,,c959de8cd64e74b63b09a279c6d42500b00fbb611db18a9ab48b5284731717f5,ccf2ff4dfbd2a21934a315030a448110e154e0bc7691888b9d0369aa599a56bc,https://files.rcsb.org/download/6YMI.cif
6YMI__AMP__laT__aaG__rs101__m1__alt.,6YMI,train,AMP,T,G,101,1,.,"[""AMP_G_101""]",E;F;K;L,23,Nc1ncnc2c1ncn2[C@@H]1O[C@H](COP(=O)(O)O)[C@@H](O)[C@H]1O,G_e07fbc2bbeb285969932,,36e2f94401cc169be4b2845f4e289e3cdd6021ae1659edc9562f412b8e828fd1,ccf2ff4dfbd2a21934a315030a448110e154e0bc7691888b9d0369aa599a56bc,https://files.rcsb.org/download/6YMI.cif
6YMI__AMP__laV__aaI__rs102__m1__alt.,6YMI,train,AMP,V,I,102,1,.,"[""AMP_I_102""]",A;B;G;H,23,Nc1ncnc2c1ncn2[C@@H]1O[C@H](COP(=O)(O)O)[C@@H](O)[C@H]1O,G_e07fbc2bbeb285969932,,e8e00183a5d9afd8667b5a5cca21daada49fcd15d0ae5874f818f96d78ed4055,a811c047d29d5754546e4bf978fd6edc5eb7a0c714eecf4ad51c9bc507861fff,https://files.rcsb.org/download/6YMI.cif
6YMI__AMP__laX__aaM__rs102__m1__alt.,6YMI,train,AMP,X,M,102,1,.,"[""AMP_M_102""]",C;D;I;J,23,Nc1ncnc2c1ncn2[C@@H]1O[C@H](COP(=O)(O)O)[C@@H](O)[C@H]1O,G_e07fbc2bbeb285969932,,2277fd0c4d7367faedbcc3eb72577c0d4206f46728b9528cb8784398a4d3aca9,852e6984a6976c7cdfb2c95de2f06c2be8e96abe69553b3246b208622ed24fd7,https://files.rcsb.org/download/6YMI.cif
6YMI__AMP__laY__aaN__rs101__m1__alt.,6YMI,train,AMP,Y,N,101,1,.,"[""AMP_N_101""]",C;D;I;J,23,Nc1ncnc2c1ncn2[C@@H]1O[C@H](COP(=O)(O)O)[C@@H](O)[C@H]1O,G_e07fbc2bbeb285969932,,83686c1758125b6787910a0e39857853bfd7b817a3ad605f7235d445a8637f87,852e6984a6976c7cdfb2c95de2f06c2be8e96abe69553b3246b208622ed24fd7,https://files.rcsb.org/download/6YMI.cif
6YMI__AMP__laZ__aaO__rs201__m1__alt.,6YMI,train,AMP,Z,O,201,1,.,"[""AMP_O_201""]",E;F;K;L,23,Nc1ncnc2c1ncn2[C@@H]1O[C@H](COP(=O)(O)O)[C@@H](O)[C@H]1O,G_e07fbc2bbeb285969932,,6d880bfc170abc16eb9b978f678558455c4dab750174f9b2570a97d8a38350b5,ccf2ff4dfbd2a21934a315030a448110e154e0bc7691888b9d0369aa599a56bc,https://files.rcsb.org/download/6YMI.cif
6YMJ__ADN__laAA__aaO__rs102__m1__alt.,6YMJ,train,ADN,AA,O,102,1,.,"[""ADN_O_102""]",F;K;L,19,Nc1ncnc2c1ncn2[C@@H]1O[C@H](CO)[C@@H](O)[C@H]1O,G_e07fbc2bbeb285969932,,31d5a2bde9543df64100d2e97bb4b4d8c75317a9bf6e8e3a11ab9ef13a70885b,ee524c4c7e2d1a0ce44b20a7e4c6a9c2ef79a96e95c94be5b439d5c59ac654d6,https://files.rcsb.org/download/6YMJ.cif
6YMJ__ADN__laM__aaA__rs201__m1__alt.,6YMJ,train,ADN,M,A,201,1,.,"[""ADN_A_201""]",A;B;G;H,19,Nc1ncnc2c1ncn2[C@@H]1O[C@H](CO)[C@@H](O)[C@H]1O,G_e07fbc2bbeb285969932,,1c18255d1cacf1b8821c35339af3619bdac1a024009798d829b0b66706e539c7,a54503d8356a800b1a737c4a9dcfb02aca38d86437f35eaf4281aca3f9d53187,https://files.rcsb.org/download/6YMJ.cif
6YMJ__ADN__laN__aaA__rs202__m1__alt.,6YMJ,train,ADN,N,A,202,1,.,"[""ADN_A_202""]",A;B;G;H,19,Nc1ncnc2c1ncn2[C@@H]1O[C@H](CO)[C@@H](O)[C@H]1O,G_e07fbc2bbeb285969932,,294f43caf45563e740077fef3928a6cbc777187b91974543beb9ab99deefcbac,a54503d8356a800b1a737c4a9dcfb02aca38d86437f35eaf4281aca3f9d53187,https://files.rcsb.org/download/6YMJ.cif
6YMJ__ADN__laQ__aaC__rs102__m1__alt.,6YMJ,train,ADN,Q,C,102,1,.,"[""ADN_C_102""]",C;D;J,19,Nc1ncnc2c1ncn2[C@@H]1O[C@H](CO)[C@@H](O)[C@H]1O,G_e07fbc2bbeb285969932,,901e4d9fdf0665aa86a74a5a73a7a144260fc615399a3cceca91e10308914b75,3a7767a4982a5db34ac7ba44048e4202b4a5939edb91e90a73df64b01fcc5686,https://files.rcsb.org/download/6YMJ.cif
6YMJ__ADN__laS__aaF__rs201__m1__alt.,6YMJ,train,ADN,S,F,201,1,.,"[""ADN_F_201""]",E;F;K;L,19,Nc1ncnc2c1ncn2[C@@H]1O[C@H](CO)[C@@H](O)[C@H]1O,G_e07fbc2bbeb285969932,,44607f7f2b3e2cafda763243fc81bd1ed445e27b2876a9eff03d6f8cdfe7dcd0,c59adc54ed49e579c52d0a17881f19ef94d244b0d16ddf90d7a91093b8ab4273,https://files.rcsb.org/download/6YMJ.cif
6YMJ__ADN__laT__aaF__rs202__m1__alt.,6YMJ,train,ADN,T,F,202,1,.,"[""ADN_F_202""]",E;F;K;L,19,Nc1ncnc2c1ncn2[C@@H]1O[C@H](CO)[C@@H](O)[C@H]1O,G_e07fbc2bbeb285969932,,43f7b8842bd9c16f55e52fe02791deafc4f19eb10df7972d6e9a33ee724324dd,c59adc54ed49e579c52d0a17881f19ef94d244b0d16ddf90d7a91093b8ab4273,https://files.rcsb.org/download/6YMJ.cif
6YMJ__ADN__laU__aaI__rs201__m1__alt.,6YMJ,train,ADN,U,I,201,1,.,"[""ADN_I_201""]",B;G;H,19,Nc1ncnc2c1ncn2[C@@H]1O[C@H](CO)[C@@H](O)[C@H]1O,G_e07fbc2bbeb285969932,,2857f756b8c972630e6340f794adf486398808d71612ace6855eadf2a9c7da0c,7a1c82c61b1dc69c0fc1e81a793339825560d2cf5738fb66d08366acae0e8f57,https://files.rcsb.org/download/6YMJ.cif
6YMJ__ADN__laV__aaM__rs201__m1__alt.,6YMJ,train,ADN,V,M,201,1,.,"[""ADN_M_201""]",C;D;I;J,19,Nc1ncnc2c1ncn2[C@@H]1O[C@H](CO)[C@@H](O)[C@H]1O,G_e07fbc2bbeb285969932,,626669f634c9b6e628bb0f883ad0fd17553a2f9ea86beab95e954785ea1d0ade,752972839e4b7bcf3d39c9bb96cfc959e22399b0baba63b5bb3b5fe8c3a2373a,https://files.rcsb.org/download/6YMJ.cif
6YMJ__ADN__laY__aaN__rs101__m1__alt.,6YMJ,train,ADN,Y,N,101,1,.,"[""ADN_N_101""]",C;D;I;J,19,Nc1ncnc2c1ncn2[C@@H]1O[C@H](CO)[C@@H](O)[C@H]1O,G_e07fbc2bbeb285969932,,7c392a0fb4b101d63eaa261b1c90e2a1fa8956d5b4dade1d37bc2a2638c37809,752972839e4b7bcf3d39c9bb96cfc959e22399b0baba63b5bb3b5fe8c3a2373a,https://files.rcsb.org/download/6YMJ.cif
6YMK__MTA__laM__aaA__rs101__m1__alt.,6YMK,train,MTA,M,A,101,1,.,"[""MTA_A_101""]",A;B;G;H,20,CSC[C@H]1O[C@@H](n2cnc3c(N)ncnc32)[C@H](O)[C@@H]1O,G_e07fbc2bbeb285969932,,b06a42b68cd5d826d77837edee969aa272f4456983fc65ce9926d396ae80595e,d2a65d373811057152311e996aaefb5f28196abe3776e91040bb2db36e0f6507,https://files.rcsb.org/download/6YMK.cif
6YMK__MTA__laN__aaB__rs101__m1__alt.,6YMK,train,MTA,N,B,101,1,.,"[""MTA_B_101""]",A;B;G;H,20,CSC[C@H]1O[C@@H](n2cnc3c(N)ncnc32)[C@H](O)[C@@H]1O,G_e07fbc2bbeb285969932,,c601152f973aa4921615911567c7c11ec4671881113d9e12c8fd60774c2d9541,d2a65d373811057152311e996aaefb5f28196abe3776e91040bb2db36e0f6507,https://files.rcsb.org/download/6YMK.cif
6YMK__MTA__laO__aaC__rs101__m1__alt.,6YMK,train,MTA,O,C,101,1,.,"[""MTA_C_101""]",C;D;J,20,CSC[C@H]1O[C@@H](n2cnc3c(N)ncnc32)[C@H](O)[C@@H]1O,G_e07fbc2bbeb285969932,,c2c8f911044f76486121f2576f49805c7c4ed221e97658df1478e6e04ec6ddef,a3c35c7687433714dc7e8354f2728888020208dedbcdf350a9d1af0f26ea8e87,https://files.rcsb.org/download/6YMK.cif
6YMK__MTA__laR__aaF__rs101__m1__alt.,6YMK,train,MTA,R,F,101,1,.,"[""MTA_F_101""]",E;F;K;L,20,CSC[C@H]1O[C@@H](n2cnc3c(N)ncnc32)[C@H](O)[C@@H]1O,G_e07fbc2bbeb285969932,,641668a175b6df82b8d38708517da54fbeed2f4414c8ce01036186b2a2694b88,6e69ccf8d1e45f498c01497f6ddb23bef1a3643f9ad28cb712c5e7de6f0de7e3,https://files.rcsb.org/download/6YMK.cif
6YMK__MTA__laT__aaG__rs101__m1__alt.,6YMK,train,MTA,T,G,101,1,.,"[""MTA_G_101""]",E;F;K;L,20,CSC[C@H]1O[C@@H](n2cnc3c(N)ncnc32)[C@H](O)[C@@H]1O,G_e07fbc2bbeb285969932,,83b65720ea685c102fee013df763e5893d256275a925cbadf3755fc5822ea432,6e69ccf8d1e45f498c01497f6ddb23bef1a3643f9ad28cb712c5e7de6f0de7e3,https://files.rcsb.org/download/6YMK.cif
6YMK__MTA__laU__aaI__rs101__m1__alt.,6YMK,train,MTA,U,I,101,1,.,"[""MTA_I_101""]",B;G;H,20,CSC[C@H]1O[C@@H](n2cnc3c(N)ncnc32)[C@H](O)[C@@H]1O,G_e07fbc2bbeb285969932,,7474dfe04da0a2f9a513d48224333763a7c3bb772d5023acc64d3f22fab2b53a,6311ecd194f05f38e64c1591c48fee7a6a31a61fb87910dafa9139713c839b28,https://files.rcsb.org/download/6YMK.cif
6YMK__MTA__laW__aaM__rs101__m1__alt.,6YMK,train,MTA,W,M,101,1,.,"[""MTA_M_101""]",C;D;I;J,20,CSC[C@H]1O[C@@H](n2cnc3c(N)ncnc32)[C@H](O)[C@@H]1O,G_e07fbc2bbeb285969932,,c74598e0eec92665f1e26e5f5cec9b301a40ec31258ea1c460830ada4a4f8e95,440be8db3c3b2833971d207b278311970342792a4b87556248269007c6f92c38,https://files.rcsb.org/download/6YMK.cif
6YMK__MTA__laX__aaM__rs102__m1__alt.,6YMK,train,MTA,X,M,102,1,.,"[""MTA_M_102""]",C;D;I;J,20,CSC[C@H]1O[C@@H](n2cnc3c(N)ncnc32)[C@H](O)[C@@H]1O,G_e07fbc2bbeb285969932,,95aa80aead71bada1ff099d27af426f192cf1f60f71938273a59f2dfd116ceb9,440be8db3c3b2833971d207b278311970342792a4b87556248269007c6f92c38,https://files.rcsb.org/download/6YMK.cif
6YMK__MTA__laY__aaO__rs101__m1__alt.,6YMK,train,MTA,Y,O,101,1,.,"[""MTA_O_101""]",F;K;L,20,CSC[C@H]1O[C@@H](n2cnc3c(N)ncnc32)[C@H](O)[C@@H]1O,G_e07fbc2bbeb285969932,,e29175079fb0d4d3f85507cebaa845876e29ae909c9177e2723b3ad6f9816da1,5d2619e4f40a82ef38642226e7f1fb910faf3acd75d309cc081e627c9a81c238,https://files.rcsb.org/download/6YMK.cif
6YML__DSH__laF__aaA__rs102__m1__alt.,6YML,train,DSH,F,A,102,1,.,"[""DSH_A_102""]",A;B,23,NCCCSC[C@H]1O[C@@H](n2cnc3c(N)ncnc32)[C@H](O)[C@@H]1O,G_cf20c0b3232bdb6da79b,,838da7bd4deaa1f49959e035d50470c2a9b7f229d233acd07f7cf62970d541e9,7a7695fb3d8155664b3b3d1c5ec11401c3ccb55cd5dd58a8819ffb8326636112,https://files.rcsb.org/download/6YML.cif
6YML__DSH__laH__aaC__rs101__m1__alt.,6YML,train,DSH,H,C,101,1,.,"[""DSH_C_101""]",C;D,23,NCCCSC[C@H]1O[C@@H](n2cnc3c(N)ncnc32)[C@H](O)[C@@H]1O,G_cf20c0b3232bdb6da79b,,3c966e51ee2bddb3744ffe558f74801defdcb84f190ec8afb47fd11008ddc679,0f72035f337f02b2338f543c030b50b24b9ddcae288491cd17a0a3154daa2ddb,https://files.rcsb.org/download/6YML.cif
7ATG__58I__laD__aaB__rs101__m1__altA,7ATG,train,58I,D,B,101,1,A,"[""58I_B_101""]",A;B,6,[NH3+]CCCC[NH3+],G_d4394b970d2eb8a9762d,,d201ca255722755f2414cf29af6ae24ac9b0923300978b38111da568a12674db,338b3588f11d9dac165a5fcb0e2dffaae17a4f17b72f476f7092752cd0a1810f,https://files.rcsb.org/download/7ATG.cif
7D12__L94__laB__aaA__rs101__m1__alt.,7D12,train,L94,B,A,101,1,.,"[""L94_A_101""]",A,24,C[NH+](C)CCC/[NH+]=C(\N)c1ccc(/C(N)=[NH+]/CCC[NH+](C)C)cc1,G_8ad45aa12ee4a0a0eb4b,,9bfd549bbf75fd482224ebd32d09330a6aec015d78b617c56f7b879c3c0df2a2,a042f5e8648528eed832d03e0aa4c20d7a9cf90332de284c98f057bb27e28295,https://files.rcsb.org/download/7D12.cif
7D7W__NAD__laC__aaA__rs102__m1__alt.,7D7W,train,NAD,C,A,102,1,.,"[""NAD_A_102""]",A,44,NC(=O)c1ccc[n+]([C@@H]2O[C@H](CO[P@@](=O)([O-])O[P@@](=O)(O)OC[C@H]3O[C@@H](n4cnc5c(N)ncnc54)[C@H](O)[C@@H]3O)[C@@H](O)[C@H]2O)c1,G_0f7813b0f9ce21d58dd9,,33b6ed0b1382ce57b24f8e42dcd57dbcac48db7f3bc1c962e95944d6c3040369,fe9024228c042660ce58417bb0261bf46e2a8fb49aecc78645a92bee1412db68,https://files.rcsb.org/download/7D7W.cif
7D7X__ADP__laK__aaA__rs110__m1__alt.,7D7X,train,ADP,K,A,110,1,.,"[""ADP_A_110""]",A,27,Nc1ncnc2c1ncn2[C@@H]1O[C@H](CO[P@@](=O)(O)OP(=O)(O)O)[C@@H](O)[C@H]1O,G_0f7813b0f9ce21d58dd9,,8241edbac058ca119ce4a7510c85a7c0a8a5b73c8dd554020bcc6e4a1229e88a,f42f5edc5375ece99d7213989fad2112aabf692976d0abed5803cbe7ffe3957e,https://files.rcsb.org/download/7D7X.cif
7D7X__GTP__laB__aaA__rs101__m1__alt.,7D7X,train,GTP,B,A,101,1,.,"[""GTP_A_101""]",A,32,Nc1nc2c(ncn2[C@@H]2O[C@H](CO[P@](=O)(O)O[P@](=O)(O)OP(=O)(O)O)[C@@H](O)[C@H]2O)c(=O)[nH]1,G_0f7813b0f9ce21d58dd9,,e825a723e488be83409790a0f4cdfc9d9dac0e841d60bbf1924d066571340f68,f42f5edc5375ece99d7213989fad2112aabf692976d0abed5803cbe7ffe3957e,https://files.rcsb.org/download/7D7X.cif
7D7Y__ATP__laC__aaA__rs102__m1__alt.,7D7Y,train,ATP,C,A,102,1,.,"[""ATP_A_102""]",A,31,Nc1ncnc2c1ncn2[C@@H]1O[C@H](CO[P@@](=O)(O)O[P@](=O)(O)OP(=O)(O)O)[C@@H](O)[C@H]1O,G_0f7813b0f9ce21d58dd9,,4b1427dafa4277231969552950f95b0d39c13b7543b9dfe16ff3e8bffc478490,1119f4c8345feb5bc7e814ef6efd80bca8c053c2cc10c0ea63031878177382c2,https://files.rcsb.org/download/7D7Y.cif
7D7Y__GTP__laB__aaA__rs101__m1__alt.,7D7Y,train,GTP,B,A,101,1,.,"[""GTP_A_101""]",A,32,Nc1nc2c(ncn2[C@@H]2O[C@H](CO[P@](=O)(O)O[P@](=O)(O)OP(=O)(O)O)[C@@H](O)[C@H]2O)c(=O)[nH]1,G_0f7813b0f9ce21d58dd9,,2bfd0bf446c86163b778afbd42860b57c518c309e182dc58eb3da9cacc9b3f0c,1119f4c8345feb5bc7e814ef6efd80bca8c053c2cc10c0ea63031878177382c2,https://files.rcsb.org/download/7D7Y.cif
7D7Z__GTP__laB__aaA__rs101__m1__alt.,7D7Z,train,GTP,B,A,101,1,.,"[""GTP_A_101""]",A,32,Nc1nc2c(ncn2[C@@H]2O[C@H](CO[P@](=O)(O)O[P@](=O)(O)OP(=O)(O)O)[C@@H](O)[C@H]2O)c(=O)[nH]1,G_0f7813b0f9ce21d58dd9,,5a5b32d1734129ce2bd0dd140d952ccc87f9ca0aabbfc25c8d060025cd6e1b1b,a430655bf293247db21c40d329f7f3042959bf8e39f250b329f26e7f7fa966be,https://files.rcsb.org/download/7D7Z.cif
7D7Z__NAD__laDA__aaA__rs129__m1__alt.,7D7Z,train,NAD,DA,A,129,1,.,"[""NAD_A_129""]",A,44,NC(=O)c1ccc[n+]([C@@H]2O[C@H](CO[P@@](=O)([O-])O[P@@](=O)(O)OC[C@H]3O[C@@H](n4cnc5c(N)ncnc54)[C@H](O)[C@@H]3O)[C@@H](O)[C@H]2O)c1,G_0f7813b0f9ce21d58dd9,,446e33247ce1da7a5b73ff08d3208f6c5ffd717139545b47282c4f7bb29065f4,a430655bf293247db21c40d329f7f3042959bf8e39f250b329f26e7f7fa966be,https://files.rcsb.org/download/7D7Z.cif
7ELP__XAN__laF__aaA__rs104__m1__alt.,7ELP,train,XAN,F,A,104,1,.,"[""XAN_A_104""]",A,11,O=c1[nH]c(=O)c2nc[nH]c2[nH]1,G_930b6aba6a9f737a9062,,9b26cad365f7783b7921aa31bf35bf9f49606aa4a0592e5aabac46d44356a95f,7483c3717286180f530fad17e7c3c48d3f61f56eca4e4ad8934d0eaee52843ce,https://files.rcsb.org/download/7ELP.cif
7ELP__XAN__laU__aaB__rs103__m1__alt.,7ELP,train,XAN,U,B,103,1,.,"[""XAN_B_103""]",B,11,O=c1[nH]c(=O)c2nc[nH]c2[nH]1,G_930b6aba6a9f737a9062,,5dcb538666bd3d6c36ec8da2e95f15223e41f63d51ee43320cee6523a6a9d497,39320ad5f3b15c34f46ebf9e26bead340f58861a2b2bd70a915d9f0ae7ff4c3f,https://files.rcsb.org/download/7ELP.cif
7ELQ__XAN__laD__aaA__rs102__m1__alt.,7ELQ,train,XAN,D,A,102,1,.,"[""XAN_A_102""]",A,11,O=c1[nH]c(=O)c2nc[nH]c2[nH]1,G_930b6aba6a9f737a9062,,6cd31bcf1d0cca577ace2cd9177e27697e1a06d6fe11dc3fb27a8087e575258d,08ca5a15d1932e1ebe0567bb8ce4c53401d75c216e1163532ee3fc6a1250031f,https://files.rcsb.org/download/7ELQ.cif
7ELQ__XAN__laO__aaB__rs102__m1__alt.,7ELQ,train,XAN,O,B,102,1,.,"[""XAN_B_102""]",B,11,O=c1[nH]c(=O)c2nc[nH]c2[nH]1,G_930b6aba6a9f737a9062,,d92ec28d0a35d8b960b663ce0192c0f256130cb97fb8b8f1d9377e2fe300e675,3b4d7239ec4470a8fbc980d1c95a6fd33eec780c2585aec6f9570e846746c586,https://files.rcsb.org/download/7ELQ.cif
7ELR__XAN__laD__aaA__rs102__m1__alt.,7ELR,train,XAN,D,A,102,1,.,"[""XAN_A_102""]",A,11,O=c1[nH]c(=O)c2nc[nH]c2[nH]1,G_930b6aba6a9f737a9062,,caf3b1d3c22c68fff4d64a2ce9d68b731e987d2dc3817e6b60522f5c5985e29f,f4a6b88735925808d8392125361f57a0db9b67f2cd8230321d840bd481c8bbff,https://files.rcsb.org/download/7ELR.cif
7ELR__XAN__laN__aaB__rs102__m1__alt.,7ELR,train,XAN,N,B,102,1,.,"[""XAN_B_102""]",B,11,O=c1[nH]c(=O)c2nc[nH]c2[nH]1,G_930b6aba6a9f737a9062,,bfae2c19065571ac33337b42a5d1226e485973275f89f17cacc89112d0d73bd1,2067df296d04f4016553717577cb0741854e5b229ebfd579ef170c87142de0cf,https://files.rcsb.org/download/7ELR.cif
7ELS__AZA__laK__aaA__rs109__m1__alt.,7ELS,train,AZA,K,A,109,1,.,"[""AZA_A_109""]",A,11,O=c1[nH]c(=O)c2nn[nH]c2[nH]1,G_930b6aba6a9f737a9062,,8a51ed7ce3801c36cecf060f884abb10e27ee4e1d16e4c463bb060cc3ae4dbe9,0db0b7a30e7cdef5d70e1a55d65d9856706ff85a65e452b288d21f27a1d676f1,https://files.rcsb.org/download/7ELS.cif
7ELS__AZA__laS__aaB__rs108__m1__alt.,7ELS,train,AZA,S,B,108,1,.,"[""AZA_B_108""]",B,11,O=c1[nH]c(=O)c2nn[nH]c2[nH]1,G_930b6aba6a9f737a9062,,9a2f74eed5f875fc0839667f7b8b012dd500f2e9dba7bf296a9c49998d827ccc,3905f65fc4bb8a12b1ff89331c31d84a7aecb3bfd7a382b800c4dad6b4dc5790,https://files.rcsb.org/download/7ELS.cif
7EOG__J8F__laC__aaA__rs102__m1__alt.,7EOG,train,J8F,C,A,102,1,.,"[""J8F_A_102""]",A,23,CN(CCO)c1ccc(/C=C(\C#N)c2ccc(C#N)cc2)cc1,G_1c4f0196079ae8aa0895,,3338ff84809637653093b538ac4c6fd480709783adc7768aa0e198b26503ac74,3470986fa0332c63d201990a9583dca188bb610e5fbc0e0c85f0c383ea8bb3a3,https://files.rcsb.org/download/7EOG.cif
7EOH__J8F__laB__aaA__rs101__m1__alt.,7EOH,train,J8F,B,A,101,1,.,"[""J8F_A_101""]",A,23,CN(CCO)c1ccc(/C=C(\C#N)c2ccc(C#N)cc2)cc1,G_9d7153520bf416490fd0,,604b38546b683e6ad453c7938e5cae33b1f7ee4c7bbc639af355afc371f8cd5a,ff636008c72f3f98428b9cfb635c534b9141e858215ac4f3f1defa4ccb833ac7,https://files.rcsb.org/download/7EOH.cif
7EOI__J8F__laB__aaA__rs101__m1__alt.,7EOI,train,J8F,B,A,101,1,.,"[""J8F_A_101""]",A,23,CN(CCO)c1ccc(/C=C(\C#N)c2ccc(C#N)cc2)cc1,G_9d7153520bf416490fd0,,cd23559865dfd161aef6ae502b6bf3eacf385ef580e830ef744c09d4fce6e22a,909fddb1f28170207939872f6553c40e74d4c571d2bdffeada73f22865b12da1,https://files.rcsb.org/download/7EOI.cif
7EOJ__J8F__laB__aaA__rs101__m1__alt.,7EOJ,train,J8F,B,A,101,1,.,"[""J8F_A_101""]",A,23,CN(CCO)c1ccc(/C=C(\C#N)c2ccc(C#N)cc2)cc1,G_9d7153520bf416490fd0,,022c8ead3322e107fea0fc22ac6c2150490efcb01c01a77f89cb4de7dc37803b,caebc4b6a448006dcb08f85c1c8eab0d1211df1718878da02edbb4d7370781e8,https://files.rcsb.org/download/7EOJ.cif
7EOK__J8L__laC__aaA__rs102__m1__alt.,7EOK,train,J8L,C,A,102,1,.,"[""J8L_A_102""]",A,25,CN(C)CCN(C)c1cnc(/C=C(\C#N)c2ccc(C#N)cc2)cn1,G_1c4f0196079ae8aa0895,,3ee45102b95193d3af455a6ba1334a8ec23b28180270c835cbc338c6bf15762f,d195ae4311275488eb200a3e86d19eb00df15f6b842f01404689ea1c9500d20d,https://files.rcsb.org/download/7EOK.cif
7EOL__J8O__laH__aaA__rs107__m1__alt.,7EOL,train,J8O,H,A,107,1,.,"[""J8O_A_107""]",A,23,CN(CCO)c1cnc(/C=C(\C#N)c2ccc(C#N)cc2)cn1,G_1c4f0196079ae8aa0895,,c145f8e75204d87cc15181bb00577376fac532c05fd473fda09f0561d869e7b4,011687e737536bda7e1cc70b7864dedb93fdce8da66ae7bdb5f8d3fcce5a966b,https://files.rcsb.org/download/7EOL.cif
7EOM__J8R__laC__aaA__rs102__m1__alt.,7EOM,train,J8R,C,A,102,1,.,"[""J8R_A_102""]",A,23,CN(CCO)c1ccc(/C=C(\C#N)c2ccc(C#N)cc2)cn1,G_1c4f0196079ae8aa0895,,6ef4ed73a85979768c87b0c8887bd00655cf22f4170c40e6fad18553e3319b34,8e9b8a969558704446e2af30c8cb4da2c69f84f1da52a11de1f2cd19700ea846,https://files.rcsb.org/download/7EOM.cif
7EON__J8U__laC__aaA__rs102__m1__alt.,7EON,train,J8U,C,A,102,1,.,"[""J8U_A_102""]",A,25,CN(C)CCN(C)c1ccc(/C=C(\C#N)c2ccc(C#N)cc2)cc1,G_1c4f0196079ae8aa0895,,cbb71bbfa990d61081f5c4b6a40cca968e1d0c038e2aaeac5ffdee5a0fc9d1f3,d2afb048f13f19cb7f7e05e6adfc478254ad8fc324f18f360055430575f5e03a,https://files.rcsb.org/download/7EON.cif
7EOO__J8X__laC__aaA__rs102__m1__alt.,7EOO,train,J8X,C,A,102,1,.,"[""J8X_A_102""]",A,24,CN(CCO)c1ccc(/C=C(\C#N)c2nc3ccccc3o2)cc1,G_1c4f0196079ae8aa0895,,84aa68fcf600076f4b1cb97bc62a8ad34ff9033fd1ca660df120f810dcf3b172,e3727a4e60702363d06c59dfe41b50fe5501858abc4083e04e32ab5cad45933a,https://files.rcsb.org/download/7EOO.cif
7EOP__J93__laH__aaA__rs107__m1__alt.,7EOP,train,J93,H,A,107,1,.,"[""J93_A_107""]",A,25,CN(CCO)c1cc2sc(/C=C(\C#N)c3ccc(C#N)cc3)cc2s1,G_1c4f0196079ae8aa0895,,1f36a3288f29e275df035e4b38fc0258f4751fd5af4d106b3a8d43f4d7c73316,1fe32c0e92ddf87d2e1ab7c2f66c788147d4d14e0223f9666e97435b6e9952cc,https://files.rcsb.org/download/7EOP.cif
7FGT__5R3__laC__aaA__rs101__m1__alt.,7FGT,train,5R3,C,A,101,1,.,"[""5R3_A_101""]",A;B,66,CN(C)CCCNC(=O)CCNC(=O)c1nc(NC(=O)CCNC(=O)c2cc(NC(=O)c3nc(NC(=O)CCNC(=O)c4cc(NC(=O)c5nccn5C)cn4C)cn3C)cn2C)cn1C,G_8a5f0d2f9d15a25cbb6a,,f104d7c47e092598219a7f336f502a9eedc382080f992187cb8294d9741737f3,8ee88d787ba87669fc06f567c2cc5ebec9745788b106238e0d843fb3a5483b6c,https://files.rcsb.org/download/7FGT.cif
7FHI__53D__laB__aaA__rs101__m1__alt.,7FHI,train,53D,B,A,101,1,.,"[""53D_A_101""]",A,32,CCN1CCN(c2cc3c(cc2F)c(=O)c(C(=O)NCCCN(C)C)cn3C2CC2)CC1,G_f706245228efbf532e0c,,64dac9e58688c78bb0ada74173c3933412cbbe58968eafd2bf72c53fda3e731b,8b2bb8d506b261349b34fc34ae1212fb43167b364df446788c4da8664f198b55,https://files.rcsb.org/download/7FHI.cif
7FJ0__53D__laB__aaA__rs101__m1__alt.,7FJ0,train,53D,B,A,101,1,.,"[""53D_A_101""]",A,32,CCN1CCN(c2cc3c(cc2F)c(=O)c(C(=O)NCCCN(C)C)cn3C2CC2)CC1,G_071f4ffdf75692d248c9,,d16a8ad143eb4ab0479defa7ad625ddd0e87d16f74b8fab7d26c9fb6248f7dff,306b0dc64cd985da2959c0f9b0e4673b5c64239d0e497a6b02c16b4238b29ccf,https://files.rcsb.org/download/7FJ0.cif
7KBW__WAM__laB__aaA__rs101__m1__alt.,7KBW,train,WAM,B,A,101,1,.,"[""WAM_A_101""]",A,25,COc1cc(/C=C/c2cc(C(N)=O)c3ccccc3[n+]2C)ccc1O,G_178c5e22fa1d1b5926c2,,556fcbbd584fb8763a1954edfc93d087885026e321b25c4594ad4d6e0d21441e,c9cdd5b6db3ce6c3419e2ce395757cd530a5331ba7ec557bee3235782deea03c,https://files.rcsb.org/download/7KBW.cif
7KBW__WAM__laC__aaA__rs102__m1__alt.,7KBW,train,WAM,C,A,102,1,.,"[""WAM_A_102""]",A,25,COc1cc(/C=C/c2cc(C(N)=O)c3ccccc3[n+]2C)ccc1O,G_178c5e22fa1d1b5926c2,,5f6bc57f0b8e3efd9f05076b240ca3d832c2f0070b668b0ad61b90084e1e4c34,c9cdd5b6db3ce6c3419e2ce395757cd530a5331ba7ec557bee3235782deea03c,https://files.rcsb.org/download/7KBW.cif
7KBX__WAM__laB__aaA__rs101__m1__alt.,7KBX,train,WAM,B,A,101,1,.,"[""WAM_A_101""]",A,25,COc1cc(/C=C/c2cc(C(N)=O)c3ccccc3[n+]2C)ccc1O,G_504f11fa1e3278ad1b85,,4cb05c366bfb7b51a6eab290d9b06afde21425081c85d480eab5f5d13d92f1b5,76458538fa3e04749071cc5f13c873fd3dc6148ce15f0fc13e12e10abd603128,https://files.rcsb.org/download/7KBX.cif
7KBX__WAM__laC__aaA__rs102__m1__alt.,7KBX,train,WAM,C,A,102,1,.,"[""WAM_A_102""]",A,25,COc1cc(/C=C/c2cc(C(N)=O)c3ccccc3[n+]2C)ccc1O,G_504f11fa1e3278ad1b85,,c62845275dd3f6ce33f876fd72c54fb78acba65fb779b5782c72ae7377288aac,76458538fa3e04749071cc5f13c873fd3dc6148ce15f0fc13e12e10abd603128,https://files.rcsb.org/download/7KBX.cif
7KVT__2ZY__laB__aaB__rs101__m1__alt.,7KVT,train,2ZY,B,B,101,1,.,"[""2ZY_B_101""]",A,22,CC1=N/C(=C\c2cc(F)c(O)c(F)c2)C(=O)N1CC(F)(F)F,G_563c053165eca3555081,,4720ca04ad0df60c912a37db2f886f903904359bb7c9da079ce69bc1e86fa3bb,af4cfcad5943afc0a99c39beef3998c90364a93f6cc767efb0f32a1c1c57649e,https://files.rcsb.org/download/7KVT.cif
7KVU__2ZY__laG__aaG__rs106__m1__alt.,7KVU,train,2ZY,G,G,106,1,.,"[""2ZY_G_106""]",A,22,CC1=N/C(=C\c2cc(F)c(O)c(F)c2)C(=O)N1CC(F)(F)F,G_563c053165eca3555081,,c2697ff7b6ae40a146a6a76928569bf03a40b92f11332e85246d2ee24289a82d,8e93508c463686ffc0f1d0c881e64e8773d70d48caf9c4d10e1458902295a8a1,https://files.rcsb.org/download/7KVU.cif
7L0Z__2ZY__laB__aaG__rs101__m1__alt.,7L0Z,train,2ZY,B,G,101,1,.,"[""2ZY_G_101""]",A,22,CC1=N/C(=C\c2cc(F)c(O)c(F)c2)C(=O)N1CC(F)(F)F,G_ecd64a90cdeb667fbd09,,ed02006c67b83bb1e91a428ea32f0e8c5dd19c9fdf12b9cd15092b9ce7cecbb9,7976497e4f8dc31d49d38e4883beae5b4fca21a4f4b1cc33fdec8fab08c0264e,https://files.rcsb.org/download/7L0Z.cif
7MKT__MMP__laB__aaA__rs101__m1__altA,7MKT,train,MMP,B,A,101,1,A,"[""MMP_A_101""]",A,43,CCC1=C(C)c2cc3c(CC)c(C)c(cc4nc(cc5[nH]c(cc1n2)c(C)c5CCC(=O)O)C(CCC(=O)O)=C4C)n3C,G_0347ddf50c6386c24815,,23612d3344993c8c9131a58a39ded3379ea6772af29a4352582b7a0e330cdfa5,d64a799471c0a06c6e21a1b7139fcd5393442b34837936c0d92785934637d1d5,https://files.rcsb.org/download/7MKT.cif
7MSV__BER__laC__aaX__rs102__m1__alt.,7MSV,train,BER,C,X,102,1,.,"[""BER_X_102""]",A,25,COc1ccc2cc3[n+](cc2c1OC)CCc1cc2c(cc1-3)OCO2,G_d8e17124326d704e172b,,65a1ac9863d4d3854f43bc0d18286816dec08f0c7645d4d503c7a162b54a037b,22d46b5d75544d78c51e2c30f9d092931771ad3c16191d5d371568feb4fd452c,https://files.rcsb.org/download/7MSV.cif
7MSV__BER__laD__aaX__rs103__m1__alt.,7MSV,train,BER,D,X,103,1,.,"[""BER_X_103""]",A,25,COc1ccc2cc3[n+](cc2c1OC)CCc1cc2c(cc1-3)OCO2,G_d8e17124326d704e172b,,1107d29e1f9e0f8af23561a343d5318cbc31344260f3745190e1d3b650d3a398,22d46b5d75544d78c51e2c30f9d092931771ad3c16191d5d371568feb4fd452c,https://files.rcsb.org/download/7MSV.cif
7MSV__DGP__laB__aaX__rs101__m1__alt.,7MSV,train,DGP,B,X,101,1,.,"[""DGP_X_101""]",A,23,Nc1nc2c(ncn2[C@H]2C[C@H](O)[C@@H](COP(=O)(O)O)O2)c(=O)[nH]1,G_d8e17124326d704e172b,,9cf2fa9f61bcfc208f09bac1c44f10734db5d2287b45b3c430f5e0758c02cf0a,22d46b5d75544d78c51e2c30f9d092931771ad3c16191d5d371568feb4fd452c,https://files.rcsb.org/download/7MSV.cif
7N7D__BER__laB__aaA__rs101__m1__alt.,7N7D,train,BER,B,A,101,1,.,"[""BER_A_101""]",A,25,COc1ccc2cc3[n+](cc2c1OC)CCc1cc2c(cc1-3)OCO2,G_178c5e22fa1d1b5926c2,,5812135f9129a7250d6b1a7b0bf111b7340080b6929afa241d882d800f674a6d,2e2c995b4dd9a5ac5cfb39762b35f2f5a437ccc9422c04d2c34e32826a536d3f,https://files.rcsb.org/download/7N7D.cif
7N7D__BER__laC__aaA__rs102__m1__alt.,7N7D,train,BER,C,A,102,1,.,"[""BER_A_102""]",A,25,COc1ccc2cc3[n+](cc2c1OC)CCc1cc2c(cc1-3)OCO2,G_178c5e22fa1d1b5926c2,,71e8db8f621498d5d44d17cc4730275249ce5f8a4ba0e7af0b7f5e58a41c6bb7,2e2c995b4dd9a5ac5cfb39762b35f2f5a437ccc9422c04d2c34e32826a536d3f,https://files.rcsb.org/download/7N7D.cif
7N7E__BER__laB__aaA__rs101__m1__alt.,7N7E,train,BER,B,A,101,1,.,"[""BER_A_101""]",A,25,COc1ccc2cc3[n+](cc2c1OC)CCc1cc2c(cc1-3)OCO2,G_178c5e22fa1d1b5926c2,,b7d7705c49a98b6a0e615b3d40465807158659ee311d55800f6bec773fca3cd4,8a6d2c054a957c59f33052cf0865cd2227f478f4d0abf93516d5c86ff59168d0,https://files.rcsb.org/download/7N7E.cif
7N7E__BER__laC__aaA__rs102__m1__alt.,7N7E,train,BER,C,A,102,1,.,"[""BER_A_102""]",A,25,COc1ccc2cc3[n+](cc2c1OC)CCc1cc2c(cc1-3)OCO2,G_178c5e22fa1d1b5926c2,,e50561c18c6e37c49c8961aeebf8ee1070fb7d59f1f092734d2898a2bc842d84,8a6d2c054a957c59f33052cf0865cd2227f478f4d0abf93516d5c86ff59168d0,https://files.rcsb.org/download/7N7E.cif
7OA3__V5Z__laC__aaA__rs101__m1__alt.,7OA3,train,V5Z,C,A,101,1,.,"[""V5Z_A_101""]",A;B,31,COc1cc(/C=C2\N=C(/C=N\O)N(c3ccc([N+](C)(C)C)cc3)C2=O)cc(OC)c1O,G_931a27821239fd76eceb,,fbb18c1c28c21593cceb589f346529cc29eb8aaf02c5806ac40b9ab3d1ecfb1f,aaa09772e9deecdb4a04712e2db5ca467af7179262945c2316f105ae5f227844,https://files.rcsb.org/download/7OA3.cif
7OAV__GTP__laQ__aaC__rs102__m1__alt.,7OAV,train,GTP,Q,C,102,1,.,"[""GTP_C_102""]",B;C,32,Nc1nc2c(ncn2[C@@H]2O[C@H](CO[P@](=O)(O)O[P@](=O)(O)OP(=O)(O)O)[C@@H](O)[C@H]2O)c(=O)[nH]1,G_931a27821239fd76eceb,,72a50b77aaa223e364172694d7bdedbebd6bbc17544a75c2011806d9d9b99916,fc24f3b2d0d2c01960e0561115b7f8d3e35c8b4b237388c14fb484883722e39d,https://files.rcsb.org/download/7OAV.cif
7OAV__V5Z__laE__aaA__rs101__m1__alt.,7OAV,train,V5Z,E,A,101,1,.,"[""V5Z_A_101""]",A;B;C,31,COc1cc(/C=C2\N=C(/C=N\O)N(c3ccc([N+](C)(C)C)cc3)C2=O)cc(OC)c1O,G_931a27821239fd76eceb,,6b2f9b8dcc13d3dea8680a2bdef86df1b99846e0b2371ef16eb98778ecc80b51,1c3e4b110e049cf3c046233fa48301e093dc3b339cafa1c6071ba279b74a2281,https://files.rcsb.org/download/7OAV.cif
7OAV__V5Z__laK__aaB__rs101__m1__alt.,7OAV,train,V5Z,K,B,101,1,.,"[""V5Z_B_101""]",A;B;D,31,COc1cc(/C=C2\N=C(/C=N\O)N(c3ccc([N+](C)(C)C)cc3)C2=O)cc(OC)c1O,G_931a27821239fd76eceb,,9a09c820f29e4d3f9398fb333998d9cfab85cdf3aa6c8ca0bfa6dd18d8a1371a,388c2a5c901b8dbaf012e43c1f69ac54fd73c9ef0632a511248c931fdefcb15c,https://files.rcsb.org/download/7OAV.cif
7OAV__V5Z__laP__aaC__rs101__m1__alt.,7OAV,train,V5Z,P,C,101,1,.,"[""V5Z_C_101""]",A;C;D,31,COc1cc(/C=C2\N=C(/C=N/O)N(c3ccc([N+](C)(C)C)cc3)C2=O)cc(OC)c1O,G_931a27821239fd76eceb,,a64ca2987733b76710e79c5697b066d5a02550481917a4f12045f7a3a790c599,37d808c4dcfec13865d3ca3a1788ef996491fab5bf2111535bb888aaf52ac406,https://files.rcsb.org/download/7OAV.cif
7OAV__V5Z__laT__aaD__rs101__m1__alt.,7OAV,train,V5Z,T,D,101,1,.,"[""V5Z_D_101""]",B;C;D,31,COc1cc(/C=C2\N=C(/C=N/O)N(c3ccc([N+](C)(C)C)cc3)C2=O)cc(OC)c1O,G_931a27821239fd76eceb,,0764edf2d2335d535b62d9a48134b9fee572bd2e6be6d5f80d1bb7ffbd421cf1,cc9445a0015e8e778d7cfba23d32632838824bc499822e34c1495eb4d988571e,https://files.rcsb.org/download/7OAV.cif
7OAW__GTP__laK__aaB__rs101__m1__alt.,7OAW,train,GTP,K,B,101,1,.,"[""GTP_B_101""]",A;B,32,Nc1nc2c(ncn2[C@@H]2O[C@H](CO[P@](=O)(O)O[P@](=O)(O)OP(=O)(O)O)[C@@H](O)[C@H]2O)c(=O)[nH]1,G_931a27821239fd76eceb,,eabf66e27f166a411b876dcdc7cfcf842688d6bced5d5090cc4c9a11d2dbaa38,c49598885971f036cb67aaa8439f67458fc04c010654e35bb18983bb90bf3c5a,https://files.rcsb.org/download/7OAW.cif
7OAW__GTP__laQ__aaC__rs102__m1__alt.,7OAW,train,GTP,Q,C,102,1,.,"[""GTP_C_102""]",C;D,32,Nc1nc2c(ncn2[C@@H]2O[C@H](CO[P@](=O)(O)O[P@](=O)(O)OP(=O)(O)O)[C@@H](O)[C@H]2O)c(=O)[nH]1,G_931a27821239fd76eceb,,987348d93d2c57b2f3fa550df81fef94ae5b298b3684ce942f17165c0b3473e9,b40a9bb997b12d834385803bd4ab07aa2ab2ead6258e069a917c1ed149cb34ae,https://files.rcsb.org/download/7OAW.cif
7OAW__V6T__laH__aaA__rs104__m1__alt.,7OAW,train,V6T,H,A,104,1,.,"[""V6T_A_104""]",A;C;D,29,COc1cc(/C=C2\N=C(C)N(c3ccc([N+](C)(C)C)cc3)C2=O)cc(OC)c1O,G_931a27821239fd76eceb,,d8d30fef1167f47d34fd7eb555907220efe03a0ed7dbc4b6e2b942c0e5d006b7,8682301eb92dfb172d3ac02e19c6be409c347e6dd046b79179ff9c8b1d2698a6,https://files.rcsb.org/download/7OAW.cif
7OAW__V6T__laN__aaB__rs104__m1__alt.,7OAW,train,V6T,N,B,104,1,.,"[""V6T_B_104""]",B;C;D,29,COc1cc(/C=C2\N=C(C)N(c3ccc([N+](C)(C)C)cc3)C2=O)cc(OC)c1O,G_931a27821239fd76eceb,,2421ae48dddb404ea785b23e59315e2826a802235843ceba8ad1b0aea77f470d,cce7938ffa39fd58fb73ba6ec0327b7594ca05c7c796d531712716be3373b9d4,https://files.rcsb.org/download/7OAW.cif
7OAW__V6T__laT__aaC__rs105__m1__alt.,7OAW,train,V6T,T,C,105,1,.,"[""V6T_C_105""]",A;B;C,29,COc1cc(/C=C2\N=C(C)N(c3ccc([N+](C)(C)C)cc3)C2=O)cc(OC)c1O,G_931a27821239fd76eceb,,f22f917d2e6ea3531f532c24a842763c3a8087c38e0d56da574722d6320c8b08,ec3af1989bf16a99d43708733169b984a183fb8c73a182d3e6f770c18d9e22f7,https://files.rcsb.org/download/7OAW.cif
7OAW__V6T__laY__aaD__rs104__m1__alt.,7OAW,train,V6T,Y,D,104,1,.,"[""V6T_D_104""]",A;B;D,29,COc1cc(/C=C2\N=C(C)N(c3ccc([N+](C)(C)C)cc3)C2=O)cc(OC)c1O,G_931a27821239fd76eceb,,1c7c634202150ac0875dd8e7ee37f5f53e5a67c152575023b56e1593221fb793,85309de02d7ee1808a91d1d5b43594d01e8dbcd56f9ee7c7db0b65d2c4f81a71,https://files.rcsb.org/download/7OAW.cif
7OAX__V5Z__laDA__aaD__rs103__m1__alt.,7OAX,train,V5Z,DA,D,103,1,.,"[""V5Z_D_103""]",A;B;D,31,COc1cc(/C=C2\N=C(/C=N/O)N(c3ccc([N+](C)(C)C)cc3)C2=O)cc(OC)c1O,G_931a27821239fd76eceb,,e17d4d00ff752a1834d2ea92338708a5bfe0835b953f1be47f06af523ce958d1,7dd3a1ee2e22d55b032cb04c39d5ee986a45335d21324802d14719dc485cc591,https://files.rcsb.org/download/7OAX.cif
7OAX__V5Z__laF__aaA__rs102__m1__alt.,7OAX,train,V5Z,F,A,102,1,.,"[""V5Z_A_102""]",A;C;D,31,COc1cc(/C=C2\N=C(/C=N/O)N(c3ccc([N+](C)(C)C)cc3)C2=O)cc(OC)c1O,G_931a27821239fd76eceb,,a8764d782b3c3950e70d2acb8630617f5d1098fd84a60d3641b50891a7c2de5d,59d28506d0f3d3b32b79f00fb1e24202d1082c2a1e8ab837becc9bc4e1c5d927,https://files.rcsb.org/download/7OAX.cif
7OAX__V5Z__laO__aaB__rs103__m1__alt.,7OAX,train,V5Z,O,B,103,1,.,"[""V5Z_B_103""]",B;C;D,31,COc1cc(/C=C2\N=C(/C=N/O)N(c3ccc([N+](C)(C)C)cc3)C2=O)cc(OC)c1O,G_931a27821239fd76eceb,,82800c0d387a43be2f8fffd88a8a2c00577ac1a79fbe8d3ebf01bd4b2fc9eff7,cc8463301f1ce68366779d09e9d3406587f42b765d2abfda0e6739da93d53cc2,https://files.rcsb.org/download/7OAX.cif
7OAX__V5Z__laW__aaC__rs103__m1__alt.,7OAX,train,V5Z,W,C,103,1,.,"[""V5Z_C_103""]",A;B;C,31,COc1cc(/C=C2\N=C(/C=N/O)N(c3ccc([N+](C)(C)C)cc3)C2=O)cc(OC)c1O,G_931a27821239fd76eceb,,7765190c3d602416987aaca93239707fc9039126934cbd74218cce7c1661a06e,46f45133548c5e214215ad1168ed07e200eff9ef15768e36231877b551415c84,https://files.rcsb.org/download/7OAX.cif
7PNG__7V5__laB__aaA__rs101__m1__alt.,7PNG,train,7V5,B,A,101,1,.,"[""7V5_A_101""]",A,24,C[NH+](C)CCCNc1c2ccccc2[nH+]c2c1[nH]c1ccccc12,G_c5260bac00b29111f58b,,039ca81fcbbb8fe0263721deafbf76eb403b077ae1074ae0ea7a942d54f09517,883722a4bb6cb170ea75a978c0a46d50730d251c9ee84b4c308a30166f247e25,https://files.rcsb.org/download/7PNG.cif
7RBI__DCP__laM__aaD__rs101__m1__alt.,7RBI,train,DCP,M,D,101,1,.,"[""DCP_D_101""]",B;D,28,Nc1ccn([C@H]2C[C@H](O)[C@@H](CO[P@@](=O)(O)O[P@@](=O)(O)OP(=O)(O)O)O2)c(=O)n1,G_15050faef046d2307070,,fc42e03dc9eedc895b4934c338b57b382e7c877f02f0785c2ec768e5bc84bec7,879ec9833e3494a47da78d250e60a961c96841eb8d2f851bc32be231eff61077,https://files.rcsb.org/download/7RBI.cif
7REX__PRF__laD__aaA__rs101__m1__alt.,7REX,train,PRF,D,A,101,1,.,"[""PRF_A_101""]",A,13,NCc1c[nH]c2nc(N)[nH]c(=O)c12,G_c0789254199571031aa0,,2d83e2fcb77cf9747d01965d736e3d511da6a4be07f8a7725557091cad5b8452,de7f8356e456f5d76d9888d6a99b40f440fc332320a42e714260ef66b84b7751,https://files.rcsb.org/download/7REX.cif
7REX__PRF__laE__aaA__rs102__m1__alt.,7REX,train,PRF,E,A,102,1,.,"[""PRF_A_102""]",A,13,NCc1c[nH]c2nc(N)[nH]c(=O)c12,G_c0789254199571031aa0,,ff15b18729515aa1b3c0d8426f7b033db41642c867bad3fa449822c2303de082,de7f8356e456f5d76d9888d6a99b40f440fc332320a42e714260ef66b84b7751,https://files.rcsb.org/download/7REX.cif
7REX__PRF__laI__aaB__rs101__m1__alt.,7REX,train,PRF,I,B,101,1,.,"[""PRF_B_101""]",B,13,NCc1c[nH]c2nc(N)[nH]c(=O)c12,G_c0789254199571031aa0,,9a808778cb88fa3ba664ba6d8158d20650364aa321668cdc896efa0aeaadf16d,9854289ee6cb7765c301a72a3bcff93e1a9a02fba02406acaf6f7cce8526ae4a,https://files.rcsb.org/download/7REX.cif
7REX__PRF__laJ__aaB__rs102__m1__alt.,7REX,train,PRF,J,B,102,1,.,"[""PRF_B_102""]",B,13,NCc1c[nH]c2nc(N)[nH]c(=O)c12,G_c0789254199571031aa0,,5bb78f0f9dc6ba5da59444946bbca6ba94660f0ba55001e74ed1bfef4c1a0cd7,9854289ee6cb7765c301a72a3bcff93e1a9a02fba02406acaf6f7cce8526ae4a,https://files.rcsb.org/download/7REX.cif
7REX__PRF__laK__aaC__rs101__m1__alt.,7REX,train,PRF,K,C,101,1,.,"[""PRF_C_101""]",C,13,NCc1c[nH]c2nc(N)[nH]c(=O)c12,G_c0789254199571031aa0,,7647cb4c63ef3dbb7dac2b1fed1627447ffe8578dd0ca6d6b5b1396cac385f2b,a62925fbddce4a202ce9c3f85bb2fbdc06503e0f80459f9fa36246a5b7287a73,https://files.rcsb.org/download/7REX.cif
7REX__PRF__laL__aaC__rs102__m1__alt.,7REX,train,PRF,L,C,102,1,.,"[""PRF_C_102""]",C,13,NCc1c[nH]c2nc(N)[nH]c(=O)c12,G_c0789254199571031aa0,,1fa37ed32d0d88da96bc79ca696f8b84f3f9fc9bbfb48572b8b87dc489e93270,a62925fbddce4a202ce9c3f85bb2fbdc06503e0f80459f9fa36246a5b7287a73,https://files.rcsb.org/download/7REX.cif
7RWR__FMN__laB__aaA__rs101__m1__alt.,7RWR,train,FMN,B,A,101,1,.,"[""FMN_A_101""]",A,31,Cc1cc2nc3c(=O)[nH]c(=O)nc-3n(C[C@H](O)[C@H](O)[C@H](O)COP(=O)(O)O)c2cc1C,G_26771f17d46901a5e64c,,f5e0e016e6c6033152ced150c0c17e0a166dba99aff56311daec15230b2ce977,7609464612042454d7e96e1704315e1bc67b4401fb4018074b2561982832052c,https://files.rcsb.org/download/7RWR.cif
7SZU__J8F__laF__aaR__rs103__m1__alt.,7SZU,train,J8F,F,R,103,1,.,"[""J8F_R_103""]",A,23,CN(CCO)c1ccc(/C=C(\C#N)c2ccc(C#N)cc2)cc1,G_3d6c7fdb29661e6cf659,,701ebd49d415990e5bc9bf143c592ba39e2524bc7974e9c2853bdf0b2db68286,0c6f9bdd8e69c4d64854e45c7f5aecd3e817dfc7799a35720ae738d9d3a67270,https://files.rcsb.org/download/7SZU.cif
7U0Y__KY6__laD__aaR__rs301__m1__alt.,7U0Y,train,KY6,D,R,301,1,.,"[""KY6_R_301""]",C,26,CN(CCO)c1ccc2cc(/C=C(\C#N)c3ccc(C#N)cc3)sc2c1,G_3d6c7fdb29661e6cf659,,83bf0b251aa405af221b59d624e13b15a202133c67ad6a24ddeb33c11bdd20c8,7e2f46281eb48f31f79fbb6cbe5d2aa31c964032196c63cc171f94d1d904545f,https://files.rcsb.org/download/7U0Y.cif
7W9N__97U__laB__aaA__rs101__m1__alt.,7W9N,train,97U,B,A,101,1,.,"[""97U_A_101""]",A,28,C[C@@H]1Cc2c(Cl)cc(C(=O)N[C@@H](Cc3ccccc3)C(=O)O)c(O)c2C(=O)O1,G_fec9f89616cd07ade9eb,,e0f343abd5e11a763fd27ea6ad298b3d2095c87522855ec665cc4481f7707089,623bb4d565ff7e7ccf8288dcde2df5fca86aec74e634e766f86f754465530b9d,https://files.rcsb.org/download/7W9N.cif
7WGW__PCG__laB__aaX__rs101__m1__alt.,7WGW,train,PCG,B,X,101,1,.,"[""PCG_X_101""]",A,23,Nc1nc2c(ncn2[C@@H]2O[C@@H]3CO[P@@](=O)(O)O[C@H]3[C@H]2O)c(=O)[nH]1,G_3821884ea38d57f0821c,,e9c63fc27045bed14c1daba2d3e35c26805eb32eea158e67346b469391c28272,4007caff2870f7eb6c6a3dfda75db9cac8ff53f6f92952db840b2182f5933593,https://files.rcsb.org/download/7WGW.cif
7X2Z__7U0__laB__aaA__rs101__m1__alt.,7X2Z,train,7U0,B,A,101,1,.,"[""7U0_A_101""]",A,52,NCCOc1cc(C(=O)Nc2cc(OCCN3CCCC3)c3ccccc3n2)nc(C(=O)Nc2cc(OCCN3CCCC3)c3ccccc3n2)c1,G_98f2a74e0b19f1c865e2,,7a7de1066d8c837e49c1e88ff2a6680c739babb4e18b0df654b6853321050185,fbdb5413ed694d0d27951af768af4e7afa23f64f9589de285c0bee502c1f8eb3,https://files.rcsb.org/download/7X2Z.cif
7X3A__7V8__laB__aaA__rs101__m1__alt.,7X3A,train,7V8,B,A,101,1,.,"[""7V8_A_101""]",A,44,NCCOc1cc(C(=O)Nc2cc(OCCN)c3ccccc3n2)nc(C(=O)Nc2cc(OCCN)c3ccccc3n2)c1,G_98f2a74e0b19f1c865e2,,5c36447552509cede4822e93a4ff95066e6af4fe1f7bd754d73233656967896a,1c581cc49c7b24116ed1ef00884e11c3b0dc768522ebd429100b2937445302ef,https://files.rcsb.org/download/7X3A.cif
7X8M__BER__laB__aaX__rs101__m1__alt.,7X8M,train,BER,B,X,101,1,.,"[""BER_X_101""]",A,25,COc1ccc2cc3[n+](cc2c1OC)CCc1cc2c(cc1-3)OCO2,G_14fb76696682caac6948,,fb6316e53595e2e43c694e1ca0a51c41711823e1daefc4cfa595b98605f418a8,95534ed8af274b4e6f19c1ae026cbe632e06302cc7e18bce8d4308df59ef3aa6,https://files.rcsb.org/download/7X8M.cif
7X8M__BER__laC__aaX__rs102__m1__alt.,7X8M,train,BER,C,X,102,1,.,"[""BER_X_102""]",A,25,COc1ccc2cc3[n+](cc2c1OC)CCc1cc2c(cc1-3)OCO2,G_14fb76696682caac6948,,5b97bab68b76b8ac903673d2212992a1d92465ac662ab36cd76db84f03c6297d,95534ed8af274b4e6f19c1ae026cbe632e06302cc7e18bce8d4308df59ef3aa6,https://files.rcsb.org/download/7X8M.cif
7X8O__KPT__laB__aaX__rs101__m1__alt.,7X8O,train,KPT,B,X,101,1,.,"[""KPT_X_101""]",A,24,c1c2c(cc3c1OCO3)-c1cc3ccc4c(c3c[n+]1CC2)OCO4,G_14fb76696682caac6948,,9b20c48c7e4be1c85340cf8713f86584dfe72dd360df088c092c8b176a72ef74,87ffa9b21e4e0f5014f89d588bb3c18868257feacb32cf13998b741d4d9bdb5f,https://files.rcsb.org/download/7X8O.cif
7X8O__KPT__laC__aaX__rs102__m1__alt.,7X8O,train,KPT,C,X,102,1,.,"[""KPT_X_102""]",A,24,c1c2c(cc3c1OCO3)-c1cc3ccc4c(c3c[n+]1CC2)OCO4,G_14fb76696682caac6948,,e4441b74e0a68a450e534f7aad2d106b807df6639b1e11c3ef0031b81b392c87,87ffa9b21e4e0f5014f89d588bb3c18868257feacb32cf13998b741d4d9bdb5f,https://files.rcsb.org/download/7X8O.cif
7XQ5__HEZ__laF__aaC__rs101__m1__alt.,7XQ5,train,HEZ,F,C,101,1,.,"[""HEZ_C_101""]",C;D,8,OCCCCCCO,G_9c0b7cd5dd9a72f8c74d,,6230c7b661a84a33ab3fe038a5aceecf06528a5c7a1ff61aef32a16c0c36ee66,e34b90c57af33f468e787287f5dec470ef5ca0c7b555e3e942defee45f73eaba,https://files.rcsb.org/download/7XQ5.cif
7XQ5__HEZ__laG__aaD__rs101__m1__alt.,7XQ5,train,HEZ,G,D,101,1,.,"[""HEZ_D_101""]",C;D,8,OCCCCCCO,G_9c0b7cd5dd9a72f8c74d,,4d4853968d2da1147548814cd7183e730b1e953596bcdcee8caf0e00671c227e,e34b90c57af33f468e787287f5dec470ef5ca0c7b555e3e942defee45f73eaba,https://files.rcsb.org/download/7XQ5.cif
7YCI__GTP__laC__aaN__rs501__m1__alt.,7YCI,train,GTP,C,N,501,1,.,"[""GTP_N_501""]",A;B,32,Nc1nc2c(ncn2[C@@H]2O[C@H](CO[P@](=O)(O)O[P@](=O)(O)OP(=O)(O)O)[C@@H](O)[C@H]2O)c(=O)[nH]1,G_757845cb6cc083e1a615,,af7f54da4a4c3406e180ff036c625b803add6e10ac8df789b98017fd3f055f7d,63c39ed9986fcbf876c9ce07832c24b0b0a1b32fc14e682c3dc149a9045fb381,https://files.rcsb.org/download/7YCI.cif
7YVW__B2R__laC__aaA__rs101__m1__alt.,7YVW,train,B2R,C,A,101,1,.,"[""B2R_A_101""]",A;B,37,Cc1ccc2ccc(NC(=O)OCCCNCCCOC(=O)Nc3ccc4ccc(C)nc4n3)nc2n1,G_dcd724e61ebbe1d8b1c2,,c31270c0a46d0ff60a013fae11e666b8a6ef995e2dd21b36166104386bb8b02c,ed70660b76d312c9066509d3176c9dae754d7edb70c0a8a7456a3d8d03036520,https://files.rcsb.org/download/7YVW.cif
7YVW__B2R__laD__aaA__rs102__m1__alt.,7YVW,train,B2R,D,A,102,1,.,"[""B2R_A_102""]",A;B,37,Cc1ccc2ccc(NC(=O)OCCCNCCCOC(=O)Nc3ccc4ccc(C)nc4n3)nc2n1,G_dcd724e61ebbe1d8b1c2,,5bf4d4170ae6858d8c0253e21809dcab429e8774a7caca0e7621100af49d239d,ed70660b76d312c9066509d3176c9dae754d7edb70c0a8a7456a3d8d03036520,https://files.rcsb.org/download/7YVW.cif
7ZJ4__1TU__laC__aaE__rs402__m1__alt.,7ZJ4,train,1TU,C,E,402,1,.,"[""1TU_E_402""]",A,18,Cc1nc(Cc2cc(F)c(O)c(F)c2)c(O)n1C,G_9ac5ce3c4321c37d44c0,,960036325baa2da6400a8e7a482aa2034f31361e1972d84b1763012e65d2b551,8b663a9d415f3d26c4394cf3f996dbb42a15feada8be676d616a2c48be13cb87,https://files.rcsb.org/download/7ZJ4.cif
7ZJ4__J93__laB__aaE__rs401__m1__alt.,7ZJ4,train,J93,B,E,401,1,.,"[""J93_E_401""]",A,25,CN(CCO)c1cc2sc(/C=C(\C#N)c3ccc(C#N)cc3)cc2s1,G_9ac5ce3c4321c37d44c0,,7cc48f589c45dcd3db9a695b61be42ab072d68774ce86ccb27f994d3ad26edd8,8b663a9d415f3d26c4394cf3f996dbb42a15feada8be676d616a2c48be13cb87,https://files.rcsb.org/download/7ZJ4.cif
8ABD__PQ3__laB__aaA__rs101__m1__alt.,8ABD,train,PQ3,B,A,101,1,.,"[""PQ3_A_101""]",A,42,C[n+]1cc(NC(=O)c2ccc3ccc4ccc(C(=O)Nc5cc6ccccc6[n+](C)c5)nc4c3n2)cc2ccccc21,G_c5260bac00b29111f58b,,7a167d8df025103df8e29651c8fcf8177df06e79a25c8da6760a476f351346a1,5111f7814a726dd4f4281ccdd8e4a3975aa44c90057f1b0e24eb251078375a0f,https://files.rcsb.org/download/8ABD.cif
8ABN__LNF__laB__aaA__rs101__m1__alt.,8ABN,train,LNF,B,A,101,1,.,"[""LNF_A_101""]",A,37,CC[NH+](CC)CCCNC(=O)c1ccc(-c2c3cccc(C)c3[n+](C)c3c2[nH]c2c(C)cccc23)cc1,G_ff22f073e7a9c8691a74,,56b9a19e3cec2b82868cc8eb80b4682d903fd2ab996272fe97bbb44e3095d181,c7f96dbcd118bb83627573a63dcd7cb4245d0ff46262b37dbe170389bf2dedd4,https://files.rcsb.org/download/8ABN.cif
8DWM__BLM__laE__aaG__rs101__m1__alt.,8DWM,train,BLM,E,G,101,1,.,"[""BLM_G_101""]",B;C,96,Cc1c(N)nc([C@H](CC(N)=O)NC[C@H](N)C(N)=O)nc1C(=O)N[C@H](C(=O)N[C@H](C)[C@@H](O)[C@H](C)C(=O)N[C@H](C(=O)NCCc1nc(-c2nc(C(=O)NCCC[SH](C)C)cs2)cs1)[C@@H](C)O)[C@@H](O[C@@H]1O[C@@H](CO)[C@@H](O)[C@H](O)[C@@H]1O[C@H]1O[C@H](CO)[C@@H](O)[C@H](OC(N)=O)[C@@H]1O)c1c[nH]cn1,G_b5b8c61f5679a526f3c4,,b5a2430a3f06438b7d917ea8cceaaf96427b04e527e199a9db29dada4b8c7f7c,80af0ed2c6a0e67dbb0ea566e926efcaa58e1d41eeeaf90cffa1233ccce4a8ed,https://files.rcsb.org/download/8DWM.cif
8EYU__X5R__laE__aaB__rs103__m1__alt.,8EYU,train,X5R,E,B,103,1,.,"[""X5R_B_103""]",A,23,COC(=O)/C=C/C1=N/C(=C\c2cc(F)c(O)c(F)c2)C(=O)N1C,G_210993da8f3e12f0884a,,260922f5cbe4326470f8f6beb3cef63db329137407c8bc932d18d5a27927c6c7,1a9a98db217137f37be2eb93aaf0eebdd14d5576ff2b3353bea10f6cd31674f0,https://files.rcsb.org/download/8EYU.cif
8EYU__X5R__laI__aaA__rs104__m1__alt.,8EYU,train,X5R,I,A,104,1,.,"[""X5R_A_104""]",B,23,COC(=O)/C=C/C1=N/C(=C\c2cc(F)c(O)c(F)c2)C(=O)N1C,G_210993da8f3e12f0884a,,b96aee87f0113d470674b65d5e5992bc84b2c82c5d5f88f0ba80412358348377,6e2f5e70fbe07bf6ffab6d7a1f6dc14d28fb06628bd2158920557cf19fce4b11,https://files.rcsb.org/download/8EYU.cif
8EYV__747__laF__aaA__rs104__m1__alt.,8EYV,train,747,F,A,104,1,.,"[""747_A_104""]",A,20,CN1C(=O)/C(=C/c2cc(F)c(O)c(F)c2)N=C1/C=N\O,G_210993da8f3e12f0884a,,3513f2fcd1c6c07c2afce7c2ed01fcf9e8bfc67d1a630957149d96352e4c9434,0f3b6d871a17e700600c610c3bbfbbc997593947be25dded5b77c05b75770a14,https://files.rcsb.org/download/8EYV.cif
8EYV__747__laI__aaB__rs103__m1__alt.,8EYV,train,747,I,B,103,1,.,"[""747_B_103""]",B,20,CN1C(=O)/C(=C/c2cc(F)c(O)c(F)c2)N=C1/C=N\O,G_210993da8f3e12f0884a,,133678ce0be0dff1330777090fefa407f3244f4425567a2641739c74632285c8,3cf38cbf8271afba08ad501ca50f0d1756bb0c66314ecde3eacb1175e035b4ad,https://files.rcsb.org/download/8EYV.cif
8EYW__TFX__laI__aaA__rs103__m1__alt.,8EYW,train,TFX,I,A,103,1,.,"[""TFX_A_103""]",B,20,Cc1ccc2c(c1)sc(-c1ccc(N(C)C)cc1)[n+]2C,G_210993da8f3e12f0884a,,77abd0c0335aef4ec6fe4e1adc33fb22a84dcdb422b00721971e67bcfe5f8d6b,743a0fd27bb3f68b254e0287faee3e0e5496bf7d57282633dcc71968435477f8,https://files.rcsb.org/download/8EYW.cif
8F0N__747__laE__aaB__rs103__m1__alt.,8F0N,train,747,E,B,103,1,.,"[""747_B_103""]",A,20,CN1C(=O)/C(=C/c2cc(F)c(O)c(F)c2)N=C1/C=N/O,G_3a5916a7d9b1c4fbbfab,,bcee184ee728c96837d69661ffac14f6aaa5f253405308b8daf937044818b07b,5520a60998eb3d5d6063f147db59019c26984b3c7160e6e0a6d1e5ac85b37cda,https://files.rcsb.org/download/8F0N.cif
8F42__HT1__laC__aaB__rs101__m1__alt.,8F42,train,HT1,C,B,101,1,.,"[""HT1_B_101""]",A;B,34,CCOc1ccc(-c2nc3ccc(-c4nc5ccc(N6CCN(C)CC6)cc5[nH]4)cc3[nH]2)cc1,G_5c234dd1e4e7c1768318,,30d058e7ae593b3d59c2e94d25613bc84c47af8227b4035b87805b26151aef95,8be301954a48812b688a1197a550a89c7852dd8f7cd278f4146e50bc8c888fc5,https://files.rcsb.org/download/8F42.cif
8FB3__PRF__laD__aaA__rs101__m1__altA,8FB3,train,PRF,D,A,101,1,A,"[""PRF_A_101""]",A,13,NCc1c[nH]c2nc(N)[nH]c(=O)c12,G_c0789254199571031aa0,,cae3f4d8ed58b04ee40f1b304959d03c2d01ac926bd14f7e80f16256bbdd5fb2,6010dbc791f71b490faa30a0bd4694dcddfb3b81c15cea89e50f848734965674,https://files.rcsb.org/download/8FB3.cif
8FB3__PRF__laE__aaA__rs102__m1__altA,8FB3,train,PRF,E,A,102,1,A,"[""PRF_A_102""]",A;B,13,NCc1c[nH]c2nc(N)[nH]c(=O)c12,G_c0789254199571031aa0,,3f43550af9c5f4d89ca7f976e6913be450740c7a9a9d4eac543d22c6b72aec9c,3eb72c5a69753bd77e9bad8ed0f7b317fca8c9e5878786294034ad26e35e19e3,https://files.rcsb.org/download/8FB3.cif
8FB3__PRF__laJ__aaC__rs101__m1__altA,8FB3,train,PRF,J,C,101,1,A,"[""PRF_C_101""]",C,13,NCc1c[nH]c2nc(N)[nH]c(=O)c12,G_c0789254199571031aa0,,7f0d7f2fbbf36a133d877bb8f5167dc8f4aef29cf6ee2f80d6f5d469e71cc899,bef624737b93087f40217b8d79c689a8d49de1de1ed27a038439c85872b4940f,https://files.rcsb.org/download/8FB3.cif
8FB3__PRF__laK__aaC__rs102__m1__altA,8FB3,train,PRF,K,C,102,1,A,"[""PRF_C_102""]",C,13,NCc1c[nH]c2nc(N)[nH]c(=O)c12,G_c0789254199571031aa0,,1cdc166836390105fb8ad6ee27b0ca5ba682c6e482d42993e5b405af79743140,bef624737b93087f40217b8d79c689a8d49de1de1ed27a038439c85872b4940f,https://files.rcsb.org/download/8FB3.cif
8FB4__WFB__laD__aaA__rs101__m1__alt.,8FB4,train,WFB,D,A,101,1,.,"[""WFB_A_101""]",A,27,N=C(N)c1ccc(-c2ccc3nc(-c4ccc(C(=N)N)cc4)[nH]c3c2)cc1,G_12de06f2c13b502a98dd,,ef5284aa3bcc6293590b7a61ddab8f25f388874a62cf05bf2b3adeef22b0bc76,6670d37f3798e6cc5de1f6f51f6f8e8b6365ca426ae7de596d729929a85eb122,https://files.rcsb.org/download/8FB4.cif
8FHV__2ZY__laH__aaA__rs107__m1__alt.,8FHV,train,2ZY,H,A,107,1,.,"[""2ZY_A_107""]",A,22,CC1=N/C(=C\c2cc(F)c(O)c(F)c2)C(=O)N1CC(F)(F)F,G_c35fe9d3a719cfe8bec7,,c44805901cc251784bf8004689f843fb012457e803f2a58a27d0017d213ef1da,e38154f3f3f1ef0e17f2f524af8161e4a04cb8b69f359e346a56d46b7075a16f,https://files.rcsb.org/download/8FHV.cif
8FHX__2ZY__laH__aaA__rs107__m1__alt.,8FHX,train,2ZY,H,A,107,1,.,"[""2ZY_A_107""]",A,22,CC1=N/C(=C\c2cc(F)c(O)c(F)c2)C(=O)N1CC(F)(F)F,G_c35fe9d3a719cfe8bec7,,95b3f57dece78219568c880c470965999e72a3d5e39b77d57400a98a133c0ef7,ff81be0b3616f1cac7daa8b3dbca7a4249aa4549cbc7894214b4dfe4bf378113,https://files.rcsb.org/download/8FHX.cif
8FHZ__747__laH__aaA__rs107__m1__alt.,8FHZ,train,747,H,A,107,1,.,"[""747_A_107""]",A,20,CN1C(=O)/C(=C/c2cc(F)c(O)c(F)c2)N=C1/C=N\O,G_c35fe9d3a719cfe8bec7,,85a53cc2b866b670a299d7d7913e1045e028fecf9f8192c9c3bf5932dab16f31,8c4610355fab90081af4a65e906726f543e57d4317169ba4f2d8b88e3578889d,https://files.rcsb.org/download/8FHZ.cif
8FI0__X5R__laH__aaA__rs107__m1__alt.,8FI0,train,X5R,H,A,107,1,.,"[""X5R_A_107""]",A,23,COC(=O)/C=C/C1=N/C(=C\c2cc(F)c(O)c(F)c2)C(=O)N1C,G_c35fe9d3a719cfe8bec7,,08d6c4797b6f39502998768de12336487bf37cd6d2b11673737b0fe01ab3a2db,abbd4a4815de2e5c813b8d3a4e5a029c068ad17998b2f23ff6987b91d0c57f4e,https://files.rcsb.org/download/8FI0.cif
8FI1__747__laG__aaA__rs106__m1__alt.,8FI1,train,747,G,A,106,1,.,"[""747_A_106""]",A,20,CN1C(=O)/C(=C/c2cc(F)c(O)c(F)c2)N=C1/C=N\O,G_9d0a44cdb7653fe7dc71,,e974b8d714cc4d4a69a915acb9957c4694f486daa3add595093d313a8ff7e5c3,7b4c73e47fb799f6638fd1a8818814eb6f6783ec0d390a748d0bc0ca1070425b,https://files.rcsb.org/download/8FI1.cif
8FI2__2ZY__laG__aaA__rs106__m1__alt.,8FI2,train,2ZY,G,A,106,1,.,"[""2ZY_A_106""]",A,22,CC1=N/C(=C\c2cc(F)c(O)c(F)c2)C(=O)N1CC(F)(F)F,G_b82168d61e063a8c8b28,,f0fde28633214bd9d500846d313cab6f5983ea2508b8be1e93733a73d4aa72d7,bf43684d96fcd695f44a62b7793f113d9e57be483c38b86d22af69f2439df385,https://files.rcsb.org/download/8FI2.cif
8FI7__747__laG__aaA__rs106__m1__alt.,8FI7,train,747,G,A,106,1,.,"[""747_A_106""]",A,20,CN1C(=O)/C(=C/c2cc(F)c(O)c(F)c2)N=C1/C=N\O,G_b82168d61e063a8c8b28,,a309f426d3e7e49cf8de1450c40ea11c98f0d2dbbb7955f3a6372bda268384cf,8fb20e9e1be6894cc0a65b8342e6017f9beb1e405f6c7180ac80dd253edc62b7,https://files.rcsb.org/download/8FI7.cif
8FI8__X5R__laG__aaA__rs106__m1__alt.,8FI8,train,X5R,G,A,106,1,.,"[""X5R_A_106""]",A,23,COC(=O)/C=C/C1=N/C(=C\c2cc(F)c(O)c(F)c2)C(=O)N1C,G_b82168d61e063a8c8b28,,83090cfe70518c9eb0cbddfb66091ac132562812c799184b75d583d7f2007890,8e7331c8cf02169b43627467ee849b863c6531efdbab0cdeacc1b2d2e7aeae79,https://files.rcsb.org/download/8FI8.cif
8G4W__PRF__laI__aaR__rs101__m1__alt.,8G4W,train,PRF,I,R,101,1,.,"[""PRF_R_101""]",F,13,NCc1c[nH]c2nc(N)[nH]c(=O)c12,G_86987fd2f31f20fce564,,feb44e60c45f2a25f4b848106a091dca0bb6de17b052b549610afef20c0a850c,b3b6d0980c8e78820de2505f753e5bab4930813885cc48a5c7e14101b2218417,https://files.rcsb.org/download/8G4W.cif
8G7E__PRF__laI__aaR__rs101__m1__alt.,8G7E,train,PRF,I,R,101,1,.,"[""PRF_R_101""]",F,13,NCc1c[nH]c2nc(N)[nH]c(=O)c12,G_86987fd2f31f20fce564,,f79e0062a9f109bd7035eb38ab8d8ede47c003a5cf72cc4641ff992bd2eca495,21de62af6799f68b899e20a41db5bebf1acb0bb525d3c3076ba03da3f38a9cc2,https://files.rcsb.org/download/8G7E.cif
8GXB__NAD__laH__aaA__rs101__m1__alt.,8GXB,train,NAD,H,A,101,1,.,"[""NAD_A_101""]",A,44,NC(=O)c1ccc[n+]([C@@H]2O[C@H](CO[P@@](=O)([O-])O[P@@](=O)(O)OC[C@H]3O[C@@H](n4cnc5c(N)ncnc54)[C@H](O)[C@@H]3O)[C@@H](O)[C@H]2O)c1,G_7741984ba7cadb26b474,,9e91a8fbdaf63ac8185259565d723eacee8f6b494fdf2c50e7decba891a25d52,44b0cb0e93ab0ab57cb4e30e6f7b89d0180e2e0108bf5f391d5d2832b9a9cc4a,https://files.rcsb.org/download/8GXB.cif
8GXB__NAD__laS__aaB__rs101__m1__alt.,8GXB,train,NAD,S,B,101,1,.,"[""NAD_B_101""]",B,44,NC(=O)c1ccc[n+]([C@@H]2O[C@H](CO[P@@](=O)([O-])O[P@@](=O)(O)OC[C@H]3O[C@@H](n4cnc5c(N)ncnc54)[C@H](O)[C@@H]3O)[C@@H](O)[C@H]2O)c1,G_7741984ba7cadb26b474,,0e04ef0a99341ed9d66792bc06e835a8b134907e972b7398809d45adaba3590a,024ef284976942fefbfcd53d9c06731ea72cf63001bc62f20d354b6dff63a7ac,https://files.rcsb.org/download/8GXB.cif
8GXC__NMN__laH__aaA__rs101__m1__alt.,8GXC,train,NMN,H,A,101,1,.,"[""NMN_A_101""]",A,22,NC(=O)c1ccc[n+]([C@@H]2O[C@H](COP(=O)(O)O)[C@@H](O)[C@H]2O)c1,G_7741984ba7cadb26b474,,b93f8cd8860a1ed47b9b9f34c089c05a5e5407631736eac23d3643aa3df0ec52,01a378a718cb83a77011517351f1f503b6b7e4ab4d46e799c648eb03164d5039,https://files.rcsb.org/download/8GXC.cif
8GXC__NMN__laO__aaB__rs101__m1__alt.,8GXC,train,NMN,O,B,101,1,.,"[""NMN_B_101""]",B,22,NC(=O)c1ccc[n+]([C@@H]2O[C@H](COP(=O)(O)O)[C@@H](O)[C@H]2O)c1,G_7741984ba7cadb26b474,,94d2db06a50ecd1475af9d7551ed371ee83710b49d7bde25199d2d977414a2ae,d4b9cda747a19202c13af5be613fc0e6e00209277beb10ebec07fdf5e4925496,https://files.rcsb.org/download/8GXC.cif
8HB1__NMN__laF__aaB__rs101__m1__alt.,8HB1,train,NMN,F,B,101,1,.,"[""NMN_B_101""]",A;B,22,NC(=O)c1ccc[n+]([C@@H]2O[C@H](COP(=O)(O)O)[C@@H](O)[C@H]2O)c1,G_b6f988f8c1988405765b,,f4241c2305419b412d92478dd19e8d9af342ef98b0995a76b523ab701079c416,dded25283c14e81aca3f574c5736b5b4a787397dbd682e638012f9d1d3a474cf,https://files.rcsb.org/download/8HB1.cif
8HB1__NMN__laG__aaB__rs102__m1__alt.,8HB1,train,NMN,G,B,102,1,.,"[""NMN_B_102""]",A;B,22,NC(=O)c1ccc[n+]([C@@H]2O[C@H](COP(=O)(O)O)[C@@H](O)[C@H]2O)c1,G_b6f988f8c1988405765b,,a6a96afcc0b04a132d2e27805209c103afe5cb27658f57612cd6f371aed1aa85,dded25283c14e81aca3f574c5736b5b4a787397dbd682e638012f9d1d3a474cf,https://files.rcsb.org/download/8HB1.cif
8HB3__NNR__laC__aaA__rs101__m1__alt.,8HB3,train,NNR,C,A,101,1,.,"[""NNR_A_101""]",A;B,18,NC(=O)c1ccc[n+]([C@@H]2O[C@H](CO)[C@@H](O)[C@H]2O)c1,G_9aaf449b7165165a5975,,341abc83f759c4c191f06a2b9369c039ad9344aeabf9e876ea29f1c57e11d74b,bd3b3c8177537a846f7920a09aa150eb036f2fd3261c0e41154d062dd33e331a,https://files.rcsb.org/download/8HB3.cif
8HB3__NNR__laD__aaB__rs101__m1__alt.,8HB3,train,NNR,D,B,101,1,.,"[""NNR_B_101""]",A;B,18,NC(=O)c1ccc[n+]([C@@H]2O[C@H](CO)[C@@H](O)[C@H]2O)c1,G_9aaf449b7165165a5975,,e245d16e3a2542e9e82fb45e39739654730ea33eccc19adad34751b35739c2fd,bd3b3c8177537a846f7920a09aa150eb036f2fd3261c0e41154d062dd33e331a,https://files.rcsb.org/download/8HB3.cif
8HB8__NMN__laB__aaA__rs101__m1__alt.,8HB8,train,NMN,B,A,101,1,.,"[""NMN_A_101""]",A,22,NC(=O)c1ccc[n+]([C@@H]2O[C@H](COP(=O)(O)O)[C@@H](O)[C@H]2O)c1,G_7ff5706f951063643925,,79b75a3b5b1dc1d825c0d7423486ae40ad14bad823743c02a40332942d7fcacf,1ebec0e3f4939b925a8480a2e0e68f8959314720f572d227ecc3cbdf679051bb,https://files.rcsb.org/download/8HB8.cif
8HB8__NMN__laC__aaA__rs102__m1__alt.,8HB8,train,NMN,C,A,102,1,.,"[""NMN_A_102""]",A,22,NC(=O)c1ccc[n+]([C@@H]2O[C@H](COP(=O)(O)O)[C@@H](O)[C@H]2O)c1,G_7ff5706f951063643925,,471f7f2960b4e3ad705cc828070ef3df8c9ac78b28f87d16fa5b8e560c8705c9,1ebec0e3f4939b925a8480a2e0e68f8959314720f572d227ecc3cbdf679051bb,https://files.rcsb.org/download/8HB8.cif
8HBA__NAD__laC__aaA__rs101__m1__alt.,8HBA,train,NAD,C,A,101,1,.,"[""NAD_A_101""]",A;B,44,NC(=O)c1ccc[n+]([C@@H]2O[C@H](CO[P@@](=O)([O-])O[P@@](=O)(O)OC[C@H]3O[C@@H](n4cnc5c(N)ncnc54)[C@H](O)[C@@H]3O)[C@@H](O)[C@H]2O)c1,G_bd76cad0c1022c5db00a,,3ef313fe5bc85ff09f6ec6cca013ad45fa5612361cfe9f744b0e8bfa9008a204,18b56098e1c7e4592a8d92e7ebfe2a29736c5600aa17243add7a27e3fff6ab47,https://files.rcsb.org/download/8HBA.cif
8HBA__NAD__laD__aaA__rs102__m1__alt.,8HBA,train,NAD,D,A,102,1,.,"[""NAD_A_102""]",A,44,NC(=O)c1ccc[n+]([C@@H]2O[C@H](CO[P@@](=O)([O-])O[P@@](=O)(O)OC[C@H]3O[C@@H](n4cnc5c(N)ncnc54)[C@H](O)[C@@H]3O)[C@@H](O)[C@H]2O)c1,G_bd76cad0c1022c5db00a,,71fcfb5be656ffa414f315f039dc9759f2177618bfa52702e722fb1bc02d7423,9f23d8cb43a02b46ecef3bf99e2e7e78c676d2f515ba64a8820e31083dba162c,https://files.rcsb.org/download/8HBA.cif
8HBA__NMN__laF__aaB__rs102__m1__alt.,8HBA,train,NMN,F,B,102,1,.,"[""NMN_B_102""]",B,22,NC(=O)c1ccc[n+]([C@@H]2O[C@H](COP(=O)(O)O)[C@@H](O)[C@H]2O)c1,G_bd76cad0c1022c5db00a,,943b9fba849a9971d10e8650e760299765e0cc21eb8f3354752f814764b458c8,f8f170f1fd6dadf1618eb6acbce2e9d1f77f8189c864d449d56a1a59fd3960f0,https://files.rcsb.org/download/8HBA.cif
8HZD__O2I__laF__aaA__rs104__m1__alt.,8HZD,train,O2I,F,A,104,1,.,"[""O2I_A_104""]",A;B,27,CN1C(=O)/C(=C/c2cc(F)c(O)c(F)c2)N=C1/C=C/c1ccc(C#N)cc1,G_cbcfce842d5d88fba50e,,de6f27298c74a237641edafb2f843eb9d969f18a27ce9338a397d3b9d8ab5bb3,259f404d858d987605f881146024a7e207bfcce4b7161a1d845ef0d29ba46157,https://files.rcsb.org/download/8HZD.cif
8HZD__O2I__laK__aaB__rs105__m1__alt.,8HZD,train,O2I,K,B,105,1,.,"[""O2I_B_105""]",A;B,27,CN1C(=O)/C(=C/c2cc(F)c(O)c(F)c2)N=C1/C=C/c1ccc(C#N)cc1,G_cbcfce842d5d88fba50e,,05a1bdbea44361ef211d9c8ef96cf87d7f52d405642e93c0029c5043e15226af,259f404d858d987605f881146024a7e207bfcce4b7161a1d845ef0d29ba46157,https://files.rcsb.org/download/8HZD.cif
8HZE__NI4__laK__aaA__rs109__m1__alt.,8HZE,train,NI4,K,A,109,1,.,"[""NI4_A_109""]",A,27,CN1C(=O)/C(=C/c2ccc(N(C)CCO)cc2)N=C1/C=C/c1ccccc1,G_199212a3cb28243281e0,,1482499b57e3cdc1669cdef001677a50add61e121c9b494ea185a095406bee78,5707085cc6eeda61b576f2ad3f9f1c9d22e89ca2e614e3aac3b586b76c7a9e9b,https://files.rcsb.org/download/8HZE.cif
8HZE__NI4__laT__aaB__rs109__m1__alt.,8HZE,train,NI4,T,B,109,1,.,"[""NI4_B_109""]",A;B,27,CN1C(=O)/C(=C/c2ccc(N(C)CCO)cc2)N=C1/C=C/c1ccccc1,G_199212a3cb28243281e0,,b5c894c32fb960809b9b98cc0f9aebad81ba118e70e02cf94065cb4c9b6ce866,baae909ed108822db56f440272a746bacda147105d2e4df423c0596c6461d74a,https://files.rcsb.org/download/8HZE.cif
8HZF__NJL__laG__aaA__rs105__m1__alt.,8HZF,train,NJL,G,A,105,1,.,"[""NJL_A_105""]",A;B,26,CN1C(=O)/C(=C/c2cc(F)c(O)c(F)c2)N=C1/C=C/c1ccc(O)cc1,G_199212a3cb28243281e0,,37952645a1fbe63474e366cf6e4571db4749457acd55a038f9e85408251209da,f318725612d552eeae027947736a9cdcd9f53bb313e75d0eb2e1e0d91255aa30,https://files.rcsb.org/download/8HZF.cif
8HZF__NJL__laL__aaB__rs105__m1__alt.,8HZF,train,NJL,L,B,105,1,.,"[""NJL_B_105""]",A;B,26,CN1C(=O)/C(=C/c2cc(F)c(O)c(F)c2)N=C1/C=C/c1ccc(O)cc1,G_199212a3cb28243281e0,,0317754a479d1b16193af36ac703b8bfbaa89ca57e6ffef0708a7512585423b5,f318725612d552eeae027947736a9cdcd9f53bb313e75d0eb2e1e0d91255aa30,https://files.rcsb.org/download/8HZF.cif
8HZJ__O00__laI__aaA__rs107__m1__alt.,8HZJ,train,O00,I,A,107,1,.,"[""O00_A_107""]",A;B,25,CN1C(=O)/C(=C/c2cc(F)c(O)c(F)c2)N=C1/C=C/c1ccccc1,G_199212a3cb28243281e0,,015fd71c80a4035f236fa3498e2d08e107694739b07ea9215f677bf5adead60c,c1aed9d873fb64301bde6e85090b886c6fee7f2ed5e13624aa8177ba277a508a,https://files.rcsb.org/download/8HZJ.cif
8HZJ__O00__laN__aaB__rs105__m1__alt.,8HZJ,train,O00,N,B,105,1,.,"[""O00_B_105""]",A;B,25,CN1C(=O)/C(=C/c2cc(F)c(O)c(F)c2)N=C1/C=C/c1ccccc1,G_199212a3cb28243281e0,,adb0eb44c334d6455f9ccad23549afc90cc19bee5c7afb62f4182411a7dd8417,c1aed9d873fb64301bde6e85090b886c6fee7f2ed5e13624aa8177ba277a508a,https://files.rcsb.org/download/8HZJ.cif
8HZK__NI4__laBA__aaB__rs110__m1__alt.,8HZK,train,NI4,BA,B,110,1,.,"[""NI4_B_110""]",A;B,27,CN1C(=O)/C(=C/c2ccc(N(C)CCO)cc2)N=C1/C=C/c1ccccc1,G_cbcfce842d5d88fba50e,,b4b129d79f0e05481f2c50deba2262b9f981151138ddbde31619ef04004a1e82,97b64d992a43c5354d27d387723f3fb1344e8b5ae496ec64539276f2f10a368a,https://files.rcsb.org/download/8HZK.cif
8HZK__NI4__laR__aaA__rs116__m1__alt.,8HZK,train,NI4,R,A,116,1,.,"[""NI4_A_116""]",A;B,27,CN1C(=O)/C(=C/c2ccc(N(C)CCO)cc2)N=C1/C=C/c1ccccc1,G_cbcfce842d5d88fba50e,,8577c039de28215f8a12fb6536487bd955c559f6a6da2fa8603c7232e4ad62a5,97b64d992a43c5354d27d387723f3fb1344e8b5ae496ec64539276f2f10a368a,https://files.rcsb.org/download/8HZK.cif
8HZL__NI4__laCA__aaB__rs114__m1__alt.,8HZL,train,NI4,CA,B,114,1,.,"[""NI4_B_114""]",A;B,27,CN1C(=O)/C(=C/c2ccc(N(C)CCO)cc2)N=C1/C=C/c1ccccc1,G_7d77d84e372752413975,,733c8fca7c283d84b708037e0838320fc547a4e6d63c4ea245f23f9d06d13778,7c59ae9268bac274a5b22eddba178207be288090f20ed7b0e34b9fae84e5e372,https://files.rcsb.org/download/8HZL.cif
8HZL__NI4__laDA__aaB__rs115__m1__alt.,8HZL,train,NI4,DA,B,115,1,.,"[""NI4_B_115""]",B,27,CN1C(=O)/C(=C/c2ccc(N(C)CCO)cc2)N=C1/C=C/c1ccccc1,G_7d77d84e372752413975,,799698427f817de4c64ed46aad1c3faae2d3060ae81842a5f38352f0bdfeceae,3a849e3fc1b868ac4bbb2f0c1915734215fa805d4f243a572a659f7114851eb8,https://files.rcsb.org/download/8HZL.cif
8HZL__NI4__laEA__aaB__rs116__m1__alt.,8HZL,train,NI4,EA,B,116,1,.,"[""NI4_B_116""]",B,27,CN1C(=O)/C(=C/c2ccc(N(C)CCO)cc2)N=C1/C=C/c1ccccc1,G_7d77d84e372752413975,,8acf83bb8bbb8879b09f46480f259cbf8287d9fcc022366ce2bfb3dc35af5719,3a849e3fc1b868ac4bbb2f0c1915734215fa805d4f243a572a659f7114851eb8,https://files.rcsb.org/download/8HZL.cif
8HZL__NI4__laM__aaA__rs111__m1__alt.,8HZL,train,NI4,M,A,111,1,.,"[""NI4_A_111""]",A,27,CN1C(=O)/C(=C/c2ccc(N(C)CCO)cc2)N=C1/C=C/c1ccccc1,G_7d77d84e372752413975,,79d8cc4f19e9590299487ab9414e06ca124adcf9cd638dc5b9dc0bd445afb875,c574b5a152b4b59abc004adf71172124c5e92788aa7fbe4bf97b369e58ea7035,https://files.rcsb.org/download/8HZL.cif
8HZL__NI4__laN__aaA__rs112__m1__alt.,8HZL,train,NI4,N,A,112,1,.,"[""NI4_A_112""]",A;B,27,CN1C(=O)/C(=C/c2ccc(N(C)CCO)cc2)N=C1/C=C/c1ccccc1,G_7d77d84e372752413975,,0c35d0d22a8ce8589914e510d934da72814dde231277d70e333bd5856e0a29f6,7c59ae9268bac274a5b22eddba178207be288090f20ed7b0e34b9fae84e5e372,https://files.rcsb.org/download/8HZL.cif
8HZL__NI4__laO__aaA__rs113__m1__alt.,8HZL,train,NI4,O,A,113,1,.,"[""NI4_A_113""]",A,27,CN1C(=O)/C(=C/c2ccc(N(C)CCO)cc2)N=C1/C=C/c1ccccc1,G_7d77d84e372752413975,,cb50932e44311609e2c5b95af012e4bce5bc901d2c6cfa534cc2a8d0ea46569a,c574b5a152b4b59abc004adf71172124c5e92788aa7fbe4bf97b369e58ea7035,https://files.rcsb.org/download/8HZL.cif
8HZM__NI4__laN__aaA__rs112__m1__alt.,8HZM,train,NI4,N,A,112,1,.,"[""NI4_A_112""]",A;B,27,CN1C(=O)/C(=C/c2ccc(N(C)CCO)cc2)N=C1/C=C/c1ccccc1,G_199212a3cb28243281e0,,edf8a9deb8c1f73b786d613adc6b2346d9596380e4a30daf988e2c74b6ded776,4e090e8a4e8dfa39be2d9eedf335d4507d74e8ef39d4d1a28ae574789b5d4fd3,https://files.rcsb.org/download/8HZM.cif
8HZM__NI4__laX__aaB__rs110__m1__alt.,8HZM,train,NI4,X,B,110,1,.,"[""NI4_B_110""]",A;B,27,CN1C(=O)/C(=C/c2ccc(N(C)CCO)cc2)N=C1/C=C/c1ccccc1,G_199212a3cb28243281e0,,f37b2729d5e4ec957fabe6f5f3e41f4549bdc82d1d6d202f7d5e443746ffc45e,4e090e8a4e8dfa39be2d9eedf335d4507d74e8ef39d4d1a28ae574789b5d4fd3,https://files.rcsb.org/download/8HZM.cif
8I3Z__NMN__laD__aaB__rs101__m1__alt.,8I3Z,train,NMN,D,B,101,1,.,"[""NMN_B_101""]",A;B,22,NC(=O)c1ccc[n+]([C@@H]2O[C@H](COP(=O)(O)O)[C@@H](O)[C@H]2O)c1,G_9aaf449b7165165a5975,,d4cee089042a4eb0405aa4c93a6dd9074340233560b619432a825b23f0f162ff,7002451ef8b43a615d5f6624a9ea1b65f02a8a65007424b92debfdbb5b5f2eeb,https://files.rcsb.org/download/8I3Z.cif
8I3Z__NMN__laE__aaB__rs102__m1__alt.,8I3Z,train,NMN,E,B,102,1,.,"[""NMN_B_102""]",A;B,22,NC(=O)c1ccc[n+]([C@@H]2O[C@H](COP(=O)(O)O)[C@@H](O)[C@H]2O)c1,G_9aaf449b7165165a5975,,91113c3feb803ac94f0e73da94458f418421944e65acbba3b65ecd4aef7fd202,7002451ef8b43a615d5f6624a9ea1b65f02a8a65007424b92debfdbb5b5f2eeb,https://files.rcsb.org/download/8I3Z.cif
8I44__53D__laB__aaA__rs20__m1__alt.,8I44,train,53D,B,A,20,1,.,"[""53D_A_20""]",A,32,CCN1CCN(c2cc3c(cc2F)c(=O)c(C(=O)NCCCN(C)C)cn3C2CC2)CC1,G_314df869a34c6341568d,,02c133d8ff123f6e947de2e2482a4453477a521eb42337e0f9dc08684ce06208,34ef9722c7660109d434e8924e991381221bf53b11ebb67bf4d17b5158769a20,https://files.rcsb.org/download/8I44.cif
8I45__53D__laB__aaA__rs20__m1__alt.,8I45,train,53D,B,A,20,1,.,"[""53D_A_20""]",A,32,CCN1CCN(c2cc3c(cc2F)c(=O)c(C(=O)NCCCN(C)C)cn3C2CC2)CC1,G_740dfd2377d8f3e0ea38,,e2f409e322bb9557427306b316505966dd253ce092af0a5c1e1d9456d984ac03,489485cba327bec8bc8a9ef467849038a749514122cca02d0f6f2da67b643b60,https://files.rcsb.org/download/8I45.cif
8I46__53D__laB__aaA__rs20__m1__alt.,8I46,train,53D,B,A,20,1,.,"[""53D_A_20""]",A,32,CCN1CCN(c2cc3c(cc2F)c(=O)c(C(=O)NCCCN(C)C)cn3C2CC2)CC1,G_f87e7e98cfefe7c59f0a,,48306f18e643fea01ba22d027f0bacd6667399717fc9bc819a7e255916cc76cb,ed7a3c8e7bbebacefee1b3a80d1b42f51ee14a5a46c97a2b5720f09c00d4a85d,https://files.rcsb.org/download/8I46.cif
8IF5__AFT__laB__aaA__rs101__m1__alt.,8IF5,train,AFT,B,A,101,1,.,"[""AFT_A_101""]",A,23,COc1cc2c(c3oc(=O)c4c(c13)CCC4=O)[C@@H]1C=CO[C@@H]1O2,G_cd2f19fe8dd92908a40b,,5b05a27251b90f8548afe1a1da2e231b801199eafd796420c77100706ea29b6f,3f49884d9c3d813921e5c087ea6898ef2bda6ae7097e07826a1f12be0b96e218,https://files.rcsb.org/download/8IF5.cif
8JY0__V8C__laO__aaD__rs203__m1__alt.,8JY0,train,V8C,O,D,203,1,.,"[""V8C_D_203""]",E,32,CN(C)c1ccc2c(-c3ccc(C(N)=O)cc3C(=O)[O-])c3ccc(=[N+](C)C)cc-3oc2c1,G_641c43ad9b282d93b669,,8413db3df23a261a11e9dee4142cd593954b2b662368112fe11b4b9139dd8b54,481a6aee2bde80ff8ef0c4794b2b7523c4a7330185259fe6766e2461d12ec44f,https://files.rcsb.org/download/8JY0.cif
8JY0__V8C__laQ__aaF__rs101__m1__alt.,8JY0,train,V8C,Q,F,101,1,.,"[""V8C_F_101""]",F,32,CN(C)c1ccc2c(-c3ccc(C(N)=O)cc3C(=O)[O-])c3ccc(=[N+](C)C)cc-3oc2c1,G_641c43ad9b282d93b669,,1e1da28139e906e54bc74c45d46e37e81e8618d78c4e77992132fbb35036473f,d568bb56d1046a869cf45cab512b929f858fa8927304c3b4522b5a56136552d3,https://files.rcsb.org/download/8JY0.cif
8K0T__TEP__laB__aaA__rs101__m1__alt.,8K0T,train,TEP,B,A,101,1,.,"[""TEP_A_101""]",A,13,Cn1c(=O)c2[nH]cnc2n(C)c1=O,G_bada03972a5a016d9185,,2b12588a1a36219fcf894291700f150a3d1b5e7e065977fd6eac57e7ed47a7d5,297fdcba834f3bd7a9c910919833a39de62b4e856d8855dfad70862223c3a08e,https://files.rcsb.org/download/8K0T.cif
8K0U__HPA__laB__aaA__rs101__m1__alt.,8K0U,train,HPA,B,A,101,1,.,"[""HPA_A_101""]",A,10,O=c1[nH]cnc2nc[nH]c12,G_bada03972a5a016d9185,,8ae83615f5b7e4a7054fcd652a21ac16b6cfc821712097b9e5b5a95176b6b6bb,97a3292f93a0c627a76329d52e9d53ff369cff98b84ec27bfa0abcf8cf973250,https://files.rcsb.org/download/8K0U.cif
8K0V__I7U__laB__aaA__rs101__m1__alt.,8K0V,train,I7U,B,A,101,1,.,"[""I7U_A_101""]",A,12,Cn1c(=O)[nH]c(=O)c2[nH]cnc21,G_bada03972a5a016d9185,,bbe95cc1bd07908378ac4307924a21c28b88dc305d8970b0fa64d48c9ed59d36,cc548e7726d2210fc8d6f10ce2772e46e301a9cab4ddc3da24ae6fa28c9342c7,https://files.rcsb.org/download/8K0V.cif
8K0W__TEP__laB__aaA__rs101__m1__alt.,8K0W,train,TEP,B,A,101,1,.,"[""TEP_A_101""]",A,13,Cn1c(=O)c2[nH]cnc2n(C)c1=O,G_bada03972a5a016d9185,,a1ad60a73520eb99a957142b9815d38662822734d032047ba262738f614a681b,1fc0e2be5f64a40147c4c68362f41dc3ba1b6d2180e0605ea7bea480dba8d2a9,https://files.rcsb.org/download/8K0W.cif
8K7W__2ZY__laB__aaA__rs101__m1__alt.,8K7W,train,2ZY,B,A,101,1,.,"[""2ZY_A_101""]",A,22,CC1=N/C(=C\c2cc(F)c(O)c(F)c2)C(=O)N1CC(F)(F)F,G_758f85b77482d3a19f8a,,50706e655ba0fba2a6bb8e49c60b710e1f76daa2142fc561fb05d60c3290b54a,90c0a2fa85cea1f9ad97c99128d6baeccb526dca567e1c53b628a070b220c833,https://files.rcsb.org/download/8K7W.cif
8OLV__VTR__laRA__aaA__rs443__m1__alt.,8OLV,train,VTR,RA,A,443,1,.,"[""VTR_A_443""]",A,32,O=C(NCCN1CCCC1)c1ccc2oc(C(=O)c3c(Br)c(O)c(O)c(O)c3Br)cc2c1,G_d63295eb1f9b341838ac,,39bd681290f7f13b7fdd2b6e4eb2d8464cd1621cd99c6f2d86f1a59cce0c7c18,0ad4dd70e4fb802e198fc43095f02b915a9453017a6f97179834f951ec7effb1,https://files.rcsb.org/download/8OLV.cif
8Q6N__141__laB__aaA__rs101__m1__alt.,8Q6N,train,141,B,A,101,1,.,"[""141_A_101""]",A,11,O=c1nc2[nH][nH]cc-2c(=O)[nH]1,G_bf86ee8907aa19e43619,,d1475bf5758ff6667671060664310bd7dbd3aa4ee6408abb67cb87ed6c67fc4c,8eb027fcc302b119f72bb40237650998291cafb72a8567082d823856d7b61a4f,https://files.rcsb.org/download/8Q6N.cif
8R6H__PQ3__laB__aaA__rs101__m1__alt.,8R6H,train,PQ3,B,A,101,1,.,"[""PQ3_A_101""]",A,42,C[n+]1cc(NC(=O)c2ccc3ccc4ccc(C(=O)Nc5cc6ccccc6[n+](C)c5)nc4c3n2)cc2ccccc21,G_1d619904d93df755d5e6,,4f6fd245de8cd0543a10d7a72d330ed2e78c488380030c37126420fb006de1a3,d4acd71f27446837f6ea8af4216b2bf6cd01f2d6832d260ada1bb49df7a5de40,https://files.rcsb.org/download/8R6H.cif
8RUJ__VTR__laB__aaA__rs401__m1__alt.,8RUJ,train,VTR,B,A,401,1,.,"[""VTR_A_401""]",A,32,O=C(NCCN1CCCC1)c1ccc2oc(C(=O)c3c(Br)c(O)c(O)c(O)c3Br)cc2c1,G_c2480831df8255a92c59,,57411311b5db82ded063939da11ac1c71f7095f7b5ac07947f442407e4d9df7d,feb53da0c24f003b1989072f51ca7e431ed1e3c558b0b06060719114b35ebc01,https://files.rcsb.org/download/8RUJ.cif
8SYK__TAC__laCA__aaB__rs202__m1__alt.,8SYK,train,TAC,CA,B,202,1,.,"[""TAC_B_202""]",A;B,32,CN(C)[C@@H]1C(O)=C(C(N)=O)C(=O)[C@@]2(O)C(O)=C3C(=O)c4c(O)cccc4[C@@](C)(O)[C@H]3C[C@@H]12,G_207740580ce56206932e,,dd5bbf172377f79e5baa38f4dce8e4e9202d1dcdc7710e701ab3eb8eecb30957,ee9f913b226170c54bb0ad2dcd8ce963029230ad0a776f014aacae3d9511096d,https://files.rcsb.org/download/8SYK.cif
8SYK__TAC__laF__aaA__rs202__m1__alt.,8SYK,train,TAC,F,A,202,1,.,"[""TAC_A_202""]",A;C,32,CN(C)[C@@H]1C(O)=C(C(N)=O)C(=O)[C@@]2(O)C(O)=C3C(=O)c4c(O)cccc4[C@@](C)(O)[C@H]3C[C@@H]12,G_207740580ce56206932e,,d8367814020a6ba8465693e1dc07f2704c003fa99034ad916b1beda44925e6df,d14648a0118ee499b4236be4b2fccefbd3e5f19ccbe18e2d8bd56b4bf7ae24b1,https://files.rcsb.org/download/8SYK.cif
8SYK__TAC__laIB__aaD__rs202__m1__alt.,8SYK,train,TAC,IB,D,202,1,.,"[""TAC_D_202""]",B;D,32,CN(C)[C@@H]1C(O)=C(C(N)=O)C(=O)[C@@]2(O)C(O)=C3C(=O)c4c(O)cccc4[C@@](C)(O)[C@H]3C[C@@H]12,G_207740580ce56206932e,,cc6fb40e3c79a7ffdc6976129d595af900af638de01e632b57283418956b5a95,ba2ab5e7d725d00e2120a17331bd16279c737050df99f0a9a10486c99f2a80a9,https://files.rcsb.org/download/8SYK.cif
8SYK__TAC__laQA__aaC__rs202__m1__alt.,8SYK,train,TAC,QA,C,202,1,.,"[""TAC_C_202""]",C,32,CN(C)[C@@H]1C(O)=C(C(N)=O)C(=O)[C@@]2(O)C(O)=C3C(=O)c4c(O)cccc4[C@@](C)(O)[C@H]3C[C@@H]12,G_207740580ce56206932e,,5e9178ca0851737e64e47ddf68fddb5df8c7bc04fd4327e7034f6a8f308ba0e3,4e18532e1302c6f2738a5c2725e84dd19bd17d77a25832acd5e9e75989a01755,https://files.rcsb.org/download/8SYK.cif
8T5O__TAC__laB__aaA__rs301__m1__alt.,8T5O,train,TAC,B,A,301,1,.,"[""TAC_A_301""]",A,32,CN(C)[C@@H]1C(O)=C(C(N)=O)C(=O)[C@@]2(O)C(O)=C3C(=O)c4c(O)cccc4[C@@](C)(O)[C@H]3C[C@@H]12,G_f630e2cf88f7b9d20b23,,e3d8834a013ade372a0784f63ba1b0237196930bd1f6c94514a0ac81d65a5174,f44d70a55f666b918174450729f0f7f863fefb8f907af3f6d8ea842b91fd3619,https://files.rcsb.org/download/8T5O.cif
8T7X__DAP__laE__aaA__rs101__m1__alt.,8T7X,train,DAP,E,A,101,1,.,"[""DAP_A_101""]",A;B;C,21,N=C(N)c1ccc(-c2cc3ccc(C(=N)N)cc3[nH]2)cc1,G_77b83b757e6455aac2f0,,dea6b7cf9d98d4892d4adf883d98fcc471ca9dd2e895e0f266580f48db2387ca,b386d356c19b44613aaeffcc5e5de3f0c73dafc056c3d7117ddca93b9cf4817e,https://files.rcsb.org/download/8T7X.cif
8T7X__DAP__laG__aaD__rs101__m1__alt.,8T7X,train,DAP,G,D,101,1,.,"[""DAP_D_101""]",A;D,21,N=C(N)c1ccc(-c2cc3ccc(C(=N)N)cc3[nH]2)cc1,G_77b83b757e6455aac2f0,,0a16cf7d4463e8ff88e6ff8bb4af21d9923dab95f3bd541ecac579298aca6e3a,bf3f219f6bfa64247881826cb8c3ca8c3441ab2867bc88a0b5bd84537ea09fdd,https://files.rcsb.org/download/8T7X.cif
8T80__HT1__laF__aaA__rs102__m1__alt.,8T80,train,HT1,F,A,102,1,.,"[""HT1_A_102""]",A;B;C,34,CCOc1ccc(-c2nc3ccc(-c4nc5ccc(N6CCN(C)CC6)cc5[nH]4)cc3[nH]2)cc1,G_cb704bb76af9bd1f815d,,ed223568054613bf41ef31a59620c8ecbe17011fd1167ff04f56da6e1c21d681,1a2d1d352d54e3e6ba42436980171cadd8268565d0429ea5a65f87b9ba0ac8b3,https://files.rcsb.org/download/8T80.cif
8T80__HT1__laG__aaD__rs101__m1__alt.,8T80,train,HT1,G,D,101,1,.,"[""HT1_D_101""]",A;B;D,34,CCOc1ccc(-c2nc3ccc(-c4nc5ccc(N6CCN(C)CC6)cc5[nH]4)cc3[nH]2)cc1,G_cb704bb76af9bd1f815d,,6e72bc4260d6ebba484220d34606ed784d64b8d5f68ba921e7fd9008c5314e20,540ba1abc81ea519ff9e613baad4d318346ef6d5ac808e951842082130c140ba,https://files.rcsb.org/download/8T80.cif
8T8T__YSQ__laJ__aaB__rs104__m1__alt.,8T8T,train,YSQ,J,B,104,1,.,"[""YSQ_B_104""]",A;B,38,C[n+]1ccc(/C=N/NC(=O)c2cccc(C(=O)N/N=C/c3cc[n+](C)c4ccccc34)n2)c2ccccc21,G_0f45edfe26600765538a,,6f4e5a7a696f26d2e0cc2d29cd01bb8b67a4b54bc8e59aad8ba26bffa72e7f50,52b40954695ddaac1d500cbdf385df2bd2d6c493cdc139a46d7c5a3dc122cc82,https://files.rcsb.org/download/8T8T.cif
8TA8__NT__laE__aaA__rs101__m1__alt.,8TA8,train,NT,E,A,101,1,.,"[""NT_A_101""]",A;B;C,31,Cn1cc(NC(=O)c2cc(NC(=O)CNC(=N)N)cn2C)cc1C(=O)NCCC(=N)N,G_841094b67e619089551d,,9ff8bcfe3507cca2c632f808bb37ca21c6341da07b69169bdfa077b9cdd33747,f2636a80092e704461c1d3ce174ab5e4ab971fc0ddc3b82101695469dcfb8e11,https://files.rcsb.org/download/8TA8.cif
8TA8__NT__laF__aaA__rs102__m1__alt.,8TA8,train,NT,F,A,102,1,.,"[""NT_A_102""]",A;D,31,Cn1cc(NC(=O)c2cc(NC(=O)CNC(=N)N)cn2C)cc1C(=O)NCCC(=N)N,G_841094b67e619089551d,,9a5e76791153ce8d66f8ec217530bab49b27909cfa09c0ec50a9da1dbf1e3b60,3d0f6b8f5c9c98807e97c8485c7aed28e9e605764e0e7d683c6d71e3f502bbf9,https://files.rcsb.org/download/8TA8.cif
8TA9__DAP__laF__aaD__rs101__m1__alt.,8TA9,train,DAP,F,D,101,1,.,"[""DAP_D_101""]",A;D,21,N=C(N)c1ccc(-c2cc3ccc(C(=N)N)cc3[nH]2)cc1,G_e67b336b40cbbde90bd3,,1309917b939b78268a28199ccec6b3c47ecae57c2a99a5da191c55ca76ebc8bf,877201ba2165953de85004f6597a00755d20539a47790e1b15f1ff926e1b8de0,https://files.rcsb.org/download/8TA9.cif
8TAJ__NT__laF__aaD__rs101__m1__alt.,8TAJ,train,NT,F,D,101,1,.,"[""NT_D_101""]",A;B;D,31,Cn1cc(NC(=O)c2cc(NC(=O)CNC(=N)N)cn2C)cc1C(=O)NCCC(=N)N,G_6109ce648ef4b59e46f6,,74fb59b53ba09f9328d8e3e30c56bb4b66dbc70fbe51655e548c4f6ad33ba823,d90997aec54f4bc679f12a8b86d53fbd43af328c1add8f7e0fabe490927a2c43,https://files.rcsb.org/download/8TAJ.cif
8TAM__HT1__laE__aaA__rs101__m1__alt.,8TAM,train,HT1,E,A,101,1,.,"[""HT1_A_101""]",A;B;C,34,CCOc1ccc(-c2nc3ccc(-c4nc5ccc(N6CCN(C)CC6)cc5[nH]4)cc3[nH]2)cc1,G_841094b67e619089551d,,8c206fd131ca934bbbd537bf1c4f40bc44312cf1c1c836d80c6414cded90367c,e8720f4fa184c83a41636b60772489680d96eef9b259b7402bd3d02a29a0755e,https://files.rcsb.org/download/8TAM.cif
8TAM__HT1__laG__aaD__rs101__m1__alt.,8TAM,train,HT1,G,D,101,1,.,"[""HT1_D_101""]",A;B;D,34,CCOc1ccc(-c2nc3ccc(-c4nc5ccc(N6CCN(C)CC6)cc5[nH]4)cc3[nH]2)cc1,G_841094b67e619089551d,,a97c436602cd02d3217ffcb0a93a0a3a7d18924b4902093c9a7b452bf643032e,d926cc1957403dd9e7545d6bed856357d9e39a9d8745472c6ac9076b64b52118,https://files.rcsb.org/download/8TAM.cif
8TAP__NT__laE__aaC__rs101__m1__alt.,8TAP,train,NT,E,C,101,1,.,"[""NT_C_101""]",A;B;C,31,Cn1cc(NC(=O)c2cc(NC(=O)CNC(=N)N)cn2C)cc1C(=O)NCCC(=N)N,G_600d5028e55c1af44c0b,,8e2a72007603d2c689b3b354c789664fab7c980619d4215add510dce4cfda1de,ca13727746d5aab9a0d1bf12dbe10c440e029d6906640c5cc57479b0281e186b,https://files.rcsb.org/download/8TAP.cif
8TAQ__HT1__laF__aaC__rs101__m1__alt.,8TAQ,train,HT1,F,C,101,1,.,"[""HT1_C_101""]",A;B;C,34,CCOc1ccc(-c2nc3ccc(-c4nc5ccc(N6CCN(C)CC6)cc5[nH]4)cc3[nH]2)cc1,G_600d5028e55c1af44c0b,,b9670df2ed156fd26c30eb275c74e3986b5d2074a93a1a10ebdcb7ed8c0a71b6,0e2c541a175822a426c9d31c9b69475841290f7a73ce3307f2907561470d3055,https://files.rcsb.org/download/8TAQ.cif
8TB3__DAP__laE__aaD__rs101__m1__alt.,8TB3,train,DAP,E,D,101,1,.,"[""DAP_D_101""]",A;D,21,N=C(N)c1ccc(-c2cc3ccc(C(=N)N)cc3[nH]2)cc1,G_b63162f67f3510aaf3c8,,a34330b233d6a3c37625253729fd904f63ddcd569773aaff89f20619b171cee9,1a05593013a59a1e19068bbb0cb3477cf3550bb8b7d75ca579d486107c0362a6,https://files.rcsb.org/download/8TB3.cif
8TB4__DAP__laE__aaA__rs101__m1__alt.,8TB4,train,DAP,E,A,101,1,.,"[""DAP_A_101""]",A;B;C,21,N=C(N)c1ccc(-c2cc3ccc(C(=N)N)cc3[nH]2)cc1,G_8d144cf0025023b2683c,,fed359b91defcfb98ff8a15afe97bb4b12187e9fea3191b2e3df26a7bc3fd830,00783507ed3dcc0ab0707fc7fe590b6439b29f4e2300be9ae0234c23913e10b3,https://files.rcsb.org/download/8TB4.cif
8TB8__HT1__laF__aaD__rs101__m1__alt.,8TB8,train,HT1,F,D,101,1,.,"[""HT1_D_101""]",A;B;D,34,CCOc1ccc(-c2nc3ccc(-c4nc5ccc(N6CCN(C)CC6)cc5[nH]4)cc3[nH]2)cc1,G_2dc20b302f67eae6a645,,f3ac655d5018cd6aad111e9446615ee87957ea83e5cbb7a0f99784473d66b3f0,42d5a483a7f20f618118127a325413ee41cd878d34725e640a5dfa882446b803,https://files.rcsb.org/download/8TB8.cif
8TBD__HT1__laI__aaC__rs101__m1__alt.,8TBD,train,HT1,I,C,101,1,.,"[""HT1_C_101""]",A;B;C,34,CCOc1ccc(-c2nc3ccc(-c4nc5ccc(N6CCN(C)CC6)cc5[nH]4)cc3[nH]2)cc1,G_8d144cf0025023b2683c,,4c00670902c69e3f98da6e98802e0267c55ce86f47fd628a57ea090367f0b96c,edc13c8fc13179da0106a419f48049f872dd0f1771a387b9c488ba4b62879085,https://files.rcsb.org/download/8TBD.cif
8TBO__NT__laE__aaA__rs101__m1__alt.,8TBO,train,NT,E,A,101,1,.,"[""NT_A_101""]",A;B;D,31,Cn1cc(NC(=O)c2cc(NC(=O)CNC(=N)N)cn2C)cc1C(=O)NCCC(=N)N,G_2dc20b302f67eae6a645,,82f801453c8e7f189798bb799afad59e1b5bfff45d1c434e7451ce550ecbddf5,ea9cd402d2eac9bb2063261ff9736b3fb7494ac38dfc96d502029822b07466cf,https://files.rcsb.org/download/8TBO.cif
8TDT__DAP__laJ__aaC__rs101__m1__alt.,8TDT,train,DAP,J,C,101,1,.,"[""DAP_C_101""]",A;B;C,21,N=C(N)c1ccc(-c2cc3ccc(C(=N)N)cc3[nH]2)cc1,G_600d5028e55c1af44c0b,,be081e92e3dab51c9ae60211817599439620b5ab674b47570671e9f29e04cdb7,b3d37c38a7e3b72eb7d5c7187ecec242ad619db1f455c07fc5a6d59298d8d68d,https://files.rcsb.org/download/8TDT.cif
8TOZ__PRF__laB__aaA__rs201__m1__alt.,8TOZ,train,PRF,B,A,201,1,.,"[""PRF_A_201""]",A,13,NCc1c[nH]c2nc(N)[nH]c(=O)c12,G_e0f3ca09390c19922761,,30fccc74e56e73bb8f067b3ec0ef8e958f55816e1017df023a969f5df496ce7c,27b2998528f9dc91458a7796de9a58075e63bc09f9ffaa5fa14a1b465556925f,https://files.rcsb.org/download/8TOZ.cif
8TWH__LG1__laBA__aaE__rs104__m1__alt.,8TWH,train,LG1,BA,E,104,1,.,"[""LG1_E_104""]",D;E;F,26,Cc1cc2c3c([n+](C)c4ccc(F)cc4c3c1)-c1cc(F)ccc1N2C,G_0c24e22cf2199d675c41,,7829dbaa121c2f00653743bb62ebbc953edb26ef3c3b9069d56cdf972c3fcacb,5ecf21d0cd0ad16afe607d216a307191563564b82b7e5deb70a30767b373ec7b,https://files.rcsb.org/download/8TWH.cif
8TWH__LG1__laEA__aaF__rs103__m1__alt.,8TWH,train,LG1,EA,F,103,1,.,"[""LG1_F_103""]",E;F,26,Cc1cc2c3c([n+](C)c4ccc(F)cc4c3c1)-c1cc(F)ccc1N2C,G_0c24e22cf2199d675c41,,943377dd84efef266c689c056ff624866e52019e14c892eefd3c2d211d653b34,0e1f969deec661cc6e7966a6146d655509ce8d59ddf7c8b43f61434436016ca4,https://files.rcsb.org/download/8TWH.cif
8TWH__LG1__laIA__aaG__rs104__m1__alt.,8TWH,train,LG1,IA,G,104,1,.,"[""LG1_G_104""]",A;G;H,26,Cc1cc2c3c([n+](C)c4ccc(F)cc4c3c1)-c1cc(F)ccc1N2C,G_0c24e22cf2199d675c41,,cc407f5563429af1dd0ce17264ed80cae40229ad24f0a3cdb0ee1f094c69b006,7231f042ab41d570abffa9cdd3a40fe51c6b4118f0e6add53e3b25e64a0b802b,https://files.rcsb.org/download/8TWH.cif
8TWH__LG1__laLA__aaH__rs103__m1__alt.,8TWH,train,LG1,LA,H,103,1,.,"[""LG1_H_103""]",G;H;I,26,Cc1cc2c3c([n+](C)c4ccc(F)cc4c3c1)-c1cc(F)ccc1N2C,G_0c24e22cf2199d675c41,,eea2d6f5627e5e70a6e8934a791f778daf812a1fc4990d0843ff0c2a59012961,f4667c33566b738dc05bfc29d9ba34b75ae8f7fa9f2faa094cd10499b251085f,https://files.rcsb.org/download/8TWH.cif
8TWH__LG1__laN__aaA__rs104__m1__alt.,8TWH,train,LG1,N,A,104,1,.,"[""LG1_A_104""]",A;B,26,Cc1cc2c3c([n+](C)c4ccc(F)cc4c3c1)-c1cc(F)ccc1N2C,G_0c24e22cf2199d675c41,,7e08175f5d5d5d857d7c9cf091862d208c4fb9224d3cfa926cfb4f2eff25ea7c,d4214a2edc3e7d7e35520e2a3ef3cb793a0332a269a32ab6580ea1c79b724781,https://files.rcsb.org/download/8TWH.cif
8TWH__LG1__laOA__aaI__rs103__m1__alt.,8TWH,train,LG1,OA,I,103,1,.,"[""LG1_I_103""]",H;I;J,26,Cc1cc2c3c([n+](C)c4ccc(F)cc4c3c1)-c1cc(F)ccc1N2C,G_0c24e22cf2199d675c41,,93268793914d3fbbc99c0c3079c01988ff3aa8db5fa0a1270ceda02b031901a4,752a1c02049928969711cf30e95186e9a78477ef01cc0afad7e779b0245b71c1,https://files.rcsb.org/download/8TWH.cif
8TWH__LG1__laQ__aaB__rs103__m1__alt.,8TWH,train,LG1,Q,B,103,1,.,"[""LG1_B_103""]",A;B;C;H,26,Cc1cc2c3c([n+](C)c4ccc(F)cc4c3c1)-c1cc(F)ccc1N2C,G_0c24e22cf2199d675c41,,ee2c20253ca1a06c18dfb177605edd6f8f468d2472bc72e6ebdee0271e64a611,4d86494dae99aaecc293eb68957e0b0c6f350f2b25e82be5ebd66842f53f2955,https://files.rcsb.org/download/8TWH.cif
8TWH__LG1__laSA__aaJ__rs104__m1__alt.,8TWH,train,LG1,SA,J,104,1,.,"[""LG1_J_104""]",I;J,26,Cc1cc2c3c([n+](C)c4ccc(F)cc4c3c1)-c1cc(F)ccc1N2C,G_0c24e22cf2199d675c41,,306d4d3c1c7a6f10eade0f429a2c45521154ae5bf77572046f33b77e15444e6f,954906443c4d9fafd25f401515c76b801aff1cf299b044ef16c4fbd516f62e52,https://files.rcsb.org/download/8TWH.cif
8TWH__LG1__laU__aaC__rs104__m1__alt.,8TWH,train,LG1,U,C,104,1,.,"[""LG1_C_104""]",B;C;D;H,26,Cc1cc2c3c([n+](C)c4ccc(F)cc4c3c1)-c1cc(F)ccc1N2C,G_0c24e22cf2199d675c41,,56c22658dffd80fb09f729252ffa4915739bf08f37eba81370ce9f71e0e6489c,a631c24dd64b29dc3ed41b51ff0e8a0bc798b6e096212b7e4da3dec9aebdb0be,https://files.rcsb.org/download/8TWH.cif
8TWH__LG1__laX__aaD__rs103__m1__alt.,8TWH,train,LG1,X,D,103,1,.,"[""LG1_D_103""]",C;D;E,26,Cc1cc2c3c([n+](C)c4ccc(F)cc4c3c1)-c1cc(F)ccc1N2C,G_0c24e22cf2199d675c41,,c9f6047d07c64f54a8c3400a52d50dba711c1dc827ad859cb5923d4a27b3e507,ea16bf072beb3c5709e8c2334cd7ae36cbed7d98d1fe129413310c45f6f06b7c,https://files.rcsb.org/download/8TWH.cif
8U60__VK0__laM__aaB__rs105__m1__alt.,8U60,train,VK0,M,B,105,1,.,"[""VK0_B_105""]",A;B;C,30,COc1ccc(-c2ccc3c(c2)/C(=C/c2sc4ccccc4[n+]2C)C=CN3C)cc1,G_175ba8f114fe4093d0dd,,19b90b7f72c0086fd577d19c18ac7afb2e214e30022b5bcdc4a9b2e835ef7305,0a5ff180d42697c2dd305c52b97a458d9be84168c1eca322bb360b2fe09256a4,https://files.rcsb.org/download/8U60.cif
8UIW__CTI__laH__aaN__rs202__m1__alt.,8UIW,train,CTI,H,N,202,1,.,"[""CTI_N_202""]",A,26,COc1ccc2c(c[n+](C)c3c4cc5c(cc4ccc23)OCO5)c1OC,G_3455aa8ffba98065594f,,0dae42cc42466cf77842c8937ef61bf5cc15b9870246a0e64b9cc69e2cfc8f2a,87fd5358daf787f7946c75db6accb8be6f8e9eba08cbdfbb4993f8200185a907,https://files.rcsb.org/download/8UIW.cif
8UIW__CTI__laM__aaR__rs205__m1__alt.,8UIW,train,CTI,M,R,205,1,.,"[""CTI_R_205""]",B,26,COc1ccc2c(c[n+](C)c3c4cc5c(cc4ccc23)OCO5)c1OC,G_3455aa8ffba98065594f,,08ce579d96a7e85133594a1eaa5a7514664a34ca92cef2c6df423c9e554aebf5,9bc279cb91552948b1232a99454bf1ad76039e78facaebb867cfbde2180614c8,https://files.rcsb.org/download/8UIW.cif
8UTA__PRL__laJ__aaN__rs204__m1__alt.,8UTA,train,PRL,J,N,204,1,.,"[""PRL_N_204""]",A,16,Nc1ccc2cc3ccc(N)cc3nc2c1,G_3455aa8ffba98065594f,,3eaab38cfc37d8e5de241646305072ec34c825cceeb2b55edf7a6cd0494a2630,a0cd55a320bd5084b67244fc4d98def1afceee75306446ecdfdf1da0a7862788,https://files.rcsb.org/download/8UTA.cif
8UTA__PRL__laN__aaR__rs204__m1__alt.,8UTA,train,PRL,N,R,204,1,.,"[""PRL_R_204""]",B,16,Nc1ccc2cc3ccc(N)cc3nc2c1,G_3455aa8ffba98065594f,,70c1af2b08041ed8281b0a744f9b9aa3157cc970a60a214eb10e1104c39b6a9d,6636694a5d5ffbd8b1ca2e6f5512b5f58e7d8971d4d5ba741b6f9f0ba7d18601,https://files.rcsb.org/download/8UTA.cif
8VIU__A1AB3__laB__aaA__rs101__m1__alt.,8VIU,train,A1AB3,B,A,101,1,.,"[""A1AB3_A_101""]",A,25,N=C(N)c1ccc2nc(-c3ccc(-c4ccc(C(=N)N)s4)o3)[nH]c2c1,G_caeae4e032214badd91a,,fb9bf6cf78c741bd0db607f5e0c1d7a96ad231e7e5e638382b6b3818021feee6,b6402352c50725fc62b73aec77fdb9f5cb95c4ec1925db131225223f1795b36b,https://files.rcsb.org/download/8VIU.cif
8VOE__A1AB3__laB__aaA__rs101__m1__alt.,8VOE,train,A1AB3,B,A,101,1,.,"[""A1AB3_A_101""]",A,25,N=C(N)c1ccc2nc(-c3ccc(-c4ccc(C(=N)N)s4)o3)[nH]c2c1,G_bb51126f8401f4569c92,,e63db2e5feebc60415c868241da5bfe73a19105dde5459124bca2070b1c926cf,5610e63bae4df54b08c209f37fa9ea38ec95d4e59831f4d2ffa25fc93b699b2e,https://files.rcsb.org/download/8VOE.cif
8VPV__PRF__laB__aaA__rs201__m1__alt.,8VPV,train,PRF,B,A,201,1,.,"[""PRF_A_201""]",A,13,NCc1c[nH]c2nc(N)[nH]c(=O)c12,G_dd3aee1f96f400d4aac2,,bf368ed0db1f274c67c7faf835eb2b6349f6e5273126d677faec514a2139d1d6,09ca12ade9bfc82d3a0da963a01c04b471aea24e42afd7fe9073c6d0c088d604,https://files.rcsb.org/download/8VPV.cif
8VQV__UG4__laD__aaA__rs103__m1__alt.,8VQV,train,UG4,D,A,103,1,.,"[""UG4_A_103""]",A,15,NC(=O)c1ncn(-c2cccnc2)c1N,G_020722e93f7895c4e086,,9355d10ea7bc2970da90bdbbec7d408499831bfb8409c5d4a4b402d2671faefd,3129a6d53dec89b6cd6b65355d1c72f8dd80245c8af5136834e1b379ec6adb71,https://files.rcsb.org/download/8VQV.cif
8VVJ__A1AD3__laE__aaA__rs104__m1__alt.,8VVJ,train,A1AD3,E,A,104,1,.,"[""A1AD3_A_104""]",A,19,NC(=O)c1ncn(-c2cnc3ncccc3c2)c1N,G_020722e93f7895c4e086,,f7fa0c0f3a89a5e531484bdd99f6c49d2f6b2cb3c6ef1768e99611d800e48af8,4f4ba7d66105632f099d9d7c916c8bc9d0cd016ad001ed68b1ba2fcedfe2a6c5,https://files.rcsb.org/download/8VVJ.cif
8VXZ__A1AED__laG__aaA__rs104__m1__alt.,8VXZ,train,A1AED,G,A,104,1,.,"[""A1AED_A_104""]",A;B;C,32,CN1C=C/C(=C\c2sc3ccccc3[n+]2CC(=O)NCc2ccccc2)c2ccccc21,G_8e2798659d1ed9f07434,,e7df1d62086a273cc7ec5b697f64a241d4a952bab39adbc88dd054b4280f810e,01eadbcd05a2261c649a2a0e1ed8a0447e7f479fc708000ca93ef2748c488570,https://files.rcsb.org/download/8VXZ.cif
8VY0__A1AEE__laH__aaA__rs105__m1__alt.,8VY0,train,A1AEE,H,A,105,1,.,"[""A1AEE_A_105""]",A;B;C,37,CN1C=C/C(=C\c2sc3ccccc3[n+]2CC(=O)NCc2ccccc2-n2cccn2)c2ccccc21,G_8e2798659d1ed9f07434,,c2e45155cce1fb57449da1f5a7545fc1d65822270e12ea5e0dd53b1da4d00f61,1887f2c9074dc361479475de55521d912ef67e76d7d5708c8eb79c91ac09c40e,https://files.rcsb.org/download/8VY0.cif
8VY1__A1AEF__laL__aaB__rs103__m1__alt.,8VY1,train,A1AEF,L,B,103,1,.,"[""A1AEF_B_103""]",A;B;C,33,CN1C=C/C(=C\c2sc3ccccc3[n+]2CC(=O)NCc2ccccc2F)c2ccccc21,G_8e2798659d1ed9f07434,,151b15d403e914c54bee750e1b58975770cf5010b1ebb0bdb4e6b3506e8ec766,858d35c87611d9238d6e2491fedbfd855a9c25d87d054e63d24a45dd610818ea,https://files.rcsb.org/download/8VY1.cif
8WQ7__XA5__laE__aaB__rs102__m1__alt.,8WQ7,train,XA5,E,B,102,1,.,"[""XA5_B_102""]",A;B,34,c1ccc2c(NCCCCNc3c4ccccc4nc4ccccc34)c3ccccc3nc2c1,G_2d7818b42f3b1c476359,,dbb3799149996e91f927fe73ca7c523ac185386289baeca11fa62a1a4580e383,b57b9c3c876483d9848e8d0c68cb3822c4ced9ce645d391a21a1d28dbb0eac0d,https://files.rcsb.org/download/8WQ7.cif
8XGW__3WL__laC__aaA__rs101__m1__alt.,8XGW,train,3WL,C,A,101,1,.,"[""3WL_A_101""]",A;B,20,O=c1cc(-c2ccccc2)oc2cc(O)c(O)c(O)c12,G_e8ef1e39d2ebf68e63e1,,6db5bfbebaa383cf024bb7fbdd25a9c737590145f13fa37d9e0f43d9677f59b1,9a84df67bc7a0b99c7cade13d84ac49175592c7b3e175dfa06dd709655717884,https://files.rcsb.org/download/8XGW.cif
8XZE__THG__laB__aaA__rs101__m1__alt.,8XZE,train,THG,B,A,101,1,.,"[""THG_A_101""]",A,32,Nc1nc2c(c(=O)[nH]1)N[C@@H](CNc1ccc(C(=O)N[C@@H](CCC(=O)O)C(=O)O)cc1)CN2,G_0a83cd43390b8b6c3ce1,,436a57c6bce884cb9212e124d2ec083768eb5f46d998905596c865ef2b9d047b,8f0f54f5473534d1363674c172213584f30c147d34694acfe393a93106a7be61,https://files.rcsb.org/download/8XZE.cif
8XZL__DHF__laB__aaA__rs101__m1__alt.,8XZL,train,DHF,B,A,101,1,.,"[""DHF_A_101""]",A,32,Nc1nc(=O)c2c([nH]1)NCC(CNc1ccc(C(=O)N[C@@H](CCC(=O)O)C(=O)O)cc1)=N2,G_0a83cd43390b8b6c3ce1,,65f024d64f737f8f36150e843f3cad1ddc7c8b152ca925ba5830abfae9c86a3b,9ff4603ab996dd274ed5d7c886482dfc040b516c5d59140c1ad477774ab199d9,https://files.rcsb.org/download/8XZL.cif
8XZM__NPR__laG__aaA__rs106__m1__alt.,8XZM,train,NPR,G,A,106,1,.,"[""NPR_A_106""]",A,18,Nc1nc(=O)c2c([nH]1)NCC([C@H](O)[C@H](O)CO)=N2,G_0a83cd43390b8b6c3ce1,,d984348686ccdafb57b9e0f8aeafd9ba0000db7942d0e90277197cb6d3b233c1,7812d4e22fcbbe145c005bf5e7b560e4c6ade77e0d8906be539fcfed28e24dc7,https://files.rcsb.org/download/8XZM.cif
8XZN__H4B__laB__aaA__rs101__m1__alt.,8XZN,train,H4B,B,A,101,1,.,"[""H4B_A_101""]",A,17,C[C@H](O)[C@H](O)[C@H]1CNc2nc(N)[nH]c(=O)c2N1,G_0a83cd43390b8b6c3ce1,,a7dbdc2f88f2a116db43de9b9c84fc60ae4fb994fd62cfb0267e8691b50b3e0c,983738b5947afd5beb842994ae7513da05cc0802544073b00b1bc3432e8806d4,https://files.rcsb.org/download/8XZN.cif
8XZO__GUN__laC__aaA__rs202__m1__alt.,8XZO,train,GUN,C,A,202,1,.,"[""GUN_A_202""]",A,11,Nc1nc2[nH]cnc2c(=O)[nH]1,G_0a83cd43390b8b6c3ce1,,b95be7e038b91d5a1001ee6b1abc50d12b59b3803d8305a992a406ea0e879bca,961318704b57374d4b3439b034747c126f35e18218a7cd8addcf05f1bad51314,https://files.rcsb.org/download/8XZO.cif
8XZP__A1LXN__laG__aaA__rs106__m1__alt.,8XZP,train,A1LXN,G,A,106,1,.,"[""A1LXN_A_106""]",A,12,Cc1nc2c(=O)[nH]c(N)nc2[nH]1,G_0a83cd43390b8b6c3ce1,,6230928aff93f81914b420d4590ec3bdd81c7b77e6f00edd798836b026581edb,dd89637ea70e1efbb21ef61b52ab0d980b0d7df2a8cd4bc603e4238a14dcc763,https://files.rcsb.org/download/8XZP.cif
8XZQ__AZG__laB__aaA__rs101__m1__alt.,8XZQ,train,AZG,B,A,101,1,.,"[""AZG_A_101""]",A,11,Nc1nc(O)c2[nH]nnc2n1,G_0a83cd43390b8b6c3ce1,,1d51b6c733cd4c62ffc1d249a8b9439ffa52da199297ec135bbfffba1a6e9fe5,0dbf5611594cfaebb91f3378bb32b5ce4ddf7ce2e3b171026b58b1793f42d7ad,https://files.rcsb.org/download/8XZQ.cif
8XZR__ANG__laB__aaA__rs101__m1__alt.,8XZR,train,ANG,B,A,101,1,.,"[""ANG_A_101""]",A,12,Nc1nc2[nH]c(N)nc2c(=O)[nH]1,G_0a83cd43390b8b6c3ce1,,8a96fdced645531b216438af02b8670c9ae2cbe52b619f668de9f88bd4f52281,f45eeb82187139274cf87d2b83917fdd7518f2571078ba2335d08bbb95924afc,https://files.rcsb.org/download/8XZR.cif
8XZW__THG__laB__aaA__rs101__m1__alt.,8XZW,train,THG,B,A,101,1,.,"[""THG_A_101""]",A,32,Nc1nc2c(c(=O)[nH]1)N[C@@H](CNc1ccc(C(=O)N[C@@H](CCC(=O)O)C(=O)O)cc1)CN2,G_0a83cd43390b8b6c3ce1,,3dee62a01761a0b151d3527e3325bfc949231eabf94fe1266e09b2bf7b32cd8d,ecbf226bd8608ed062c9e40b41ba7ea1269250567df81554369688f55b64bdcc,https://files.rcsb.org/download/8XZW.cif
8Y2R__KPT__laB__aaX__rs101__m1__alt.,8Y2R,train,KPT,B,X,101,1,.,"[""KPT_X_101""]",A,24,c1c2c(cc3c1OCO3)-c1cc3ccc4c(c3c[n+]1CC2)OCO4,G_62c508e5a612484f1790,,8e18a875d530352cc5bea7cfac587d1f80d6a9cf0b170bcd2d8521b5dbda58d7,946bcf6fd9b6f615aa0b5f00fbf908d4909445257bb71e0906efad28fe6678af,https://files.rcsb.org/download/8Y2R.cif
8Y2R__KPT__laC__aaX__rs102__m1__alt.,8Y2R,train,KPT,C,X,102,1,.,"[""KPT_X_102""]",A,24,c1c2c(cc3c1OCO3)-c1cc3ccc4c(c3c[n+]1CC2)OCO4,G_62c508e5a612484f1790,,1427b14edea9835c1fdfeb13de41ce75ed58f1a3ea2d21f0e1d6b8917dfb17df,946bcf6fd9b6f615aa0b5f00fbf908d4909445257bb71e0906efad28fe6678af,https://files.rcsb.org/download/8Y2R.cif
8ZAS__ADE__laC__aaA__rs101__m1__alt.,8ZAS,train,ADE,C,A,101,1,.,"[""ADE_A_101""]",A;B,10,Nc1ncnc2[nH]cnc12,G_7d4fe7506c58e5173c3e,,601fefc037caac476b5faefaebbfa8964c9229cf8b88e553f6f2af83b27d6022,2a067e02daf40a31f5fcdacfc185cb3fa2dd211841ba739727722cfb65920e43,https://files.rcsb.org/download/8ZAS.cif
8ZD2__A1L1S__laC__aa1__rs101__m1__alt.,8ZD2,train,A1L1S,C,1,101,1,.,"[""A1L1S_1_101""]",A;B,33,Cc1ccc2ccc(NC(=O)CCNCCC(=O)Nc3ccc4ccc(C)nc4n3)nc2n1,G_dcd724e61ebbe1d8b1c2,,f59e3c21155670a94b68e0d93d9f516be30adff00b7576dfd2ab7bd2623b0016,2be99854d0c3132c81787621bf28295f527c5f62a0a5085513ecec6604206677,https://files.rcsb.org/download/8ZD2.cif
8ZD2__A1L1S__laD__aa2__rs101__m1__alt.,8ZD2,train,A1L1S,D,2,101,1,.,"[""A1L1S_2_101""]",A;B,33,Cc1ccc2ccc(NC(=O)CCNCCC(=O)Nc3ccc4ccc(C)nc4n3)nc2n1,G_dcd724e61ebbe1d8b1c2,,f640c311a2fe797e8133f0118beed4ec831048c912066a1f8e74ef4c8351fb8a,2be99854d0c3132c81787621bf28295f527c5f62a0a5085513ecec6604206677,https://files.rcsb.org/download/8ZD2.cif
8ZD7__A1L1R__laC__aa2__rs101__m1__alt.,8ZD7,train,A1L1R,C,2,101,1,.,"[""A1L1R_2_101""]",A;B,31,Cc1ccc2ccc(NC(=O)CNCC(=O)Nc3ccc4ccc(C)nc4n3)nc2n1,G_dcd724e61ebbe1d8b1c2,,0b965b152302e2f8789ba5c2023590837b980fb02e7b38d0eb2c0599d7a850b7,b76293430feead6014489f156fb1f197079ec353a774f62f661bda4dfadc00c4,https://files.rcsb.org/download/8ZD7.cif
8ZD8__A1L1S__laC__aa1__rs101__m1__alt.,8ZD8,train,A1L1S,C,1,101,1,.,"[""A1L1S_1_101""]",A;B,33,Cc1ccc2ccc(NC(=O)CCNCCC(=O)Nc3ccc4ccc(C)nc4n3)nc2n1,G_dcd724e61ebbe1d8b1c2,,fb6de725d647b2979d30d4434c816b4b518e1c69ec9356bffd7feb2da23678eb,3ae7e3939e073f814856d286aadb25dcb8eed070e8dcd2afedd2f4e77c4b6b83,https://files.rcsb.org/download/8ZD8.cif
8ZNQ__NAZ__laB__aaA__rs101__m1__alt.,8ZNQ,train,NAZ,B,A,101,1,.,"[""NAZ_A_101""]",A,34,Cc1ccc2ccc(NC(=O)CCNCCC(=O)NCc3ccc4ccc(=O)[nH]c4n3)nc2n1,G_feb272ffb1ec15b0e93c,,4fd738586bf36a547f4344402e8e87aedfda72791ea6896e4364995c30fbf110,80565671283068685e7736cfbb272158c587c395a3432853c3dbb58d2300c47c,https://files.rcsb.org/download/8ZNQ.cif
8ZW3__BER__laB__aaX__rs101__m1__alt.,8ZW3,train,BER,B,X,101,1,.,"[""BER_X_101""]",A,25,COc1ccc2cc3[n+](cc2c1OC)CCc1cc2c(cc1-3)OCO2,G_40d991a12079a5f49d44,,eeb449bde5fb8e751329f1cf706c5b7e7e23562e04d4f58bfc29a742149d0c07,2a085a22fc90472dd39628ca881bdc4a7fba6b0d4e325f700a6458c5e863b61d,https://files.rcsb.org/download/8ZW3.cif
8ZW3__BER__laC__aaX__rs102__m1__alt.,8ZW3,train,BER,C,X,102,1,.,"[""BER_X_102""]",A,25,COc1ccc2cc3[n+](cc2c1OC)CCc1cc2c(cc1-3)OCO2,G_40d991a12079a5f49d44,,518a569dd365b7e7b137f9ba53088f0de6ad017d4df14e2e2a248bda5a5fa46d,2a085a22fc90472dd39628ca881bdc4a7fba6b0d4e325f700a6458c5e863b61d,https://files.rcsb.org/download/8ZW3.cif
9BUN__FH8__laH__aaA__rs104__m1__alt.,9BUN,train,FH8,H,A,104,1,.,"[""FH8_A_104""]",A;C,32,CN(C)c1ccc2c(-c3ccc(C(=O)O)cc3C(=O)O)c3ccc(=[N+](C)C)cc-3oc2c1,G_dbf49330dce6e66796b5,,7cd5058b45ce1b02b9c0bcd2b2f86e714c8bd21b2a4c6cc33aa57d0daafb1c94,16c4ce411defe9ba501179f806930db74ebe0cd8bbe3c920a10b82bd561c9a3f,https://files.rcsb.org/download/9BUN.cif
9BUN__FH8__laM__aaB__rs105__m1__alt.,9BUN,train,FH8,M,B,105,1,.,"[""FH8_B_105""]",B,32,CN(C)c1ccc2c(-c3ccc(C(=O)O)cc3C(=O)O)c3ccc(=[N+](C)C)cc-3oc2c1,G_dbf49330dce6e66796b5,,83761054c7eac0e6dfed5d2265e735f8c4bc73b29cd97f8715664019e8164deb,03ee8eea742691baecdf3f0b2fce0a5fadebaebda5b443362808fec4102009b2,https://files.rcsb.org/download/9BUN.cif
9BUN__FH8__laS__aaC__rs106__m1__alt.,9BUN,train,FH8,S,C,106,1,.,"[""FH8_C_106""]",A;C,32,CN(C)c1ccc2c(-c3ccc(C(=O)O)cc3C(=O)O)c3ccc(=[N+](C)C)cc-3oc2c1,G_dbf49330dce6e66796b5,,69cb861fb911d17ab1823269d7bf7eaaddb137b13f48728e93b71a77a3cb77b3,16c4ce411defe9ba501179f806930db74ebe0cd8bbe3c920a10b82bd561c9a3f,https://files.rcsb.org/download/9BUN.cif
9BUN__FH8__laW__aaD__rs104__m1__alt.,9BUN,train,FH8,W,D,104,1,.,"[""FH8_D_104""]",D,32,CN(C)c1ccc2c(-c3ccc(C(=O)O)cc3C(=O)O)c3ccc(=[N+](C)C)cc-3oc2c1,G_dbf49330dce6e66796b5,,a582840dfec5743845b274255481fe07aa83d76f5a57718f698c32ee532c80c8,d9d6cb4b0ebc05a106250d8652ed96674200b03a098ad66332e2a02acbb7542e,https://files.rcsb.org/download/9BUN.cif
9BZ1__5AC__laG__aaA__rs105__m1__alt.,9BZ1,train,5AC,G,A,105,1,.,"[""5AC_A_105""]",A,9,NC(=O)c1nc[nH]c1N,G_b1bc88590ac0192af5ef,,a82806b9685dae4bc06310aff1fd8862a8fc8f77e8dd831f40edb0a6a36c2dca,cdcf091a955e7f85e5cac560b70dcc9f56f2e948b172b6f37db92409508128e0,https://files.rcsb.org/download/9BZ1.cif
9BZ1__5AC__laM__aaB__rs103__m1__alt.,9BZ1,train,5AC,M,B,103,1,.,"[""5AC_B_103""]",A;B,9,NC(=O)c1nc[nH]c1N,G_b1bc88590ac0192af5ef,,42b83f692ce5763c97550f3074e5426a5eac84f8cc526de20c4ab7888cc7542b,4e704f6fc691a976e514665192d7f34ad0e9269ad859940deb231b43345ec29c,https://files.rcsb.org/download/9BZ1.cif
9BZC__AMZ__laF__aaA__rs105__m1__alt.,9BZC,train,AMZ,F,A,105,1,.,"[""AMZ_A_105""]",A,22,NC(=O)c1ncn([C@@H]2O[C@H](COP(=O)(O)O)[C@@H](O)[C@H]2O)c1N,G_b1bc88590ac0192af5ef,,104ce84ab5007cb73774ffe25178765d3c83f7770beef9d330f72d047a5087ea,a81cef7c4f226db7a859d8bdac4e8e87473f34d9ce9848fad08055733ccb6f61,https://files.rcsb.org/download/9BZC.cif
9CJW__A1AAQ__laK__aaC__rs101__m1__alt.,9CJW,train,A1AAQ,K,C,101,1,.,"[""A1AAQ_C_101""]",B,28,N=C(N)c1ccc(OCc2cccc(COc3ccc(C(=N)N)cc3)n2)cc1,G_27ff94841f17f475ff45,,fc2d2d0574f271ac6c2697f0bdcbfcf7beb30a9107a1810022a4bd283c3c5dd7,77d2f017a8092b004a3e30a711577fbf328b707482de8b2e51c4ed45dad785e0,https://files.rcsb.org/download/9CJW.cif
9CKM__A1AY9__laM__aaC__rs101__m1__alt.,9CKM,train,A1AY9,M,C,101,1,.,"[""A1AY9_C_101""]",B,33,Cn1c(-c2ccc(-c3ccc(C(=N)N)cc3)s2)nc2cc(-c3ccc(C(=N)N)cc3)ccc21,G_27ff94841f17f475ff45,,828cb5b8eee4ad9b9d223825274e16da893e79a0ec10cec9e2e32cb4f75b4ea9,990691da5a10efd79129bb1146ff8c7f5216f0aea9fa5143574cb4750a90a74d,https://files.rcsb.org/download/9CKM.cif
9CKM__A1AY9__laT__aaB__rs101__m1__alt.,9CKM,train,A1AY9,T,B,101,1,.,"[""A1AY9_B_101""]",A;C,33,Cn1c(-c2ccc(-c3ccc(C(=N)N)cc3)s2)nc2cc(-c3ccc(C(=N)N)cc3)ccc21,G_27ff94841f17f475ff45,,d6a46ff9ea1b73ff89c34ad5776e52f37a47458afa3478ee1dfbe6443222cd42,e1e6a1a256afbf9e5af4b92b82196d9881b5859b60d9ad2e1265cd388f48d12e,https://files.rcsb.org/download/9CKM.cif
9CPD__MQC__laC__aaB__rs101__m1__alt.,9CPD,train,MQC,C,B,101,1,.,"[""MQC_B_101""]",A;B,23,COc1cccc(Nc2cc(C)nc3ccc(C(=N)N)cc23)c1,G_57fe021517ee9f182638,,4570e962720a0f625f1e1f57023d5f21d85050c84b9bc3f830997f48c59661f2,b820cb5f99213c5beeb66eaa0d1eeae9afc237000d7f7b97fc22e64ec4a36ec3,https://files.rcsb.org/download/9CPD.cif
9CPG__A1AZM__laC__aaB__rs101__m1__alt.,9CPG,train,A1AZM,C,B,101,1,.,"[""A1AZM_B_101""]",A;B,23,N=C(N)Nc1ccc(OC(=O)c2ccc(NC(=N)N)cc2)cc1,G_57fe021517ee9f182638,,84236fe82ec9665a59c79758465b12fc6a554f447dde84ebaf6660017d7d7b3c,5318408bb761939f78ac1d5a760a3743c64e92fe7533df410932d6d1157fa2a1,https://files.rcsb.org/download/9CPG.cif
9CPI__A1AZL__laC__aaB__rs101__m1__alt.,9CPI,train,A1AZL,C,B,101,1,.,"[""A1AZL_B_101""]",A;B,28,NCCN1CCN=C1c1ccc(C(=O)Nc2ccc(C3=NCCN3)cc2)cc1,G_57fe021517ee9f182638,,0f0edc4596408842357de9c9334e8e700a62a1193149905bfd03389a301863aa,2af077bc822596bc39aaef9c299d9d64699cee63423929b11145d965dcdfc0f3,https://files.rcsb.org/download/9CPI.cif
9DID__TAM__laK__aaA__rs209__m1__alt.,9DID,train,TAM,K,A,209,1,.,"[""TAM_A_209""]",A,11,NC(CCO)(CCO)CCO,G_28765058337cc4adf64d,,f93d415f09f4061ef3379eec0e17809ad6728b0bea7cb2ec52c748243be83271,95110d58e650828085d7b24e2e85846c644ff74991cd5fe2d4c14b6b5e79988f,https://files.rcsb.org/download/9DID.cif
9DLL__A1AZM__laC__aaB__rs101__m1__alt.,9DLL,train,A1AZM,C,B,101,1,.,"[""A1AZM_B_101""]",A;B,23,N=C(N)Nc1ccc(OC(=O)c2ccc(NC(=N)N)cc2)cc1,G_8859fa60d50db2e4043c,,eafb3c20887cd656c3acc6ed4d45d9d47d832c8861a3ed53fafc1a4f60f8dfb9,f22d1b04fa53ab99a9b6e274b319e8c342ed7d6f0c3b6825370a65331726c089,https://files.rcsb.org/download/9DLL.cif
9DLM__A1AZL__laC__aaA__rs101__m1__alt.,9DLM,train,A1AZL,C,A,101,1,.,"[""A1AZL_A_101""]",A;B,28,NCCN1CCN=C1c1ccc(C(=O)Nc2ccc(C3=NCCN3)cc2)cc1,G_8859fa60d50db2e4043c,,73436cadd4b96beb024845caa38bd9a510eb8fb02b7f7a22b6ae81a180029a40,99e5182b2317767bd6b1b09e2573644f0c4d2e2fe482b304cb8b652742dc96b0,https://files.rcsb.org/download/9DLM.cif
9DLN__MQC__laC__aaA__rs101__m1__alt.,9DLN,train,MQC,C,A,101,1,.,"[""MQC_A_101""]",A;B,23,COc1cccc(Nc2cc(C)nc3ccc(C(=N)N)cc23)c1,G_8859fa60d50db2e4043c,,ca50c76166fc2aff3a7fb6cf36976a4eafb3bd87218c0a726b24dda209fe9f07,963c6838b317004f893ee5dc84fc6b285806a543c7169a06da8bb9b8da289c88,https://files.rcsb.org/download/9DLN.cif
9E5H__N3D__laD__aaA__rs102__m1__alt.,9E5H,train,N3D,D,A,102,1,.,"[""N3D_A_102""]",A,6,CNCCCN,G_0b3b0acb0595a1a57016,,11b1375c4e8d5e5b340e9b976cdd07ae4e58932388e866664e34c4d9a3d74b9a,294b48dd94a62448733c80f92402ef4b1541de8714c11c99ab9d627ed716d49e,https://files.rcsb.org/download/9E5H.cif
9E5H__N3D__laQ__aaB__rs102__m1__alt.,9E5H,train,N3D,Q,B,102,1,.,"[""N3D_B_102""]",B,6,CNCCCN,G_0b3b0acb0595a1a57016,,6da85e35a612214cba5eda08d0b781650105e5d5c6f4af66cae9eb200157e2c5,ca1fa7241fab1ce75d1eb14ea0cc94c57bdb8c6a826aff1677064960a0b6ea3f,https://files.rcsb.org/download/9E5H.cif
9E5I__N3D__laD__aaA__rs102__m1__alt.,9E5I,train,N3D,D,A,102,1,.,"[""N3D_A_102""]",A,6,CNCCCN,G_0b3b0acb0595a1a57016,,7c96a3041731ecd49ef2d66efb83611e483706150f7dae7584b01bd5311d9242,e04f42fd6f191035614cdcc4a93c192ce264427d0f5bb9b4d28e7d7538004533,https://files.rcsb.org/download/9E5I.cif
9E5I__N3D__laQ__aaB__rs102__m1__alt.,9E5I,train,N3D,Q,B,102,1,.,"[""N3D_B_102""]",B,6,CNCCCN,G_0b3b0acb0595a1a57016,,3cbfec6c86c27735381f569e3ce9dfd481f315869edefd62b0ab4b192d777a6c,c28a4d632360ac5d5dd6d7db8787c20f7bc80b865bfa26b1cec70dbd392f1171,https://files.rcsb.org/download/9E5I.cif
9E5J__N3D__laD__aaA__rs102__m1__alt.,9E5J,train,N3D,D,A,102,1,.,"[""N3D_A_102""]",A,6,CNCCCN,G_0b3b0acb0595a1a57016,,e295576442e2978266a198bef6728a811f0b24392e7cfe7f05f3ed013e5f4503,6cd87e301912ca51078c69d550ec210a0bf2f987193ca4385c32bc68d713804d,https://files.rcsb.org/download/9E5J.cif
9E5K__N3D__laFA__aaC__rs102__m1__alt.,9E5K,train,N3D,FA,C,102,1,.,"[""N3D_C_102""]",C,6,CNCCCN,G_0b3b0acb0595a1a57016,,76041ec6f53c914acfd1eb9f7a8c000a31492ee2bbe19a51bf1aafa5376d670f,a936ebdfa2a93027aa2472e0b10b3bc4d1f127c6be2e6818044c988e47a14a68,https://files.rcsb.org/download/9E5K.cif
9E5K__N3D__laF__aaA__rs102__m1__alt.,9E5K,train,N3D,F,A,102,1,.,"[""N3D_A_102""]",A;B,6,CNCCCN,G_0b3b0acb0595a1a57016,,068eb29cd9ab255892e1693b58a635a32053b3156a64720a225b0d44370cbdcc,e81f11790653184890ef09b287b36ce4a3be4367f39dd75287ffe20a623680d2,https://files.rcsb.org/download/9E5K.cif
9E5K__N3D__laSA__aaD__rs102__m1__alt.,9E5K,train,N3D,SA,D,102,1,.,"[""N3D_D_102""]",C;D,6,CNCCCN,G_0b3b0acb0595a1a57016,,eea8d55041d1fa13de41c8d38446869eff4f86da3ca27ee14cf3d0db5b7c76e7,4870751c861449f3e2f49ae7237f9447d935fb13557539b1680581f2a80adebc,https://files.rcsb.org/download/9E5K.cif
9E5K__N3D__laS__aaB__rs102__m1__alt.,9E5K,train,N3D,S,B,102,1,.,"[""N3D_B_102""]",B,6,CNCCCN,G_0b3b0acb0595a1a57016,,f952e45b8ded25ea9256c16e2a597ca3c194348b4dd3d5afeeff794669fba79d,73771e061eda219fe917bc75cbf208e80c7f346f59b03597cc74e052d312cace,https://files.rcsb.org/download/9E5K.cif
9E5L__N3D__laD__aaA__rs102__m1__alt.,9E5L,train,N3D,D,A,102,1,.,"[""N3D_A_102""]",A,6,CNCCCN,G_0b3b0acb0595a1a57016,,429510f84e534c741a463c8ee92be0df219ce8c437a183fc84fd912379b46e9c,874fa7755d8a489e243b4cc291558172d0317269a167ffd66ae9dcf4dd5af85a,https://files.rcsb.org/download/9E5L.cif
9E5L__N3D__laQ__aaB__rs102__m1__alt.,9E5L,train,N3D,Q,B,102,1,.,"[""N3D_B_102""]",B,6,CNCCCN,G_0b3b0acb0595a1a57016,,25e5abd02e2e2e72569589420a018d4cf2a2d326c4afe7533ffb8c71605a6440,5eeae38a6d068b8afcac4dc2f62d5bd14f60ca0176de44d912e2c3b9551d70c8,https://files.rcsb.org/download/9E5L.cif
9E5M__N3D__laD__aaA__rs102__m1__alt.,9E5M,train,N3D,D,A,102,1,.,"[""N3D_A_102""]",A,6,CNCCCN,G_0b3b0acb0595a1a57016,,2fca6d3f02e21b83427f26ee146122fa33a24f641bcbc906740dc99275c147e1,2f718713f9350d8d7a249db0da51952935b29cf953902aa96315197de2d187b7,https://files.rcsb.org/download/9E5M.cif
9E5M__N3D__laQ__aaB__rs102__m1__alt.,9E5M,train,N3D,Q,B,102,1,.,"[""N3D_B_102""]",B,6,CNCCCN,G_0b3b0acb0595a1a57016,,dcb02e721e2af0681406e6e239bde9590bda6436c2dc31482da2ffcb8c46887c,f29d32745bdf3a076c4c421e7d25cd17f26e85516331c8eab00488349dc09d2e,https://files.rcsb.org/download/9E5M.cif
9E5O__N3D__laD__aaA__rs102__m1__alt.,9E5O,train,N3D,D,A,102,1,.,"[""N3D_A_102""]",A,6,CNCCCN,G_0b3b0acb0595a1a57016,,2f080720708e971053f21ec1f5eb9636741629426666f3cc5f885816547862fa,91ca849be6113de8c65d69c79a9c82ed32ccef951199e310e97b956c376793c0,https://files.rcsb.org/download/9E5O.cif
9E5O__N3D__laQ__aaB__rs102__m1__alt.,9E5O,train,N3D,Q,B,102,1,.,"[""N3D_B_102""]",B,6,CNCCCN,G_0b3b0acb0595a1a57016,,e9df1d1f0d26619d0fdbb01307207b8d8576bc477cc794b1e80f6d160b62da76,8fe69e19ccb733267cf56eacbc6e5edecdf16e3863a83efebcbbee0add6cc2a7,https://files.rcsb.org/download/9E5O.cif
9E5P__N3D__laD__aaA__rs102__m1__alt.,9E5P,train,N3D,D,A,102,1,.,"[""N3D_A_102""]",A,6,CNCCCN,G_0b3b0acb0595a1a57016,,04b2967b0d3b5509b27b69b960e6bd61ef650335a0c89ae6af6858fc4e7fc1f0,fd9ca43d5b914222373c4905ac3ba37b3ec701236b118222a19b3459a8ec3a3a,https://files.rcsb.org/download/9E5P.cif
9E5P__N3D__laP__aaB__rs102__m1__alt.,9E5P,train,N3D,P,B,102,1,.,"[""N3D_B_102""]",B,6,CNCCCN,G_0b3b0acb0595a1a57016,,86803470a847a853f305685ff9f88b727b0d2600614a74d72e49653796a0d45f,79c2cd6bbda3d4d37fb930bf6ad2135c3b9d0ede138e5705b5f5e19a9d86f429,https://files.rcsb.org/download/9E5P.cif
9E5Q__N3D__laD__aaA__rs102__m1__alt.,9E5Q,train,N3D,D,A,102,1,.,"[""N3D_A_102""]",A,6,CNCCCN,G_0b3b0acb0595a1a57016,,851a38fa71212fdde69cd2a261dfb493973fd4e9c2344c89c87543c7308bf31e,23dde5fbd1863b594cac7243d0d3436ead571c707afd597f8e13d43fdfb66bf2,https://files.rcsb.org/download/9E5Q.cif
9E5Q__N3D__laQ__aaB__rs102__m1__alt.,9E5Q,train,N3D,Q,B,102,1,.,"[""N3D_B_102""]",B,6,CNCCCN,G_0b3b0acb0595a1a57016,,5b0744c09a9d70edddc9282eba0a011f2c638dec0e75d6ea75bf7220fc8da10a,593eb88aa79de18e5ac044d5b07f3369c36995251b6b0ba7a05d6e8a909ae7ad,https://files.rcsb.org/download/9E5Q.cif
9E5R__N3D__laD__aaA__rs102__m1__alt.,9E5R,train,N3D,D,A,102,1,.,"[""N3D_A_102""]",A,6,CNCCCN,G_0b3b0acb0595a1a57016,,673b748ecd115d16c0a5f845bdf7d4a17fce33c830e8f72788222850e00b3b61,b6c9de22dc7c1d3709d64288d450ace4629043f247b172013e863cabe0f2d67c,https://files.rcsb.org/download/9E5R.cif
9E5R__N3D__laP__aaB__rs102__m1__alt.,9E5R,train,N3D,P,B,102,1,.,"[""N3D_B_102""]",B,6,CNCCCN,G_0b3b0acb0595a1a57016,,cb462b1ab6a5650decd4c883b1c5524315be4392b5e7b1904a2dd45404789077,66ecbb7bde835a66f169675dddf5786282de28187c534167f586dc73030a1c4a,https://files.rcsb.org/download/9E5R.cif
9E5S__N3D__laD__aaA__rs102__m1__alt.,9E5S,train,N3D,D,A,102,1,.,"[""N3D_A_102""]",A,6,CNCCCN,G_0b3b0acb0595a1a57016,,e131658ac803c43bc40a74f776ead2fbeb05f55fb28dcaa53437d3d414d6e222,08eeeb8a1086a8a002261dfed9bab3495e59cb2f45b98b40949bed6bebc6344f,https://files.rcsb.org/download/9E5S.cif
9E5T__N3D__laD__aaA__rs102__m1__alt.,9E5T,train,N3D,D,A,102,1,.,"[""N3D_A_102""]",A,6,CNCCCN,G_0b3b0acb0595a1a57016,,cfe4f3425723b053e56c358d38fb9ec8fdac9ea8f116127a52244e8c9d0b7448,a61c87dacd36984934bf5d2f8f7bd9cefbbeff852e0a3a5aa6ff286d2bb9864f,https://files.rcsb.org/download/9E5T.cif
9E5T__N3D__laQ__aaB__rs102__m1__alt.,9E5T,train,N3D,Q,B,102,1,.,"[""N3D_B_102""]",B,6,CNCCCN,G_0b3b0acb0595a1a57016,,1616c09a75d9f129feb836cc2dfc00141eafea6d33d872cb5f1cfed60fc388cd,34d027378fcf530f855729463472226990e12487c79dd42f744bf8f0bbc217f5,https://files.rcsb.org/download/9E5T.cif
9EBP__LUM__laC__aaA__rs101__m1__alt.,9EBP,train,LUM,C,A,101,1,.,"[""LUM_A_101""]",A,18,Cc1cc2nc3[nH]c(=O)[nH]c(=O)c3nc2cc1C,G_a873b22dc9806c91a9eb,,794395cad44d5a2cfecdaf480f7053d1be5aae98ec978b7a7d05c366714829ad,fc732d336ddcd79d12d24f4478114b31dd58713128bcaa9a111bb1074ce09eea,https://files.rcsb.org/download/9EBP.cif
9EBP__LUM__laJ__aaM__rs101__m1__alt.,9EBP,train,LUM,J,M,101,1,.,"[""LUM_M_101""]",B,18,Cc1cc2nc3[nH]c(=O)[nH]c(=O)c3nc2cc1C,G_a873b22dc9806c91a9eb,,cf703f2246f7d8a97c160214aff1f0764c13980a79a27b12f5db1f02acfd4284,6fa93e311d3203d2d977d47a3a87590b9f310ddff486b2e8cc7bb338110d98fb,https://files.rcsb.org/download/9EBP.cif
9EBV__LUM__laK__aaA__rs109__m1__alt.,9EBV,train,LUM,K,A,109,1,.,"[""LUM_A_109""]",A,18,Cc1cc2nc3[nH]c(=O)[nH]c(=O)c3nc2cc1C,G_a873b22dc9806c91a9eb,,4e0d78763f031ad96c2bab1b3e4682213145322351ef447dd5171cd1f816ddb9,232419abf759d33640120175fda5c0a9ae1388373a1dc1942e609b9feb0ad40d,https://files.rcsb.org/download/9EBV.cif
9EBV__LUM__laU__aaM__rs110__m1__alt.,9EBV,train,LUM,U,M,110,1,.,"[""LUM_M_110""]",B,18,Cc1cc2nc3[nH]c(=O)[nH]c(=O)c3nc2cc1C,G_a873b22dc9806c91a9eb,,3a1e3ed0cf337802d4e40a801af7ad58f109e322b02c2f6112114088c7bb045d,50ef3c2a8fbf6c44c77afe5f33ef6d2fb45d3c7c4e448679b0120ee75799e9c3,https://files.rcsb.org/download/9EBV.cif
9EC4__CTI__laC__aaM__rs101__m1__alt.,9EC4,train,CTI,C,M,101,1,.,"[""CTI_M_101""]",A,26,COc1ccc2c(c[n+](C)c3c4cc5c(cc4ccc23)OCO5)c1OC,G_a873b22dc9806c91a9eb,,4350af393633b78b095a30798c7fc7aedd6b09f0d5c18eb7373852dbc656973c,6b382f1cfb6e1e7163fea9814f72d1cb2bae5866e3ad9eb59e59500acb1cb009,https://files.rcsb.org/download/9EC4.cif
9EC4__CTI__laO__aaA__rs101__m1__alt.,9EC4,train,CTI,O,A,101,1,.,"[""CTI_A_101""]",B,26,COc1ccc2c(c[n+](C)c3c4cc5c(cc4ccc23)OCO5)c1OC,G_a873b22dc9806c91a9eb,,0e680104bb07fc8c5465f5df7a7a7231b402496a35298e089c0826379ad5957d,157f132e1647d5d747f257fbda82a81315e0b8807fb0889164bfc2db368eb323,https://files.rcsb.org/download/9EC4.cif
9ELR__N3D__laD__aaA__rs102__m1__alt.,9ELR,train,N3D,D,A,102,1,.,"[""N3D_A_102""]",A,6,CNCCCN,G_0b3b0acb0595a1a57016,,56852b6ac0cf613780e62613503dc8a1f917fb64849faaa4929225f36d1d0451,af58705097b029276dcfcc2d7b0fb103fa58ebf5a55a2808b80a6f4723059703,https://files.rcsb.org/download/9ELR.cif
9ELR__N3D__laQ__aaB__rs102__m1__alt.,9ELR,train,N3D,Q,B,102,1,.,"[""N3D_B_102""]",B,6,CNCCCN,G_0b3b0acb0595a1a57016,,92ad88ce209b103bf5122a875965218593bff424c2d5f37bae0428e6a0d5766e,697e2a1babdce6c24071428d101f7446f07d19bbb41b53d99d89bad5fd668dc6,https://files.rcsb.org/download/9ELR.cif
9FXO__PAR__laEO__aaL2__rs1728__m1__alt.,9FXO,train,PAR,EO,L2,1728,1,.,"[""PAR_L2_1728""]",A;B,42,NC[C@@H]1O[C@H](O[C@H]2[C@@H](O)[C@H](O[C@@H]3[C@@H](O)[C@H](N)C[C@H](N)[C@H]3O[C@H]3O[C@H](CO)[C@@H](O)[C@H](O)[C@H]3N)O[C@@H]2CO)[C@H](N)[C@@H](O)[C@@H]1O,G_f4d1d12be786ffda9d67,,22c722b1a42dedaac31cf9e4695e94e182c891a70a96ce0698987e2eb0945e0c,9e01439214a10906ebe761a5797f6e7cb024729866c3e90562aa714216a91a1d,https://files.rcsb.org/download/9FXO.cif
9FXO__PAR__laGJ__aaL1__rs1978__m1__alt.,9FXO,train,PAR,GJ,L1,1978,1,.,"[""PAR_L1_1978""]",A;C,42,NC[C@@H]1O[C@H](O[C@H]2[C@@H](O)[C@H](O[C@@H]3[C@@H](O)[C@H](N)C[C@H](N)[C@H]3O[C@H]3O[C@H](CO)[C@@H](O)[C@H](O)[C@H]3N)O[C@@H]2CO)[C@H](N)[C@@H](O)[C@@H]1O,G_f4d1d12be786ffda9d67,,160c01688ac7916ce45eba4ce45782ffaae121aaf919d74d04f59fa78ad487db,664595e69b4295c1a94b4cbc2da002e95fd8e541e1806c4efef4c9a113534328,https://files.rcsb.org/download/9FXO.cif
9FXO__PAR__laUP__aaL7__rs208__m1__alt.,9FXO,train,PAR,UP,L7,208,1,.,"[""PAR_L7_208""]",A;D;G,42,NC[C@@H]1O[C@H](O[C@H]2[C@@H](O)[C@H](O[C@@H]3[C@@H](O)[C@H](N)C[C@H](N)[C@H]3O[C@H]3O[C@H](CO)[C@@H](O)[C@H](O)[C@H]3N)O[C@@H]2CO)[C@H](N)[C@@H](O)[C@@H]1O,G_f4d1d12be786ffda9d67,,05ec146b729b138eaaeb75d110902e7c912dc6a0b08abf94fcce8b5e2c71260c,58ce6c7e297560ce4516528393108e08f30c991b895a90e2e19131686fbef0ec,https://files.rcsb.org/download/9FXO.cif
9GVI__PQ3__laB__aaA__rs101__m1__alt.,9GVI,train,PQ3,B,A,101,1,.,"[""PQ3_A_101""]",A,42,C[n+]1cc(NC(=O)c2ccc3ccc4ccc(C(=O)Nc5cc6ccccc6[n+](C)c5)nc4c3n2)cc2ccccc21,G_53ee4c101fef37e6cb33,,e8291fc44694b5f02dae5a0abbb06b6fa501133bbe595e539e4f5a6f9faf7016,95cfbc96608f2e46bf5a3c68f6945d2b63b93e247b98fcfb223d2b6a15757d36,https://files.rcsb.org/download/9GVI.cif
9GVV__LWQ__laB__aaA__rs101__m1__alt.,9GVV,train,LWQ,B,A,101,1,.,"[""LWQ_A_101""]",A,34,C[n+]1cc(NC(=O)c2cccc(C(=O)Nc3cc4ccccc4[n+](C)c3)n2)cc2ccccc21,G_53ee4c101fef37e6cb33,,bc47a4c7f947cb5d4a0c29c09afa88b6e1331ab97ab6d13c2bc6e1905695811e,080284b75b8c9b46987cd7b3ad07bc0462d9f13c218fd5f6b0673be08b77b9c6,https://files.rcsb.org/download/9GVV.cif
9HRD__GTP__laFA__aaD__rs107__m1__alt.,9HRD,train,GTP,FA,D,107,1,.,"[""GTP_D_107""]",D,32,Nc1nc2c(ncn2[C@@H]2O[C@H](CO[P@](=O)(O)O[P@](=O)(O)OP(=O)(O)O)[C@@H](O)[C@H]2O)c(=O)[nH]1,G_629bdcbc8e9ad0ccec74,,186bedf8a0813f7c8f78ccb652c7a758eab1d220fb82069726faaced48715f4b,25cf138f7e529bfec1e46b4a89c3d2fe10c5f32f5205a6bc64699a290133298a,https://files.rcsb.org/download/9HRD.cif
9HRD__GTP__laK__aaA__rs107__m1__alt.,9HRD,train,GTP,K,A,107,1,.,"[""GTP_A_107""]",A;B,32,Nc1nc2c(ncn2[C@@H]2O[C@H](CO[P@](=O)(O)O[P@](=O)(O)OP(=O)(O)O)[C@@H](O)[C@H]2O)c(=O)[nH]1,G_629bdcbc8e9ad0ccec74,,bc05399745c132da769d7d487e4b78a7de0f0758096ddfe5725c3697c65ec5bf,04a76e3411ec73d46dfca2c297a39a803acffb2c441436e0e14d8eb99ae93eb4,https://files.rcsb.org/download/9HRD.cif
9HRD__GTP__laR__aaB__rs107__m1__alt.,9HRD,train,GTP,R,B,107,1,.,"[""GTP_B_107""]",A;B,32,Nc1nc2c(ncn2[C@@H]2O[C@H](CO[P@](=O)(O)O[P@](=O)(O)OP(=O)(O)O)[C@@H](O)[C@H]2O)c(=O)[nH]1,G_629bdcbc8e9ad0ccec74,,0edd5b5220cc529904e04a34bc37243b4028619daf092f6db38a5a1a9d853f38,04a76e3411ec73d46dfca2c297a39a803acffb2c441436e0e14d8eb99ae93eb4,https://files.rcsb.org/download/9HRD.cif
9HRD__GTP__laY__aaC__rs107__m1__alt.,9HRD,train,GTP,Y,C,107,1,.,"[""GTP_C_107""]",C,32,Nc1nc2c(ncn2[C@@H]2O[C@H](CO[P@](=O)(O)O[P@](=O)(O)OP(=O)(O)O)[C@@H](O)[C@H]2O)c(=O)[nH]1,G_629bdcbc8e9ad0ccec74,,b61e775ae88fbcc8fae154be81d0a34d1b606bbfa28da9ecd30e64930507c4ac,4032ca8b09c5265e4e9035d891d838fabadd74fba185990160196449d414a6dc,https://files.rcsb.org/download/9HRD.cif
9HRG__GTP__laG__aaA__rs103__m1__alt.,9HRG,train,GTP,G,A,103,1,.,"[""GTP_A_103""]",A;B,32,Nc1nc2c(ncn2[C@@H]2O[C@H](CO[P@](=O)(O)O[P@@](=O)(O)OP(=O)(O)O)[C@@H](O)[C@H]2O)c(=O)[nH]1,G_bf23d63dfcbc4d6b924e,,4f6446fc2ad5950783938b0ab97e7263ac59bb107ec74b8672b2ae82c7d4763f,d38a190e88c3290fa09293b4463e44879bc441235d33bc17d96de947689e423f,https://files.rcsb.org/download/9HRG.cif
9HRG__GTP__laM__aaB__rs103__m1__alt.,9HRG,train,GTP,M,B,103,1,.,"[""GTP_B_103""]",A;B,32,Nc1nc2c(ncn2[C@@H]2O[C@H](CO[P@](=O)(O)O[P@@](=O)(O)OP(=O)(O)O)[C@@H](O)[C@H]2O)c(=O)[nH]1,G_bf23d63dfcbc4d6b924e,,eac7055592840add3ae3677d79737d8f92c542e8079cced4f07ab30d265b61f5,d38a190e88c3290fa09293b4463e44879bc441235d33bc17d96de947689e423f,https://files.rcsb.org/download/9HRG.cif
9HRG__GTP__laS__aaC__rs103__m1__alt.,9HRG,train,GTP,S,C,103,1,.,"[""GTP_C_103""]",C,32,Nc1nc2c(ncn2[C@@H]2O[C@H](CO[P@@](=O)(O)O[P@](=O)(O)OP(=O)(O)O)[C@@H](O)[C@H]2O)c(=O)[nH]1,G_bf23d63dfcbc4d6b924e,,fd490d5aa3540121218e4022dc1be0b6c88d1aa52ffddef347268fd6350f6e23,67f21e9a0bf20a6c93e2c693db22eff243045368e18de0420fd8e1f8610cd38a,https://files.rcsb.org/download/9HRG.cif
9HRG__GTP__laY__aaD__rs103__m1__alt.,9HRG,train,GTP,Y,D,103,1,.,"[""GTP_D_103""]",D,32,Nc1nc2c(ncn2[C@@H]2O[C@H](CO[P@](=O)(O)O[P@@](=O)(O)OP(=O)(O)O)[C@@H](O)[C@H]2O)c(=O)[nH]1,G_bf23d63dfcbc4d6b924e,,5000123750adaa86eb53f3c2dbc90629f157ab412c17fd68bb010c5e4194d079,a0c2195e8950ab6beb2b30f939cd8251c12f5f0fc17c7293b53705d0e865ed65,https://files.rcsb.org/download/9HRG.cif
9HRO__TOY__laB__aaA__rs101__m1__alt.,9HRO,train,TOY,B,A,101,1,.,"[""TOY_A_101""]",A,32,NC[C@H]1O[C@H](O[C@H]2[C@H](O)[C@@H](O[C@H]3O[C@H](CO)[C@@H](O)[C@H](N)[C@H]3O)[C@H](N)C[C@@H]2N)[C@H](N)C[C@@H]1O,G_20e6bb992ae229c4730a,,7426f99717323e50cad44b6d1e93c145efb776c7b0854b580722098f001a6243,bf0685357d434e0e5f3f362da59c8bdb3fda97179aa585f20075a6ce07d18a49,https://files.rcsb.org/download/9HRO.cif
9I9W__B2R__laC__aaAAA__rs101__m1__alt.,9I9W,train,B2R,C,AAA,101,1,.,"[""B2R_AAA_101""]",A;B,37,Cc1ccc2ccc(NC(=O)OCCCNCCCOC(=O)Nc3ccc4ccc(C)nc4n3)nc2n1,G_013ebaf4d1c112a09e32,,b836af964127ec2bb99d6e74f54ef658274cba85a1489625cb46ee1ffdf9515f,db7549a515c299aa159eb589591aa50c101d8b1b64843ee8cd61870d85362992,https://files.rcsb.org/download/9I9W.cif
9I9W__B2R__laD__aaAAA__rs102__m1__alt.,9I9W,train,B2R,D,AAA,102,1,.,"[""B2R_AAA_102""]",A;B,37,Cc1ccc2ccc(NC(=O)OCCCNCCCOC(=O)Nc3ccc4ccc(C)nc4n3)nc2n1,G_013ebaf4d1c112a09e32,,d2425546b27a4be31f35aec18917a036258fea90bf786a9a134b16d85fdf11c3,db7549a515c299aa159eb589591aa50c101d8b1b64843ee8cd61870d85362992,https://files.rcsb.org/download/9I9W.cif
9I9W__B2R__laE__aaBBB__rs101__m1__alt.,9I9W,train,B2R,E,BBB,101,1,.,"[""B2R_BBB_101""]",A;B,37,Cc1ccc2ccc(NC(=O)OCCCNCCCOC(=O)Nc3ccc4ccc(C)nc4n3)nc2n1,G_013ebaf4d1c112a09e32,,128b82758979bff9ab64bffb309ed28e5ed341409fd4bb1035a373ff53fa2b25,db7549a515c299aa159eb589591aa50c101d8b1b64843ee8cd61870d85362992,https://files.rcsb.org/download/9I9W.cif
9IF0__B2R__laC__aaAAA__rs101__m1__alt.,9IF0,train,B2R,C,AAA,101,1,.,"[""B2R_AAA_101""]",A;B,37,Cc1ccc2ccc(NC(=O)OCCCNCCCOC(=O)Nc3ccc4ccc(C)nc4n3)nc2n1,G_5b92bd3d415d4e79d433,,0a9142c329b0c6e79d86d89282f7276d50f6245498ceb9e8dded3bc6ae724c00,18e75703cdb555fcadad64eecf286180039bf7348e5ee177d6db99e416ea133d,https://files.rcsb.org/download/9IF0.cif
9IF0__B2R__laD__aaBBB__rs101__m1__alt.,9IF0,train,B2R,D,BBB,101,1,.,"[""B2R_BBB_101""]",A;B,37,Cc1ccc2ccc(NC(=O)OCCCNCCCOC(=O)Nc3ccc4ccc(C)nc4n3)nc2n1,G_5b92bd3d415d4e79d433,,76d15caf8bee8eae77a6efcf93b8e47376b86c2cd86f5ab42124d5a7624a3037,18e75703cdb555fcadad64eecf286180039bf7348e5ee177d6db99e416ea133d,https://files.rcsb.org/download/9IF0.cif
9IO0__53D__laB__aaA__rs101__m1__alt.,9IO0,train,53D,B,A,101,1,.,"[""53D_A_101""]",A,32,CCN1CCN(c2cc3c(cc2F)c(=O)c(C(=O)NCCCN(C)C)cn3C2CC2)CC1,G_599e9a4f306f3495dee4,,5c01d1a2773dd152581f173cd2e4d207bb76d4995029c6e53874cb2b78983d4a,10270bae595418702b79b6b1924d031a20d975bb02cbb8bafec065f530f79f6a,https://files.rcsb.org/download/9IO0.cif
9IO1__53D__laB__aaA__rs101__m1__alt.,9IO1,train,53D,B,A,101,1,.,"[""53D_A_101""]",A,32,CCN1CCN(c2cc3c(cc2F)c(=O)c(C(=O)NCCCN(C)C)cn3C2CC2)CC1,G_e9f0459d9dd08ccb9374,,7cc48b8f72ec769bea900aa1d6ca1c573756c457b28cc11a6a2d3c73ec9de128,00df0b9d4f2c9bb138785b5654100ff5bc25385fef8fa7243679207562fef2fe,https://files.rcsb.org/download/9IO1.cif
9IOR__53D__laB__aaA__rs101__m1__alt.,9IOR,train,53D,B,A,101,1,.,"[""53D_A_101""]",A,32,CCN1CCN(c2cc3c(cc2F)c(=O)c(C(=O)NCCCN(C)C)cn3C2CC2)CC1,G_2b74165050c22201cde8,,4fe11ebf380e04a07569fe390e729158ab27db160155ddbbfb65e5dd938f708d,ae8696874fb71d127183451ee9cc2aa69522e575927bebcc50687f75e46ac90f,https://files.rcsb.org/download/9IOR.cif
9IOS__53D__laB__aaA__rs101__m1__alt.,9IOS,train,53D,B,A,101,1,.,"[""53D_A_101""]",A,32,CCN1CCN(c2cc3c(cc2F)c(=O)c(C(=O)NCCCN(C)C)cn3C2CC2)CC1,G_0338f5e8df6ddcf6caf7,,f555a93d58a9561cfe8cb5055409828e3de2a7297a47c43f8f7169af8a683fd8,a79c30fc368eeff2ea7833593f4917e0cc27fa5a2ce2c78fec91117c21f55711,https://files.rcsb.org/download/9IOS.cif
9IOU__53D__laB__aaA__rs101__m1__alt.,9IOU,train,53D,B,A,101,1,.,"[""53D_A_101""]",A,32,CCN1CCN(c2cc3c(cc2F)c(=O)c(C(=O)NCCCN(C)C)cn3C2CC2)CC1,G_e77dbbb77feae0b90c0c,,a6cf0edf50ec154c42e194f4a8c88adf21d1028cc2fce9301eae7e2193c8ff16,cc02dbd5cf8348be7c0fdf92787ae553692bfacba97be12e2681a67ac2dcb589,https://files.rcsb.org/download/9IOU.cif
9J9X__A1EA7__laIA__aaN__rs534__m1__alt.,9J9X,train,A1EA7,IA,N,534,1,.,"[""A1EA7_N_534""]",A,34,CC(=O)c1ccc(OC[C@@H](O)CN2CCN(C[C@@H](O)COc3ccc(C(C)=O)cc3)CC2)cc1,G_3d3415e230fbfd0347c6,,f024a70f5a4efd89584684fd1aec4f596c68f7be5b879ef8bca9657968921321,ebf033f0bdf95be72e953d64a649bacd506d29e6818c2c1176eb619a38703e2b,https://files.rcsb.org/download/9J9X.cif
9JL7__DM2__laD__aaA__rs101__m1__alt.,9JL7,train,DM2,D,A,101,1,.,"[""DM2_A_101""]",A;B,39,COc1cccc2c1C(=O)c1c(O)c3c(c(O)c1C2=O)C[C@@](O)(C(=O)CO)C[C@@H]3O[C@H]1C[C@H](N)[C@H](O)[C@H](C)O1,G_97c19d4f565260b68079,,960c29fa1961247be8ca97184312e074b0c49ae9988b2457b1bc8154738e2367,3cb4124aaf905c688e7298b7b6ab07836c96bd58921763bd3f4316dc364c6da5,https://files.rcsb.org/download/9JL7.cif
9JX5__7V8__laB__aaA__rs101__m1__alt.,9JX5,train,7V8,B,A,101,1,.,"[""7V8_A_101""]",A,44,NCCOc1cc(C(=O)Nc2cc(OCCN)c3ccccc3n2)nc(C(=O)Nc2cc(OCCN)c3ccccc3n2)c1,G_928eeb6eb0b4acfd6602,,622b104b14fa8b52f849155a7a71df09f8ded0e99ddb939f259b5e620dc22862,569e977c8e785f22409ea5348f12a5be5dea2d605f85bab7b873c1d1b614f224,https://files.rcsb.org/download/9JX5.cif
9K38__GTP__laEA__aaZ__rs101__m1__alt.,9K38,train,GTP,EA,Z,101,1,.,"[""GTP_Z_101""]",T;U,32,Nc1nc2c(ncn2[C@@H]2O[C@H](CO[P@](=O)(O)O[P@](=O)(O)OP(=O)(O)O)[C@@H](O)[C@H]2O)c(=O)[nH]1,G_c6b0bcf1ccfbd0d791f2,,9ee71a0dd713d8ae035170028abaefe75ce8a76ff1b8ff55cd9f58d111b0fc50,e80abaf438bbcb61be1e881d67206341d9779586b4ad8e0d747b5e77202571a0,https://files.rcsb.org/download/9K38.cif
9K9H__GMP__laE__aaA__rs404__m1__alt.,9K9H,train,GMP,E,A,404,1,.,"[""GMP_A_404""]",A,20,Nc1nc2c(ncn2[C@@H]2O[C@H](CO)[C@@H](O)[C@H]2O)c(=O)[nH]1,G_e0267e2f1fa69b6c77bc,,0876ec9307a2670e3a36fc2e2792ca2d8c33d1052a98b3aea7d13befe3ffc553,440a107450e169a0a90330e931b02ad52dad6c347e250c4562a5922415948db1,https://files.rcsb.org/download/9K9H.cif
9KG8__BER__laB__aaX__rs101__m1__alt.,9KG8,train,BER,B,X,101,1,.,"[""BER_X_101""]",A,25,COc1ccc2cc3[n+](cc2c1OC)CCc1cc2c(cc1-3)OCO2,G_901c44843ae5e60c1fb1,,28294f536d9876c0357c5bfc79cf5089740741bc4feeb39cee996c7419941709,b2e1e5aa5b73b2c0611051f376383dae9cbdf50ab37a73ae3d38064b480ad945,https://files.rcsb.org/download/9KG8.cif
9KG8__BER__laC__aaX__rs102__m1__alt.,9KG8,train,BER,C,X,102,1,.,"[""BER_X_102""]",A,25,COc1ccc2cc3[n+](cc2c1OC)CCc1cc2c(cc1-3)OCO2,G_901c44843ae5e60c1fb1,,35ff8f17842a91c5b35036e58bd24f90f609b57b068ae469ef4720aea4489ef1,b2e1e5aa5b73b2c0611051f376383dae9cbdf50ab37a73ae3d38064b480ad945,https://files.rcsb.org/download/9KG8.cif
9KTJ__ATP__laB__aaA__rs101__m1__alt.,9KTJ,train,ATP,B,A,101,1,.,"[""ATP_A_101""]",A,31,Nc1ncnc2c1ncn2[C@@H]1O[C@H](CO[P@](=O)(O)O[P@](=O)(O)OP(=O)(O)O)[C@@H](O)[C@H]1O,G_4b6f06731865d8385147,,56e306c8b718f931d2c6beef403705bbe5d6011c7d6dd78771c0f3636ab1ee02,2962145c9929bd81a12faa4526dfba8d123df5197805ca6b21d66aae16080dec,https://files.rcsb.org/download/9KTJ.cif
9L4E__A1EIH__laB__aaA__rs101__m1__alt.,9L4E,train,A1EIH,B,A,101,1,.,"[""A1EIH_A_101""]",A,30,Cc1cc(/C=C2\Sc3ccccc3N2CCC[NH+]2CCCC2)c2ccccc2[n+]1C,G_504f11fa1e3278ad1b85,,85839cd29fd61288048f5315e3de9027b7d79d719ce47db8e68dbc21bb7feaaf,d8df950f1ef306fbd5905f3c2ed273a5d8b1360f8f6b17d791560e4f2da39f90,https://files.rcsb.org/download/9L4E.cif
9L4E__A1EIH__laC__aaA__rs102__m1__alt.,9L4E,train,A1EIH,C,A,102,1,.,"[""A1EIH_A_102""]",A,30,Cc1cc(/C=C2\Sc3ccccc3N2CCC[NH+]2CCCC2)c2ccccc2[n+]1C,G_504f11fa1e3278ad1b85,,58d27c0ab41f2a6a349329c1f7c280ee74902012298ad3b5c385be1b7d64e5f8,d8df950f1ef306fbd5905f3c2ed273a5d8b1360f8f6b17d791560e4f2da39f90,https://files.rcsb.org/download/9L4E.cif
9L8F__A1EI4__laI__aaU__rs108__m1__alt.,9L8F,train,A1EI4,I,U,108,1,.,"[""A1EI4_U_108""]",A,29,CN(C)c1ccc2c(-c3ccccc3C(=O)O)c3ccc(=[N+](C)C)cc-3oc2c1,G_ca421ca7826d6841da6b,,75ba35bf4d1a9b27272471b2134f54a7de9dee4fde9924dc4606dfb53714acdb,52359d4a916ac0ae3622f7406a725bc954b874fc5f0da9e94004b06d27d2f5b9,https://files.rcsb.org/download/9L8F.cif
9LXO__GTP__laDA__aaZ__rs101__m1__alt.,9LXO,train,GTP,DA,Z,101,1,.,"[""GTP_Z_101""]",T;U,32,Nc1nc2c(ncn2[C@@H]2O[C@H](CO[P@](=O)(O)O[P@](=O)(O)OP(=O)(O)O)[C@@H](O)[C@H]2O)c(=O)[nH]1,G_2c17322513e81075c86c,,0a16fcf6ac71ad8a17991bf6cb100275cc26a83de18526c139810c3208d5a1c0,62d872182b12ac4a2dc80241ee71dfd1bbd72e5f35b4c76a53a48c333223131c,https://files.rcsb.org/download/9LXO.cif
9MOZ__A1BNI__laI__aaA__rs103__m1__alt.,9MOZ,train,A1BNI,I,A,103,1,.,"[""A1BNI_A_103""]",A;B;C;D,88,COC(=O)[C@H](Cc1c[nH]c2ccc(C)cc12)NC(=O)[C@@H](OC)[C@@H]1Cc2cc3cc(O[C@H]4C[C@@H](O[C@H]5C[C@@H](O)[C@H](O)[C@@H](C)O5)[C@H](O)[C@@H](C)O4)c(C)c(O)c3c(O)c2C(=O)[C@H]1O[C@H]1C[C@@H](O[C@H]2C[C@@H](O[C@H]3C[C@](C)(O)[C@H](O)[C@@H](C)O3)[C@@H](O)[C@@H](C)O2)[C@H](O)[C@@H](C)O1,G_8c46e55d60c30f91a657,,cbb10dffdbe565c162a79452598257c51cf31888e9d894650bbbb5533f51a34c,c5f4e645c2343f29dd0627e02627d6ff0abc75a3b4f2aca378e7cd6933a94bd9,https://files.rcsb.org/download/9MOZ.cif
9MOZ__A1BNI__laJA__aaG__rs103__m1__alt.,9MOZ,train,A1BNI,JA,G,103,1,.,"[""A1BNI_G_103""]",D;E;F,88,COC(=O)[C@H](Cc1c[nH]c2ccc(C)cc12)NC(=O)[C@@H](OC)[C@@H]1Cc2cc3cc(O[C@H]4C[C@@H](O[C@H]5C[C@@H](O)[C@H](O)[C@@H](C)O5)[C@H](O)[C@@H](C)O4)c(C)c(O)c3c(O)c2C(=O)[C@H]1O[C@H]1C[C@@H](O[C@H]2C[C@@H](O[C@H]3C[C@](C)(O)[C@H](O)[C@@H](C)O3)[C@@H](O)[C@@H](C)O2)[C@H](O)[C@@H](C)O1,G_8c46e55d60c30f91a657,,c0c477cb366c486ad937ed46e3577afa5f3211ba9adbcee961f548e333713e6f,20a3c79edea2926d5f53caec8e2761dfcc30cec89ce0573d6302c58768a3579b,https://files.rcsb.org/download/9MOZ.cif
9MOZ__A1BNI__laJ__aaA__rs104__m1__alt.,9MOZ,train,A1BNI,J,A,104,1,.,"[""A1BNI_A_104""]",A;B;C;D,88,COC(=O)[C@H](Cc1c[nH]c2ccc(C)cc12)NC(=O)[C@@H](OC)[C@@H]1Cc2cc3cc(O[C@H]4C[C@@H](O[C@H]5C[C@@H](O)[C@H](O)[C@@H](C)O5)[C@H](O)[C@@H](C)O4)c(C)c(O)c3c(O)c2C(=O)[C@H]1O[C@H]1C[C@@H](O[C@H]2C[C@@H](O[C@H]3C[C@](C)(O)[C@H](O)[C@@H](C)O3)[C@@H](O)[C@@H](C)O2)[C@H](O)[C@@H](C)O1,G_8c46e55d60c30f91a657,,d72fe6ee6049f6bb01a236b8f679848c7df77169fe8bc139bb95986c0136bd93,c5f4e645c2343f29dd0627e02627d6ff0abc75a3b4f2aca378e7cd6933a94bd9,https://files.rcsb.org/download/9MOZ.cif
9MOZ__A1BNI__laLA__aaG__rs105__m1__alt.,9MOZ,train,A1BNI,LA,G,105,1,.,"[""A1BNI_G_105""]",C;D;E;F,88,COC(=O)[C@H](Cc1c[nH]c2ccc(C)cc12)NC(=O)[C@@H](OC)[C@@H]1Cc2cc3cc(O[C@H]4C[C@@H](O[C@H]5C[C@@H](O)[C@H](O)[C@@H](C)O5)[C@H](O)[C@@H](C)O4)c(C)c(O)c3c(O)c2C(=O)[C@H]1O[C@H]1C[C@@H](O[C@H]2C[C@@H](O[C@H]3C[C@](C)(O)[C@H](O)[C@@H](C)O3)[C@@H](O)[C@@H](C)O2)[C@H](O)[C@@H](C)O1,G_8c46e55d60c30f91a657,,6d184a408ba808c75f046f599684281f9d7584c1a05715244d48a7222d953143,5b70dfbbdcc34cc6b999851f4716e5fd5e58a9a75ab421ffa25e4be834864bcc,https://files.rcsb.org/download/9MOZ.cif
9MOZ__A1BNI__laV__aaD__rs103__m1__alt.,9MOZ,train,A1BNI,V,D,103,1,.,"[""A1BNI_D_103""]",C;D;F,88,COC(=O)[C@H](Cc1c[nH]c2ccc(C)cc12)NC(=O)[C@@H](OC)[C@@H]1Cc2cc3cc(O[C@H]4C[C@@H](O[C@H]5C[C@@H](O)[C@H](O)[C@@H](C)O5)[C@H](O)[C@@H](C)O4)c(C)c(O)c3c(O)c2C(=O)[C@H]1O[C@H]1C[C@@H](O[C@H]2C[C@@H](O[C@H]3C[C@](C)(O)[C@H](O)[C@@H](C)O3)[C@@H](O)[C@@H](C)O2)[C@H](O)[C@@H](C)O1,G_8c46e55d60c30f91a657,,a5ca03a8700f69fb7cabed602db82951484f21fa7703f62bd3f3f22e5c090f5d,13c78e41c77904f82f0c809525cdba6c832124871a8204b54044b2c515487789,https://files.rcsb.org/download/9MOZ.cif
9MOZ__A1BNI__laW__aaD__rs104__m1__alt.,9MOZ,train,A1BNI,W,D,104,1,.,"[""A1BNI_D_104""]",C;D;E;F,88,COC(=O)[C@H](Cc1c[nH]c2ccc(C)cc12)NC(=O)[C@@H](OC)[C@@H]1Cc2cc3cc(O[C@H]4C[C@@H](O[C@H]5C[C@@H](O)[C@H](O)[C@@H](C)O5)[C@H](O)[C@@H](C)O4)c(C)c(O)c3c(O)c2C(=O)[C@H]1O[C@H]1C[C@@H](O[C@H]2C[C@@H](O[C@H]3C[C@](C)(O)[C@H](O)[C@@H](C)O3)[C@@H](O)[C@@H](C)O2)[C@H](O)[C@@H](C)O1,G_8c46e55d60c30f91a657,,6e7761aba81a3a438505417a659c7b3afe8bbadd6c80cdd0b9ac65897e9e3ece,5b70dfbbdcc34cc6b999851f4716e5fd5e58a9a75ab421ffa25e4be834864bcc,https://files.rcsb.org/download/9MOZ.cif
9MP1__A1BNK__laC__aaA__rs101__m1__alt.,9MP1,train,A1BNK,C,A,101,1,.,"[""A1BNK_A_101""]",A;B,88,COC(=O)[C@H](Cc1c[nH]c2c(C)cccc12)NC(=O)[C@@H](OC)[C@@H]1Cc2cc3cc(O[C@H]4C[C@@H](O[C@H]5C[C@@H](O)[C@H](O)[C@@H](C)O5)[C@H](O)[C@@H](C)O4)c(C)c(O)c3c(O)c2C(=O)[C@H]1O[C@H]1C[C@@H](O[C@H]2C[C@@H](O[C@H]3C[C@](C)(O)[C@H](O)[C@@H](C)O3)[C@@H](O)[C@@H](C)O2)[C@H](O)[C@@H](C)O1,G_24aa44237d9eeeb8efeb,,23c76ca37658fe3441593ff73528ff88dd4b7888c7f8b3ab493f2fb5a307ecb2,0ba638bcd0bfec81b07f78c1a7511a31add6a0e38f6402439224c5120f21d80c,https://files.rcsb.org/download/9MP1.cif
9MP1__A1BNK__laK__aaB__rs101__m1__alt.,9MP1,train,A1BNK,K,B,101,1,.,"[""A1BNK_B_101""]",A;B,88,COC(=O)[C@H](Cc1c[nH]c2c(C)cccc12)NC(=O)[C@@H](OC)[C@@H]1Cc2cc3cc(O[C@H]4C[C@@H](O[C@H]5C[C@@H](O)[C@H](O)[C@@H](C)O5)[C@H](O)[C@@H](C)O4)c(C)c(O)c3c(O)c2C(=O)[C@H]1O[C@H]1C[C@@H](O[C@H]2C[C@@H](O[C@H]3C[C@](C)(O)[C@H](O)[C@@H](C)O3)[C@@H](O)[C@@H](C)O2)[C@H](O)[C@@H](C)O1,G_24aa44237d9eeeb8efeb,,1299110842b1c44f5517b1480845061a8885a06358901a9a9640cb5493cb44c8,0ba638bcd0bfec81b07f78c1a7511a31add6a0e38f6402439224c5120f21d80c,https://files.rcsb.org/download/9MP1.cif
9NAP__EKJ__laB__aaA__rs201__m1__alt.,9NAP,train,EKJ,B,A,201,1,.,"[""EKJ_A_201""]",A,29,COCCNC(=O)C[n+]1c(Cc2cc[n+](C)c3ccccc23)sc2ccccc21,G_d4f7bdc7cde10cc53a00,,b5032a18f83c6e155fe25dc8450d937a7a5cee13049c08e6c96bf95c3b0a483d,7d6adaeff26fcd46a7b9495f32781e3cbd1f1ea93482441e8eda15a45d232fc8,https://files.rcsb.org/download/9NAP.cif
9NDV__QI9__laB__aaA__rs201__m1__alt.,9NDV,train,QI9,B,A,201,1,.,"[""QI9_A_201""]",A,24,C=C[C@H]1CN2CC[C@H]1C[C@H]2[C@H](O)c1ccnc2ccc(OC)cc12,G_ef6fb29ab54bf2367fb5,,09768ac62be9737926da3b5b0f4b35370a07a58ee5f10787f6d7910ec1e52645,8ea824b6f8a7fd6e19576de26821780e83086b0645d23b4a6b6d652e28e16eeb,https://files.rcsb.org/download/9NDV.cif
9NDX__QI9__laC__aaA__rs201__m1__alt.,9NDX,train,QI9,C,A,201,1,.,"[""QI9_A_201""]",A,24,C=C[C@H]1CN2CC[C@H]1C[C@H]2[C@H](O)c1ccnc2ccc(OC)cc12,G_ef6fb29ab54bf2367fb5,,69bb80b8b8b0639a6b7862345b5b6c9cdf55993e16c763958de3427317cf3372,c1b2ebf2e4ad5bff7d030ee746cf5219930f78b033bd83cf4f316cf88d184584,https://files.rcsb.org/download/9NDX.cif
9NDX__QI9__laD__aaB__rs201__m1__alt.,9NDX,train,QI9,D,B,201,1,.,"[""QI9_B_201""]",B,24,C=C[C@H]1CN2CC[C@H]1C[C@H]2[C@H](O)c1ccnc2ccc(OC)cc12,G_ef6fb29ab54bf2367fb5,,425934978cd14a21344204f1404f46673a445d0756de9c3977c986239c396cf9,ac08126f1591d45fef7d06aef00518a0154721aada8db5b7f18d8de156ca8a40,https://files.rcsb.org/download/9NDX.cif
9NX4__CPF__laL__aaC__rs101__m1__alt.,9NX4,train,CPF,L,C,101,1,.,"[""CPF_C_101""]",B,24,O=C(O)c1cn(C2CC2)c2cc(N3CCNCC3)c(F)cc2c1=O,G_939d87c9b3be9d45a52b,,56b7bf5c25358673c998389148223e85c47079763e45e52468cd194de53e6dc0,ed6b3520f7d0d159ecc19410a163f603ec8e93fa5854a4c15e6f4613193d623c,https://files.rcsb.org/download/9NX4.cif
9SQC__A1JPP__laC__aaB__rs101__m1__alt.,9SQC,train,A1JPP,C,B,101,1,.,"[""A1JPP_B_101""]",A;B,33,N=C(Nc1ccc(NC(=O)c2ccc(NC(=N)c3ccccn3)cc2)cc1)c1ccccn1,G_f662975bba65988bd3c9,,9ca916327fa060f5e89aa05416da90f5ba33a36ebad01ae02e536eeab3117bad,3560a25ae756348fd9dfe46f3ad3def91e25459ce5ed3b8438deb9d0a088acd6,https://files.rcsb.org/download/9SQC.cif
9U6Z__53D__laB__aaA__rs101__m1__alt.,9U6Z,train,53D,B,A,101,1,.,"[""53D_A_101""]",A,32,CCN1CCN(c2cc3c(cc2F)c(=O)c(C(=O)NCCCN(C)C)cn3C2CC2)CC1,G_314df869a34c6341568d,,3c010e457e828178eb43dd34401f4c38b744f55f644deb4e17577af970b15a08,da677bdea4acd51217a1f4f2fce176d1626e59031b953fb3e377dc8a46e4fd84,https://files.rcsb.org/download/9U6Z.cif
9U70__53D__laB__aaA__rs101__m1__alt.,9U70,train,53D,B,A,101,1,.,"[""53D_A_101""]",A,32,CCN1CCN(c2cc3c(cc2F)c(=O)c(C(=O)NCCCN(C)C)cn3C2CC2)CC1,G_f87e7e98cfefe7c59f0a,,1a86b38fcfa9ffb5cf29ab0eef7de0a90d3fa46d09c2dbf54a743a2d62dac82a,b2843dc07b1edd71ed45298618a909b1e2fdf62353d444e033e059dfeb59ea9a,https://files.rcsb.org/download/9U70.cif
9V7O__GMP__laD__aaB__rs301__m1__alt.,9V7O,train,GMP,D,B,301,1,.,"[""GMP_B_301""]",A;B;C,20,Nc1nc2c(ncn2[C@@H]2O[C@H](CO)[C@@H](O)[C@H]2O)c(=O)[nH]1,G_29e2fd9d59ca7605e5a4,,82339ec775de84b1893b929215a6ecf82b753a9b191381db4b00275e0843c8d0,8084ce03ac8e5e123f3db72179d445cc008ce238eaa8456e06bba4965ca40682,https://files.rcsb.org/download/9V7O.cif
9VA0__CP0__laD__aaA__rs503__m1__alt.,9VA0,train,CP0,D,A,503,1,.,"[""CP0_A_503""]",A,43,CCc1c2c(nc3ccc(OC(=O)N4CCC(N5CCCCC5)CC4)cc13)-c1cc3c(c(=O)n1C2)COC(=O)[C@]3(O)CC,G_a7edf7a44727ad29963a,,136bcc6b84489f41e06b13328078cfdd12f6515adc6e9a1ba5c81ba2d73badad,b1b5df00acf4e2e470c6c8db196d7cc8d4228a143bf5804cf99afd711e76bc3b,https://files.rcsb.org/download/9VA0.cif
9VA3__A1EQ9__laD__aaA__rs503__m1__alt.,9VA3,train,A1EQ9,D,A,503,1,.,"[""A1EQ9_A_503""]",A,42,CCc1c2c(nc3ccc(OC(=O)NCC(=O)N4CCN(C)CC4)cc13)-c1cc3c(c(=O)n1C2)COC(=O)[C@]3(O)CC,G_a7edf7a44727ad29963a,,8456ad9516431696b3dd0c111eab8ec30df053fd0e45360f9679e1a9c1e63e97,f9f61c3d044d8696a35fecaa7e5c86271b1405e7cd7635c24ea7994330e597bb,https://files.rcsb.org/download/9VA3.cif
9VMZ__A1EST__laC__aaA__rs102__m1__alt.,9VMZ,train,A1EST,C,A,102,1,.,"[""A1EST_A_102""]",A,27,CC1=N/C(=C\c2cc(F)c(O)c(F)c2)C(=O)N1Cc1cccc2nc[nH]c12,G_758f85b77482d3a19f8a,,2ba45090d1a46a2870e8852a1964c47c394504e04da5c7eee027a8fa8ab5c2e3,8295eba5b3279b499f172c502e5584c76dc1e9b5c420de0381a1c3187b0c5962,https://files.rcsb.org/download/9VMZ.cif
9VUO__A1ETT__laC__aaA__rs101__m1__alt.,9VUO,train,A1ETT,C,A,101,1,.,"[""A1ETT_A_101""]",A;B,17,CN(C)c1ccc(Cc2ccc(N(C)C)s2)s1,G_e664448140a21cab38a0,,d1c453005bdf1bb4f3b8ecc1de2b614ce38453a259ea5a1eea1d93216984baa5,9d2e209e37a96e40e16afb45de94a6e489d0ce21ed43de15080ec1cd39fc7029,https://files.rcsb.org/download/9VUO.cif
9VXM__NMY__laWM__aaAA__rs1784__m1__alt.,9VXM,train,NMY,WM,AA,1784,1,.,"[""NMY_AA_1784""]",K;TA;YB;ZB,42,NC[C@@H]1O[C@H](O[C@H]2[C@@H](O)[C@H](O[C@@H]3[C@@H](O)[C@H](N)C[C@H](N)[C@H]3O[C@H]3O[C@H](CN)[C@@H](O)[C@H](O)[C@H]3N)O[C@@H]2CO)[C@H](N)[C@@H](O)[C@@H]1O,G_39b301fb164f8965e778,,bce2b7a7c8f7bd72588327672bbc212f1d87ab41a791fa73f0248ddd3e20d03c,087e060c022dbcc7da976454204b8ac96173b42502b5fe38136dd05ed8307afc,https://files.rcsb.org/download/9VXM.cif
9VXM__NMY__laYM__aaAA__rs1786__m1__alt.,9VXM,train,NMY,YM,AA,1786,1,.,"[""NMY_AA_1786""]",AC;K;TA,42,NC[C@@H]1O[C@H](O[C@H]2[C@@H](O)[C@H](O[C@@H]3[C@@H](O)[C@H](N)C[C@H](N)[C@H]3O[C@H]3O[C@H](CN)[C@@H](O)[C@H](O)[C@H]3N)O[C@@H]2CO)[C@H](N)[C@@H](O)[C@@H]1O,G_39b301fb164f8965e778,,dcfe88b48df87b617068870eb373baa58a40d3b01552d35f3b627e27db6954f0,4fb5b0e893eb37408641c34e42ca74012802ca6cef5dce84957045d499ea3a18,https://files.rcsb.org/download/9VXM.cif
1D54__DM6__laB__aaA__rs7__m1__alt.,1D54,val,DM6,B,A,7,1,.,"[""DM6_A_7""]",A,39,COc1cccc2c1C(=O)c1c(O)c3c(c(O)c1C2=O)C[C@@](O)(C(=O)CO)C[C@@H]3O[C@H]1C[C@H]([NH3+])[C@@H](O)[C@H](C)O1,G_b944dc28c482c2ac0c87,,264713a11343f3491986cecc5e3d6497235551eb234981ba7d083303e2db8549,7e0f57857eec5a30dc9edb232092c8c9e6989265e3178110dc19ebb437734b94,https://files.rcsb.org/download/1D54.cif
1D58__DM6__laB__aaA__rs7__m1__alt.,1D58,val,DM6,B,A,7,1,.,"[""DM6_A_7""]",A,39,COc1cccc2c1C(=O)c1c(O)c3c(c(O)c1C2=O)C[C@@](O)(C(=O)CO)C[C@@H]3O[C@H]1C[C@H]([NH3+])[C@@H](O)[C@H](C)O1,G_74fe40d54865b5099024,,2ebc821d3008c093313f4a55f06a8024ed5f5b90bdfd3d089498e8e38f907697,4d23993f4999c7f666e3d7343227c7d8a29dda39c267507b3a04e68d3f65c02a,https://files.rcsb.org/download/1D58.cif
1D67__DM5__laB__aaA__rs7__m1__alt.,1D67,val,DM5,B,A,7,1,.,"[""DM5_A_7""]",A,36,CC(=O)[C@]1(O)Cc2c(O)c3c(c(O)c2[C@@H](O[C@H]2C[C@H](N)[C@H](O)[C@H](C)O2)C1)C(=O)c1ccccc1C3=O,G_74fe40d54865b5099024,,5dd343fbd5d2fea6d2486746c4bc39d6bd8500ce0a346be8ae2530a5a82da81d,03b9cb1a036402af2bc9433ae91e74301e901ce5c62822e752d65631729dffa4,https://files.rcsb.org/download/1D67.cif
1IMR__DM7__laB__aaA__rs7__m1__alt.,1IMR,val,DM7,B,A,7,1,.,"[""DM7_A_7""]",A,39,COc1cccc2c1C(=O)c1c(O)c3c(c(O)c1C2=O)C[C@@](O)(C(=O)CO)C[C@@H]3O[C@H]1C[C@H]([NH3+])[C@H](I)[C@H](C)O1,G_b944dc28c482c2ac0c87,,b1e66ed0e9bef1282726275c54e5b71a0b6bfdcf4c0ef15408c2593427e264ee,fd56e3e3a308cc7f3baeb5a4ff0fb93d4773287220a69ffd08755006814ffcfb,https://files.rcsb.org/download/1IMR.cif
1L0R__NGP__laN__aaA__rs15__m1__alt.,1L0R,val,NGP,N,A,15,1,.,"[""NGP_A_15""]",A,56,COC(=O)[C@@H]1C2=C[C@H]3C(=O)c4c5c(cc(O)c4C(=O)C3=C(O)[C@H]2[C@@H](O[C@@H]2O[C@@H](C)[C@H](OC)[C@@](C)(OC)[C@H]2OC)C[C@]1(C)O)[C@@]1(C)O[C@@H](O5)[C@@H](O)[C@H]([NH+](C)C)[C@H]1O,G_55b320cdba91e63ca9b9,,c95d7a29abeb08a778982bfc40e997ba68005b04e0ab4689fbc90aaea315e496,218e4c73a11e67083357f3c2ac4600b80753cf47ae72e16e62ec6077a87d4e13,https://files.rcsb.org/download/1L0R.cif
1VTH__DM1__laB__aaA__rs7__m1__alt.,1VTH,val,DM1,B,A,7,1,.,"[""DM1_A_7""]",A,38,COc1cccc2c1C(=O)c1c(O)c3c(c(O)c1C2=O)C[C@@](O)(C(C)=O)C[C@@H]3O[C@H]1C[C@H](N)[C@H](O)[C@@H](C)O1,G_b944dc28c482c2ac0c87,,25f7703bfc72117d785663e4c18e2abc2472cf4a0b2530bf2618c81dfea7d798,920506f8ac317b675d93424a6819781642148ed10d721630893ace9802113032,https://files.rcsb.org/download/1VTH.cif
1VTI__DM1__laB__aaA__rs7__m1__alt.,1VTI,val,DM1,B,A,7,1,.,"[""DM1_A_7""]",A,38,COc1cccc2c1C(=O)c1c(O)c3c(c(O)c1C2=O)C[C@@](O)(C(C)=O)C[C@@H]3O[C@H]1C[C@H](N)[C@H](O)[C@@H](C)O1,G_74fe40d54865b5099024,,d60c2f874fc1790898cfe4ded91323b5f6b5f95f0e8c8663427b9ae6f2ca3fc1,fb9e3c76f4ac6bd0163ae7f3fffb31d1e69e041f79d53d801a62d186f956ca17,https://files.rcsb.org/download/1VTI.cif
21HS__A1L8R__laC__aaA__rs101__m1__alt.,21HS,val,A1L8R,C,A,101,1,.,"[""A1L8R_A_101""]",A;B,42,c1ccc2c(NCCCN3CCN(CCCNc4c5ccccc5nc5ccccc45)CC3)c3ccccc3nc2c1,G_9cca2b584fae012b8808,,8b41910e04a1ee97ebeeff701ea0da38de8cdb7d4365c346de5b3c3afa72c7b1,c93f65b99e7f357bd4e2d3a1ec739db9ab5e3bb9bf8e887b1b2a4eb713ace681,https://files.rcsb.org/download/21HS.cif
226D__BIZ__laC__aaB__rs21__m1__alt.,226D,val,BIZ,C,B,21,1,.,"[""BIZ_B_21""]",A;B,56,Cc1c[nH]c2c(O)cc3c(c12)[C@H](C)CN3C(=O)c1cc2cc(NC(=O)Nc3ccc4[nH]c(C(=O)N5C[C@@H](C)c6c5cc(O)c5[nH]cc(C)c65)cc4c3)ccc2[nH]1,G_14513321ac57629c60b7,,d6c0ed68e38349a040e31536c9b14f98f860dd0801576d3a92ac18cac7fad669,4d582450b5f3b08627347713c260523237a016e93d9c63c7b6c6774fa16ccce4,https://files.rcsb.org/download/226D.cif
2H0Z__G6P__laC__aaA__rs301__m1__alt.,2H0Z,val,G6P,C,A,301,1,.,"[""G6P_A_301""]",A;B,16,O=P(O)(O)OC[C@H]1O[C@H](O)[C@H](O)[C@@H](O)[C@@H]1O,G_ee4594ae28b6da58deb9,,4da1c52e52d3ce63dc8353c6fdcb901c1ba50cb7663770dc975a6f1bf7104346,c7e8c3f354f80eb3defe4a989ae8a25818743589c4b3994c5785966dbeeae643,https://files.rcsb.org/download/2H0Z.cif
2HRI__POH__laF__aaA__rs26__m1__alt.,2HRI,val,POH,F,A,26,1,.,"[""POH_A_26""]",A;B,52,C[n+]1ccc(-c2c3nc(c(-c4cc[n+](C)cc4)c4ccc([nH]4)c(-c4cc[n+](C)cc4)c4nc(c(-c5cc[n+](C)cc5)c5ccc2[nH]5)C=C4)C=C3)cc1,G_04e3282c2083700b9c66,,832b4e559ff755696578540d439f6acd05d23cd7516526847790451fd73e7855,f9f0e52325d8684363e1aa924b78f41203fb4917fc72579bfe8a8c6b46fc3048,https://files.rcsb.org/download/2HRI.cif
2HRI__POH__laG__aaA__rs27__m1__alt.,2HRI,val,POH,G,A,27,1,.,"[""POH_A_27""]",A;B,52,C[n+]1ccc(-c2c3nc(c(-c4cc[n+](C)cc4)c4ccc([nH]4)c(-c4cc[n+](C)cc4)c4nc(c(-c5cc[n+](C)cc5)c5ccc2[nH]5)C=C4)C=C3)cc1,G_04e3282c2083700b9c66,,516d49d5e8cee1a0a6fe6fd2d38d2ded32444b80666def572c83261302291c41,f9f0e52325d8684363e1aa924b78f41203fb4917fc72579bfe8a8c6b46fc3048,https://files.rcsb.org/download/2HRI.cif
3KUY__ATV__laL__aaI__rs73__m1__alt.,3KUY,val,ATV,L,I,73,1,.,"[""ATV_I_73""]",I;J,19,O=C1c2cccc3cccc(c23)C(=O)N1C[C@@H]1CO1,G_0b3ab2d08a3b366c19e0,,cbcddaed1a6a09b6f02e42c462c18c3fafcea8d037bb1ed41e08dba330633709,e968d6aaa616ca7da63df07108cb47856ffdd5538739df5635aea810869c2ad2,https://files.rcsb.org/download/3KUY.cif
3KUY__ATV__laM__aaJ__rs73__m1__alt.,3KUY,val,ATV,M,J,73,1,.,"[""ATV_J_73""]",I;J,19,O=C1c2cccc3cccc(c23)C(=O)N1C[C@@H]1CO1,G_0b3ab2d08a3b366c19e0,,fd26769bd1882ee14744fe7227ffe607492e8a42edfc659981a1a53f7c2490b8,e968d6aaa616ca7da63df07108cb47856ffdd5538739df5635aea810869c2ad2,https://files.rcsb.org/download/3KUY.cif
3OVB__ATP__laR__aaC__rs851__m1__alt.,3OVB,val,ATP,R,C,851,1,.,"[""ATP_C_851""]",C,31,Nc1ncnc2c1ncn2[C@@H]1O[C@H](CO[P@](=O)(O)O[P@](=O)(O)OP(=O)(O)O)[C@@H](O)[C@H]1O,G_b8908c285e35bb199161,,a347d3b48515d1036f977f2d73539780ce64778d5b0ce9671570f2921642a3d5,9a3783b9ac10d4ae119ef3ae56e40e6c022b905ebe054605640c4c10eb01c6e9,https://files.rcsb.org/download/3OVB.cif
4Y1J__GTP__laC__aaA__rs201__m1__alt.,4Y1J,val,GTP,C,A,201,1,.,"[""GTP_A_201""]",A,32,Nc1nc2c(ncn2[C@@H]2O[C@H](CO[P@](=O)(O)O[P@@](=O)(O)OP(=O)(O)O)[C@@H](O)[C@H]2O)c(=O)[nH]1,G_aa0662407467bcf91d08,,b6110b48309045080474483787deeeb6300f4d42d42a3b9289f8140f6aab422b,0754211ae68af6a4cf02eaa1566a7e018fa76695b1e754e86ef5d8ce0509157c,https://files.rcsb.org/download/4Y1J.cif
4Y1J__GTP__laYA__aaB__rs202__m1__alt.,4Y1J,val,GTP,YA,B,202,1,.,"[""GTP_B_202""]",B,32,Nc1nc2c(ncn2[C@@H]2O[C@H](CO[P@@](=O)(O)O[P@@](=O)(O)OP(=O)(O)O)[C@@H](O)[C@H]2O)c(=O)[nH]1,G_aa0662407467bcf91d08,,ebf212d84880d3e0d1f2f9e34cdfaf52f65a6b2cb6d0d3e252aefa62a8118c25,60ca2e387f8395deb370ed4392706ec5ff03d4199905a76a0ee49c6a67a9156e,https://files.rcsb.org/download/4Y1J.cif
4Y1M__GTP__laGB__aaA__rs208__m1__alt.,4Y1M,val,GTP,GB,A,208,1,.,"[""GTP_A_208""]",B,32,Nc1nc2c(ncn2[C@@H]2O[C@H](CO[P@@](=O)(O)O[P@@](=O)(O)OP(=O)(O)O)[C@@H](O)[C@H]2O)c(=O)[nH]1,G_f9c84dda0493af3cbbe5,,5d98bab0dc134a59fcfb219966a342407439c194572f33fb12100e8edef048e4,f9e5936e4581461b10146a605d5a47508ed2681ccd6168e327091e7d1a9e72e2,https://files.rcsb.org/download/4Y1M.cif
4Y1M__GTP__laN__aaB__rs212__m1__alt.,4Y1M,val,GTP,N,B,212,1,.,"[""GTP_B_212""]",A,32,Nc1nc2c(ncn2[C@@H]2O[C@H](CO[P@@](=O)(O)O[P@@](=O)(O)OP(=O)(O)O)[C@@H](O)[C@H]2O)c(=O)[nH]1,G_f9c84dda0493af3cbbe5,,0ec76ebe5a77afe803fa3d43b6da52f7976b297e25d1b868cf86b3a9692752c1,249b50dc4d4165ab302eddd0ad4a58bcbac8c607d96e18751ad3e8a25aec8137,https://files.rcsb.org/download/4Y1M.cif
4ZNP__AMZ__laC__aaA__rs101__m1__alt.,4ZNP,val,AMZ,C,A,101,1,.,"[""AMZ_A_101""]",A,22,NC(=O)c1ncn([C@@H]2O[C@H](COP(=O)(O)O)[C@@H](O)[C@H]2O)c1N,G_f1f35e1507d9a18f9a3c,,6a7773191c34209eebfe6f6a24481fcb73271a09f96728055aa1db9ed24beaac,156fec8f140b430a07089b1bc173f58a0710f74833c949673c0ccfe0843c0594,https://files.rcsb.org/download/4ZNP.cif
4ZNP__AMZ__laF__aaB__rs101__m1__alt.,4ZNP,val,AMZ,F,B,101,1,.,"[""AMZ_B_101""]",B,22,NC(=O)c1ncn([C@@H]2O[C@H](COP(=O)(O)O)[C@@H](O)[C@H]2O)c1N,G_f1f35e1507d9a18f9a3c,,e1cdbe3194fd4d94454c73b02ae9adfd3d4ce3abd313d7fdca109ae6c059ba0b,b06582e70b3f470860fd182ed9aff1bd8797deafb9021b6829fe8874b9141f2a,https://files.rcsb.org/download/4ZNP.cif
5BJO__747__laK__aaY__rs104__m1__alt.,5BJO,val,747,K,Y,104,1,.,"[""747_Y_104""]",A;B,20,CN1C(=O)/C(=C/c2cc(F)c(O)c(F)c2)N=C1/C=N/O,G_64f0cb17cda067083123,,cfb67a061b47820be0b789de658fe2f98a915298eb1224b779e6abc47096759f,dbf047cedea19309814202234dd5d8455691b09f0f1bc350d9744bd7b24fede6,https://files.rcsb.org/download/5BJO.cif
5BJP__747__laL__aaY__rs104__m1__alt.,5BJP,val,747,L,Y,104,1,.,"[""747_Y_104""]",A;B,20,CN1C(=O)/C(=C/c2cc(F)c(O)c(F)c2)N=C1/C=N/O,G_64f0cb17cda067083123,,9d9a4f4c288419377e8d62f491b1493f15362a2fb17b811a08a5660373272b91,95a532751dbe5639e60c892d498c83f7625c27ccd8e590606159bec62fb93f91,https://files.rcsb.org/download/5BJP.cif
5DDP__GLN__laE__aaA__rs101__m1__alt.,5DDP,val,GLN,E,A,101,1,.,"[""GLN_A_101""]",A,10,NC(=O)CC[C@H](N)C(=O)O,G_5601f77e650ebae6bd45,,afb5fbf94359c78762e8fd4a59ec79711c70bdcbbfb617865c5b5a93527ac6ef,9a0f71d147c8a4e8978e474a463c6b6a3de32eff3ba5c1ef694ba1565d6fc247,https://files.rcsb.org/download/5DDP.cif
5DDP__GLN__laP__aaB__rs101__m1__alt.,5DDP,val,GLN,P,B,101,1,.,"[""GLN_B_101""]",A;B,10,NC(=O)CC[C@H](N)C(=O)O,G_5601f77e650ebae6bd45,,db39529adcf2411bfcfe56af44252077209a5aa1b83a90607aaa351cab43c41c,468bcb4590e217e2984d7c7c2c779569aea084e7bd0718855eb1960458599918,https://files.rcsb.org/download/5DDP.cif
5DDQ__GLN__laE__aaA__rs101__m1__alt.,5DDQ,val,GLN,E,A,101,1,.,"[""GLN_A_101""]",A,10,NC(=O)CC[C@H](N)C(=O)O,G_5601f77e650ebae6bd45,,9f1916d7926134a9cd682bb76616f66d0200f7973657e259f2d6ec3a8cd5e49e,fa0647d208be57e866348e61847528ee1a044604be828d5f2e4f426add19a4c5,https://files.rcsb.org/download/5DDQ.cif
5DDQ__GLN__laP__aaB__rs101__m1__alt.,5DDQ,val,GLN,P,B,101,1,.,"[""GLN_B_101""]",A;B,10,NC(=O)CC[C@H](N)C(=O)O,G_5601f77e650ebae6bd45,,5acb03af206f89def6d86168779fb1df67e8645cfd4ba7eac38628ceca06db2f,d9f10b7d19cd0fc3bf59626531c7177187fafcee8bfbbc743439fac6a6172686,https://files.rcsb.org/download/5DDQ.cif
5DDR__GLN__laE__aaA__rs101__m1__alt.,5DDR,val,GLN,E,A,101,1,.,"[""GLN_A_101""]",A,10,NC(=O)CC[C@H](N)C(=O)O,G_5601f77e650ebae6bd45,,a0f0f359984eb77db98324265a58d79e6632e81720b2020490ca8885a064c898,bfc0c0b1d8e3f721929f621919331963c7c0bd448d7d8866decb8886824cb514,https://files.rcsb.org/download/5DDR.cif
5DDR__GLN__laS__aaB__rs101__m1__alt.,5DDR,val,GLN,S,B,101,1,.,"[""GLN_B_101""]",A;B,10,NC(=O)CC[C@H](N)C(=O)O,G_5601f77e650ebae6bd45,,c859c421ffcddab023f2cab91efd4afcb7a21742400e2e62a91c06b544c76a34,0e56c79e0d19ef094c3352a17c1d73cc5035de21f049fe6a2cb03ae4945dbedc,https://files.rcsb.org/download/5DDR.cif
5E5S__PG0__laH__aaB__rs102__m1__alt.,5E5S,val,PG0,H,B,102,1,.,"[""PG0_B_102""]",B;D,8,COCCOCCO,G_7ee596ba37f287e9c1cb,,6b5f661f29ce5fcc57de1a91dc044bb8b820782d17f51cbbe699c0cf876822e8,9fda41365cf9cfb402a855b9a418ff2c2a09b682cf80482379568532f7be3a53,https://files.rcsb.org/download/5E5S.cif
6AST__BVV__laC__aaB__rs101__m1__alt.,6AST,val,BVV,C,B,101,1,.,"[""BVV_B_101""]",A;B,29,NC(=[NH2+])c1ccc(COc2ccc3nc(-c4ccc(C(N)=[NH2+])cc4)[nH]c3n2)cc1,G_03ea0a303a52f6dc4ba0,,1c9b59230cfc3af3263c7154d28a395681bab4d491ff4424d87a3c04f94af94e,d8fa42d43a5c8b730270631fe3e41fae5041204c0f6ef8e61cb00e2a33165b73,https://files.rcsb.org/download/6AST.cif
6BYY__TCE__laK__aaF__rs101__m1__alt.,6BYY,val,TCE,K,F,101,1,.,"[""TCE_F_101""]",G;H,16,O=C(O)CCP(CCC(=O)O)CCC(=O)O,G_d63f5d34791841182edd,,20c8051189e3c1b27c9d217c67e1bc1d446770f7369b17bd437704f0355a399e,6cf80ee977e9df7fca8a58e1de9614cb4162b943ed9f3ff9c540225453695d8a,https://files.rcsb.org/download/6BYY.cif
6CK4__GTP__laE__aaA__rs201__m1__alt.,6CK4,val,GTP,E,A,201,1,.,"[""GTP_A_201""]",A,32,Nc1nc2c(ncn2[C@@H]2O[C@H](CO[P@@](=O)(O)O[P@](=O)(O)OP(=O)(O)O)[C@@H](O)[C@H]2O)c(=O)[nH]1,G_5a4ce3fb8ba759948f8a,,218575a9a75041f0a5958816527d9125238d2b1da940fe78c1a353e7db05ce67,64883ef7c67d62453ca3aae95f0c80808a903f5b51ea3d1bf3fac76a3b7ae67d,https://files.rcsb.org/download/6CK4.cif
6FZ0__SAM__laE__aaA__rs104__m1__alt.,6FZ0,val,SAM,E,A,104,1,.,"[""SAM_A_104""]",A,27,C[S@@+](CC[C@H](N)C(=O)[O-])C[C@H]1O[C@@H](n2cnc3c(N)ncnc32)[C@H](O)[C@@H]1O,G_860b86218c2125b39591,,7d09e0490903976020e2e7a828cb2324b5279c46d6d835277975f7840ae9cf9a,2fc6a02cb8868bc55960fd723d278ff4b169467ba1bd457d329ab2055627a54f,https://files.rcsb.org/download/6FZ0.cif
6JWD__BER__laB__aaA__rs101__m1__alt.,6JWD,val,BER,B,A,101,1,.,"[""BER_A_101""]",A,25,COc1ccc2cc3[n+](cc2c1OC)CCc1cc2c(cc1-3)OCO2,G_fe873ffef75c32ba9bbe,,c513c63cdc487e0d3a333e8455c23ee2fde4c456914828d7e8e6dbf9d9012936,b12f5bb34457d50e1cf0f6adbb420eec09e7a2caf12d875927d23f0717be89d6,https://files.rcsb.org/download/6JWD.cif
6JWE__LOC__laB__aaA__rs101__m1__alt.,6JWE,val,LOC,B,A,101,1,.,"[""LOC_A_101""]",A,29,COc1cc2c(c(OC)c1OC)-c1ccc(OC)c(=O)cc1[C@@H](NC(C)=O)CC2,G_fe873ffef75c32ba9bbe,,eca2b233dfcb76667431dabd2f337559c06a1be2f5347be4f5b507341997fda3,e4a512d13bee393a4f40e8f814f97aebd12f8df9f813242588f31a0caf8bfd06,https://files.rcsb.org/download/6JWE.cif
6QN3__GLN__laG__aaA__rs105__m1__alt.,6QN3,val,GLN,G,A,105,1,.,"[""GLN_A_105""]",A;B,10,NC(=O)CC[C@H](N)C(=O)O,G_df7f3ce3ac515b7131c1,,8f4389a7459aecfa3a01b3576301595a9306eb8aae960891d8c43c2d852af3fe,722ce2118c9ba26816ce2d607912c744e4c064080e2aaaaa81422af65f76983f,https://files.rcsb.org/download/6QN3.cif
6QN3__GLN__laL__aaB__rs205__m1__alt.,6QN3,val,GLN,L,B,205,1,.,"[""GLN_B_205""]",A;B,10,NC(=O)CC[C@H](N)C(=O)O,G_df7f3ce3ac515b7131c1,,bdee575c4189234f9394d6bce677213335c2e13a10c1046eb31d7d443c507860,722ce2118c9ba26816ce2d607912c744e4c064080e2aaaaa81422af65f76983f,https://files.rcsb.org/download/6QN3.cif
6UET__SAM__laB__aaA__rs301__m1__alt.,6UET,val,SAM,B,A,301,1,.,"[""SAM_A_301""]",A,27,C[S@@+](CC[C@H](N)C(=O)[O-])C[C@H]1O[C@@H](n2cnc3c(N)ncnc32)[C@H](O)[C@@H]1O,G_f5fe993896629f6ca705,,c3db926eaf378135b193d11844ca24447c9668e5048114e1e336d3f4d00befd0,6de2c8f9a54ca27894a3a3ce5c0d026e0438d9f5926a79f484cb7855fb303531,https://files.rcsb.org/download/6UET.cif
6UGJ__URA__laC__aaA__rs102__m1__alt.,6UGJ,val,URA,C,A,102,1,.,"[""URA_A_102""]",A,8,O=c1cc[nH]c(=O)[nH]1,G_6e3e39f444226518ea82,,9f0c364671767e9dd093cfa2ba4bbd37e43fbd19663d723e6865c4538b4ef804,4efe89b9b11635734b2328d97f598a3d56ef77ebd4c14abb2481b786b5f33901,https://files.rcsb.org/download/6UGJ.cif
7A3Y__BER__laC__aaA__rs101__m1__alt.,7A3Y,val,BER,C,A,101,1,.,"[""BER_A_101""]",A;B,25,COc1ccc2cc3[n+](cc2c1OC)CCc1cc2c(cc1-3)OCO2,G_91769d42f6f9a30ad92a,,c0e747ec6582bab6c67437fd1e0e36862f48605f72f3609f11d7c6d43f92b77a,761ad4d0f913ad94ad3111f006a4dfa67f5c3804365fac8462776ca7dc53aa13,https://files.rcsb.org/download/7A3Y.cif
7D7V__GTP__laC__aaA__rs101__m1__alt.,7D7V,val,GTP,C,A,101,1,.,"[""GTP_A_101""]",A,32,Nc1nc2c(ncn2[C@@H]2O[C@H](CO[P@](=O)(O)O[P@](=O)(O)OP(=O)(O)O)[C@@H](O)[C@H]2O)c(=O)[nH]1,G_410467386113be887c70,,ec1adb32cf1167b18d330fc25ee2ed3f5a3e6a6a6ec5ff241715577ae1673577,ea0679185b58ea02b95a7653f43a12fba41cd4ade748c41410a46a70ece1845f,https://files.rcsb.org/download/7D7V.cif
7D7V__NAD__laL__aaA__rs110__m1__alt.,7D7V,val,NAD,L,A,110,1,.,"[""NAD_A_110""]",A,44,NC(=O)c1ccc[n+]([C@@H]2O[C@H](CO[P@@](=O)([O-])O[P@](=O)(O)OC[C@H]3O[C@@H](n4cnc5c(N)ncnc54)[C@H](O)[C@@H]3O)[C@@H](O)[C@H]2O)c1,G_410467386113be887c70,,d5eb8ce62feebe033d1a4a97588708654e8c061af6067b33cd21fd3bba4508db,ea0679185b58ea02b95a7653f43a12fba41cd4ade748c41410a46a70ece1845f,https://files.rcsb.org/download/7D7V.cif
7D81__NAD__laE__aaA__rs104__m1__alt.,7D81,val,NAD,E,A,104,1,.,"[""NAD_A_104""]",A,44,NC(=O)c1ccc[n+]([C@@H]2O[C@H](CO[P@@](=O)([O-])O[P@@](=O)(O)OC[C@H]3O[C@@H](n4cnc5c(N)ncnc54)[C@H](O)[C@@H]3O)[C@@H](O)[C@H]2O)c1,G_d79ba5ab733ab7096028,,125766e8f9159637d2b0f46b776eb58c92efd3f599a3969dac200f2134b1d02e,88199bba88748cc9606770a8118cab7aa2ffabf416bfc3a0a1c9cff6db3e46d6,https://files.rcsb.org/download/7D81.cif
7D82__NAD__laI__aaA__rs108__m1__alt.,7D82,val,NAD,I,A,108,1,.,"[""NAD_A_108""]",A,44,NC(=O)c1ccc[n+]([C@@H]2O[C@H](CO[P@@](=O)([O-])O[P@](=O)(O)OC[C@H]3O[C@@H](n4cnc5c(N)ncnc54)[C@H](O)[C@@H]3O)[C@@H](O)[C@H]2O)c1,G_d79ba5ab733ab7096028,,9d75fd10ae53dae6cc1cd59f2ff5e491f2e4ea53fe133dd7fcf654301a11a62a,bef047bc9e6a13249c060801166cb87a640a9a113ca2711504f8f77879fbc0f7,https://files.rcsb.org/download/7D82.cif
7RIM__5N0__laN__aaT__rs101__m1__alt.,7RIM,val,5N0,N,T,101,1,.,"[""5N0_T_101""]",B;C,99,CN(CCCNC(=O)c1cccc(C(=O)O)c1)CCCNC(=O)c1cc(NC(=O)c2cc(NC(=O)c3cc(NC(=O)c4nc(NC(=O)[C@H](N)CCNC(=O)c5cc(NC(=O)c6cc(NC(=O)c7nc(NC(=O)c8nccn8C)cn7C)cn6C)cn5C)cn4C)cn3C)cn2C)cn1C,G_67bd9064f35a5e960c67,,767b2c80693a3597a5800b832c5562254af4df0b37bc20ffbabe834527975791,64757bcd18713d1fda071f97e5e53e4bfaae88ec1da333864698f294c9116e80,https://files.rcsb.org/download/7RIM.cif
7RIP__5N0__laO__aaT__rs101__m1__alt.,7RIP,val,5N0,O,T,101,1,.,"[""5N0_T_101""]",B;C,99,CN(CCCNC(=O)c1cccc(C(=O)O)c1)CCCNC(=O)c1cc(NC(=O)c2cc(NC(=O)c3cc(NC(=O)c4nc(NC(=O)[C@H](N)CCNC(=O)c5cc(NC(=O)c6cc(NC(=O)c7nc(NC(=O)c8nccn8C)cn7C)cn6C)cn5C)cn4C)cn3C)cn2C)cn1C,G_67bd9064f35a5e960c67,,de6e0a242c701b9f5ed56cc84fd1046805eb647540861fdfc4846ded65a18c2b,7c9611819110b26bdc8ebd995f22f93f7f7a37f51e05d1baa1a03a0fc11e584b,https://files.rcsb.org/download/7RIP.cif
7RIX__5N0__laO__aaT__rs101__m1__alt.,7RIX,val,5N0,O,T,101,1,.,"[""5N0_T_101""]",B;C,99,CN(CCCNC(=O)c1cccc(C(=O)O)c1)CCCNC(=O)c1cc(NC(=O)c2cc(NC(=O)c3cc(NC(=O)c4nc(NC(=O)[C@H](N)CCNC(=O)c5cc(NC(=O)c6cc(NC(=O)c7nc(NC(=O)c8nccn8C)cn7C)cn6C)cn5C)cn4C)cn3C)cn2C)cn1C,G_67bd9064f35a5e960c67,,5d8738e91abf517ee4aade584df74623a801aacb023ad2a0e5b38811d2a1dacb,5f3226fcd2a3107450dea2467174b3025b8aa7fbc85b1725b5eb87afac97d7f3,https://files.rcsb.org/download/7RIX.cif
7RIY__5N0__laO__aaT__rs101__m1__alt.,7RIY,val,5N0,O,T,101,1,.,"[""5N0_T_101""]",B;C,99,CN(CCCNC(=O)c1cccc(C(=O)O)c1)CCCNC(=O)c1cc(NC(=O)c2cc(NC(=O)c3cc(NC(=O)c4nc(NC(=O)[C@H](N)CCNC(=O)c5cc(NC(=O)c6cc(NC(=O)c7nc(NC(=O)c8nccn8C)cn7C)cn6C)cn5C)cn4C)cn3C)cn2C)cn1C,G_67bd9064f35a5e960c67,,9b4ddcdc063a69afee39fc81d3df1a02e2d630d852d57e5403669952eabb0cce,ed97aab705fc6096f2b8865f90ee89a870271925b2bc688b30f688151075a47c,https://files.rcsb.org/download/7RIY.cif
7WIE__7DG__laB__aaV__rs101__m1__alt.,7WIE,val,7DG,B,V,101,1,.,"[""7DG_V_101""]",A,11,Nc1nc2c(c(=O)[nH]1)CC=N2,G_6346fc188fa79cb19cab,,d910227098043843265a3776789a64d115d32cfe9ba87f562603e9b828362407,8ff7c8cd4ff02b86338d375a2fc7dc3876382234caf494288e43b61736dcebea,https://files.rcsb.org/download/7WIE.cif
7WIF__H4B__laB__aaV__rs101__m1__alt.,7WIF,val,H4B,B,V,101,1,.,"[""H4B_V_101""]",A,17,C[C@H](O)[C@H](O)[C@H]1CNc2nc(N)[nH]c(=O)c2N1,G_6346fc188fa79cb19cab,,89acc7428107d2abff0e4eedfefa33446879bd12fa64d47f9ea2f2314f6a114f,f045f931e4786a9896c7a94c088c14bd60ec8bf65197ad3e958e35b2beea4c26,https://files.rcsb.org/download/7WIF.cif
7WII__NPR__laB__aaV__rs101__m1__alt.,7WII,val,NPR,B,V,101,1,.,"[""NPR_V_101""]",A,18,Nc1nc(=O)c2c([nH]1)NCC([C@H](O)[C@H](O)CO)=N2,G_6346fc188fa79cb19cab,,bb5da5184da35526a563d551cead7a6aaf821fb9632bf20b2a27020599fc0147,b3f6be73a9329521255bb2dc0ca6782887fa4b28a4b0d7b4e799e5a0e107ce8f,https://files.rcsb.org/download/7WII.cif
7YC8__GTP__laB__aaN__rs501__m1__alt.,7YC8,val,GTP,B,N,501,1,.,"[""GTP_N_501""]",A,32,Nc1nc2c(ncn2[C@@H]2O[C@H](CO[P@](=O)(O)O[P@](=O)(O)OP(=O)(O)O)[C@@H](O)[C@H]2O)c(=O)[nH]1,G_1781b74d518178cdfbec,,33b64468907c3e8ca5c669ffdd1eb8f7bec60f9bd0912813fdbcb23cedb86223,5025f1893958a649a309bb5e89179b55b8196918fd09d95decc6c3fc31fa5791,https://files.rcsb.org/download/7YC8.cif
7YCG__GTP__laC__aaN__rs501__m1__alt.,7YCG,val,GTP,C,N,501,1,.,"[""GTP_N_501""]",B,32,Nc1nc2c(ncn2[C@@H]2O[C@H](CO[P@](=O)(O)O[P@](=O)(O)OP(=O)(O)O)[C@@H](O)[C@H]2O)c(=O)[nH]1,G_1781b74d518178cdfbec,,70ec6e38b5b751a0c2fd2a45af64730abdc2e093a54266b1102a9fc40ea67506,76f32dc0835051136a0e9e215a72c9f1bedf7d53c207319340fd083c7c783c66,https://files.rcsb.org/download/7YCG.cif
7Z9P__IK7__laO__aaD__rs101__m1__alt.,7Z9P,val,IK7,O,D,101,1,.,"[""IK7_D_101""]",A;B;C;D;F,30,c1cc(-c2nc3cc(-c4ccc5[nH]c(-c6ccncc6)nc5c4)ccc3[nH]2)ccn1,G_30ccbcf7a0ac1661750b,,a7f1f41454087fc6c657c7854a733190dc59d7c4a82f5a6f17d667f918345c31,4e3bf7b1fc3250d47c568bd7fa7493ffefdb537419d1c85612e28060916c0dab,https://files.rcsb.org/download/7Z9P.cif
8ASH__O89__laC__aaAAA__rs101__m1__alt.,8ASH,val,O89,C,AAA,101,1,.,"[""O89_AAA_101""]",A;B,22,Cc1ccc2c(c1)sc(/N=C/c1ccc(N(C)C)cc1)[n+]2C,G_91e50a9cd577401190e5,,dc7bfdc1455ec9cc46b645688d988cba690b4fce76a6c4ddd7fa294d2caadd71,ba86e1468f9f4b266476fa479e38e0f0d28bebab7132fe2c999f89c6965ab1eb,https://files.rcsb.org/download/8ASH.cif
8CF2__ULR__laC__aaA__rs101__m1__alt.,8CF2,val,ULR,C,A,101,1,.,"[""ULR_A_101""]",A;B,28,CC[C@H]1CN(c2ccc(C(=O)Nc3cn4cc(C)nc4cn3)c(F)c2)CCN1,G_21ac650b5a4fbc5bccde,,a2e7e30516bed905079fb949e61682b5f9474be470790622d4a798dfdbe9c104,24f84456551cbcd7da4de1c7a4db69b24adb098fdf5a99edcb4217d9a0ca2406,https://files.rcsb.org/download/8CF2.cif
8CXF__PG5__laC__aaB__rs101__m1__alt.,8CXF,val,PG5,C,B,101,1,.,"[""PG5_B_101""]",A;B,12,COCCOCCOCCOC,G_89d81bac04eb478ed7fe,,d746f8a7eef3dd1211ea66948f5f78304d4789b7dad30fe16ea4520edeb8eb77,3aa59d2b5a2a3c380c89b2fd406ca250412f583c6d53e94ce4b236ad4378e543,https://files.rcsb.org/download/8CXF.cif
8DHC__PG5__laC__aaB__rs101__m1__alt.,8DHC,val,PG5,C,B,101,1,.,"[""PG5_B_101""]",A;B,12,COCCOCCOCCOC,G_89d81bac04eb478ed7fe,,3fc862e459908d9bbbdc79c2e53f92c090124a76aa907200e69ed3068e31e487,1d2e43de3faf83285a9b74f15354a7a3b59e9003a981b7f41d35e64687b60fbf,https://files.rcsb.org/download/8DHC.cif
8G8Z__PRF__laI__aaR__rs101__m1__alt.,8G8Z,val,PRF,I,R,101,1,.,"[""PRF_R_101""]",F,13,NCc1c[nH]c2nc(N)[nH]c(=O)c12,G_d425f608f7b245091eef,,cb03391bf7de16eb0162bff64d3d026be9a3a861842fa37eb77fbcd9ab458711,8de5b5a23ddf6d17e771215cdb3913089fe6f8e5d7cdb23deb15993a5cccf8f2,https://files.rcsb.org/download/8G8Z.cif
8I43__53D__laB__aaA__rs20__m1__alt.,8I43,val,53D,B,A,20,1,.,"[""53D_A_20""]",A,32,CCN1CCN(c2cc3c(cc2F)c(=O)c(C(=O)NCCCN(C)C)cn3C2CC2)CC1,G_a7bc95f51f137eb67f8b,,991c1e8f03e5c2c3270e77dafaaf8ab0218135760be82648c4514d4d88a0a0cf,699165185d1ef9c004d6d35527c4618fe32954a4ede7a755250f0832e80c4eb6,https://files.rcsb.org/download/8I43.cif
8I7N__OJI__laDA__aaN__rs529__m1__alt.,8I7N,val,OJI,DA,N,529,1,.,"[""OJI_N_529""]",A,19,Nc1ncc2ncn([C@@H]3O[C@H](CO)[C@@H](O)[C@H]3O)c2n1,G_76bba4bb3585c1c92d15,,d57256e04cbb3f346e9c8e70a4e3c0643e64893a5abaa08e188584403978a5e4,dcfa85871bc8b72f5489742ba4dbff28f5a90652cba0805423f32da517939c6d,https://files.rcsb.org/download/8I7N.cif
8R63__Y53__laC__aaB__rs101__m1__alt.,8R63,val,Y53,C,B,101,1,.,"[""Y53_B_101""]",A;B,29,CC1(C)CC(Oc2ccc(-c3ccc(-c4cn[nH]c4)cc3O)nn2)CC(C)(C)N1,G_21ac650b5a4fbc5bccde,,0597c2e07261977598496ffba6ba8146fc42122dd50707a149dd2883afcca0bb,d76c78f3714d9d9cb75971713cd1f90c1040f0726a6bb531436a840e1443dae9,https://files.rcsb.org/download/8R63.cif
8R8P__YB3__laC__aaB__rs101__m1__alt.,8R8P,val,YB3,C,B,101,1,.,"[""YB3_B_101""]",A;B,28,Cc1cn2cc(-c3ncc4cc(N5CCN(C)CC5)ccc4n3)cc(F)c2n1,G_21ac650b5a4fbc5bccde,,b815172d1c0f51ad8e9647b95c62367cf15c8b9646026fe967ae0e448c27e0e8,4026c75d5465b8c171cbd57979464b7afc6d4ac129600b1c2bedd8ef801747a6,https://files.rcsb.org/download/8R8P.cif
8T7B__NT__laE__aaC__rs101__m1__alt.,8T7B,val,NT,E,C,101,1,.,"[""NT_C_101""]",A;B;C,31,Cn1cc(NC(=O)c2cc(NC(=O)CNC(=N)N)cn2C)cc1C(=O)NCCC(=N)N,G_9c641e33c6506ddbd361,,5e2440c719db31842d8953fe4c05fb710e4a2dc0527f3bbbfb9e722e0066a8b2,9d6b1a1a10492134d44cd87df12a57c70345c939f53d837ac13fca46ef3d17ad,https://files.rcsb.org/download/8T7B.cif
8TC4__ZQQ__laE__aaA__rs101__m1__alt.,8TC4,val,ZQQ,E,A,101,1,.,"[""ZQQ_A_101""]",A;B;C,38,CN(C)CCCNC(=O)CCNC(=O)c1cc(NC(=O)c2cc(NC(=O)c3nccn3C)cn2C)cn1C,G_9bbb9cb5b0abef507798,,7bf426a83351298cbd9dda94fc52f5512b091dc25540beeab6f660f474e5c2c2,341d12dc906f917ed98733956c2cbf47f2e66e9ea80c513bee656c4d0b67d642,https://files.rcsb.org/download/8TC4.cif
8TC4__ZQQ__laG__aaC__rs101__m1__alt.,8TC4,val,ZQQ,G,C,101,1,.,"[""ZQQ_C_101""]",A;B;C,38,CN(C)CCCNC(=O)CCNC(=O)c1cc(NC(=O)c2cc(NC(=O)c3nccn3C)cn2C)cn1C,G_9bbb9cb5b0abef507798,,2a45f107a5e57a42c9c34e48d5fc7b53aeb41b84acac18973ad6d6352b240b3f,341d12dc906f917ed98733956c2cbf47f2e66e9ea80c513bee656c4d0b67d642,https://files.rcsb.org/download/8TC4.cif
8TC6__NT__laE__aaA__rs101__m1__alt.,8TC6,val,NT,E,A,101,1,.,"[""NT_A_101""]",A;B;D,31,Cn1cc(NC(=O)c2cc(NC(=O)CNC(=N)N)cn2C)cc1C(=O)NCCC(=N)N,G_9bbb9cb5b0abef507798,,b87b0fd10a7ce58433b9b0ea69def493cec578407a9251e5fbcb39ee546f757d,a49a6ccb192a8bb0abfa077f3b7137bf59b692832b172116069e429dfee79866,https://files.rcsb.org/download/8TC6.cif
8TC6__ZQQ__laF__aaA__rs102__m1__alt.,8TC6,val,ZQQ,F,A,102,1,.,"[""ZQQ_A_102""]",A;B;C,38,CN(C)CCCNC(=O)CCNC(=O)c1cc(NC(=O)c2cc(NC(=O)c3nccn3C)cn2C)cn1C,G_9bbb9cb5b0abef507798,,42461103cf29d3981f57e7a69df20b21b98fbeb75ed298f3885b3677b69f50a9,51b76210dc3cc6ca0fa0512cd928c404a66a1b8765fc80f7e596345e9fab340c,https://files.rcsb.org/download/8TC6.cif
8TC6__ZQQ__laH__aaC__rs101__m1__alt.,8TC6,val,ZQQ,H,C,101,1,.,"[""ZQQ_C_101""]",A;B;C,38,CN(C)CCCNC(=O)CCNC(=O)c1cc(NC(=O)c2cc(NC(=O)c3nccn3C)cn2C)cn1C,G_9bbb9cb5b0abef507798,,0ee8d48fd9c6799499d141f8eb7c2559afaf72399dd6c67f7a616a3fd8537a65,51b76210dc3cc6ca0fa0512cd928c404a66a1b8765fc80f7e596345e9fab340c,https://files.rcsb.org/download/8TC6.cif
8UFZ__Y5U__laG__aaB__rs101__m1__alt.,8UFZ,val,Y5U,G,B,101,1,.,"[""Y5U_B_101""]",A;B,29,N=C(N)c1ccc2nc(-c3ccc(-c4nc5ccc(C(=N)N)cc5[nH]4)[se]3)[nH]c2c1,G_3566bdcee7f258877b0e,,b974e99ab20c54fd679e7411a86bce24cb62d7f8b02e2ccd8c8ed281ab346035,c5d08cc8582f971aac90ccfb1a23cffd41c7869ca2cf1dbca4a4ce4f36d5b19e,https://files.rcsb.org/download/8UFZ.cif
8UFZ__Y5U__laH__aaD__rs101__m1__alt.,8UFZ,val,Y5U,H,D,101,1,.,"[""Y5U_D_101""]",C;D,29,N=C(N)c1ccc2nc(-c3ccc(-c4nc5ccc(C(=N)N)cc5[nH]4)[se]3)[nH]c2c1,G_3566bdcee7f258877b0e,,093a54cebdca71ebeb06adfbbe975bc016b265597e8d100a9a350fbeac3fb6f0,79d089d76bd4840c23714df7f7d36dbf151e48e8357f923f88728126115d6c18,https://files.rcsb.org/download/8UFZ.cif
8VPG__A1AC7__laJ__aaD__rs101__m1__alt.,8VPG,val,A1AC7,J,D,101,1,.,"[""A1AC7_D_101""]",D;E,39,Cc1cc(Nc2cc(C[NH+](C)C)cc(NC(=O)c3cccc(Nc4ccnc5ccccc45)c3)c2)nc(N)n1,G_6ab0292d6214e87db3f8,,187693259f81f083eca88980c3a71c14714bef0fef13b5721968af4e97902aae,f9fef5bdd6a964e0a096f62c8fc7e0cee2a04920f15ac6bc1cb0ace941694b26,https://files.rcsb.org/download/8VPG.cif
8VPH__A1AC7__laM__aaD__rs101__m1__alt.,8VPH,val,A1AC7,M,D,101,1,.,"[""A1AC7_D_101""]",D;E,39,Cc1cc(Nc2cc(C[NH+](C)C)cc(NC(=O)c3cccc(Nc4ccnc5ccccc45)c3)c2)nc(N)n1,G_6ab0292d6214e87db3f8,,1ecf4329ecefef8106a7dbe3cdf9545e2929b4fbe22efd9868e5548c9896cfad,16326938c395f1c59c3794f1862a0e6380b712fc9a5628e30756b57dd59b629d,https://files.rcsb.org/download/8VPH.cif
8VPI__A1ADB__laJ__aaE__rs101__m1__alt.,8VPI,val,A1ADB,J,E,101,1,.,"[""A1ADB_E_101""]",D;E,43,Cc1cc(Nc2cc(CN3CCN(C)CC3)cc(NC(=O)c3cccc(Nc4ccnc5ccccc45)c3)c2)nc(N)n1,G_6ab0292d6214e87db3f8,,72dbfae2ab34d6627b62b35ec26a4670e94ce0077cb340baa286a19977999670,3476e516b49770d8d2aff38e62db5511e289fefe235a10b3f54283498d8eee0d,https://files.rcsb.org/download/8VPI.cif
8WU5__A1LYO__laE__aaB__rs101__m1__alt.,8WU5,val,A1LYO,E,B,101,1,.,"[""A1LYO_B_101""]",A;B,96,Cn1cc2cc1C(=O)NCCC(=O)Nc1cn(C)c(n1)C(=O)Nc1cc(n(C)c1)C(=O)NCC[C@@H](N)C(=O)Nc1cn(C)c(n1)C(=O)Nc1cc(n(C)c1)C(=O)NCCC(=O)Nc1cn(C)c(n1)C(=O)Nc1cc(n(C)c1)C(=O)NCC[C@@H](N)C(=O)Nc1cn(C)c(n1)C(=O)N2,G_a154d056c7bf4a8b4878,,b5e81eb10220f839cc2f21ba48708c4399c4d30a17297b0b3107e0d442f6216c,afa37054792ad658f5889d01e71eabf5bf2315afabdb342a735c97789ac9f015,https://files.rcsb.org/download/8WU5.cif
8WU5__A1LYO__laF__aaC__rs101__m1__alt.,8WU5,val,A1LYO,F,C,101,1,.,"[""A1LYO_C_101""]",C;D,96,Cn1cc2cc1C(=O)NCCC(=O)Nc1cn(C)c(n1)C(=O)Nc1cc(n(C)c1)C(=O)NCC[C@@H](N)C(=O)Nc1cn(C)c(n1)C(=O)Nc1cc(n(C)c1)C(=O)NCCC(=O)Nc1cn(C)c(n1)C(=O)Nc1cc(n(C)c1)C(=O)NCC[C@@H](N)C(=O)Nc1cn(C)c(n1)C(=O)N2,G_a154d056c7bf4a8b4878,,8e6526b1d5f8b223ce2bd7af5d7c3ee629fe5d3207cf522d63d8a6b2ef38729d,df7b6c7d38238f2ef6f1000ddb4d98cc812ad7319011393a4b1ac8de9890ea07,https://files.rcsb.org/download/8WU5.cif
9CQC__DZ4__laS__aaI__rs101__m1__alt.,9CQC,val,DZ4,S,I,101,1,.,"[""DZ4_I_101""]",I;J;L,30,Nc1ncnc2c1ncn2[C@H]1C[C@H](O)[C@@H](CO[P@](=O)(O)N[P@@](=O)(O)OP(=O)(O)O)O1,G_fec4c269f292369ae86d,,09e4f0a691b00355f3bb006dbab96686880d9f67fa8ba4dd13af846da57f4540,d5b9c9ea7e8cb3ba344b83dc8bd61da6e22d4fcb7a8e158098440bcf9e2bc929,https://files.rcsb.org/download/9CQC.cif
9DQE__KPT__laB__aaX__rs101__m1__alt.,9DQE,val,KPT,B,X,101,1,.,"[""KPT_X_101""]",A,24,c1c2c(cc3c1OCO3)-c1cc3ccc4c(c3c[n+]1CC2)OCO4,G_0260f52218e240be2210,,6aec8912a64e70912810f3cbe97f0e69c8c5c99c62d084172a5f8fa04a05fd13,45037bc26314e2da182fd65cc870046e19ce718a27cadc126c4663985119534a,https://files.rcsb.org/download/9DQE.cif
9DQE__KPT__laC__aaX__rs102__m1__alt.,9DQE,val,KPT,C,X,102,1,.,"[""KPT_X_102""]",A,24,c1c2c(cc3c1OCO3)-c1cc3ccc4c(c3c[n+]1CC2)OCO4,G_0260f52218e240be2210,,cf2aa49823cb7e96fff47fb7cfa0035843869b79abcecea5a41f6f8a5ff3bfb7,45037bc26314e2da182fd65cc870046e19ce718a27cadc126c4663985119534a,https://files.rcsb.org/download/9DQE.cif
9HIO__LDP__laB__aaA__rs101__m1__alt.,9HIO,val,LDP,B,A,101,1,.,"[""LDP_A_101""]",A,11,NCCc1ccc(O)c(O)c1,G_0d57e236782b031474d6,,63171253cb06cb99e7941cbdaba49fb7d612d6fd0534a2559afa492e65d5fc6e,0811d78d4540600261314d755c5a72d8bcb0523621308acf78a003ca3acdb1f0,https://files.rcsb.org/download/9HIO.cif
9HRF__GTP__laB__aaA__rs100__m1__alt.,9HRF,val,GTP,B,A,100,1,.,"[""GTP_A_100""]",A,32,Nc1nc2c(ncn2[C@@H]2O[C@H](CO[P@](=O)(O)O[P@](=O)(O)OP(=O)(O)O)[C@@H](O)[C@H]2O)c(=O)[nH]1,G_4439f6f1e1f6010ff1a1,,0e0d7dd6d15c1f22942f361435f26d8a3698be2720df5f499bf724bb1197f77b,5669e2b8369769eaad1e42ff8a9676712e2a51e8d4abeef09e5dde02ff60d897,https://files.rcsb.org/download/9HRF.cif
9JO1__BER__laB__aaX__rs101__m1__alt.,9JO1,val,BER,B,X,101,1,.,"[""BER_X_101""]",A,25,COc1ccc2cc3[n+](cc2c1OC)CCc1cc2c(cc1-3)OCO2,G_0260f52218e240be2210,,1b2ce78ba7353f1c78ba2097a39bc318382a1a14039a0d19bb6315f8f5362b51,6345f70f44881e41a8ce6912f0374c79afb21d13b8181392d699fd6639397ef5,https://files.rcsb.org/download/9JO1.cif
9JO1__BER__laC__aaX__rs102__m1__alt.,9JO1,val,BER,C,X,102,1,.,"[""BER_X_102""]",A,25,COc1ccc2cc3[n+](cc2c1OC)CCc1cc2c(cc1-3)OCO2,G_0260f52218e240be2210,,1c5548c46eca29f9dfb9769aa2b559ef1999226c17d91ba89bbd27bf808067bd,6345f70f44881e41a8ce6912f0374c79afb21d13b8181392d699fd6639397ef5,https://files.rcsb.org/download/9JO1.cif
9MQS__5GP__laJ__aaA__rs409__m1__alt.,9MQS,val,5GP,J,A,409,1,.,"[""5GP_A_409""]",A,24,Nc1nc2c(ncn2[C@@H]2O[C@H](COP(=O)(O)O)[C@@H](O)[C@H]2O)c(=O)[nH]1,G_b082c6534f0be85216e8,,7613a7423d775414614ffbbbc5391a654f6ae56f1a308e660d55a401a7bc56e1,a56d09c1f4c4b4ea9769bb574e287803164fe9f43ab501aba348adfaee3b1bfc,https://files.rcsb.org/download/9MQS.cif
9MQT__A1BNU__laB__aaA__rs401__m1__alt.,9MQT,val,A1BNU,B,A,401,1,.,"[""A1BNU_A_401""]",A,12,CN(CCN)c1ccnc(N)n1,G_b082c6534f0be85216e8,,3a9c3199078946e16c049f7252675cd95608ae7e8a3fc1a6866be66d7cd16a81,712d91d6ad0c66af998912f18d20bf9b61c61a5ac9388e564a736144ea22a162,https://files.rcsb.org/download/9MQT.cif
9MQU__A1BNU__laB__aaA__rs401__m1__alt.,9MQU,val,A1BNU,B,A,401,1,.,"[""A1BNU_A_401""]",A,12,CN(CCN)c1ccnc(N)n1,G_b082c6534f0be85216e8,,cd8ef145877468aea6d010263d2a24c60996a96faff63d58a82f6558040bff9f,e86db4cfa756602814729f08184815580d5d61f76b891c391aecb2f9a576e368,https://files.rcsb.org/download/9MQU.cif
9V88__XAU__laD__aaA__rs102__m1__alt.,9V88,val,XAU,D,A,102,1,.,"[""XAU_A_102""]",A;B,32,O=C(NCCCCNc1c2ccccc2nc2ccccc12)c1cnc2ccccc2n1,G_9cca2b584fae012b8808,,ef3ebf5696e4715ec438535bd9c7e03c7add1c4cb5b3520faec3833e076bef31,b2526d66e620688e40c08631886060dbe0559ea3e2beead70795a99bda530997,https://files.rcsb.org/download/9V88.cif
9V89__W1H__laE__aaB__rs101__m1__alt.,9V89,val,W1H,E,B,101,1,.,"[""W1H_B_101""]",A;B,33,O=C(NCCCCCNc1c2ccccc2nc2ccccc12)c1cnc2ccccc2n1,G_9cca2b584fae012b8808,,2bb717770acf3f4b9bcf42bd879bf6d0dc7a70595c03e229eb64681e907300fb,7105f5a9795e94d2558119221c965d301db434c2417594db8523e7303e07cb53,https://files.rcsb.org/download/9V89.cif
1am0,1AM0,test,AMP,,,,,,"[""AMP_A_41""]",A,23,Nc1ncnc2c1ncn2[C@@H]1O[C@H](COP(=O)(O)O)[C@@H](O)[C@H]1O,,Chen;Philips;Ruiz,34bf2559c7e9d219cd5a8a09c9837ffc73d5f837142d4df73bd3189b06753908,c1e2a15e337828af55c89c1a33b230076a1e19d4baaf6694a068ecead062b7dd,https://files.rcsb.org/download/1AM0.cif
1arj,1ARJ,test,ARG,,,,,,"[""ARG_N_1""]",N,12,NC(=[NH2+])NCCC[C@H](N)C(=O)O,,Yan,ab98d5789a0fb2612b6a9f35111345f479a3561b221025466767022c6d2a0ea6,f8b1ef40abac26c0c757a4d8c561575f0f03cde5ec5248d338e1461ca6a26866,https://files.rcsb.org/download/1ARJ.cif
1byj,1BYJ,test,GE1;GE2;GE3,,,,,,"[""GE1_A_28"", ""GE2_A_29"", ""GE3_A_30""]",A,31,CN[C@@H]1[C@@H](O)[C@@H](O[C@@H]2[C@@H](O)[C@H](O[C@H]3O[C@H](CN)CC[C@H]3N)[C@@H](N)C[C@H]2N)OC[C@]1(C)O,,Chen;Philips;Ruiz;Yan,a0546c7043f52893f8372bc2e8752ab6897f2394f6054bc060f4eb9682e17fdd,c780ec1f7f687075ade426f76a675ac9a7f21a944100c835b58308641bd8f69b,https://files.rcsb.org/download/1BYJ.cif
1cvx,1CVX,test,HP2,,,,,,"[""HP2_B_11""]",A;B,48,Cn1cc(NC(=O)c2c(O)c(NC(=O)c3cc(NC(=O)c4nccn4C)cn3C)cn2C)cc1C(=O)NCCC(=O)NCCC[NH+](C)C,,Yan,7ef6509023c14088a5eb57119b94672d9acbff38cf9efa6b5978145b9edcc545,6a24dd10ef7cbb66e27222027954240dbd4bd78d5c1630b6c00fbb2419331ba7,https://files.rcsb.org/download/1CVX.cif
1cvy,1CVY,test,IPY,,,,,,"[""IPY_B_11""]",A;B,47,Cn1cc(NC(=O)c2cc(NC(=O)c3cc(NC(=O)c4nccn4C)cn3C)cn2C)cc1C(=O)NCCC(=O)NCCC[NH+](C)C,,Yan,56e13ff0651cc3a2b119d68f3fa93c3dca512bd7ad4c82a13ccbee70eca1cdc1,b5e44f9e39e5a6289dd73b48cbe988621996aaf3e75f4840a0e25234c4b81403,https://files.rcsb.org/download/1CVY.cif
1db6,1DB6,test,AAR,,,,,,"[""AAR_A_23""]",A,12,NC(=[NH2+])NCCC[C@H](N)C(N)=O,,Yan,b7b1debb6e09c65e320ddb66e8cf45678b60fcd6a8f11c9b493272c2f2eaf871,1812b1202f70ce455ce2ff3b36f84f0fdbdb515527d91c4a5496d3b07d894b55,https://files.rcsb.org/download/1DB6.cif
1eht,1EHT,test,TEP,,,,,,"[""TEP_A_34""]",A,13,Cn1c(=O)c2[nH]cnc2n(C)c1=O,,Chen;Philips;Ruiz,cddfb8a72337cdf893f0b28e2587b18ff1b3fcf66977dea6eab79313e1b8bc46,2e37a179d902a6bdde8aacf79ed13d7cb107c791ddcb8caeb7dec7fe5e208f10,https://files.rcsb.org/download/1EHT.cif
1ei2,1EI2,test,NMY,,,,,,"[""NMY_A_26""]",A,42,NC[C@@H]1O[C@H](O[C@H]2[C@@H](O)[C@H](O[C@@H]3[C@@H](O)[C@H](N)C[C@H](N)[C@H]3O[C@H]3O[C@H](CN)[C@@H](O)[C@H](O)[C@H]3N)O[C@@H]2CO)[C@H](N)[C@@H](O)[C@@H]1O,,Chen;Philips;Ruiz,efe7236234f42e15642ecacc77bb2d3274e8d9071fcb77479d6e421bc64e7188,a5fc005ade15432c85f7cd0cacf3ca246bf4d43d6cedfbedeceaa09449d0d835,https://files.rcsb.org/download/1EI2.cif
1f1t,1F1T,test,ROS,,,,,,"[""ROS_A_101""]",A,26,CN(C)c1ccc2c(-c3ccccc3)c3ccc(=[N+](C)C)cc-3oc2c1,,Chen;Philips;Ruiz;Yan,9616fd1242e04f4247379decb724d0b7f4f8c04d9d0b99ca57b2ea5046df626e,ed2b12aff6666b4d97202e9cf71a094f058e50c019e2f23fbe4d26647bc9b372,https://files.rcsb.org/download/1F1T.cif
1f27,1F27,test,BTN,,,,,,"[""BTN_A_33""]",A;B,16,O=C(O)CCCC[C@@H]1SC[C@@H]2NC(=O)N[C@@H]21,,Chen;Philips;Ruiz;Yan,cfa1fefde03930d973cf63bd8d8aee3722668223dd2915951d4a185dc6fbcf82,fc15650ce6e51a032f8fc4c8c950799214d4927120ef3575e457c68b28f2842e,https://files.rcsb.org/download/1F27.cif
1fjg,1FJG,test,PAR,,,,,,"[""PAR_A_1545""]",A;B;C;D;E;F;G;H;I;J;K;L;M;N;O;P;Q;R;S;T;V;X,42,NC[C@@H]1O[C@H](O[C@H]2[C@@H](O)[C@H](O[C@@H]3[C@@H](O)[C@H](N)C[C@H](N)[C@H]3O[C@H]3O[C@H](CO)[C@@H](O)[C@H](O)[C@H]3N)O[C@@H]2CO)[C@H](N)[C@@H](O)[C@@H]1O,,Philips,4390a1a580560e2c02d150468edd05c4f32ca60ff74c442a76fba70694769401,e3bb1b111e2b9c6f5dd5a991156e1484a33a53a428267e77b93efc32568a099b,https://files.rcsb.org/download/1FJG.cif
1fmn,1FMN,test,FMN,,,,,,"[""FMN_A_36""]",A,31,Cc1cc2nc3c(=O)[nH]c(=O)nc-3n(C[C@@H](O)[C@@H](O)[C@@H](O)COP(=O)(O)O)c2cc1C,,Chen;Philips;Ruiz,22e205c4f0d3dd6174fed3a4a9010b79a90deb0eb0535c2def3b372aa560dd41,27e793de24f11429b789e7933af1f7a2c427f07ba536146d3d6b575022527b72,https://files.rcsb.org/download/1FMN.cif
1fyp,1FYP,test,PAR,,,,,,"[""PAR_A_28""]",A,42,NC[C@@H]1O[C@H](O[C@H]2[C@@H](O)[C@H](O[C@@H]3[C@@H](O)[C@H](N)C[C@H](N)[C@H]3O[C@H]3O[C@H](CO)[C@@H](O)[C@H](O)[C@H]3N)O[C@@H]2CO)[C@H](N)[C@@H](O)[C@@H]1O,,Chen;Philips;Ruiz;Yan,e06cdeeb23db3fc6f49d5bd85e19c2bad8d1778331133024a671130e4d5941b4,9a79f30edd077d11547d1ecba885aeb603adcdce570c314030c16e94a5f2f099,https://files.rcsb.org/download/1FYP.cif
1hnw,1HNW,test,TAC,,,,,,"[""TAC_A_1632""]",A;B;C;D;E;F;G;H;I;J;K;L;M;N;O;P;Q;R;S;T;V;X,32,CN(C)[C@@H]1C(O)=C(C(N)=O)C(=O)[C@@]2(O)C(O)=C3C(=O)c4c(O)cccc4[C@@](C)(O)[C@H]3C[C@@H]12,,Philips,f738e1ad4451c93649ab92a1636cc4c2463908a41a02c0978e7f408b64e6cdd5,d0ebe84891f857ce7dbe60eb0d87ee78d35d087089704b39e759d03624cdf473,https://files.rcsb.org/download/1HNW.cif
1i9v,1I9V,test,NMY,,,,,,"[""NMY_A_200""]",A,42,NC[C@@H]1O[C@@H](O[C@H]2[C@H](O)[C@H](O[C@H]3[C@H](O)[C@@H](N)C[C@@H](N)[C@@H]3O[C@@H]3O[C@H](CN)[C@@H](O)[C@@H](O)[C@H]3N)O[C@@H]2CO)[C@@H](N)[C@H](O)[C@@H]1O,,Yan,b92b6ca885d1d621dc043057bf59589b08908dff51c0ebb57c2c577dd8dee458,a4a7e4f96f688a3f2ac58f0a6ebdee2f3bd21022e2882fd2c158ec7f5ae943ae,https://files.rcsb.org/download/1I9V.cif
1j7t,1J7T,test,PAR,,,,,,"[""PAR_A_45""]",A;B,42,NC[C@@H]1O[C@H](O[C@H]2[C@@H](O)[C@H](O[C@@H]3[C@@H](O)[C@H](N)C[C@H](N)[C@H]3O[C@H]3O[C@H](CO)[C@@H](O)[C@H](O)[C@H]3N)O[C@@H]2CO)[C@H](N)[C@@H](O)[C@@H]1O,,Chen;Philips;Ruiz,651208ea22dffa7ff5aedaf9c85f72b6ca4643894739cce0e321014bd50d84db,3dc9c380f775a721e1a8a2f0cc8b1f1a1226fa4303d8d6fe1fe8f274e761ede9,https://files.rcsb.org/download/1J7T.cif
1koc,1KOC,test,ARG,,,,,,"[""ARG_B_1""]",A;B,12,NC(=[NH2+])NCCC[C@H](N)C(=O)O,,Chen;Philips;Ruiz,86fb38a08112b679e8bcd583d8c0e3fe070736688316cac3bfd961db7fa5e85b,10549185746792c4a3475467e64f3ff4f34958fd4846f555300bdf80b09e2d9a,https://files.rcsb.org/download/1KOC.cif
1lc4,1LC4,test,TOY,,,,,,"[""TOY_A_47""]",A;B,32,NC[C@H]1O[C@H](O[C@H]2[C@H](O)[C@@H](O[C@H]3O[C@H](CO)[C@@H](O)[C@H](N)[C@H]3O)[C@H](N)C[C@@H]2N)[C@H](N)C[C@@H]1O,,Chen;Ruiz,c00d3f6f6251f1682997b9d923d0c05b9f4300579e2ab8aff9839712f0662e56,5795f7dce4201b53dc95ecf9a4418f9681f50bdcc97cea4bfef86cc5f66abaca,https://files.rcsb.org/download/1LC4.cif
1lvj,1LVJ,test,PMZ,,,,,,"[""PMZ_A_47""]",A,23,CC(=O)c1ccc2c(c1)N(CCCN(C)C)c1ccccc1S2,,Chen;Ruiz,4f968b4812dc417b4d4ed41a2863c386943dad675562a6c36e28929cad29ae1d,e9f45c519f599edeee45fd43798d952b67e501ab1c01d5ffc761fbac6d625caa,https://files.rcsb.org/download/1LVJ.cif
1mwl,1MWL,test,GET,,,,,,"[""GET_A_45""]",A;B,34,CN[C@@H]1[C@@H](O)[C@@H](O[C@@H]2[C@@H](O)[C@H](O[C@H]3O[C@H]([C@@H](C)O)[C@@H](O)[C@H](O)[C@H]3N)[C@@H](N)C[C@H]2N)OC[C@]1(C)O,,Chen;Philips;Ruiz,ffe6a2e70219a876d29f0eff72fb35ee14cdde085dceebccff62cef36fae7bc4,148915169c20ff1af0f233b425fae1ff3e8b5cfa726d1900a94a4506d0eb4050,https://files.rcsb.org/download/1MWL.cif
1nbk,1NBK,test,GND,,,,,,"[""GND_A_35""]",A,12,N=C(N)NCCC[C@H]([NH3+])C(=O)O,,Philips,3cdb52a86eb3ec5e89fa420f164df0dbc4569e23b1229aaf68a60cc8bcbf85e4,9943dd5f77ca938d9223fded42efa15b010a298cb1884fdf0b57b6e911554a1b,https://files.rcsb.org/download/1NBK.cif
1nem,1NEM,test,BDG;BDR;IDG;NEB,,,,,,"[""BDG_A_27"", ""BDR_B_1"", ""IDG_B_2"", ""NEB_A_28""]",A,42,NC[C@@H]1O[C@H](O[C@H]2[C@@H](O)[C@H](O[C@@H]3[C@@H](O)[C@H]([NH3+])C[C@H](N)[C@H]3O[C@H]3O[C@H](CN)[C@@H](O)[C@H](O)[C@H]3N)O[C@@H]2CO)[C@H](N)[C@@H](O)[C@@H]1O,,Chen;Philips;Ruiz,ba1197467db248e1840841e58f8c9709967e1eea8ef2b53dd263558bb44bd5cd,09706926414cc748e71029975ad43bc772ac3118563b0ed175657845ee37484f,https://files.rcsb.org/download/1NEM.cif
1nta,1NTA,test,SRY,,,,,,"[""SRY_A_26""]",A;B,40,CN[C@@H]1[C@H](O[C@H]2[C@H](O[C@H]3[C@H](O)[C@@H](O)[C@H](NC(=N)N)[C@@H](O)[C@@H]3NC(=N)N)O[C@@H](C)[C@]2(O)C=O)O[C@@H](CO)[C@H](O)[C@H]1O,,Ruiz,06bf98b1821efc775c6bfecc281c686d83bc5af67ea650d38873a5a865783fbb,08288d8c6b3ccaa842d3b5525f576fb373e57296159cc5f61340eb17fa008246,https://files.rcsb.org/download/1NTA.cif
1ntb,1NTB,test,SRY,,,,,,"[""SRY_A_25""]",A;B,40,CN[C@@H]1[C@H](O[C@H]2[C@H](O[C@H]3[C@H](O)[C@@H](O)[C@H](NC(=N)N)[C@@H](O)[C@@H]3NC(=N)N)O[C@@H](C)[C@]2(O)C=O)O[C@@H](CO)[C@H](O)[C@H]1O,,Chen;Ruiz,55251effb51f53aa0d14a6ec005538df4abbd626a8d7f100006396a129807c94,6c2aacdfca3e7489ce25fc99189d76973ba30e3121c1c46f76afb24949bd8621,https://files.rcsb.org/download/1NTB.cif
1nzm,1NZM,test,LG1,,,,,,"[""LG1_A_32""]",A;B;C;D,26,Cc1cc2c3c([n+](C)c4ccc(F)cc4c3c1)-c1cc(F)ccc1N2C,,Yan,8101b11e92b33bc9c6fafeba3606df6c6c40e4d305683efc6281613e0f01aab8,ee1e4dcf916012866c782e7e30a57c769892c0a939eb5c7102416af23efe337f,https://files.rcsb.org/download/1NZM.cif
1o15,1O15,test,TEP,,,,,,"[""TEP_A_34""]",A,13,Cn1c(=O)c2[nH]cnc2n(C)c1=O,,Ruiz,5d9cd5cf34260a5515810590b5329c2060c4029d99dbde81d5e4e126ab31fde8,dc460583b6d57e576b7a0b2fe84113482c1514c47ae3220d889be3a299ba615d,https://files.rcsb.org/download/1O15.cif
1o9m,1O9M,test,42B;BDG;P24;PA2,,,,,,"[""42B_B_2502"", ""BDG_B_2499"", ""P24_B_2501"", ""PA2_B_2500""]",A;B,37,NCCCCNCCO[C@@H]1[C@@H](O)[C@H](O[C@H]2O[C@H](CN)[C@@H](O)[C@H](O)[C@H]2N)[C@@H](N)C[C@H]1NC(=O)[C@H](O)CCN,,Ruiz,07555f796c7832f5c72d1e212322f0a494cb615ca9d4a99852eb9902a9796d04,71edab39b50d7071b3cb3b263d764bc9c8da8e32c12219bb85dd93d07ac47b41,https://files.rcsb.org/download/1O9M.cif
1p96,1P96,test,DDI,,,,,,"[""DDI_A_21""]",A;B,39,N[C@@H]1[C@@H](O[C@@H]2C[C@H]3C(=O)c4cc5ccccc5cc4[C@H]3[C@]23C(=O)CCc2ccccc23)O[C@@H](CO)[C@H](O)[C@H]1O,,Yan,d8fae7e612be7b6e611684a7350b3d6808a0a9890216abd469e0a22531be2894,8671d6a807fc1f1ff0dc9cae228b59e5081a855bad50f629ff1774369f1a8968,https://files.rcsb.org/download/1P96.cif
1pbr,1PBR,test,BDR;CYY;IDG;PA1,,,,,,"[""BDR_B_1"", ""CYY_A_102"", ""IDG_B_2"", ""PA1_A_101""]",A,42,NC[C@@H]1O[C@H](O[C@H]2[C@@H](O)[C@H](O[C@@H]3[C@@H](O)[C@H](N)C[C@H](N)[C@H]3O[C@H]3O[C@H](CO)[C@@H](O)[C@H](O)[C@H]3N)O[C@@H]2CO)[C@H](N)[C@@H](O)[C@@H]1O,,Chen;Philips;Ruiz,c2b87cc4adc1a38197c5d6d6c3710f080268f3c2b0741524bae6738910bc5292,1341ce1c9fd077a50394d960529a2bdcc4f9096ee3bfd076fe81eedce93ce20a,https://files.rcsb.org/download/1PBR.cif
1q8n,1Q8N,test,MGR,,,,,,"[""MGR_A_39""]",A,25,CN(C)c1ccc(C(=C2C=CC(=[N+](C)C)C=C2)c2ccccc2)cc1,,Chen;Philips;Ruiz;Yan,9bcfe6e2f48a1f4fddd2aafdb0a644b633ba164abd987f7f3fe705546b1cf4d5,67806f1897998358bb01b3b345be65834947a1a73e356cdc6ce8221f30b0f438,https://files.rcsb.org/download/1Q8N.cif
1qd3,1QD3,test,BDG;CYY;IDG;RIB,,,,,,"[""BDG_A_46"", ""CYY_A_47"", ""IDG_B_2"", ""RIB_B_1""]",A,42,NC[C@@H]1O[C@H](O[C@H]2[C@@H](O)[C@H](O[C@@H]3[C@@H](O)[C@H](N)C[C@H](N)[C@H]3O[C@H]3O[C@H](CN)[C@@H](O)[C@H](O)[C@H]3N)O[C@@H]2CO)[C@H](N)[C@@H](O)[C@@H]1O,,Chen;Ruiz;Yan,99d4cd4d586d29c94e661ec992b52b51f2fb7cf0f067ae8c00092a3010b23443,4ff8115ea850298c7f932bc49fa1ad7894c633b930c208ab0ed637ad050c892f,https://files.rcsb.org/download/1QD3.cif
1qv4,1QV4,test,MBB,,,,,,"[""MBB_B_25""]",A;B,35,Cc1cc(N(C)C)ccc1-c1nc2cc(-c3nc4cc(N5CCN(C)CC5)ccc4[nH]3)ccc2[nH]1,,Yan,181f61016c37b214daf323775c12bf4321911145687acca69478d862d8e014dd,28e2d769f463af487569facfb98681ff91c10a457e69ae057c8dfca1006faebd,https://files.rcsb.org/download/1QV4.cif
1qv8,1QV8,test,BBZ,,,,,,"[""BBZ_B_25""]",A;B,34,CN1CCN(c2ccc3[nH]c(-c4ccc5[nH]c(-c6ccc(N(C)C)cc6)nc5c4)nc3c2)CC1,,Yan,9436ec9c6da0882255f1fd69198c61c123c6db3d34b82ce5a49fd5cad47f1499,d2f40070d8b5b257d381dcd4ee303d0828c97fe0456c3786d3b7ae25173a804b,https://files.rcsb.org/download/1QV8.cif
1r4e,1R4E,test,DDI,,,,,,"[""DDI_A_15""]",A;B,39,N[C@H]1[C@H](O[C@H]2C[C@@H]3C(=O)c4cc5ccccc5cc4[C@@H]3[C@@]23C(=O)CCc2ccccc23)O[C@H](CO)[C@@H](O)[C@@H]1O,,Yan,ec5ddf90394c9f65e7da3571292f95c1242cda3ed5df2b5d2d37816940807fd6,c864e7b206a5339484a6b066b8ca75860d36418648dce9f1e564882f15fa92e6,https://files.rcsb.org/download/1R4E.cif
1tob,1TOB,test,TOA;TOB;TOC,,,,,,"[""TOA_A_28"", ""TOB_A_29"", ""TOC_A_30""]",A,32,[NH3+]C[C@H]1O[C@H](O[C@H]2[C@H](O)[C@@H](O[C@H]3O[C@H](CO)[C@@H](O)[C@H]([NH3+])[C@H]3O)[C@H]([NH3+])C[C@@H]2[NH3+])[C@H]([NH3+])C[C@@H]1O,,Chen;Philips;Ruiz,0a7564cadb21a9d25fb539defd5ca9e02813a1e54a8e33f923088c804c8064a0,56097f7a639b214c532b45a13a7dd09fb6cedb640e6e1a452319f0cfd93fd069,https://files.rcsb.org/download/1TOB.cif
1u8d,1U8D,test,HPA,,,,,,"[""HPA_A_90""]",A,10,O=c1[nH]cnc2nc[nH]c12,,Chen;Ruiz,541c34df03ea567f240dd3266a22e61b46385a134b014cfcbae67bf7173474f1,06bbf2aba5d78a3b4cc9b99dd95a38b2e25a1e9a3d416484cfab94814a2c4940,https://files.rcsb.org/download/1U8D.cif
1uts,1UTS,test,P13,,,,,,"[""P13_B_1046""]",B,30,NCCCOc1ccc(-c2ccc3[nH]ccc3c2)cc1CNCCN1CCNCC1,,Philips;Ruiz;Yan,c8b9ce1c30531a8b50881e238274bb0cb4bc8cd7d0ceadada8ad53e02b6220d4,c77b83a9778f0667ab246036d9957f1c9970ffbeac8ba7b1428ba2e38b471f8d,https://files.rcsb.org/download/1UTS.cif
1uud,1UUD,test,P14,,,,,,"[""P14_B_1046""]",B,25,COc1ccc(OCCNC(N)=[NH2+])c(CNCCCCNC(N)=[NH2+])c1,,Chen;Philips;Ruiz;Yan,27f191df70fc1254d1102e0c773282a53381155e92c584313425765321fe5cb0,27645464a0f056dbd51c752af266822469595c39bd248864d78f0d9688ca3cf1,https://files.rcsb.org/download/1UUD.cif
1uui,1UUI,test,P12,,,,,,"[""P12_B_1046""]",B,23,COc1ccc(OCCC[NH3+])c(C[NH+]2CCN(C(=N)N)CC2)c1,,Philips;Ruiz,4d6aff19277fef90292f04198bcb897c8b8b591f60b13c51acfc46eca93486a3,61dee9d2b26dfe109b3e305e24a4c6c7111949f1daf798b5c6b92fdbfb39fbab,https://files.rcsb.org/download/1UUI.cif
1xbp,1XBP,test,MUL,,,,,,"[""MUL_0_2881""]",0;1;2;3;4;9;A;B;C;D;E;F;G;H;I;J;K;L;M;N;O;P;Q;R;S;T;U;W;X;Y;Z,34,C=C[C@]1(C)C[C@@H](OC(=O)CSCCN(CC)CC)[C@]2(C)[C@H](C)CC[C@]3(CCC(=O)[C@H]32)[C@@H](C)[C@@H]1O,,Philips,1f37f0de74b2dbde9819adfeda9ca9d9149b561d1afcf9d055cb9814c6e0772f,e74c8b3d38e04238d42eacf0ad48f2a5b8f369b37fcd24e27459feef59ecceb1,https://files.rcsb.org/download/1XBP.cif
1xpf,1XPF,test,SPM,,,,,,"[""SPM_A_108""]",A;B,14,NCCCNCCCCNCCCN,,Philips;Ruiz,9861323e97d4054d1d4cf003e43f34f2f77ce3c7369765b9e38936ae3622a346,0ffba38d09ac894a1d33b261a49edfe419d7dedb446b8a8c211e757262166acc,https://files.rcsb.org/download/1XPF.cif
1y26,1Y26,test,ADE,,,,,,"[""ADE_X_90""]",X,10,Nc1ncnc2[nH]cnc12,,Chen;Philips;Ruiz,4e538edf27af3f10d49c74462afd6d1d06b3c981159edf8dac1b6cd52a3a6c0d,708bf7dc4b8e0a8fce85bdd743e91023f0d3a75b5925729e56d12a628cc7aba7,https://files.rcsb.org/download/1Y26.cif
1y27,1Y27,test,GUN,,,,,,"[""GUN_X_101""]",X,11,Nc1nc2[nH]cnc2c(=O)[nH]1,,Chen,2cd0d0f0174a35e4b2db945a5cecdbb12942124f4343a52f511c3a1027949d80,abe4b85d4b3f76c5b0f5ee047575a34709e750c1292047fbf3be2a6add89b502,https://files.rcsb.org/download/1Y27.cif
1ykv,1YKV,test,DAI,,,,,,"[""DAI_A_100""]",A;B;C,28,CCCCCN1C(=O)[C@H]2[C@H]3c4ccccc4[C@](CO)(c4ccccc43)[C@H]2C1=O,,Chen;Yan,2475793225e1d58c3fbaefff4b57b18319d714011e7267b453e802751814e77a,c8e35d62aff1dc60bae29e2ae07da2a67d007a700e1919f05790e92111ebd0c6,https://files.rcsb.org/download/1YKV.cif
1yrj,1YRJ,test,AM2,,,,,,"[""AM2_B_150""]",A;B,37,CN[C@@H]1[C@@H](O[C@H]2O[C@H](CO)[C@@H](N)[C@H](O)[C@H]2O)O[C@H]2C[C@@H](N)[C@@H](O[C@H]3[C@H](O)[C@@H](O)[C@H](N)C[C@@H]3N)O[C@@H]2[C@@H]1O,,Chen;Ruiz;Yan,900e783fceb95f38cabae7afc6307388cbaf93066c12d5fd87771640a036b581,9f467c400941affed132eb969349fd950b57d612e7471eae67d817cfad80e424,https://files.rcsb.org/download/1YRJ.cif
1zz5,1ZZ5,test,CNY,,,,,,"[""CNY_C_41""]",A;B;C;D,41,NC[C@@H]1O[C@H](O[C@H]2[C@@H](O)[C@@H]3O[C@@H]4[C@@H](O)[C@H](N)C[C@H](N)[C@H]4O[C@H]4O[C@H](CN)[C@@H](O)[C@H](O)[C@H]4NC[C@H]2O3)[C@H](N)[C@@H](O)[C@@H]1O,,Chen,bcf682ebccf7f01d70173619265b44e451a6d3423ed7731dbd71cc39a8400403,ddf0c8d3ed0c23b7466990eead9ad2a483678c43d1c7612369fce420f3b000b0,https://files.rcsb.org/download/1ZZ5.cif
2au4,2AU4,test,GTP,,,,,,"[""GTP_A_42""]",A,32,Nc1nc2c(ncn2[C@@H]2O[C@H](CO[P@@](=O)(O)O[P@@](=O)(O)OP(=O)(O)O)[C@@H](O)[C@H]2O)c(=O)[nH]1,,Ruiz;Yan,2ca491892cb5e51e752d521ce2962b81b7691217a3c17a5c4bcae2451d65c0c6,481fddbd61b3b32ed1fc3d85c3a3155c5d0a643999ff550600209721e70de071,https://files.rcsb.org/download/2AU4.cif
2b57,2B57,test,6AP,,,,,,"[""6AP_A_91""]",A,11,Nc1nc(N)c2nc[nH]c2n1,,Yan,ac7c2a3a0119daf3b0b9711a1f9d1a9d83dc6faafd6deb0c57610446ea05a030,37bee772bace2adbea3c855cc1fa94c24059c3b783b4d6046b4891c70b397986,https://files.rcsb.org/download/2B57.cif
2be0,2BE0,test,JS5,,,,,,"[""JS5_A_50""]",A;B,52,NC[C@@H]1O[C@H](O[C@H]2[C@@H](OCCNCC3CCCNC3)[C@H](O[C@@H]3[C@@H](O)[C@H](N)C[C@H](N)[C@H]3O[C@H]3O[C@H](CO)[C@@H](O)[C@H](O)[C@H]3N)O[C@@H]2CO)[C@H](N)[C@@H](O)[C@@H]1O,,Chen;Philips;Ruiz;Yan,0317d90979682f78e033f6a31ab1b5c47a080aadef3926af95e0b85f5a50230a,1cced8cc4b30691c33c1d7ceaefe4cde61e9359e7725687930e0f25b642e73d3,https://files.rcsb.org/download/2BE0.cif
2bee,2BEE,test,JS4,,,,,,"[""JS4_A_50""]",A;B,49,NCCCNCCO[C@H]1[C@H](O[C@@H]2[C@@H](O)[C@H](N)C[C@H](N)[C@H]2O[C@H]2O[C@H](CO)[C@@H](O)[C@H](O)[C@H]2N)O[C@H](CO)[C@H]1O[C@H]1O[C@@H](CN)[C@@H](O)[C@H](O)[C@H]1N,,Philips;Ruiz;Yan,76770e72d7fcc445b753c288528faef2e707105be2c2f17b114c405d08bd4ad8,fd9a5f6c2a8ae78120a17207a8cf29174a85843ec0076c2338e2bf15988f2a4c,https://files.rcsb.org/download/2BEE.cif
2d55,2D55,test,,,,,,,[],A;B,,,,Yan,1b04136b29956199cf89db7a4ee77860044a337441e1f5ca1db93af77e0dc084,ffe6c171989f02d47c34948fc879b364d1dcb670322b21f4a538e74390e44c05,https://files.rcsb.org/download/2D55.cif
2esi,2ESI,test,KAN,,,,,,"[""KAN_A_51""]",A;B,33,NC[C@H]1O[C@H](O[C@H]2[C@H](O)[C@@H](O[C@H]3O[C@H](CO)[C@@H](O)[C@H](N)[C@H]3O)[C@H](N)C[C@@H]2N)[C@H](O)[C@@H](O)[C@@H]1O,,Chen,41a8f8de964adc579449faee98a6b7c1038101cbf00735600f0b119795bca905,01cbd609ebf66ed9ceaf1854c7fa5a39ea83ceed1254b15914f2c6d38b5e0e0f,https://files.rcsb.org/download/2ESI.cif
2esj,2ESJ,test,LIV,,,,,,"[""LIV_A_50""]",A;B,52,NC[C@@H]1O[C@H](O[C@H]2[C@@H](O)[C@H](O[C@@H]3[C@@H](O)[C@H](N)C[C@H](N)[C@H]3O[C@H]3O[C@H](CO)[C@@H](O)C[C@H]3N)O[C@@H]2CO)[C@H](N)[C@@H](O)[C@@H]1O[C@H]1O[C@H](CO)[C@@H](O)[C@H](O)[C@@H]1O,,Ruiz,8d599d47f3dcd23f83b96d889ff82a1ec3d317ae96d7e83fba9e877040974bf1,ae68eb604767abfc50d769ed6377aade41a7cc94ed7220a4b41a326218cd135b,https://files.rcsb.org/download/2ESJ.cif
2et3,2ET3,test,LLL,,,,,,"[""LLL_A_50""]",A;B,31,CN[C@@H]1[C@@H](O)[C@@H](O[C@@H]2[C@@H](O)[C@H](O[C@H]3O[C@H](CN)CC[C@H]3N)[C@@H](N)C[C@H]2N)OC[C@]1(C)O,,Ruiz,dcf84ff6c5014f134a6acee9ef3908c3ffeffb5c114a1bd703747a0594f732c2,8ed3530e9dc53c6a2b6b007531179e13426a62ecfc345c66649cfa5fcdf7649c,https://files.rcsb.org/download/2ET3.cif
2et4,2ET4,test,NMY,,,,,,"[""NMY_A_50""]",A;B,42,NC[C@@H]1O[C@H](O[C@H]2[C@@H](O)[C@H](O[C@@H]3[C@@H](O)[C@H](N)C[C@H](N)[C@H]3O[C@H]3O[C@H](CN)[C@@H](O)[C@H](O)[C@H]3N)O[C@@H]2CO)[C@H](N)[C@@H](O)[C@@H]1O,,Ruiz,6a5d9637f956ca6393659caa865b5ffa67c9df4eb12d0d6e2870db52f03950de,7af21c51fb52b6b4031db6dd4f9d4bb04f0863b257f1257693f3be8bf96b3e3d,https://files.rcsb.org/download/2ET4.cif
2et8,2ET8,test,XXX,,,,,,"[""XXX_B_51""]",A;B,22,NC[C@H]1O[C@H](O[C@H]2[C@H](O)[C@@H](O)[C@H](N)C[C@@H]2N)[C@H](N)[C@@H](O)[C@@H]1O,,Chen;Philips;Ruiz,bbc9a01f8d49e728a44fdfcb4d6ddbfd19a9a17e18ec17466eb95b3b559bb734,f73946c2aac9104f6dc6ad7d922d7d8cac181ae0c3ad1d25b35c4b364ac17fb6,https://files.rcsb.org/download/2ET8.cif
2f4s,2F4S,test,XXX,,,,,,"[""XXX_B_501""]",A;B,22,NC[C@H]1O[C@H](O[C@H]2[C@H](O)[C@@H](O)[C@H](N)C[C@@H]2N)[C@H](N)[C@@H](O)[C@@H]1O,,Ruiz,530640f4dc46ce692f1712dcf70ab5e1f5bb5ddc35277dddac72ada5de57e23d,9f76fc7d09f97882cccb0f3979806551062d9fd941bb2bd56052cf6661f47a39,https://files.rcsb.org/download/2F4S.cif
2f4t,2F4T,test,AB9,,,,,,"[""AB9_B_1""]",A;B,35,NCCNCCO[C@@H]1[C@@H](O)[C@H](O[C@H]2O[C@H](CN)[C@@H](O)[C@H](O)[C@H]2N)[C@@H](N)C[C@H]1NC(=O)[C@H](O)CCN,,Chen;Ruiz;Yan,c5aa0607702e66283778a6bb0da63509c7ae740375a7e30875795fa48dc7d772,ba8bbab641ef41e9872341b779ecf65de1dd81030ab19bc2bc207678e493c717,https://files.rcsb.org/download/2F4T.cif
2f4u,2F4U,test,AB6,,,,,,"[""AB6_B_41""]",A;B,36,NCCCNCCO[C@@H]1[C@@H](O)[C@H](O[C@H]2O[C@H](CO)[C@@H](O)[C@H](O)[C@H]2N)[C@@H](N)C[C@H]1NC(=O)[C@H](O)CCN,,Philips;Ruiz;Yan,b0e0c46b1eec003f749aee3ab927b95648620d91327a8388c731307052cd3029,7e13a27ed58f6146394ce69d26d772abe131c84004fc80ec1caf811a09e94276,https://files.rcsb.org/download/2F4U.cif
2fcx,2FCX,test,XXX,,,,,,"[""XXX_A_101""]",A;B,22,NC[C@H]1O[C@H](O[C@H]2[C@H](O)[C@@H](O)[C@H](N)C[C@@H]2N)[C@H](N)[C@@H](O)[C@@H]1O,,Ruiz,85a80791e3bad25b6ff8d25112b4e5f515c4ca7f13cb065dc37a6bb98d58c516,85a6778df1275f98c0a3596d23a96b73b19eaf22534fa8b57b48e1df2872fc94,https://files.rcsb.org/download/2FCX.cif
2fcy,2FCY,test,NMY,,,,,,"[""NMY_A_1001""]",A;B,42,NC[C@@H]1O[C@H](O[C@H]2[C@@H](O)[C@H](O[C@@H]3[C@@H](O)[C@H](N)C[C@H](N)[C@H]3O[C@H]3O[C@H](CN)[C@@H](O)[C@H](O)[C@H]3N)O[C@@H]2CO)[C@H](N)[C@@H](O)[C@@H]1O,,Ruiz,cf8fe2caebacc17c8cf5170d10a65979c2910e39db123e918fa1f40ac9392341,cb1c3988ef9d2d6f17a7458f407d381ccc7d1b39fcb306137c5aaf1eb4219578,https://files.rcsb.org/download/2FCY.cif
2fcz,2FCZ,test,RIO,,,,,,"[""RIO_A_1024""]",A;B;C;D,31,NC[C@H]1O[C@H](O[C@H]2[C@H](O[C@@H]3O[C@H](CO)[C@@H](O)[C@H]3O)[C@@H](O)[C@H](N)C[C@@H]2N)[C@H](N)[C@@H](O)[C@@H]1O,,Chen;Philips;Ruiz,3fe122ae8c3c0908d2026944fb9fcb0ba59a216bd7b75460df1d48ea822e7849,4ba886dfbb459df0652ae25324ca12059b97ef455f6a3c91ce3c9705e181efa9,https://files.rcsb.org/download/2FCZ.cif
2fd0,2FD0,test,LIV,,,,,,"[""LIV_A_1001""]",A;B,52,NC[C@@H]1O[C@H](O[C@H]2[C@@H](O)[C@H](O[C@@H]3[C@@H](O)[C@H](N)C[C@H](N)[C@H]3O[C@H]3O[C@H](CO)[C@@H](O)C[C@H]3N)O[C@@H]2CO)[C@H](N)[C@@H](O)[C@@H]1O[C@H]1O[C@H](CO)[C@@H](O)[C@H](O)[C@@H]1O,,Chen;Philips;Ruiz,f3a91f2939a0e1599aafd06b374fb25cc544c87fad48bd91d2eb560496d4ea2b,07f065b7f9b80134a528271f63f786b53ba47c83bc17f1472dd4934e3baee3cc,https://files.rcsb.org/download/2FD0.cif
2g5k,2G5K,test,AM2,,,,,,"[""AM2_B_101""]",A;B,37,CN[C@@H]1[C@@H](O[C@H]2O[C@H](CO)[C@@H](N)[C@H](O)[C@H]2O)O[C@H]2C[C@@H](N)[C@@H](O[C@H]3[C@H](O)[C@@H](O)[C@H](N)C[C@@H]3N)O[C@@H]2[C@@H]1O,,Yan,455ffa49d2a194452b938670812824de1ab76129dd304271dc4b408f4dc2d532,829dd2bc8988f5bc8f4158de910536bc2f7e7ce45b4777205c5c9960a97bd0e8,https://files.rcsb.org/download/2G5K.cif
2g5q,2G5Q,test,AKN,,,,,,"[""AKN_B_51""]",A;B,40,[NH3+]CC[C@@H](O)C(=O)N[C@@H]1C[C@H]([NH3+])[C@@H](O[C@H]2O[C@H](C[NH3+])[C@@H](O)[C@H](O)[C@H]2O)[C@H](O)[C@H]1O[C@H]1O[C@H](CO)[C@@H](O)[C@H]([NH3+])[C@H]1O,,Chen;Philips;Ruiz,1c46225bbe7449d1102b627deb44140d34e08826f019c72039147e1eca9b5fee,d202b102427019e604ede5dd0b5021232e9ce7f1bca29dcd195e7c23e27c166e,https://files.rcsb.org/download/2G5Q.cif
2g9c,2G9C,test,3AY,,,,,,"[""3AY_A_91""]",A,9,Nc1cc(N)nc(N)n1,,Yan,c5d6cd4c8aa3df77563df953dab74affcbb35d6639296fec803fd6b34200853e,d98a7c005d64ac500c8edf346216174b5a8fe4581fe91121da69c38ecaf7f9ae,https://files.rcsb.org/download/2G9C.cif
2gdi,2GDI,test,TPP,,,,,,"[""TPP_X_100""]",A,26,Cc1ncc(C[n+]2csc(CCO[P@](=O)(O)OP(=O)(O)O)c2C)c(N)n1,,Chen;Philips,f9e29f952e152ed6b6dced659945f78fd76e694880dde552bd0008ee4273bcf1,40dd741a64fd2e9f033a43438fedd16b8812bb570efc545087171450ddec88b2,https://files.rcsb.org/download/2GDI.cif
2gis,2GIS,test,SAM,,,,,,"[""SAM_A_301""]",A,27,C[S@@+](CC[C@H](N)C(=O)[O-])C[C@H]1O[C@@H](n2cnc3c(N)ncnc32)[C@H](O)[C@@H]1O,,Chen,48ee22f4832c493413db6d4d5913ec1001c3c2ee6812ed045d4911fb37e5391d,1d7a573b8cd7bb82f34d65123fb397afe2088d781c0c76410a3ead33f78b4175,https://files.rcsb.org/download/2GIS.cif
2juk,2JUK,test,G0B,,,,,,"[""G0B_A_23""]",A,60,NC(=[NH2+])NC[C@@H]1O[C@H](O[C@@H]2[C@H](O[C@@H]3O[C@H](CO)[C@@H](O[C@H]4O[C@@H](CNC(N)=[NH2+])[C@H](O)[C@@H](O)[C@@H]4NC(N)=[NH2+])[C@@H]3O)[C@@H](O)[C@H](NC(N)=[NH2+])C[C@@H]2NC(N)=[NH2+])[C@@H](NC(N)=[NH2+])[C@H](O)[C@H]1O,,Ruiz,b2ad26ab6b7836cfeed38d274d1eb15712d0f1a2b351ce4a6c75fd7927f7e13a,432d5259e36d86d2144fd400305b2d9f2fc8591d9d0943f069f958797fc912ef,https://files.rcsb.org/download/2JUK.cif
2jwq,2JWQ,test,MM0,,,,,,"[""MM0_B_29""]",A;B;C;D,32,CCCNCc1ccc2nc3ccc4cc5cc(CNCCC)ccc5nc4c3cc2c1,,Yan,dac70fc2ff933b1a88cd80b3e87ed842772ee3d8755ae237991e16ed9724c2cd,0a10631dd0d074b287f12eae5a7f7cd5650e73cf2c65f555622f33bdc4317f83,https://files.rcsb.org/download/2JWQ.cif
2kgp,2KGP,test,MIX,,,,,,"[""MIX_A_26""]",A,32,O=C1c2c(O)ccc(O)c2C(=O)c2c(NCCNCCO)ccc(NCCNCCO)c21,,Chen;Yan,1399d38914f839b2a93ee49a7fcc33166ee50217d4bdacabb969d55e6b83287f,d58d2a826ecb7258018adfd564e0c0035f84000c79f95dddc1a024ee2e908b5d,https://files.rcsb.org/download/2KGP.cif
2ktz,2KTZ,test,ISH,,,,,,"[""ISH_A_39""]",A,23,CN(C)CCCn1c(N)nc2ccc3c(c21)C[C@H](CN(C)C)O3,,Chen;Yan,e374e982dc28f47bfd3d9199dd81b23c90631db4d08e3481a820e0bf9cfc17dc,351621570013a1c54b22b89a80c78e6b0c1cebe27ae1a65a46e5b962f85e419c,https://files.rcsb.org/download/2KTZ.cif
2ku0,2KU0,test,ISI,,,,,,"[""ISI_A_39""]",A,23,CN(C)CCCn1c(N)nc2ccc3c(c21)C[C@@H](CN(C)C)O3,,Chen;Yan,80de365fdb5bb95d04b78ea2ebb6a1261e7466a3a9db5b7b298086527442e27c,380380626d0b93dc38a091e4e5d6f1c1d0aeedcb434331d9055e3c7072b1f1f6,https://files.rcsb.org/download/2KU0.cif
2l94,2L94,test,L94,,,,,,"[""L94_A_46""]",A,24,C[NH+](C)CCC/[NH+]=C(\N)c1ccc(/C(N)=[NH+]/CCC[NH+](C)C)cc1,,Yan,58471708c70b4d5c26774eef1e3a2860265461d48ddb2d97e8b5044b5cc0eb27,72ca575193e5cdbd867d7e78273a3e4ac2eb7810e3d01e6d4cfaef5addcba93d,https://files.rcsb.org/download/2L94.cif
2loa,2LOA,test,C4Q,,,,,,"[""C4Q_A_101""]",A,23,c1ccc2c(CN3CCNCCNCCNCC3)ccnc2c1,,Yan,83bdeaa94fbec8beabbc71254bef7852057240414f2fa8b7eb75dacab62e2acd,77ccb50904fcfacb5b457b3a026705b60204e34ca4c559746146f0a1b4b32893,https://files.rcsb.org/download/2LOA.cif
2mb3,2MB3,test,L2H,,,,,,"[""L2H_A_25""]",A,50,Cc1oc2nc1-c1nc(co1)C(=O)N[C@@H](CCCCN)c1nc(co1)-c1nc(co1)-c1nc(co1)C(=O)N[C@@H](CCCCN)c1nc-2c(C)o1,,Yan,6c79b2ab6ab5d7fbefdd3cdb713dcdd613b45f6c8313f966f1abb2a2bb5567a7,0dc71a196f6f153025b2c6e4a1f479e09ec6b2d578ccde9bb9d185e6a471df6c,https://files.rcsb.org/download/2MB3.cif
2o3v,2O3V,test,N33,,,,,,"[""N33_A_50""]",A;B,35,N[C@@H]1[C@@H](OCO[C@@H]2[C@@H](N)[C@@H](O[C@H]3[C@H](O)[C@@H](O)[C@H](N)C[C@@H]3N)O[C@H](CO)[C@H]2O)[C@H](O)[C@@H](CO)O[C@@H]1O,,Chen;Ruiz,b544e8c21237a16a37374f122584babde275364b45fb8c49c8c7eda397ea392f,7f768bdbbc89851bedd59172e1ca64f73b44f2db6b229f4ed1a66de596917bc9,https://files.rcsb.org/download/2O3V.cif
2o3w,2O3W,test,PAR,,,,,,"[""PAR_B_101""]",A;B,42,NC[C@@H]1O[C@H](O[C@H]2[C@@H](O)[C@H](O[C@@H]3[C@@H](O)[C@H](N)C[C@H](N)[C@H]3O[C@H]3O[C@H](CO)[C@@H](O)[C@H](O)[C@H]3N)O[C@@H]2CO)[C@H](N)[C@@H](O)[C@@H]1O,,Ruiz;Yan,6c4ec820fbe04eced97400684950c67c501e69f2788989a736eb20d84a6381a4,37b96587bbb7fc29567da4e5a0b668f6701eee1c8557b217c26ebe851fcdb235,https://files.rcsb.org/download/2O3W.cif
2o3x,2O3X,test,N30,,,,,,"[""N30_B_1""]",A;B,31,NC[C@H]1O[C@@H](O[C@@H]2[C@@H](O)[C@H](N)C[C@H](N)[C@H]2O[C@H]2O[C@H](CO)[C@@H](O)[C@H](O)[C@H]2N)[C@H](O)[C@@H]1O,,Philips;Ruiz;Yan,4d9ca8c2600eb0d064b2d1dc9fb2709582b4372e8b1c301dce4e42b92ecd8706,4a9e61f1789929f8854e4de7d5715ad361fa6a741dc52692be6e41c42b30503b,https://files.rcsb.org/download/2O3X.cif
2oe5,2OE5,test,AM2,,,,,,"[""AM2_B_101""]",A;B,37,CN[C@@H]1[C@@H](O[C@H]2O[C@H](CO)[C@@H](N)[C@H](O)[C@H]2O)O[C@H]2C[C@@H](N)[C@@H](O[C@H]3[C@H](O)[C@@H](O)[C@H](N)C[C@@H]3N)O[C@@H]2[C@@H]1O,,Philips;Ruiz,08df0a94cc22768cf3d314ed5f4e501d0574f12c6bfcde6e83053d92d18755a2,e367e2df45a4cbfe58374fed719c0f24279d4889a3ba7adab4d089a5ce3988ad,https://files.rcsb.org/download/2OE5.cif
2oe8,2OE8,test,AM2,,,,,,"[""AM2_B_101""]",A;B,37,CN[C@@H]1[C@@H](O[C@H]2O[C@H](CO)[C@@H](N)[C@H](O)[C@H]2O)O[C@H]2C[C@@H](N)[C@@H](O[C@H]3[C@H](O)[C@@H](O)[C@H](N)C[C@@H]3N)O[C@@H]2[C@@H]1O,,Chen;Ruiz,6ead60f5b7de204dbadf5562f2af7745ee1b89569f570cebcf6cf94a58d95240,70fb4bbd685eeeb7e651504800f4db5f340065b1ce6cc88deccc26f09f1551ef,https://files.rcsb.org/download/2OE8.cif
2ogn,2OGN,test,G80,,,,,,"[""G80_0_2881""]",A,33,C=C[C@]1(C)C[C@@H](OC(=O)CSC2CCNCC2)[C@]2(C)[C@H](C)CC[C@]3(CCC(=O)[C@H]32)[C@@H](C)[C@@H]1O,,Philips,15fe71745205a1024cf365cf7334df4c0a98da9ab5b6987d680711caa87e8ec6,7b9ae50accf1f771f28c96f27a78201ba516e0e2295cce1bc89249c58830d4b8,https://files.rcsb.org/download/2OGN.cif
2pwt,2PWT,test,LHA,,,,,,"[""LHA_A_51""]",A;B,60,NCC[C@H](O)C(=O)N[C@@H]1C[C@H](N)[C@@H](O[C@H]2O[C@H](CO)[C@@H](O)[C@H](O)[C@H]2N)[C@H](O[C@@H]2O[C@H](CO)[C@@H](O[C@H]3O[C@@H](CN)[C@@H](O)[C@H](O)[C@H]3N)[C@H]2OCCNCCc2ccccc2)[C@H]1O,,Chen;Philips,0b4f263164d64e23a49ba5eea2411a5c372c9a55b0385314b2ea47f3218010a8,9b688518cbe461cc9deb35c3f25389b9c87664da1133872a900934d4927819ad,https://files.rcsb.org/download/2PWT.cif
2tob,2TOB,test,2TB;TOA;TOC,,,,,,"[""2TB_A_101"", ""TOA_A_100"", ""TOC_A_102""]",A,32,[NH3+]C[C@H]1O[C@H](O[C@H]2[C@H](O)[C@@H](O[C@H]3O[C@H](CO)[C@@H](O)[C@H]([NH3+])[C@H]3O)[C@H]([NH3+])C[C@@H]2[NH3+])[C@H]([NH3+])C[C@@H]1O,,Chen;Philips;Ruiz,03219225048803a3623a7356ec3700d68a1fa3fe2b0b28cf78a80b2b51604128,7c741529ffe340b3320465f0d799113eb3be7d40997646ff156ea3bc7df7804f,https://files.rcsb.org/download/2TOB.cif
2xnw,2XNW,test,ZZR,,,,,,"[""ZZR_A_1089""]",A,10,Nc1nc2[nH]nc(N)[n+]2[nH]1,,Yan,38c2c3a5283109da26c31b822419dc899adab09ea27ecb7c2992310671e27e05,5c57ae3fa14dfea50855f27c28ec0bbe9891e764ec4b72d5956b5c8153019cc2,https://files.rcsb.org/download/2XNW.cif
2xnz,2XNZ,test,3AW,,,,,,"[""3AW_A_1088""]",A,9,Cc1nc(N)nc(N)n1,,Yan,1eb0e1565e96e9d6c5fc9d9a248eeede5a96d870808fb73504cc2e16da78a27e,f8d530d5395b443c61c58a8e406203058ab015982d9fa86060c14e2a236014e9,https://files.rcsb.org/download/2XNZ.cif
2xo0,2XO0,test,ZZS,,,,,,"[""ZZS_A_110""]",A,8,Nc1ncnc(N)n1,,Yan,b0c05fc4571ad636111f66fba9b75a5499611f83830cad1373292529e76672ee,ba0c9c840549cdd8d36612e49cf3be34143c902d2f5ca96cbbeb3c5266df1aa8,https://files.rcsb.org/download/2XO0.cif
2xo1,2XO1,test,N6M,,,,,,"[""N6M_A_1081""]",A,11,CNc1ncnc2[nH]cnc12,,Yan,a776b321501e3f81a3035a91e248481120ee10d6b6efaa4e66450bf8ec372e4d,58513b1406674270acbc60bf0e9d6607357bd718caff2b6ca05f9ae66d6caa6b,https://files.rcsb.org/download/2XO1.cif
2ydh,2YDH,test,SAM,,,,,,"[""SAM_A_1100""]",A,27,C[S@@+](CC[C@H](N)C(=O)[O-])C[C@H]1O[C@@H](n2cnc3c(N)ncnc32)[C@H](O)[C@@H]1O,,Yan,f887f3a408ad8e3af100408758cf1e882079a62dad1973d3d519a1f51b1f879d,5aa05fb5d237a9f70a145647a0d2317f1aa32e44eb16f45c98823b11501366b9,https://files.rcsb.org/download/2YDH.cif
2ygh,2YGH,test,SAM,,,,,,"[""SAM_A_1096""]",A,27,C[S@@+](CC[C@H](N)C(=O)[O-])C[C@H]1O[C@@H](n2cnc3c(N)ncnc32)[C@H](O)[C@@H]1O,,Yan,26682f8935e1af219248668579ac6f2a5c6ec91c76c79607734998ffdab8121e,f8f91b0d7c6f6f963911ace4044ea62fa042917b7cba066d06b027b62e0dc46e,https://files.rcsb.org/download/2YGH.cif
316d,316D,test,,,,,,,[],A;B,,,,Yan,5ad6666e5c8083c9056a07e7deadb017cd1ae6a458528f706e1d41c41af58584,0ddc1ceb0bff3b4462502ac97c8d1b2d90dd73b75d37b149a1cda4ac149c5358,https://files.rcsb.org/download/316D.cif
3c44,3C44,test,PAR,,,,,,"[""PAR_A_24""]",A;B,42,NC[C@@H]1O[C@H](O[C@H]2[C@@H](O)[C@H](O[C@@H]3[C@@H](O)[C@H](N)C[C@H](N)[C@H]3O[C@H]3O[C@H](CO)[C@@H](O)[C@H](O)[C@H]3N)O[C@@H]2CO)[C@H](N)[C@@H](O)[C@@H]1O,,Ruiz,ba7cbc32e6600264f12231c791d17884114529e251c4ea45cb3b73761929fb01,0c68cd53e4980a44bcd43e4ea19191304223399a200f22dd28dc2fe7280270cb,https://files.rcsb.org/download/3C44.cif
3d2x,3D2X,test,D2X,,,,,,"[""D2X_A_85""]",A;B,26,Cc1ncc(C[n+]2csc(CCO[P@@](=O)(O)OP(=O)(O)O)c2C)c(O)n1,,Philips,ca8f0359c10f027fe4236b780dd17533f866d34194c47801802d328a3d29df9c,ad018d801ed3afa464946b58d64d2eb5451d4f9def2605649547304d8fe124e6,https://files.rcsb.org/download/3D2X.cif
3dil,3DIL,test,LYS,,,,,,"[""LYS_A_175""]",A,10,N[C@@H](CCCC[NH3+])C(=O)O,,Chen,ec0e0512ea8e99bd756e099d323538904cb780ff78beb858e8d0e7bf2b4901b3,d0b26a8896000b44ecc0b5bff049637b289970f786f42d181a846286e741f45a,https://files.rcsb.org/download/3DIL.cif
3ds7,3DS7,test,GNG,,,,,,"[""GNG_A_120""]",A;B,19,Nc1nc(=O)c2ncn([C@H]3C[C@H](O)[C@@H](CO)O3)c2[nH]1,,Yan,9ad4638f5259fa2fc9ba7042393d8c2e5b383b6e119e4347588e1c1c4434194a,daff30a0ac18da96bd17d8631a1d5c39dc29efd431446599867ffb6bbb194c2a,https://files.rcsb.org/download/3DS7.cif
3dvv,3DVV,test,RIO,,,,,,"[""RIO_A_27""]",A;B,31,NC[C@H]1O[C@H](O[C@H]2[C@H](O[C@@H]3O[C@H](CO)[C@@H](O)[C@H]3O)[C@@H](O)[C@H](N)C[C@@H]2N)[C@H](N)[C@@H](O)[C@@H]1O,,Chen,39e1d850ff68936b7acc1364d93aa3c97253041d62915c45bfa937b6815579f9,69ea02f64edd0a4a33ad3ebd8bc3592ab1248ba8e2f7f0702321ae8ab0407476,https://files.rcsb.org/download/3DVV.cif
3e5c,3E5C,test,SAM,,,,,,"[""SAM_A_216""]",A,27,C[S@@+](CC[C@H](N)C(=O)[O-])C[C@H]1O[C@@H](n2cnc3c(N)ncnc32)[C@H](O)[C@@H]1O,,Yan,404692c26ff8fac757e3157bae21ee08ce163d784248c740a335427a7a9cdd66,9020d923eb65d40606673e989f43618dc4c773b9618440d817637fabdb45fced,https://files.rcsb.org/download/3E5C.cif
3f2q,3F2Q,test,FMN,,,,,,"[""FMN_X_200""]",X,31,Cc1cc2nc3c(=O)[nH]c(=O)nc-3n(C[C@H](O)[C@H](O)[C@H](O)COP(=O)(O)O)c2cc1C,,Chen,dcab0ea71460aee083b1bcf958a261702437205df2346e0631e9bacb7b5b0f10,2c7f292ac1bc2b58296c5fbbfd12b8b5b0ea66fe5d6596d1c550ce663fdaf9ba,https://files.rcsb.org/download/3F2Q.cif
3fo4,3FO4,test,6GU,,,,,,"[""6GU_A_91""]",A,11,Nc1nc(Cl)c2nc[nH]c2n1,,Yan,54e508e5b016326c1560d642f60c425bda8f1d00bcf4d7ac74c663617be24717,0105bc1a310f0a396681de19e248e97d21bee9c4d4808a05dbdc7109f1333150,https://files.rcsb.org/download/3FO4.cif
3fo6,3FO6,test,6GO,,,,,,"[""6GO_A_91""]",A,12,COc1nc(N)nc2nc[nH]c12,,Yan,5fae0ac7ce57ba77401cb843fe9d87564cae9bc245a8c86ffb8a1af7cdcf4f16,67165ef56d4181fa8fafbe4abde6f7f804f8215a50722fcf2e33b3c372c98f29,https://files.rcsb.org/download/3FO6.cif
3gao,3GAO,test,XAN,,,,,,"[""XAN_A_90""]",A,11,O=c1[nH]c(=O)c2nc[nH]c2[nH]1,,Yan,a4615217a2ce994cd821e2b612756b4509b715a53dc2443724b075f19b1ca7b8,5dd117585a31cde805c39f6e986a69b2dba5f1e61294b5e06b9ab5dcb815fa79,https://files.rcsb.org/download/3GAO.cif
3ger,3GER,test,6GU,,,,,,"[""6GU_A_91""]",A,11,Nc1nc(Cl)c2nc[nH]c2n1,,Yan,a211ee2b9d81245cedd902cc02b12935d4ed6db537ec506c25d693ea01f2e800,1c95f4ad132dd50221c101525bb4fac41f1c0cae1bfe9e37d421ec1a44f9da2c,https://files.rcsb.org/download/3GER.cif
3ges,3GES,test,6GO,,,,,,"[""6GO_A_91""]",A,12,COc1nc(N)nc2nc[nH]c12,,Yan,3695cab035f3104877366c8b6d3aa40bfb0b8416a6dd88ed81f962246864bc64,97cd80282281e45837f9a4046e3f843401255d24544084927e0d1f0a87f5c7b8,https://files.rcsb.org/download/3GES.cif
3gog,3GOG,test,6GU,,,,,,"[""6GU_A_91""]",A,11,Nc1nc(Cl)c2nc[nH]c2n1,,Yan,714f065deea4740a63fb6df9b4f95943269f80bc050b7d096aa2ce3319e93f3a,1505f0f95e9b59fa63a3dcae437f8edb9bb07b2dc5867d67e3807a94c066070d,https://files.rcsb.org/download/3GOG.cif
3got,3GOT,test,A2F,,,,,,"[""A2F_A_91""]",A,11,Nc1nc(F)nc2nc[nH]c12,,Yan,3e11a69ab3b2f10733a4020b96a9068e8215dc132813acff59c497f129b6de64,79059b4421eb4086ec55210f52b3d8dae02f43fe2c1516b7705fb42e724ec62a,https://files.rcsb.org/download/3GOT.cif
3gx2,3GX2,test,SFG,,,,,,"[""SFG_A_301""]",A,27,Nc1ncnc2c1ncn2[C@@H]1O[C@H](C[C@@H](N)CC[C@H](N)C(=O)O)[C@@H](O)[C@H]1O,,Chen;Philips,13e72baa50a0e07e8abae44826c8fa61b155d62e15365c9bb3fa054f64629260,8b79149042a8810dc2404cd808f95dfc636e9f994026ae3daec36712d5e98cef,https://files.rcsb.org/download/3GX2.cif
3gx3,3GX3,test,SAH,,,,,,"[""SAH_A_301""]",A,26,Nc1ncnc2c1ncn2[C@@H]1O[C@H](CSCC[C@H](N)C(=O)O)[C@@H](O)[C@H]1O,,Chen,84261753e6834f5da7c21b17afae7b1a79eb0ad899232578b3aba94f8109ecba,a99b73b6bcf039340dbbe546a0d4bce150206597f506e21c2b9a17975fd9cc75,https://files.rcsb.org/download/3GX3.cif
3gx5,3GX5,test,SAM,,,,,,"[""SAM_A_301""]",A,27,C[S@@+](CC[C@H](N)C(=O)[O-])C[C@H]1O[C@@H](n2cnc3c(N)ncnc32)[C@H](O)[C@@H]1O,,Chen,016c279312d8fb506660016902ab710d7bb9f4f3689d5f6294c4b58bf089d557,2e71ed2b1cdb1cf2f5d88af5636d642940434f95e8c304a031747866d1fb5833,https://files.rcsb.org/download/3GX5.cif
3gx7,3GX7,test,SAM,,,,,,"[""SAM_A_301""]",A,27,C[S@@+](CC[C@H](N)C(=O)[O-])C[C@H]1O[C@@H](n2cnc3c(N)ncnc32)[C@H](O)[C@@H]1O,,Chen,be165ee03107a66f367edf9a5fbc7ced47637765afc920b1f6133a854a39f425,cd706f6233c94f71798ee96b7e44965c1e6f037659a00d716ce770c3d05110f7,https://files.rcsb.org/download/3GX7.cif
3la5,3LA5,test,5AZ,,,,,,"[""5AZ_A_84""]",A,8,Nc1ncnc(=O)[nH]1,,Chen;Yan,aaadaa08dab77236e94a377d8d391735330bb9604823d71fa38af3af9ad067cc,d1d33bfcbd89bf76211db87473a432b8e230719b50415a968cd1de65c1ea7b2f,https://files.rcsb.org/download/3LA5.cif
3mum,3MUM,test,C2E,,,,,,"[""C2E_R_1""]",P;R,46,Nc1nc2c(ncn2[C@@H]2O[C@@H]3CO[P@@](=O)(O)O[C@H]4[C@@H](O)[C@H](n5cnc6c(=O)[nH]c(N)nc65)O[C@@H]4CO[P@@](=O)(O)O[C@H]3[C@H]2O)c(=O)[nH]1,,Yan,3333e2b842ff556dc99216c74c8b99fa7d30092b1bedcc10b42971e3a3b3c5e0,d91a0d05bee9ef61998121d55918c8ae681af563b3804842aa8978884f8c66f1,https://files.rcsb.org/download/3MUM.cif
3mur,3MUR,test,C2E,,,,,,"[""C2E_R_1""]",P;R,46,Nc1nc2c(ncn2[C@@H]2O[C@@H]3CO[P@@](=O)(O)O[C@H]4[C@@H](O)[C@H](n5cnc6c(=O)[nH]c(N)nc65)O[C@@H]4CO[P@@](=O)(O)O[C@H]3[C@H]2O)c(=O)[nH]1,,Yan,2e41ad5998102de1732cae7f996678da57bc78ffac4c9e3f23baa7e3eec3a1ce,f0685b9406d9b4948ce1e6dc343daf766e80c0241aff255a6ff4f69dc70ff748,https://files.rcsb.org/download/3MUR.cif
3mxh,3MXH,test,C2E,,,,,,"[""C2E_R_1""]",P;R,46,Nc1nc2c(ncn2[C@@H]2O[C@@H]3CO[P@@](=O)(O)O[C@H]4[C@@H](O)[C@H](n5cnc6c(=O)[nH]c(N)nc65)O[C@@H]4CO[P@@](=O)(O)O[C@H]3[C@H]2O)c(=O)[nH]1,,Yan,16d8f0f2e2a3524e83e32c34c1be577e28246cea75decce8d8ca6710876bb1e5,2c6d297b398e492c161a94ea3ac4b10ee6688ad7ba702d7f33b9532ec4ca2630,https://files.rcsb.org/download/3MXH.cif
3npn,3NPN,test,SAH,,,,,,"[""SAH_A_55""]",A,26,Nc1ncnc2c1ncn2[C@@H]1O[C@H](CSCC[C@H](N)C(=O)O)[C@@H](O)[C@H]1O,,Yan,b2de7d862f56b836aaaabfb8c024bef21d27b713a1a5210602fa5fb9731f291a,77e248d5e604e4ec8d1fe9a16d820ade157e15394fe078fc49c3fc21c359b575,https://files.rcsb.org/download/3NPN.cif
3npq,3NPQ,test,SAH,,,,,,"[""SAH_A_55""]",A;B;C,26,Nc1ncnc2c1ncn2[C@@H]1O[C@H](CSCC[C@H](N)C(=O)O)[C@@H](O)[C@H]1O,,Chen,e6ed79e8cc98793ff8cdc61e57a5176fb06a9d5a5413f8034bbe305d846cc6c2,f8ebe40f1dd0a6a16c867343b805262b95e7f570793644ee59fdd49097d8dd04,https://files.rcsb.org/download/3NPQ.cif
3owz,3OWZ,test,GLY,,,,,,"[""GLY_A_89""]",A;B,5,NCC(=O)O,,Yan,208a770800400b16d2d7b1522590dc11562d3263fc13eeb73324ec0dbd5b1dac,78cb5a7ba3ea3493d7af23644046ff4704bf35582c9125b08881b607564ef4a5,https://files.rcsb.org/download/3OWZ.cif
3q3z,3Q3Z,test,C2E,,,,,,"[""C2E_V_1""]",A;V,46,Nc1nc2c(ncn2[C@@H]2O[C@@H]3CO[P@@](=O)(O)O[C@H]4[C@@H](O)[C@H](n5cnc6c(=O)[nH]c(N)nc65)O[C@@H]4CO[P@](=O)(O)O[C@H]3[C@H]2O)c(=O)[nH]1,,Chen;Yan,1d58ecce0148a60df36f0096d51537c76f827e738df56d2b5dfe4aec2189afa9,a13baa2c0aadda2100c6c7c28f7a7b8db242a94b4690b7faedcf6538d13e2d1e,https://files.rcsb.org/download/3Q3Z.cif
3q50,3Q50,test,PRF,,,,,,"[""PRF_A_34""]",A,13,NCc1c[nH]c2nc(N)[nH]c(=O)c12,,Yan,dfdeaa4bf2dd13c1302f7bd463bbff61a771f410a4df7d2eeee2d02251f097a2,24cc317d0de6d2e25095b0cc23c046fa47d194d625054d7a4c0af64a8baf4e97,https://files.rcsb.org/download/3Q50.cif
3s4p,3S4P,test,JS6,,,,,,"[""JS6_A_50""]",A;B,53,NC[C@@H]1O[C@H](O[C@H]2[C@@H](OCCNCCc3ccccc3)[C@H](O[C@@H]3[C@@H](O)[C@H](N)C[C@H](N)[C@H]3O[C@H]3O[C@H](CO)[C@@H](O)[C@H](O)[C@H]3N)O[C@@H]2CO)[C@H](N)[C@@H](O)[C@@H]1O,,Yan,dd0a3a32111f818f8210687af6db68e1a7298563fadc56977a83439eb9776008,5fc87e2e45ccd8078de16655b7d5252f4c9b0cf13276306e070e20e50a0ddf49,https://files.rcsb.org/download/3S4P.cif
3slm,3SLM,test,DGP,,,,,,"[""DGP_A_120""]",A;B,23,Nc1nc2c(ncn2[C@H]2C[C@H](O)[C@@H](COP(=O)(O)O)O2)c(=O)[nH]1,,Yan,e31cc4168382be59485854f9298bd273875875ccc652e82662122558f2f651d5,7a18bc1b06732a8d7e1d4dbbf8524cc3759cfabdccb5706392376b0be82f1b74,https://files.rcsb.org/download/3SLM.cif
407d,407D,test,HP1,,,,,,"[""HP1_A_22""]",A;B,48,CN(C)CCCNC(=O)CCNC(=O)c1cc(NC(=O)c2cc(NC(=O)c3c(O)c(NC(=O)c4nccn4C)cn3C)cn2C)cn1C,,Yan,48d0aff7b33b604d2a05c284b45e913a762a5f53976ad28129b654058a320d36,03fb990e6ae84e9a24312d28ddd8c5893d07cfaa5bdee570e7ea65162b9bc64e,https://files.rcsb.org/download/407D.cif
408d,408D,test,IPY,,,,,,"[""IPY_B_21""]",A;B,47,Cn1cc(NC(=O)c2cc(NC(=O)c3cc(NC(=O)c4nccn4C)cn3C)cn2C)cc1C(=O)NCCC(=O)NCCC[NH+](C)C,,Yan,139eae3425800681f20e09d9b3387d5ecfac2e7a65b8ae4ee6ccef98aad485ca,6363e86ba7c676adc53a822b212dd65b56fda0135677497f2e0b8b7d5e707e85,https://files.rcsb.org/download/408D.cif
4aob,4AOB,test,SAM,,,,,,"[""SAM_A_1116""]",A,27,C[S@@+](CC[C@H](N)C(=O)[O-])C[C@H]1O[C@@H](n2cnc3c(N)ncnc32)[C@H](O)[C@@H]1O,,Yan,97ec0e2ca39e1083c26faa2632f862ba09863aafbc46d51b3a7afdf217c4acaa,990919eb56bad1c7a82cf90bae0254adcc92584deeb47dbc8931b3ce231005b1,https://files.rcsb.org/download/4AOB.cif
4erj,4ERJ,test,ACA,,,,,,"[""ACA_A_201""]",A,9,NCCCCCC(=O)O,,Yan,3bc2f0b7af19c09b5c125ac6fd9de8e2f13b10265540673dfbf18c7f504574c9,ff9e748aa99472d3275d3f814c8b6d6895391479ccb1c0be75b3a05b3346d07b,https://files.rcsb.org/download/4ERJ.cif
4fe5,4FE5,test,HPA,,,,,,"[""HPA_B_101""]",B,10,O=c1[nH]cnc2nc[nH]c12,,Yan,d699c23d3a2786896a910b84316de28fdffe606b7e938e7e04cfaa9873150321,921a8a975d3a31530861fb3957e5c2b0c33828b1870c7cc98b09c4c8184b8ea6,https://files.rcsb.org/download/4FE5.cif
4jf2,4JF2,test,PRF,,,,,,"[""PRF_A_101""]",A,13,NCc1c[nH]c2nc(N)[nH]c(=O)c12,,Yan,aad1c7f207197c2aa0460cfca92804d3717e2825a5892d8a9cec1fa45db0bb90,2e0757fba389e37c9c9e8cd451f97e5730a5e0a2bf8425df824ed5a02fca6428,https://files.rcsb.org/download/4JF2.cif
4kqy,4KQY,test,SAM,,,,,,"[""SAM_A_201""]",A,27,C[S@@+](CC[C@H](N)C(=O)[O-])C[C@H]1O[C@@H](n2cnc3c(N)ncnc32)[C@H](O)[C@@H]1O,,Yan,2f234288912e48daf5d9e24967a8b6f7f0be7832d8477c933788f69e65ca0048,26d8500ae3df4f52bf8a2bfce63639afb4390345880366d84486f192bedb74b9,https://files.rcsb.org/download/4KQY.cif
4lvv,4LVV,test,FFO,,,,,,"[""FFO_A_101""]",A,34,Nc1nc2c(c(=O)[nH]1)N(C=O)[C@@H](CNc1ccc(C(=O)N[C@@H](CCC(=O)[O-])C(=O)[O-])cc1)CN2,,Yan,462d5766e0915bb5ce81a5487633f79880e003a1ec5fb7ca17d7edc8452b6e20,2bf5cf6d22e85ffb20156defc3435ac61a6984e99209d8baf3a83fc1438df2e6,https://files.rcsb.org/download/4LVV.cif
