panel,method_id,benchmark_set,metric,x_value,n_complexes,estimate_pct,sample_sd_pct,ci95_low_pct,ci95_high_pct,bootstrap_iterations,bootstrap_seed,resampling,interpretation
A,autodock_gpu,All128,success_rmsd_lt_2A,1,128,11.45833333,3.692043458,7.291666667,16.40625,10000,20260906,"top-level run/pool, then complexes within selected unit",descriptive interval; does not correct test-informed family selection
A,autodock_gpu,All128,success_rmsd_lt_2A,2,128,16.40625,3.4053898,11.45833333,21.09375,10000,20260906,"top-level run/pool, then complexes within selected unit",descriptive interval; does not correct test-informed family selection
A,autodock_gpu,All128,success_rmsd_lt_2A,3,128,22.39583333,1.966102718,17.96875,26.82942708,10000,20260906,"top-level run/pool, then complexes within selected unit",descriptive interval; does not correct test-informed family selection
A,autodock_gpu,All128,success_rmsd_lt_2A,4,128,26.30208333,3.522851369,20.83333333,31.77083333,10000,20260906,"top-level run/pool, then complexes within selected unit",descriptive interval; does not correct test-informed family selection
A,autodock_gpu,All128,success_rmsd_lt_2A,5,128,28.64583333,3.522851369,23.17708333,34.11458333,10000,20260906,"top-level run/pool, then complexes within selected unit",descriptive interval; does not correct test-informed family selection
A,autodock_gpu,All128,success_rmsd_lt_2A,6,128,30.20833333,3.157384285,25,35.41666667,10000,20260906,"top-level run/pool, then complexes within selected unit",descriptive interval; does not correct test-informed family selection
A,autodock_gpu,All128,success_rmsd_lt_2A,7,128,32.8125,3.125,27.34375,38.28125,10000,20260906,"top-level run/pool, then complexes within selected unit",descriptive interval; does not correct test-informed family selection
A,autodock_gpu,All128,success_rmsd_lt_2A,8,128,33.59375,2.066993212,28.64583333,38.54166667,10000,20260906,"top-level run/pool, then complexes within selected unit",descriptive interval; does not correct test-informed family selection
A,autodock_gpu,All128,success_rmsd_lt_2A,9,128,34.89583333,2.743659831,29.42708333,40.10416667,10000,20260906,"top-level run/pool, then complexes within selected unit",descriptive interval; does not correct test-informed family selection
A,autodock_gpu,All128,success_rmsd_lt_2A,10,128,35.67708333,2.386758174,30.46875,40.88541667,10000,20260906,"top-level run/pool, then complexes within selected unit",descriptive interval; does not correct test-informed family selection
A,autodock_gpu,All128,success_rmsd_lt_2A,11,128,36.45833333,2.386758174,31.25,41.66666667,10000,20260906,"top-level run/pool, then complexes within selected unit",descriptive interval; does not correct test-informed family selection
A,autodock_gpu,All128,success_rmsd_lt_2A,12,128,37.5,2.34375,32.29166667,42.70833333,10000,20260906,"top-level run/pool, then complexes within selected unit",descriptive interval; does not correct test-informed family selection
A,autodock_gpu,All128,success_rmsd_lt_2A,13,128,38.28125,2.816836934,32.8125,43.75,10000,20260906,"top-level run/pool, then complexes within selected unit",descriptive interval; does not correct test-informed family selection
A,autodock_gpu,All128,success_rmsd_lt_2A,14,128,38.80208333,3.157384285,33.07291667,44.53125,10000,20260906,"top-level run/pool, then complexes within selected unit",descriptive interval; does not correct test-informed family selection
A,autodock_gpu,All128,success_rmsd_lt_2A,15,128,39.0625,2.816836934,33.59375,44.53125,10000,20260906,"top-level run/pool, then complexes within selected unit",descriptive interval; does not correct test-informed family selection
A,autodock_gpu,All128,success_rmsd_lt_2A,16,128,39.58333333,2.386758174,34.375,44.79166667,10000,20260906,"top-level run/pool, then complexes within selected unit",descriptive interval; does not correct test-informed family selection
A,autodock_gpu,All128,success_rmsd_lt_2A,17,128,40.88541667,1.193379087,35.67708333,45.83333333,10000,20260906,"top-level run/pool, then complexes within selected unit",descriptive interval; does not correct test-informed family selection
A,autodock_gpu,All128,success_rmsd_lt_2A,18,128,40.88541667,1.193379087,35.67708333,45.83333333,10000,20260906,"top-level run/pool, then complexes within selected unit",descriptive interval; does not correct test-informed family selection
A,autodock_gpu,All128,success_rmsd_lt_2A,19,128,41.14583333,1.626301562,35.9375,46.09375,10000,20260906,"top-level run/pool, then complexes within selected unit",descriptive interval; does not correct test-informed family selection
A,autodock_gpu,All128,success_rmsd_lt_2A,20,128,41.66666667,1.193379087,36.71875,46.61458333,10000,20260906,"top-level run/pool, then complexes within selected unit",descriptive interval; does not correct test-informed family selection
A,autodock_gpu,All128,success_rmsd_lt_2A,21,128,41.92708333,1.626301562,36.71875,46.875,10000,20260906,"top-level run/pool, then complexes within selected unit",descriptive interval; does not correct test-informed family selection
A,autodock_gpu,All128,success_rmsd_lt_2A,22,128,41.92708333,1.626301562,36.71875,46.875,10000,20260906,"top-level run/pool, then complexes within selected unit",descriptive interval; does not correct test-informed family selection
A,autodock_gpu,All128,success_rmsd_lt_2A,23,128,42.1875,1.5625,36.97916667,47.13541667,10000,20260906,"top-level run/pool, then complexes within selected unit",descriptive interval; does not correct test-informed family selection
A,autodock_gpu,All128,success_rmsd_lt_2A,24,128,42.44791667,1.193379087,37.23958333,47.39583333,10000,20260906,"top-level run/pool, then complexes within selected unit",descriptive interval; does not correct test-informed family selection
A,autodock_gpu,All128,success_rmsd_lt_2A,25,128,42.44791667,1.193379087,37.23958333,47.39583333,10000,20260906,"top-level run/pool, then complexes within selected unit",descriptive interval; does not correct test-informed family selection
A,autodock_gpu,All128,success_rmsd_lt_2A,26,128,42.70833333,0.9021097956,37.76041667,47.65625,10000,20260906,"top-level run/pool, then complexes within selected unit",descriptive interval; does not correct test-informed family selection
A,autodock_gpu,All128,success_rmsd_lt_2A,27,128,42.70833333,0.9021097956,37.76041667,47.65625,10000,20260906,"top-level run/pool, then complexes within selected unit",descriptive interval; does not correct test-informed family selection
A,autodock_gpu,All128,success_rmsd_lt_2A,28,128,42.70833333,0.9021097956,37.76041667,47.65625,10000,20260906,"top-level run/pool, then complexes within selected unit",descriptive interval; does not correct test-informed family selection
A,autodock_gpu,All128,success_rmsd_lt_2A,29,128,43.22916667,1.193379087,38.28125,48.17708333,10000,20260906,"top-level run/pool, then complexes within selected unit",descriptive interval; does not correct test-informed family selection
A,autodock_gpu,All128,success_rmsd_lt_2A,30,128,43.22916667,1.193379087,38.28125,48.17708333,10000,20260906,"top-level run/pool, then complexes within selected unit",descriptive interval; does not correct test-informed family selection
A,autodock_gpu,All128,success_rmsd_lt_2A,31,128,43.22916667,1.193379087,38.28125,48.17708333,10000,20260906,"top-level run/pool, then complexes within selected unit",descriptive interval; does not correct test-informed family selection
A,autodock_gpu,All128,success_rmsd_lt_2A,32,128,44.01041667,0.4510548978,39.0625,48.69791667,10000,20260906,"top-level run/pool, then complexes within selected unit",descriptive interval; does not correct test-informed family selection
A,autodock_gpu,All128,success_rmsd_lt_2A,33,128,44.79166667,0.4510548978,39.84375,49.73958333,10000,20260906,"top-level run/pool, then complexes within selected unit",descriptive interval; does not correct test-informed family selection
A,autodock_gpu,All128,success_rmsd_lt_2A,34,128,44.79166667,0.4510548978,39.84375,49.73958333,10000,20260906,"top-level run/pool, then complexes within selected unit",descriptive interval; does not correct test-informed family selection
A,autodock_gpu,All128,success_rmsd_lt_2A,35,128,44.79166667,0.4510548978,39.84375,49.73958333,10000,20260906,"top-level run/pool, then complexes within selected unit",descriptive interval; does not correct test-informed family selection
A,autodock_gpu,All128,success_rmsd_lt_2A,36,128,45.05208333,0.4510548978,40.10416667,49.73958333,10000,20260906,"top-level run/pool, then complexes within selected unit",descriptive interval; does not correct test-informed family selection
A,autodock_gpu,All128,success_rmsd_lt_2A,37,128,45.3125,0.78125,40.36458333,50.26041667,10000,20260906,"top-level run/pool, then complexes within selected unit",descriptive interval; does not correct test-informed family selection
A,autodock_gpu,All128,success_rmsd_lt_2A,38,128,45.3125,0.78125,40.36458333,50.26041667,10000,20260906,"top-level run/pool, then complexes within selected unit",descriptive interval; does not correct test-informed family selection
A,autodock_gpu,All128,success_rmsd_lt_2A,39,128,45.57291667,0.9021097956,40.625,50.52083333,10000,20260906,"top-level run/pool, then complexes within selected unit",descriptive interval; does not correct test-informed family selection
A,autodock_gpu,All128,success_rmsd_lt_2A,40,128,45.57291667,0.9021097956,40.625,50.52083333,10000,20260906,"top-level run/pool, then complexes within selected unit",descriptive interval; does not correct test-informed family selection
A,ledock,All128,success_rmsd_lt_2A,1,128,28.64583333,2.743659831,23.69791667,33.85416667,10000,20260906,"top-level run/pool, then complexes within selected unit",descriptive interval; does not correct test-informed family selection
A,ledock,All128,success_rmsd_lt_2A,2,128,33.59375,2.706329387,28.38541667,39.0625,10000,20260906,"top-level run/pool, then complexes within selected unit",descriptive interval; does not correct test-informed family selection
A,ledock,All128,success_rmsd_lt_2A,3,128,38.28125,1.5625,33.33333333,43.22916667,10000,20260906,"top-level run/pool, then complexes within selected unit",descriptive interval; does not correct test-informed family selection
A,ledock,All128,success_rmsd_lt_2A,4,128,40.10416667,1.804219591,35.15625,45.3125,10000,20260906,"top-level run/pool, then complexes within selected unit",descriptive interval; does not correct test-informed family selection
A,ledock,All128,success_rmsd_lt_2A,5,128,41.92708333,0.9021097956,36.97916667,46.875,10000,20260906,"top-level run/pool, then complexes within selected unit",descriptive interval; does not correct test-informed family selection
A,ledock,All128,success_rmsd_lt_2A,6,128,42.96875,1.353164693,38.02083333,48.17708333,10000,20260906,"top-level run/pool, then complexes within selected unit",descriptive interval; does not correct test-informed family selection
A,ledock,All128,success_rmsd_lt_2A,7,128,44.79166667,0.9021097956,39.84375,49.73958333,10000,20260906,"top-level run/pool, then complexes within selected unit",descriptive interval; does not correct test-informed family selection
A,ledock,All128,success_rmsd_lt_2A,8,128,46.09375,1.353164693,41.14583333,51.30208333,10000,20260906,"top-level run/pool, then complexes within selected unit",descriptive interval; does not correct test-informed family selection
A,ledock,All128,success_rmsd_lt_2A,9,128,46.61458333,1.804219591,41.40625,51.82291667,10000,20260906,"top-level run/pool, then complexes within selected unit",descriptive interval; does not correct test-informed family selection
A,ledock,All128,success_rmsd_lt_2A,10,128,46.875,2.066993212,41.66666667,52.34375,10000,20260906,"top-level run/pool, then complexes within selected unit",descriptive interval; does not correct test-informed family selection
A,ledock,All128,success_rmsd_lt_2A,11,128,47.39583333,1.966102718,42.1875,52.86458333,10000,20260906,"top-level run/pool, then complexes within selected unit",descriptive interval; does not correct test-informed family selection
A,ledock,All128,success_rmsd_lt_2A,12,128,48.95833333,1.626301562,43.75,54.16666667,10000,20260906,"top-level run/pool, then complexes within selected unit",descriptive interval; does not correct test-informed family selection
A,ledock,All128,success_rmsd_lt_2A,13,128,49.21875,2.066993212,44.01041667,54.6875,10000,20260906,"top-level run/pool, then complexes within selected unit",descriptive interval; does not correct test-informed family selection
A,ledock,All128,success_rmsd_lt_2A,14,128,50,2.706329387,44.53125,55.72916667,10000,20260906,"top-level run/pool, then complexes within selected unit",descriptive interval; does not correct test-informed family selection
A,ledock,All128,success_rmsd_lt_2A,15,128,50.52083333,2.386758174,45.05208333,55.98958333,10000,20260906,"top-level run/pool, then complexes within selected unit",descriptive interval; does not correct test-informed family selection
A,ledock,All128,success_rmsd_lt_2A,16,128,51.5625,2.066993212,46.35416667,57.03125,10000,20260906,"top-level run/pool, then complexes within selected unit",descriptive interval; does not correct test-informed family selection
A,ledock,All128,success_rmsd_lt_2A,17,128,53.64583333,1.626301562,48.4375,58.85416667,10000,20260906,"top-level run/pool, then complexes within selected unit",descriptive interval; does not correct test-informed family selection
A,ledock,All128,success_rmsd_lt_2A,18,128,54.16666667,2.511367386,48.69791667,59.63541667,10000,20260906,"top-level run/pool, then complexes within selected unit",descriptive interval; does not correct test-informed family selection
A,ledock,All128,success_rmsd_lt_2A,19,128,54.6875,2.34375,49.47916667,60.15625,10000,20260906,"top-level run/pool, then complexes within selected unit",descriptive interval; does not correct test-informed family selection
A,ledock,All128,success_rmsd_lt_2A,20,128,54.94791667,2.743659831,49.47916667,60.41666667,10000,20260906,"top-level run/pool, then complexes within selected unit",descriptive interval; does not correct test-informed family selection
A,ledock,All128,success_rmsd_lt_2A,21,128,54.94791667,2.743659831,49.47916667,60.41666667,10000,20260906,"top-level run/pool, then complexes within selected unit",descriptive interval; does not correct test-informed family selection
A,ledock,All128,success_rmsd_lt_2A,22,128,55.20833333,2.743659831,49.73958333,60.67708333,10000,20260906,"top-level run/pool, then complexes within selected unit",descriptive interval; does not correct test-informed family selection
A,ledock,All128,success_rmsd_lt_2A,23,128,55.46875,2.816836934,50,60.9375,10000,20260906,"top-level run/pool, then complexes within selected unit",descriptive interval; does not correct test-informed family selection
A,ledock,All128,success_rmsd_lt_2A,24,128,55.72916667,3.157384285,50,61.45833333,10000,20260906,"top-level run/pool, then complexes within selected unit",descriptive interval; does not correct test-informed family selection
A,ledock,All128,success_rmsd_lt_2A,25,128,55.98958333,2.743659831,50.52083333,61.45833333,10000,20260906,"top-level run/pool, then complexes within selected unit",descriptive interval; does not correct test-informed family selection
A,ledock,All128,success_rmsd_lt_2A,26,128,56.51041667,2.743659831,51.04166667,61.97916667,10000,20260906,"top-level run/pool, then complexes within selected unit",descriptive interval; does not correct test-informed family selection
A,ledock,All128,success_rmsd_lt_2A,27,128,56.51041667,2.743659831,51.04166667,61.97916667,10000,20260906,"top-level run/pool, then complexes within selected unit",descriptive interval; does not correct test-informed family selection
A,ledock,All128,success_rmsd_lt_2A,28,128,57.03125,3.125,51.30208333,62.76041667,10000,20260906,"top-level run/pool, then complexes within selected unit",descriptive interval; does not correct test-informed family selection
A,ledock,All128,success_rmsd_lt_2A,29,128,57.03125,3.125,51.30208333,62.76041667,10000,20260906,"top-level run/pool, then complexes within selected unit",descriptive interval; does not correct test-informed family selection
A,ledock,All128,success_rmsd_lt_2A,30,128,57.03125,3.125,51.30208333,62.76041667,10000,20260906,"top-level run/pool, then complexes within selected unit",descriptive interval; does not correct test-informed family selection
A,ledock,All128,success_rmsd_lt_2A,31,128,57.29166667,2.743659831,51.82291667,62.76041667,10000,20260906,"top-level run/pool, then complexes within selected unit",descriptive interval; does not correct test-informed family selection
A,ledock,All128,success_rmsd_lt_2A,32,128,57.8125,2.066993212,52.60416667,63.02083333,10000,20260906,"top-level run/pool, then complexes within selected unit",descriptive interval; does not correct test-informed family selection
A,ledock,All128,success_rmsd_lt_2A,33,128,58.07291667,2.511367386,52.60416667,63.54166667,10000,20260906,"top-level run/pool, then complexes within selected unit",descriptive interval; does not correct test-informed family selection
A,ledock,All128,success_rmsd_lt_2A,34,128,58.07291667,2.511367386,52.60416667,63.54166667,10000,20260906,"top-level run/pool, then complexes within selected unit",descriptive interval; does not correct test-informed family selection
A,ledock,All128,success_rmsd_lt_2A,35,128,58.33333333,2.255274489,52.86458333,63.54166667,10000,20260906,"top-level run/pool, then complexes within selected unit",descriptive interval; does not correct test-informed family selection
A,ledock,All128,success_rmsd_lt_2A,36,128,58.59375,2.706329387,53.125,64.0625,10000,20260906,"top-level run/pool, then complexes within selected unit",descriptive interval; does not correct test-informed family selection
A,ledock,All128,success_rmsd_lt_2A,37,128,58.59375,2.706329387,53.125,64.0625,10000,20260906,"top-level run/pool, then complexes within selected unit",descriptive interval; does not correct test-informed family selection
A,ledock,All128,success_rmsd_lt_2A,38,128,58.59375,2.706329387,53.125,64.0625,10000,20260906,"top-level run/pool, then complexes within selected unit",descriptive interval; does not correct test-informed family selection
A,ledock,All128,success_rmsd_lt_2A,39,128,58.59375,2.706329387,53.125,64.0625,10000,20260906,"top-level run/pool, then complexes within selected unit",descriptive interval; does not correct test-informed family selection
A,ledock,All128,success_rmsd_lt_2A,40,128,58.59375,2.706329387,53.125,64.0625,10000,20260906,"top-level run/pool, then complexes within selected unit",descriptive interval; does not correct test-informed family selection
A,rdock,All128,success_rmsd_lt_2A,1,128,29.16666667,1.193379087,24.73958333,33.85416667,10000,20260906,"top-level run/pool, then complexes within selected unit",descriptive interval; does not correct test-informed family selection
A,rdock,All128,success_rmsd_lt_2A,2,128,31.77083333,1.966102718,27.08333333,36.71875,10000,20260906,"top-level run/pool, then complexes within selected unit",descriptive interval; does not correct test-informed family selection
A,rdock,All128,success_rmsd_lt_2A,3,128,33.33333333,1.966102718,28.38541667,38.54166667,10000,20260906,"top-level run/pool, then complexes within selected unit",descriptive interval; does not correct test-informed family selection
A,rdock,All128,success_rmsd_lt_2A,4,128,34.63541667,2.255274489,29.42708333,39.84375,10000,20260906,"top-level run/pool, then complexes within selected unit",descriptive interval; does not correct test-informed family selection
A,rdock,All128,success_rmsd_lt_2A,5,128,35.67708333,3.157384285,29.94791667,41.14583333,10000,20260906,"top-level run/pool, then complexes within selected unit",descriptive interval; does not correct test-informed family selection
A,rdock,All128,success_rmsd_lt_2A,6,128,35.9375,2.706329387,30.46875,41.40625,10000,20260906,"top-level run/pool, then complexes within selected unit",descriptive interval; does not correct test-informed family selection
A,rdock,All128,success_rmsd_lt_2A,7,128,36.71875,1.353164693,31.77083333,41.66666667,10000,20260906,"top-level run/pool, then complexes within selected unit",descriptive interval; does not correct test-informed family selection
A,rdock,All128,success_rmsd_lt_2A,8,128,37.76041667,1.626301562,32.55208333,42.96875,10000,20260906,"top-level run/pool, then complexes within selected unit",descriptive interval; does not correct test-informed family selection
A,rdock,All128,success_rmsd_lt_2A,9,128,38.54166667,2.386758174,33.33333333,44.01041667,10000,20260906,"top-level run/pool, then complexes within selected unit",descriptive interval; does not correct test-informed family selection
A,rdock,All128,success_rmsd_lt_2A,10,128,38.80208333,2.511367386,33.58723958,44.27083333,10000,20260906,"top-level run/pool, then complexes within selected unit",descriptive interval; does not correct test-informed family selection
A,rdock,All128,success_rmsd_lt_2A,11,128,38.80208333,2.511367386,33.58723958,44.27083333,10000,20260906,"top-level run/pool, then complexes within selected unit",descriptive interval; does not correct test-informed family selection
A,rdock,All128,success_rmsd_lt_2A,12,128,39.32291667,2.386758174,33.85416667,44.79166667,10000,20260906,"top-level run/pool, then complexes within selected unit",descriptive interval; does not correct test-informed family selection
A,rdock,All128,success_rmsd_lt_2A,13,128,39.84375,2.066993212,34.63541667,45.05208333,10000,20260906,"top-level run/pool, then complexes within selected unit",descriptive interval; does not correct test-informed family selection
A,rdock,All128,success_rmsd_lt_2A,14,128,39.84375,2.066993212,34.63541667,45.05208333,10000,20260906,"top-level run/pool, then complexes within selected unit",descriptive interval; does not correct test-informed family selection
A,rdock,All128,success_rmsd_lt_2A,15,128,40.36458333,1.804219591,35.15625,45.57291667,10000,20260906,"top-level run/pool, then complexes within selected unit",descriptive interval; does not correct test-informed family selection
A,rdock,All128,success_rmsd_lt_2A,16,128,40.36458333,1.804219591,35.15625,45.57291667,10000,20260906,"top-level run/pool, then complexes within selected unit",descriptive interval; does not correct test-informed family selection
A,rdock,All128,success_rmsd_lt_2A,17,128,40.625,2.066993212,35.41666667,45.83333333,10000,20260906,"top-level run/pool, then complexes within selected unit",descriptive interval; does not correct test-informed family selection
A,rdock,All128,success_rmsd_lt_2A,18,128,40.88541667,2.255274489,35.67708333,46.35416667,10000,20260906,"top-level run/pool, then complexes within selected unit",descriptive interval; does not correct test-informed family selection
A,rdock,All128,success_rmsd_lt_2A,19,128,41.40625,2.066993212,36.19791667,46.62109375,10000,20260906,"top-level run/pool, then complexes within selected unit",descriptive interval; does not correct test-informed family selection
A,rdock,All128,success_rmsd_lt_2A,20,128,41.66666667,2.386758174,36.19791667,47.13541667,10000,20260906,"top-level run/pool, then complexes within selected unit",descriptive interval; does not correct test-informed family selection
A,rdock,All128,success_rmsd_lt_2A,21,128,42.44791667,3.157384285,36.71875,48.17708333,10000,20260906,"top-level run/pool, then complexes within selected unit",descriptive interval; does not correct test-informed family selection
A,rdock,All128,success_rmsd_lt_2A,22,128,42.70833333,2.743659831,37.23958333,48.4375,10000,20260906,"top-level run/pool, then complexes within selected unit",descriptive interval; does not correct test-informed family selection
A,rdock,All128,success_rmsd_lt_2A,23,128,43.22916667,2.957764763,37.5,48.95833333,10000,20260906,"top-level run/pool, then complexes within selected unit",descriptive interval; does not correct test-informed family selection
A,rdock,All128,success_rmsd_lt_2A,24,128,43.22916667,2.957764763,37.5,48.95833333,10000,20260906,"top-level run/pool, then complexes within selected unit",descriptive interval; does not correct test-informed family selection
A,rdock,All128,success_rmsd_lt_2A,25,128,43.48958333,3.157384285,37.76041667,49.21875,10000,20260906,"top-level run/pool, then complexes within selected unit",descriptive interval; does not correct test-informed family selection
A,rdock,All128,success_rmsd_lt_2A,26,128,43.48958333,3.157384285,37.76041667,49.21875,10000,20260906,"top-level run/pool, then complexes within selected unit",descriptive interval; does not correct test-informed family selection
A,rdock,All128,success_rmsd_lt_2A,27,128,43.48958333,3.157384285,37.76041667,49.21875,10000,20260906,"top-level run/pool, then complexes within selected unit",descriptive interval; does not correct test-informed family selection
A,rdock,All128,success_rmsd_lt_2A,28,128,43.75,2.706329387,38.28125,49.21875,10000,20260906,"top-level run/pool, then complexes within selected unit",descriptive interval; does not correct test-informed family selection
A,rdock,All128,success_rmsd_lt_2A,29,128,44.01041667,2.957764763,38.53515625,49.73958333,10000,20260906,"top-level run/pool, then complexes within selected unit",descriptive interval; does not correct test-informed family selection
A,rdock,All128,success_rmsd_lt_2A,30,128,44.53125,2.816836934,39.0625,50.26041667,10000,20260906,"top-level run/pool, then complexes within selected unit",descriptive interval; does not correct test-informed family selection
A,rdock,All128,success_rmsd_lt_2A,31,128,44.79166667,2.386758174,39.32291667,50.26692708,10000,20260906,"top-level run/pool, then complexes within selected unit",descriptive interval; does not correct test-informed family selection
A,rdock,All128,success_rmsd_lt_2A,32,128,44.79166667,2.386758174,39.32291667,50.26692708,10000,20260906,"top-level run/pool, then complexes within selected unit",descriptive interval; does not correct test-informed family selection
A,rdock,All128,success_rmsd_lt_2A,33,128,44.79166667,2.386758174,39.32291667,50.26692708,10000,20260906,"top-level run/pool, then complexes within selected unit",descriptive interval; does not correct test-informed family selection
A,rdock,All128,success_rmsd_lt_2A,34,128,44.79166667,2.386758174,39.32291667,50.26692708,10000,20260906,"top-level run/pool, then complexes within selected unit",descriptive interval; does not correct test-informed family selection
A,rdock,All128,success_rmsd_lt_2A,35,128,44.79166667,2.386758174,39.32291667,50.26692708,10000,20260906,"top-level run/pool, then complexes within selected unit",descriptive interval; does not correct test-informed family selection
A,rdock,All128,success_rmsd_lt_2A,36,128,44.79166667,2.386758174,39.32291667,50.26692708,10000,20260906,"top-level run/pool, then complexes within selected unit",descriptive interval; does not correct test-informed family selection
A,rdock,All128,success_rmsd_lt_2A,37,128,44.79166667,2.386758174,39.32291667,50.26692708,10000,20260906,"top-level run/pool, then complexes within selected unit",descriptive interval; does not correct test-informed family selection
A,rdock,All128,success_rmsd_lt_2A,38,128,44.79166667,2.386758174,39.32291667,50.26692708,10000,20260906,"top-level run/pool, then complexes within selected unit",descriptive interval; does not correct test-informed family selection
A,rdock,All128,success_rmsd_lt_2A,39,128,44.79166667,2.386758174,39.32291667,50.26692708,10000,20260906,"top-level run/pool, then complexes within selected unit",descriptive interval; does not correct test-informed family selection
A,rdock,All128,success_rmsd_lt_2A,40,128,44.79166667,2.386758174,39.32291667,50.26692708,10000,20260906,"top-level run/pool, then complexes within selected unit",descriptive interval; does not correct test-informed family selection
A,vina,All128,success_rmsd_lt_2A,1,128,23.17708333,0.4510548978,19.01041667,27.60416667,10000,20260906,"top-level run/pool, then complexes within selected unit",descriptive interval; does not correct test-informed family selection
A,vina,All128,success_rmsd_lt_2A,2,128,25.26041667,1.193379087,20.83333333,29.94791667,10000,20260906,"top-level run/pool, then complexes within selected unit",descriptive interval; does not correct test-informed family selection
A,vina,All128,success_rmsd_lt_2A,3,128,28.38541667,1.193379087,23.69791667,33.07291667,10000,20260906,"top-level run/pool, then complexes within selected unit",descriptive interval; does not correct test-informed family selection
A,vina,All128,success_rmsd_lt_2A,4,128,30.72916667,0.9021097956,26.04166667,35.42317708,10000,20260906,"top-level run/pool, then complexes within selected unit",descriptive interval; does not correct test-informed family selection
A,vina,All128,success_rmsd_lt_2A,5,128,32.8125,2.066993212,27.86458333,38.02083333,10000,20260906,"top-level run/pool, then complexes within selected unit",descriptive interval; does not correct test-informed family selection
A,vina,All128,success_rmsd_lt_2A,6,128,33.85416667,2.255274489,28.64583333,39.0625,10000,20260906,"top-level run/pool, then complexes within selected unit",descriptive interval; does not correct test-informed family selection
A,vina,All128,success_rmsd_lt_2A,7,128,34.89583333,1.804219591,29.94791667,39.84375,10000,20260906,"top-level run/pool, then complexes within selected unit",descriptive interval; does not correct test-informed family selection
A,vina,All128,success_rmsd_lt_2A,8,128,35.41666667,1.626301562,30.46875,40.36458333,10000,20260906,"top-level run/pool, then complexes within selected unit",descriptive interval; does not correct test-informed family selection
A,vina,All128,success_rmsd_lt_2A,9,128,36.19791667,1.626301562,31.25,41.14583333,10000,20260906,"top-level run/pool, then complexes within selected unit",descriptive interval; does not correct test-informed family selection
A,vina,All128,success_rmsd_lt_2A,10,128,37.5,1.5625,32.55208333,42.44791667,10000,20260906,"top-level run/pool, then complexes within selected unit",descriptive interval; does not correct test-informed family selection
A,vina,All128,success_rmsd_lt_2A,11,128,38.54166667,1.193379087,33.59375,43.48958333,10000,20260906,"top-level run/pool, then complexes within selected unit",descriptive interval; does not correct test-informed family selection
A,vina,All128,success_rmsd_lt_2A,12,128,38.54166667,1.193379087,33.59375,43.48958333,10000,20260906,"top-level run/pool, then complexes within selected unit",descriptive interval; does not correct test-informed family selection
A,vina,All128,success_rmsd_lt_2A,13,128,39.32291667,0.9021097956,34.375,44.27083333,10000,20260906,"top-level run/pool, then complexes within selected unit",descriptive interval; does not correct test-informed family selection
A,vina,All128,success_rmsd_lt_2A,14,128,39.58333333,1.193379087,34.63541667,44.53125,10000,20260906,"top-level run/pool, then complexes within selected unit",descriptive interval; does not correct test-informed family selection
A,vina,All128,success_rmsd_lt_2A,15,128,39.84375,1.5625,34.63541667,45.05208333,10000,20260906,"top-level run/pool, then complexes within selected unit",descriptive interval; does not correct test-informed family selection
A,vina,All128,success_rmsd_lt_2A,16,128,40.10416667,1.966102718,34.89583333,45.3125,10000,20260906,"top-level run/pool, then complexes within selected unit",descriptive interval; does not correct test-informed family selection
A,vina,All128,success_rmsd_lt_2A,17,128,40.36458333,1.966102718,35.15625,45.57291667,10000,20260906,"top-level run/pool, then complexes within selected unit",descriptive interval; does not correct test-informed family selection
A,vina,All128,success_rmsd_lt_2A,18,128,41.14583333,2.511367386,35.67708333,46.61458333,10000,20260906,"top-level run/pool, then complexes within selected unit",descriptive interval; does not correct test-informed family selection
A,vina,All128,success_rmsd_lt_2A,19,128,41.66666667,2.957764763,35.9375,47.39583333,10000,20260906,"top-level run/pool, then complexes within selected unit",descriptive interval; does not correct test-informed family selection
A,vina,All128,success_rmsd_lt_2A,20,128,41.66666667,2.957764763,35.9375,47.39583333,10000,20260906,"top-level run/pool, then complexes within selected unit",descriptive interval; does not correct test-informed family selection
A,vina,All128,success_rmsd_lt_2A,21,128,41.92708333,2.511367386,36.45833333,47.39583333,10000,20260906,"top-level run/pool, then complexes within selected unit",descriptive interval; does not correct test-informed family selection
A,vina,All128,success_rmsd_lt_2A,22,128,42.44791667,2.386758174,36.97916667,47.91666667,10000,20260906,"top-level run/pool, then complexes within selected unit",descriptive interval; does not correct test-informed family selection
A,vina,All128,success_rmsd_lt_2A,23,128,42.70833333,2.511367386,37.23958333,48.17708333,10000,20260906,"top-level run/pool, then complexes within selected unit",descriptive interval; does not correct test-informed family selection
A,vina,All128,success_rmsd_lt_2A,24,128,43.22916667,2.255274489,37.76041667,48.69791667,10000,20260906,"top-level run/pool, then complexes within selected unit",descriptive interval; does not correct test-informed family selection
A,vina,All128,success_rmsd_lt_2A,25,128,43.22916667,2.255274489,37.76041667,48.69791667,10000,20260906,"top-level run/pool, then complexes within selected unit",descriptive interval; does not correct test-informed family selection
A,vina,All128,success_rmsd_lt_2A,26,128,43.48958333,2.511367386,38.02083333,48.95833333,10000,20260906,"top-level run/pool, then complexes within selected unit",descriptive interval; does not correct test-informed family selection
A,vina,All128,success_rmsd_lt_2A,27,128,43.75,2.706329387,38.28125,49.21875,10000,20260906,"top-level run/pool, then complexes within selected unit",descriptive interval; does not correct test-informed family selection
A,vina,All128,success_rmsd_lt_2A,28,128,43.75,2.706329387,38.28125,49.21875,10000,20260906,"top-level run/pool, then complexes within selected unit",descriptive interval; does not correct test-informed family selection
A,vina,All128,success_rmsd_lt_2A,29,128,43.75,2.706329387,38.28125,49.21875,10000,20260906,"top-level run/pool, then complexes within selected unit",descriptive interval; does not correct test-informed family selection
A,vina,All128,success_rmsd_lt_2A,30,128,43.75,2.706329387,38.28125,49.21875,10000,20260906,"top-level run/pool, then complexes within selected unit",descriptive interval; does not correct test-informed family selection
A,vina,All128,success_rmsd_lt_2A,31,128,43.75,2.706329387,38.28125,49.21875,10000,20260906,"top-level run/pool, then complexes within selected unit",descriptive interval; does not correct test-informed family selection
A,vina,All128,success_rmsd_lt_2A,32,128,43.75,2.706329387,38.28125,49.21875,10000,20260906,"top-level run/pool, then complexes within selected unit",descriptive interval; does not correct test-informed family selection
A,vina,All128,success_rmsd_lt_2A,33,128,43.75,2.706329387,38.28125,49.21875,10000,20260906,"top-level run/pool, then complexes within selected unit",descriptive interval; does not correct test-informed family selection
A,vina,All128,success_rmsd_lt_2A,34,128,43.75,2.706329387,38.28125,49.21875,10000,20260906,"top-level run/pool, then complexes within selected unit",descriptive interval; does not correct test-informed family selection
A,vina,All128,success_rmsd_lt_2A,35,128,43.75,2.706329387,38.28125,49.21875,10000,20260906,"top-level run/pool, then complexes within selected unit",descriptive interval; does not correct test-informed family selection
A,vina,All128,success_rmsd_lt_2A,36,128,43.75,2.706329387,38.28125,49.21875,10000,20260906,"top-level run/pool, then complexes within selected unit",descriptive interval; does not correct test-informed family selection
A,vina,All128,success_rmsd_lt_2A,37,128,44.01041667,2.957764763,38.28125,49.73958333,10000,20260906,"top-level run/pool, then complexes within selected unit",descriptive interval; does not correct test-informed family selection
A,vina,All128,success_rmsd_lt_2A,38,128,44.01041667,2.957764763,38.28125,49.73958333,10000,20260906,"top-level run/pool, then complexes within selected unit",descriptive interval; does not correct test-informed family selection
A,vina,All128,success_rmsd_lt_2A,39,128,44.01041667,2.957764763,38.28125,49.73958333,10000,20260906,"top-level run/pool, then complexes within selected unit",descriptive interval; does not correct test-informed family selection
A,vina,All128,success_rmsd_lt_2A,40,128,44.01041667,2.957764763,38.28125,49.73958333,10000,20260906,"top-level run/pool, then complexes within selected unit",descriptive interval; does not correct test-informed family selection
A,plants,All128,success_rmsd_lt_2A,1,128,28.64583333,1.804219591,23.95833333,33.59375,10000,20260906,"top-level run/pool, then complexes within selected unit",descriptive interval; does not correct test-informed family selection
A,plants,All128,success_rmsd_lt_2A,2,128,31.51041667,1.626301562,26.5625,36.45833333,10000,20260906,"top-level run/pool, then complexes within selected unit",descriptive interval; does not correct test-informed family selection
A,plants,All128,success_rmsd_lt_2A,3,128,35.15625,1.5625,30.20833333,40.10416667,10000,20260906,"top-level run/pool, then complexes within selected unit",descriptive interval; does not correct test-informed family selection
A,plants,All128,success_rmsd_lt_2A,4,128,35.9375,0.78125,31.25,40.625,10000,20260906,"top-level run/pool, then complexes within selected unit",descriptive interval; does not correct test-informed family selection
A,plants,All128,success_rmsd_lt_2A,5,128,36.71875,1.5625,31.77083333,41.66666667,10000,20260906,"top-level run/pool, then complexes within selected unit",descriptive interval; does not correct test-informed family selection
A,plants,All128,success_rmsd_lt_2A,6,128,38.02083333,1.193379087,33.07291667,42.96875,10000,20260906,"top-level run/pool, then complexes within selected unit",descriptive interval; does not correct test-informed family selection
A,plants,All128,success_rmsd_lt_2A,7,128,38.02083333,1.193379087,33.07291667,42.96875,10000,20260906,"top-level run/pool, then complexes within selected unit",descriptive interval; does not correct test-informed family selection
A,plants,All128,success_rmsd_lt_2A,8,128,38.28125,1.353164693,33.33333333,43.22916667,10000,20260906,"top-level run/pool, then complexes within selected unit",descriptive interval; does not correct test-informed family selection
A,plants,All128,success_rmsd_lt_2A,9,128,38.54166667,1.626301562,33.59375,43.48958333,10000,20260906,"top-level run/pool, then complexes within selected unit",descriptive interval; does not correct test-informed family selection
A,plants,All128,success_rmsd_lt_2A,10,128,38.80208333,1.804219591,33.85416667,44.01041667,10000,20260906,"top-level run/pool, then complexes within selected unit",descriptive interval; does not correct test-informed family selection
A,plants,All128,success_rmsd_lt_2A,11,128,38.80208333,1.804219591,33.85416667,44.01041667,10000,20260906,"top-level run/pool, then complexes within selected unit",descriptive interval; does not correct test-informed family selection
A,plants,All128,success_rmsd_lt_2A,12,128,39.0625,2.066993212,33.85416667,44.27083333,10000,20260906,"top-level run/pool, then complexes within selected unit",descriptive interval; does not correct test-informed family selection
A,plants,All128,success_rmsd_lt_2A,13,128,39.0625,2.066993212,33.85416667,44.27083333,10000,20260906,"top-level run/pool, then complexes within selected unit",descriptive interval; does not correct test-informed family selection
A,plants,All128,success_rmsd_lt_2A,14,128,39.58333333,1.804219591,34.63541667,44.79166667,10000,20260906,"top-level run/pool, then complexes within selected unit",descriptive interval; does not correct test-informed family selection
A,plants,All128,success_rmsd_lt_2A,15,128,39.58333333,1.804219591,34.63541667,44.79166667,10000,20260906,"top-level run/pool, then complexes within selected unit",descriptive interval; does not correct test-informed family selection
A,plants,All128,success_rmsd_lt_2A,16,128,39.58333333,1.804219591,34.63541667,44.79166667,10000,20260906,"top-level run/pool, then complexes within selected unit",descriptive interval; does not correct test-informed family selection
A,plants,All128,success_rmsd_lt_2A,17,128,39.58333333,1.804219591,34.63541667,44.79166667,10000,20260906,"top-level run/pool, then complexes within selected unit",descriptive interval; does not correct test-informed family selection
A,plants,All128,success_rmsd_lt_2A,18,128,39.84375,2.066993212,34.63541667,45.05208333,10000,20260906,"top-level run/pool, then complexes within selected unit",descriptive interval; does not correct test-informed family selection
A,plants,All128,success_rmsd_lt_2A,19,128,39.84375,2.066993212,34.63541667,45.05208333,10000,20260906,"top-level run/pool, then complexes within selected unit",descriptive interval; does not correct test-informed family selection
A,plants,All128,success_rmsd_lt_2A,20,128,39.84375,2.066993212,34.63541667,45.05208333,10000,20260906,"top-level run/pool, then complexes within selected unit",descriptive interval; does not correct test-informed family selection
A,plants,All128,success_rmsd_lt_2A,21,128,39.84375,2.066993212,34.63541667,45.05208333,10000,20260906,"top-level run/pool, then complexes within selected unit",descriptive interval; does not correct test-informed family selection
A,plants,All128,success_rmsd_lt_2A,22,128,40.10416667,2.255274489,34.89583333,45.3125,10000,20260906,"top-level run/pool, then complexes within selected unit",descriptive interval; does not correct test-informed family selection
A,plants,All128,success_rmsd_lt_2A,23,128,40.10416667,2.255274489,34.89583333,45.3125,10000,20260906,"top-level run/pool, then complexes within selected unit",descriptive interval; does not correct test-informed family selection
A,plants,All128,success_rmsd_lt_2A,24,128,40.10416667,2.255274489,34.89583333,45.3125,10000,20260906,"top-level run/pool, then complexes within selected unit",descriptive interval; does not correct test-informed family selection
A,plants,All128,success_rmsd_lt_2A,25,128,40.36458333,2.511367386,34.89583333,45.83333333,10000,20260906,"top-level run/pool, then complexes within selected unit",descriptive interval; does not correct test-informed family selection
A,plants,All128,success_rmsd_lt_2A,26,128,40.625,2.066993212,35.41666667,45.83333333,10000,20260906,"top-level run/pool, then complexes within selected unit",descriptive interval; does not correct test-informed family selection
A,plants,All128,success_rmsd_lt_2A,27,128,40.625,2.066993212,35.41666667,45.83333333,10000,20260906,"top-level run/pool, then complexes within selected unit",descriptive interval; does not correct test-informed family selection
A,plants,All128,success_rmsd_lt_2A,28,128,40.88541667,2.255274489,35.67708333,46.09375,10000,20260906,"top-level run/pool, then complexes within selected unit",descriptive interval; does not correct test-informed family selection
A,plants,All128,success_rmsd_lt_2A,29,128,40.88541667,2.255274489,35.67708333,46.09375,10000,20260906,"top-level run/pool, then complexes within selected unit",descriptive interval; does not correct test-informed family selection
A,plants,All128,success_rmsd_lt_2A,30,128,40.88541667,2.255274489,35.67708333,46.09375,10000,20260906,"top-level run/pool, then complexes within selected unit",descriptive interval; does not correct test-informed family selection
A,plants,All128,success_rmsd_lt_2A,31,128,41.40625,2.706329387,35.9375,46.875,10000,20260906,"top-level run/pool, then complexes within selected unit",descriptive interval; does not correct test-informed family selection
A,plants,All128,success_rmsd_lt_2A,32,128,41.40625,2.706329387,35.9375,46.875,10000,20260906,"top-level run/pool, then complexes within selected unit",descriptive interval; does not correct test-informed family selection
A,plants,All128,success_rmsd_lt_2A,33,128,41.40625,2.706329387,35.9375,46.875,10000,20260906,"top-level run/pool, then complexes within selected unit",descriptive interval; does not correct test-informed family selection
A,plants,All128,success_rmsd_lt_2A,34,128,41.40625,2.706329387,35.9375,46.875,10000,20260906,"top-level run/pool, then complexes within selected unit",descriptive interval; does not correct test-informed family selection
A,plants,All128,success_rmsd_lt_2A,35,128,41.66666667,2.255274489,36.45833333,47.13541667,10000,20260906,"top-level run/pool, then complexes within selected unit",descriptive interval; does not correct test-informed family selection
A,plants,All128,success_rmsd_lt_2A,36,128,41.66666667,2.255274489,36.45833333,47.13541667,10000,20260906,"top-level run/pool, then complexes within selected unit",descriptive interval; does not correct test-informed family selection
A,plants,All128,success_rmsd_lt_2A,37,128,41.66666667,2.255274489,36.45833333,47.13541667,10000,20260906,"top-level run/pool, then complexes within selected unit",descriptive interval; does not correct test-informed family selection
A,plants,All128,success_rmsd_lt_2A,38,128,41.66666667,2.255274489,36.45833333,47.13541667,10000,20260906,"top-level run/pool, then complexes within selected unit",descriptive interval; does not correct test-informed family selection
A,plants,All128,success_rmsd_lt_2A,39,128,41.66666667,2.255274489,36.45833333,47.13541667,10000,20260906,"top-level run/pool, then complexes within selected unit",descriptive interval; does not correct test-informed family selection
A,plants,All128,success_rmsd_lt_2A,40,128,41.92708333,1.804219591,36.71875,47.13541667,10000,20260906,"top-level run/pool, then complexes within selected unit",descriptive interval; does not correct test-informed family selection
A,surfna,All128,success_rmsd_lt_2A,1,128,49.21875,3.125,43.48958333,55.20833333,10000,20260906,"top-level run/pool, then complexes within selected unit",descriptive interval; does not correct test-informed family selection
A,surfna,All128,success_rmsd_lt_2A,2,128,56.77083333,2.386758174,51.5625,62.23958333,10000,20260906,"top-level run/pool, then complexes within selected unit",descriptive interval; does not correct test-informed family selection
A,surfna,All128,success_rmsd_lt_2A,3,128,60.67708333,1.193379087,55.72916667,65.625,10000,20260906,"top-level run/pool, then complexes within selected unit",descriptive interval; does not correct test-informed family selection
A,surfna,All128,success_rmsd_lt_2A,4,128,63.28125,1.353164693,58.33333333,68.22916667,10000,20260906,"top-level run/pool, then complexes within selected unit",descriptive interval; does not correct test-informed family selection
A,surfna,All128,success_rmsd_lt_2A,5,128,63.80208333,1.966102718,58.59375,69.01041667,10000,20260906,"top-level run/pool, then complexes within selected unit",descriptive interval; does not correct test-informed family selection
A,surfna,All128,success_rmsd_lt_2A,6,128,64.84375,2.34375,59.63541667,70.05208333,10000,20260906,"top-level run/pool, then complexes within selected unit",descriptive interval; does not correct test-informed family selection
A,surfna,All128,success_rmsd_lt_2A,7,128,65.625,1.5625,60.67708333,70.57291667,10000,20260906,"top-level run/pool, then complexes within selected unit",descriptive interval; does not correct test-informed family selection
A,surfna,All128,success_rmsd_lt_2A,8,128,66.40625,2.816836934,60.9375,71.875,10000,20260906,"top-level run/pool, then complexes within selected unit",descriptive interval; does not correct test-informed family selection
A,surfna,All128,success_rmsd_lt_2A,9,128,66.92708333,2.386758174,61.71875,72.13541667,10000,20260906,"top-level run/pool, then complexes within selected unit",descriptive interval; does not correct test-informed family selection
A,surfna,All128,success_rmsd_lt_2A,10,128,67.96875,1.353164693,63.02083333,72.91666667,10000,20260906,"top-level run/pool, then complexes within selected unit",descriptive interval; does not correct test-informed family selection
A,surfna,All128,success_rmsd_lt_2A,11,128,68.48958333,2.255274489,63.28125,73.69791667,10000,20260906,"top-level run/pool, then complexes within selected unit",descriptive interval; does not correct test-informed family selection
A,surfna,All128,success_rmsd_lt_2A,12,128,69.79166667,1.966102718,64.84375,74.73958333,10000,20260906,"top-level run/pool, then complexes within selected unit",descriptive interval; does not correct test-informed family selection
A,surfna,All128,success_rmsd_lt_2A,13,128,70.3125,2.066993212,65.36458333,75.26041667,10000,20260906,"top-level run/pool, then complexes within selected unit",descriptive interval; does not correct test-informed family selection
A,surfna,All128,success_rmsd_lt_2A,14,128,70.57291667,1.966102718,65.625,75.52083333,10000,20260906,"top-level run/pool, then complexes within selected unit",descriptive interval; does not correct test-informed family selection
A,surfna,All128,success_rmsd_lt_2A,15,128,71.09375,2.066993212,66.14583333,76.04166667,10000,20260906,"top-level run/pool, then complexes within selected unit",descriptive interval; does not correct test-informed family selection
A,surfna,All128,success_rmsd_lt_2A,16,128,71.35416667,1.804219591,66.40625,76.04166667,10000,20260906,"top-level run/pool, then complexes within selected unit",descriptive interval; does not correct test-informed family selection
A,surfna,All128,success_rmsd_lt_2A,17,128,71.61458333,1.626301562,66.92708333,76.30208333,10000,20260906,"top-level run/pool, then complexes within selected unit",descriptive interval; does not correct test-informed family selection
A,surfna,All128,success_rmsd_lt_2A,18,128,71.875,1.5625,67.1875,76.5625,10000,20260906,"top-level run/pool, then complexes within selected unit",descriptive interval; does not correct test-informed family selection
A,surfna,All128,success_rmsd_lt_2A,19,128,72.13541667,1.626301562,67.1875,76.82291667,10000,20260906,"top-level run/pool, then complexes within selected unit",descriptive interval; does not correct test-informed family selection
A,surfna,All128,success_rmsd_lt_2A,20,128,72.39583333,1.804219591,67.44791667,77.08333333,10000,20260906,"top-level run/pool, then complexes within selected unit",descriptive interval; does not correct test-informed family selection
A,surfna,All128,success_rmsd_lt_2A,21,128,72.65625,2.066993212,67.70833333,77.34375,10000,20260906,"top-level run/pool, then complexes within selected unit",descriptive interval; does not correct test-informed family selection
A,surfna,All128,success_rmsd_lt_2A,22,128,72.65625,2.066993212,67.70833333,77.34375,10000,20260906,"top-level run/pool, then complexes within selected unit",descriptive interval; does not correct test-informed family selection
A,surfna,All128,success_rmsd_lt_2A,23,128,72.65625,2.066993212,67.70833333,77.34375,10000,20260906,"top-level run/pool, then complexes within selected unit",descriptive interval; does not correct test-informed family selection
A,surfna,All128,success_rmsd_lt_2A,24,128,72.65625,2.066993212,67.70833333,77.34375,10000,20260906,"top-level run/pool, then complexes within selected unit",descriptive interval; does not correct test-informed family selection
A,surfna,All128,success_rmsd_lt_2A,25,128,72.65625,2.066993212,67.70833333,77.34375,10000,20260906,"top-level run/pool, then complexes within selected unit",descriptive interval; does not correct test-informed family selection
A,surfna,All128,success_rmsd_lt_2A,26,128,72.65625,2.066993212,67.70833333,77.34375,10000,20260906,"top-level run/pool, then complexes within selected unit",descriptive interval; does not correct test-informed family selection
A,surfna,All128,success_rmsd_lt_2A,27,128,72.91666667,1.626301562,68.22916667,77.60416667,10000,20260906,"top-level run/pool, then complexes within selected unit",descriptive interval; does not correct test-informed family selection
A,surfna,All128,success_rmsd_lt_2A,28,128,72.91666667,1.626301562,68.22916667,77.60416667,10000,20260906,"top-level run/pool, then complexes within selected unit",descriptive interval; does not correct test-informed family selection
A,surfna,All128,success_rmsd_lt_2A,29,128,72.91666667,1.626301562,68.22916667,77.60416667,10000,20260906,"top-level run/pool, then complexes within selected unit",descriptive interval; does not correct test-informed family selection
A,surfna,All128,success_rmsd_lt_2A,30,128,72.91666667,1.626301562,68.22916667,77.60416667,10000,20260906,"top-level run/pool, then complexes within selected unit",descriptive interval; does not correct test-informed family selection
A,surfna,All128,success_rmsd_lt_2A,31,128,72.91666667,1.626301562,68.22916667,77.60416667,10000,20260906,"top-level run/pool, then complexes within selected unit",descriptive interval; does not correct test-informed family selection
A,surfna,All128,success_rmsd_lt_2A,32,128,72.91666667,1.626301562,68.22916667,77.60416667,10000,20260906,"top-level run/pool, then complexes within selected unit",descriptive interval; does not correct test-informed family selection
A,surfna,All128,success_rmsd_lt_2A,33,128,73.17708333,1.193379087,68.48958333,77.60416667,10000,20260906,"top-level run/pool, then complexes within selected unit",descriptive interval; does not correct test-informed family selection
A,surfna,All128,success_rmsd_lt_2A,34,128,73.17708333,1.193379087,68.48958333,77.60416667,10000,20260906,"top-level run/pool, then complexes within selected unit",descriptive interval; does not correct test-informed family selection
A,surfna,All128,success_rmsd_lt_2A,35,128,73.17708333,1.193379087,68.48958333,77.60416667,10000,20260906,"top-level run/pool, then complexes within selected unit",descriptive interval; does not correct test-informed family selection
A,surfna,All128,success_rmsd_lt_2A,36,128,73.17708333,1.193379087,68.48958333,77.60416667,10000,20260906,"top-level run/pool, then complexes within selected unit",descriptive interval; does not correct test-informed family selection
A,surfna,All128,success_rmsd_lt_2A,37,128,73.17708333,1.193379087,68.48958333,77.60416667,10000,20260906,"top-level run/pool, then complexes within selected unit",descriptive interval; does not correct test-informed family selection
A,surfna,All128,success_rmsd_lt_2A,38,128,73.17708333,1.193379087,68.48958333,77.60416667,10000,20260906,"top-level run/pool, then complexes within selected unit",descriptive interval; does not correct test-informed family selection
A,surfna,All128,success_rmsd_lt_2A,39,128,73.17708333,1.193379087,68.48958333,77.60416667,10000,20260906,"top-level run/pool, then complexes within selected unit",descriptive interval; does not correct test-informed family selection
A,surfna,All128,success_rmsd_lt_2A,40,128,73.17708333,1.193379087,68.48958333,77.60416667,10000,20260906,"top-level run/pool, then complexes within selected unit",descriptive interval; does not correct test-informed family selection
B,autodock_gpu,All128,top1_rmsd_ecdf_strict_lt,0,128,0,0,0,0,10000,20260906,"top-level run/pool, then complexes within selected unit",descriptive interval; does not correct test-informed family selection
B,autodock_gpu,All128,top1_rmsd_ecdf_strict_lt,0.05,128,0,0,0,0,10000,20260906,"top-level run/pool, then complexes within selected unit",descriptive interval; does not correct test-informed family selection
B,autodock_gpu,All128,top1_rmsd_ecdf_strict_lt,0.1,128,0,0,0,0,10000,20260906,"top-level run/pool, then complexes within selected unit",descriptive interval; does not correct test-informed family selection
B,autodock_gpu,All128,top1_rmsd_ecdf_strict_lt,0.15,128,0,0,0,0,10000,20260906,"top-level run/pool, then complexes within selected unit",descriptive interval; does not correct test-informed family selection
B,autodock_gpu,All128,top1_rmsd_ecdf_strict_lt,0.2,128,0,0,0,0,10000,20260906,"top-level run/pool, then complexes within selected unit",descriptive interval; does not correct test-informed family selection
B,autodock_gpu,All128,top1_rmsd_ecdf_strict_lt,0.25,128,0.2604166667,0.4510548978,0,1.041666667,10000,20260906,"top-level run/pool, then complexes within selected unit",descriptive interval; does not correct test-informed family selection
B,autodock_gpu,All128,top1_rmsd_ecdf_strict_lt,0.3,128,0.2604166667,0.4510548978,0,1.041666667,10000,20260906,"top-level run/pool, then complexes within selected unit",descriptive interval; does not correct test-informed family selection
B,autodock_gpu,All128,top1_rmsd_ecdf_strict_lt,0.35,128,0.2604166667,0.4510548978,0,1.041666667,10000,20260906,"top-level run/pool, then complexes within selected unit",descriptive interval; does not correct test-informed family selection
B,autodock_gpu,All128,top1_rmsd_ecdf_strict_lt,0.4,128,0.5208333333,0.4510548978,0,1.5625,10000,20260906,"top-level run/pool, then complexes within selected unit",descriptive interval; does not correct test-informed family selection
B,autodock_gpu,All128,top1_rmsd_ecdf_strict_lt,0.45,128,0.78125,0,0,1.822916667,10000,20260906,"top-level run/pool, then complexes within selected unit",descriptive interval; does not correct test-informed family selection
B,autodock_gpu,All128,top1_rmsd_ecdf_strict_lt,0.5,128,0.78125,0,0,1.822916667,10000,20260906,"top-level run/pool, then complexes within selected unit",descriptive interval; does not correct test-informed family selection
B,autodock_gpu,All128,top1_rmsd_ecdf_strict_lt,0.55,128,1.041666667,0.4510548978,0.2604166667,2.34375,10000,20260906,"top-level run/pool, then complexes within selected unit",descriptive interval; does not correct test-informed family selection
B,autodock_gpu,All128,top1_rmsd_ecdf_strict_lt,0.6,128,1.5625,0,0.5208333333,2.864583333,10000,20260906,"top-level run/pool, then complexes within selected unit",descriptive interval; does not correct test-informed family selection
B,autodock_gpu,All128,top1_rmsd_ecdf_strict_lt,0.65,128,1.5625,0,0.5208333333,2.864583333,10000,20260906,"top-level run/pool, then complexes within selected unit",descriptive interval; does not correct test-informed family selection
B,autodock_gpu,All128,top1_rmsd_ecdf_strict_lt,0.7,128,2.604166667,0.4510548978,1.041666667,4.427083333,10000,20260906,"top-level run/pool, then complexes within selected unit",descriptive interval; does not correct test-informed family selection
B,autodock_gpu,All128,top1_rmsd_ecdf_strict_lt,0.75,128,2.864583333,0.4510548978,1.302083333,4.6875,10000,20260906,"top-level run/pool, then complexes within selected unit",descriptive interval; does not correct test-informed family selection
B,autodock_gpu,All128,top1_rmsd_ecdf_strict_lt,0.8,128,3.125,0,1.5625,4.947916667,10000,20260906,"top-level run/pool, then complexes within selected unit",descriptive interval; does not correct test-informed family selection
B,autodock_gpu,All128,top1_rmsd_ecdf_strict_lt,0.85,128,3.125,0,1.5625,4.947916667,10000,20260906,"top-level run/pool, then complexes within selected unit",descriptive interval; does not correct test-informed family selection
B,autodock_gpu,All128,top1_rmsd_ecdf_strict_lt,0.9,128,3.645833333,0.9021097956,1.822916667,5.989583333,10000,20260906,"top-level run/pool, then complexes within selected unit",descriptive interval; does not correct test-informed family selection
B,autodock_gpu,All128,top1_rmsd_ecdf_strict_lt,0.95,128,3.90625,1.353164693,1.822916667,6.510416667,10000,20260906,"top-level run/pool, then complexes within selected unit",descriptive interval; does not correct test-informed family selection
B,autodock_gpu,All128,top1_rmsd_ecdf_strict_lt,1,128,4.166666667,1.193379087,2.083333333,6.510416667,10000,20260906,"top-level run/pool, then complexes within selected unit",descriptive interval; does not correct test-informed family selection
B,autodock_gpu,All128,top1_rmsd_ecdf_strict_lt,1.05,128,5.208333333,1.626301562,2.864583333,8.072916667,10000,20260906,"top-level run/pool, then complexes within selected unit",descriptive interval; does not correct test-informed family selection
B,autodock_gpu,All128,top1_rmsd_ecdf_strict_lt,1.1,128,5.46875,1.353164693,3.125,8.333333333,10000,20260906,"top-level run/pool, then complexes within selected unit",descriptive interval; does not correct test-informed family selection
B,autodock_gpu,All128,top1_rmsd_ecdf_strict_lt,1.15,128,5.46875,1.353164693,3.125,8.333333333,10000,20260906,"top-level run/pool, then complexes within selected unit",descriptive interval; does not correct test-informed family selection
B,autodock_gpu,All128,top1_rmsd_ecdf_strict_lt,1.2,128,6.510416667,1.193379087,3.90625,9.375,10000,20260906,"top-level run/pool, then complexes within selected unit",descriptive interval; does not correct test-informed family selection
B,autodock_gpu,All128,top1_rmsd_ecdf_strict_lt,1.25,128,6.770833333,1.626301562,4.166666667,9.895833333,10000,20260906,"top-level run/pool, then complexes within selected unit",descriptive interval; does not correct test-informed family selection
B,autodock_gpu,All128,top1_rmsd_ecdf_strict_lt,1.3,128,6.770833333,1.626301562,4.166666667,9.895833333,10000,20260906,"top-level run/pool, then complexes within selected unit",descriptive interval; does not correct test-informed family selection
B,autodock_gpu,All128,top1_rmsd_ecdf_strict_lt,1.35,128,7.291666667,1.966102718,4.427083333,10.67708333,10000,20260906,"top-level run/pool, then complexes within selected unit",descriptive interval; does not correct test-informed family selection
B,autodock_gpu,All128,top1_rmsd_ecdf_strict_lt,1.4,128,7.552083333,1.966102718,4.427083333,10.9375,10000,20260906,"top-level run/pool, then complexes within selected unit",descriptive interval; does not correct test-informed family selection
B,autodock_gpu,All128,top1_rmsd_ecdf_strict_lt,1.45,128,7.552083333,1.966102718,4.427083333,10.9375,10000,20260906,"top-level run/pool, then complexes within selected unit",descriptive interval; does not correct test-informed family selection
B,autodock_gpu,All128,top1_rmsd_ecdf_strict_lt,1.5,128,8.072916667,2.743659831,4.6875,11.97916667,10000,20260906,"top-level run/pool, then complexes within selected unit",descriptive interval; does not correct test-informed family selection
B,autodock_gpu,All128,top1_rmsd_ecdf_strict_lt,1.55,128,8.072916667,2.743659831,4.6875,11.97916667,10000,20260906,"top-level run/pool, then complexes within selected unit",descriptive interval; does not correct test-informed family selection
B,autodock_gpu,All128,top1_rmsd_ecdf_strict_lt,1.6,128,8.59375,2.816836934,5.208333333,12.76041667,10000,20260906,"top-level run/pool, then complexes within selected unit",descriptive interval; does not correct test-informed family selection
B,autodock_gpu,All128,top1_rmsd_ecdf_strict_lt,1.65,128,9.635416667,3.252603124,5.729166667,14.0625,10000,20260906,"top-level run/pool, then complexes within selected unit",descriptive interval; does not correct test-informed family selection
B,autodock_gpu,All128,top1_rmsd_ecdf_strict_lt,1.7,128,9.895833333,3.692043458,5.989583333,14.84375,10000,20260906,"top-level run/pool, then complexes within selected unit",descriptive interval; does not correct test-informed family selection
B,autodock_gpu,All128,top1_rmsd_ecdf_strict_lt,1.75,128,10.67708333,3.608439182,6.770833333,15.625,10000,20260906,"top-level run/pool, then complexes within selected unit",descriptive interval; does not correct test-informed family selection
B,autodock_gpu,All128,top1_rmsd_ecdf_strict_lt,1.8,128,10.67708333,3.608439182,6.770833333,15.625,10000,20260906,"top-level run/pool, then complexes within selected unit",descriptive interval; does not correct test-informed family selection
B,autodock_gpu,All128,top1_rmsd_ecdf_strict_lt,1.85,128,10.9375,4.05949408,6.770833333,16.14583333,10000,20260906,"top-level run/pool, then complexes within selected unit",descriptive interval; does not correct test-informed family selection
B,autodock_gpu,All128,top1_rmsd_ecdf_strict_lt,1.9,128,10.9375,4.05949408,6.770833333,16.14583333,10000,20260906,"top-level run/pool, then complexes within selected unit",descriptive interval; does not correct test-informed family selection
B,autodock_gpu,All128,top1_rmsd_ecdf_strict_lt,1.95,128,11.45833333,3.692043458,7.291666667,16.40625,10000,20260906,"top-level run/pool, then complexes within selected unit",descriptive interval; does not correct test-informed family selection
B,autodock_gpu,All128,top1_rmsd_ecdf_strict_lt,2,128,11.45833333,3.692043458,7.291666667,16.40625,10000,20260906,"top-level run/pool, then complexes within selected unit",descriptive interval; does not correct test-informed family selection
B,autodock_gpu,All128,top1_rmsd_ecdf_strict_lt,2.05,128,11.71875,4.133986424,7.291666667,16.92708333,10000,20260906,"top-level run/pool, then complexes within selected unit",descriptive interval; does not correct test-informed family selection
B,autodock_gpu,All128,top1_rmsd_ecdf_strict_lt,2.1,128,12.23958333,3.608439182,8.072916667,17.1875,10000,20260906,"top-level run/pool, then complexes within selected unit",descriptive interval; does not correct test-informed family selection
B,autodock_gpu,All128,top1_rmsd_ecdf_strict_lt,2.15,128,12.23958333,3.608439182,8.072916667,17.1875,10000,20260906,"top-level run/pool, then complexes within selected unit",descriptive interval; does not correct test-informed family selection
B,autodock_gpu,All128,top1_rmsd_ecdf_strict_lt,2.2,128,13.02083333,2.957764763,9.114583333,17.70833333,10000,20260906,"top-level run/pool, then complexes within selected unit",descriptive interval; does not correct test-informed family selection
B,autodock_gpu,All128,top1_rmsd_ecdf_strict_lt,2.25,128,13.80208333,4.30278949,9.114583333,19.53125,10000,20260906,"top-level run/pool, then complexes within selected unit",descriptive interval; does not correct test-informed family selection
B,autodock_gpu,All128,top1_rmsd_ecdf_strict_lt,2.3,128,13.80208333,4.30278949,9.114583333,19.53125,10000,20260906,"top-level run/pool, then complexes within selected unit",descriptive interval; does not correct test-informed family selection
B,autodock_gpu,All128,top1_rmsd_ecdf_strict_lt,2.35,128,13.80208333,4.30278949,9.114583333,19.53125,10000,20260906,"top-level run/pool, then complexes within selected unit",descriptive interval; does not correct test-informed family selection
B,autodock_gpu,All128,top1_rmsd_ecdf_strict_lt,2.4,128,14.0625,4.05949408,9.375,19.53125,10000,20260906,"top-level run/pool, then complexes within selected unit",descriptive interval; does not correct test-informed family selection
B,autodock_gpu,All128,top1_rmsd_ecdf_strict_lt,2.45,128,15.10416667,4.510548978,10.15625,21.09375,10000,20260906,"top-level run/pool, then complexes within selected unit",descriptive interval; does not correct test-informed family selection
B,autodock_gpu,All128,top1_rmsd_ecdf_strict_lt,2.5,128,16.14583333,3.608439182,11.71875,21.35416667,10000,20260906,"top-level run/pool, then complexes within selected unit",descriptive interval; does not correct test-informed family selection
B,autodock_gpu,All128,top1_rmsd_ecdf_strict_lt,2.55,128,16.92708333,3.692043458,12.23958333,22.13541667,10000,20260906,"top-level run/pool, then complexes within selected unit",descriptive interval; does not correct test-informed family selection
B,autodock_gpu,All128,top1_rmsd_ecdf_strict_lt,2.6,128,18.22916667,2.511367386,13.80208333,22.91666667,10000,20260906,"top-level run/pool, then complexes within selected unit",descriptive interval; does not correct test-informed family selection
B,autodock_gpu,All128,top1_rmsd_ecdf_strict_lt,2.65,128,18.22916667,2.511367386,13.80208333,22.91666667,10000,20260906,"top-level run/pool, then complexes within selected unit",descriptive interval; does not correct test-informed family selection
B,autodock_gpu,All128,top1_rmsd_ecdf_strict_lt,2.7,128,18.75,2.816836934,14.32291667,23.69791667,10000,20260906,"top-level run/pool, then complexes within selected unit",descriptive interval; does not correct test-informed family selection
B,autodock_gpu,All128,top1_rmsd_ecdf_strict_lt,2.75,128,19.53125,2.816836934,15.10416667,24.47916667,10000,20260906,"top-level run/pool, then complexes within selected unit",descriptive interval; does not correct test-informed family selection
B,autodock_gpu,All128,top1_rmsd_ecdf_strict_lt,2.8,128,21.09375,2.816836934,16.40625,26.04166667,10000,20260906,"top-level run/pool, then complexes within selected unit",descriptive interval; does not correct test-informed family selection
B,autodock_gpu,All128,top1_rmsd_ecdf_strict_lt,2.85,128,21.875,3.4053898,16.66666667,27.08333333,10000,20260906,"top-level run/pool, then complexes within selected unit",descriptive interval; does not correct test-informed family selection
B,autodock_gpu,All128,top1_rmsd_ecdf_strict_lt,2.9,128,22.65625,3.4053898,17.44791667,27.86458333,10000,20260906,"top-level run/pool, then complexes within selected unit",descriptive interval; does not correct test-informed family selection
B,autodock_gpu,All128,top1_rmsd_ecdf_strict_lt,2.95,128,23.69791667,2.957764763,18.75,28.90625,10000,20260906,"top-level run/pool, then complexes within selected unit",descriptive interval; does not correct test-informed family selection
B,autodock_gpu,All128,top1_rmsd_ecdf_strict_lt,3,128,23.69791667,2.957764763,18.75,28.90625,10000,20260906,"top-level run/pool, then complexes within selected unit",descriptive interval; does not correct test-informed family selection
B,autodock_gpu,All128,top1_rmsd_ecdf_strict_lt,3.05,128,23.95833333,3.157384285,18.75,29.16666667,10000,20260906,"top-level run/pool, then complexes within selected unit",descriptive interval; does not correct test-informed family selection
B,autodock_gpu,All128,top1_rmsd_ecdf_strict_lt,3.1,128,24.21875,2.706329387,19.27083333,29.16666667,10000,20260906,"top-level run/pool, then complexes within selected unit",descriptive interval; does not correct test-informed family selection
B,autodock_gpu,All128,top1_rmsd_ecdf_strict_lt,3.15,128,25.26041667,2.957764763,20.05208333,30.46875,10000,20260906,"top-level run/pool, then complexes within selected unit",descriptive interval; does not correct test-informed family selection
B,autodock_gpu,All128,top1_rmsd_ecdf_strict_lt,3.2,128,27.08333333,3.157384285,21.875,32.29166667,10000,20260906,"top-level run/pool, then complexes within selected unit",descriptive interval; does not correct test-informed family selection
B,autodock_gpu,All128,top1_rmsd_ecdf_strict_lt,3.25,128,27.60416667,3.608439182,22.13541667,33.07291667,10000,20260906,"top-level run/pool, then complexes within selected unit",descriptive interval; does not correct test-informed family selection
B,autodock_gpu,All128,top1_rmsd_ecdf_strict_lt,3.3,128,28.64583333,3.157384285,23.17708333,34.11458333,10000,20260906,"top-level run/pool, then complexes within selected unit",descriptive interval; does not correct test-informed family selection
B,autodock_gpu,All128,top1_rmsd_ecdf_strict_lt,3.35,128,30.20833333,2.511367386,25,35.41666667,10000,20260906,"top-level run/pool, then complexes within selected unit",descriptive interval; does not correct test-informed family selection
B,autodock_gpu,All128,top1_rmsd_ecdf_strict_lt,3.4,128,30.98958333,1.193379087,26.30208333,35.9375,10000,20260906,"top-level run/pool, then complexes within selected unit",descriptive interval; does not correct test-informed family selection
B,autodock_gpu,All128,top1_rmsd_ecdf_strict_lt,3.45,128,31.51041667,1.966102718,26.5625,36.71875,10000,20260906,"top-level run/pool, then complexes within selected unit",descriptive interval; does not correct test-informed family selection
B,autodock_gpu,All128,top1_rmsd_ecdf_strict_lt,3.5,128,32.55208333,1.193379087,27.86458333,37.5,10000,20260906,"top-level run/pool, then complexes within selected unit",descriptive interval; does not correct test-informed family selection
B,autodock_gpu,All128,top1_rmsd_ecdf_strict_lt,3.55,128,33.85416667,1.193379087,28.90625,38.80208333,10000,20260906,"top-level run/pool, then complexes within selected unit",descriptive interval; does not correct test-informed family selection
B,autodock_gpu,All128,top1_rmsd_ecdf_strict_lt,3.6,128,34.375,0.78125,29.6875,39.0625,10000,20260906,"top-level run/pool, then complexes within selected unit",descriptive interval; does not correct test-informed family selection
B,autodock_gpu,All128,top1_rmsd_ecdf_strict_lt,3.65,128,35.15625,0.78125,30.46875,39.84375,10000,20260906,"top-level run/pool, then complexes within selected unit",descriptive interval; does not correct test-informed family selection
B,autodock_gpu,All128,top1_rmsd_ecdf_strict_lt,3.7,128,35.41666667,1.193379087,30.72916667,40.36458333,10000,20260906,"top-level run/pool, then complexes within selected unit",descriptive interval; does not correct test-informed family selection
B,autodock_gpu,All128,top1_rmsd_ecdf_strict_lt,3.75,128,36.19791667,1.966102718,31.25,41.40625,10000,20260906,"top-level run/pool, then complexes within selected unit",descriptive interval; does not correct test-informed family selection
B,autodock_gpu,All128,top1_rmsd_ecdf_strict_lt,3.8,128,36.19791667,1.966102718,31.25,41.40625,10000,20260906,"top-level run/pool, then complexes within selected unit",descriptive interval; does not correct test-informed family selection
B,autodock_gpu,All128,top1_rmsd_ecdf_strict_lt,3.85,128,36.71875,2.816836934,31.51041667,42.1875,10000,20260906,"top-level run/pool, then complexes within selected unit",descriptive interval; does not correct test-informed family selection
B,autodock_gpu,All128,top1_rmsd_ecdf_strict_lt,3.9,128,37.23958333,2.386758174,32.03125,42.44791667,10000,20260906,"top-level run/pool, then complexes within selected unit",descriptive interval; does not correct test-informed family selection
B,autodock_gpu,All128,top1_rmsd_ecdf_strict_lt,3.95,128,37.5,2.066993212,32.54557292,42.70833333,10000,20260906,"top-level run/pool, then complexes within selected unit",descriptive interval; does not correct test-informed family selection
B,autodock_gpu,All128,top1_rmsd_ecdf_strict_lt,4,128,38.02083333,1.966102718,33.07291667,43.22916667,10000,20260906,"top-level run/pool, then complexes within selected unit",descriptive interval; does not correct test-informed family selection
B,autodock_gpu,All128,top1_rmsd_ecdf_strict_lt,4.05,128,38.28125,2.066993212,33.07291667,43.48958333,10000,20260906,"top-level run/pool, then complexes within selected unit",descriptive interval; does not correct test-informed family selection
B,autodock_gpu,All128,top1_rmsd_ecdf_strict_lt,4.1,128,39.32291667,2.386758174,34.11458333,44.53125,10000,20260906,"top-level run/pool, then complexes within selected unit",descriptive interval; does not correct test-informed family selection
B,autodock_gpu,All128,top1_rmsd_ecdf_strict_lt,4.15,128,40.625,2.066993212,35.41666667,45.83333333,10000,20260906,"top-level run/pool, then complexes within selected unit",descriptive interval; does not correct test-informed family selection
B,autodock_gpu,All128,top1_rmsd_ecdf_strict_lt,4.2,128,41.14583333,2.511367386,35.67708333,46.35416667,10000,20260906,"top-level run/pool, then complexes within selected unit",descriptive interval; does not correct test-informed family selection
B,autodock_gpu,All128,top1_rmsd_ecdf_strict_lt,4.25,128,41.40625,2.066993212,36.19791667,46.61458333,10000,20260906,"top-level run/pool, then complexes within selected unit",descriptive interval; does not correct test-informed family selection
B,autodock_gpu,All128,top1_rmsd_ecdf_strict_lt,4.3,128,41.40625,2.066993212,36.19791667,46.61458333,10000,20260906,"top-level run/pool, then complexes within selected unit",descriptive interval; does not correct test-informed family selection
B,autodock_gpu,All128,top1_rmsd_ecdf_strict_lt,4.35,128,41.66666667,2.255274489,36.45833333,46.875,10000,20260906,"top-level run/pool, then complexes within selected unit",descriptive interval; does not correct test-informed family selection
B,autodock_gpu,All128,top1_rmsd_ecdf_strict_lt,4.4,128,41.92708333,2.511367386,36.45833333,47.13541667,10000,20260906,"top-level run/pool, then complexes within selected unit",descriptive interval; does not correct test-informed family selection
B,autodock_gpu,All128,top1_rmsd_ecdf_strict_lt,4.45,128,41.92708333,2.511367386,36.45833333,47.13541667,10000,20260906,"top-level run/pool, then complexes within selected unit",descriptive interval; does not correct test-informed family selection
B,autodock_gpu,All128,top1_rmsd_ecdf_strict_lt,4.5,128,42.70833333,2.743659831,37.23958333,48.17708333,10000,20260906,"top-level run/pool, then complexes within selected unit",descriptive interval; does not correct test-informed family selection
B,autodock_gpu,All128,top1_rmsd_ecdf_strict_lt,4.55,128,43.22916667,3.522851369,37.5,49.21875,10000,20260906,"top-level run/pool, then complexes within selected unit",descriptive interval; does not correct test-informed family selection
B,autodock_gpu,All128,top1_rmsd_ecdf_strict_lt,4.6,128,43.75,3.125,38.02083333,49.47916667,10000,20260906,"top-level run/pool, then complexes within selected unit",descriptive interval; does not correct test-informed family selection
B,autodock_gpu,All128,top1_rmsd_ecdf_strict_lt,4.65,128,43.75,3.125,38.02083333,49.47916667,10000,20260906,"top-level run/pool, then complexes within selected unit",descriptive interval; does not correct test-informed family selection
B,autodock_gpu,All128,top1_rmsd_ecdf_strict_lt,4.7,128,44.53125,3.580137262,38.80208333,50.52083333,10000,20260906,"top-level run/pool, then complexes within selected unit",descriptive interval; does not correct test-informed family selection
B,autodock_gpu,All128,top1_rmsd_ecdf_strict_lt,4.75,128,44.53125,3.580137262,38.80208333,50.52083333,10000,20260906,"top-level run/pool, then complexes within selected unit",descriptive interval; does not correct test-informed family selection
B,autodock_gpu,All128,top1_rmsd_ecdf_strict_lt,4.8,128,45.05208333,3.932205435,39.0625,51.30208333,10000,20260906,"top-level run/pool, then complexes within selected unit",descriptive interval; does not correct test-informed family selection
B,autodock_gpu,All128,top1_rmsd_ecdf_strict_lt,4.85,128,46.09375,2.706329387,40.625,51.82291667,10000,20260906,"top-level run/pool, then complexes within selected unit",descriptive interval; does not correct test-informed family selection
B,autodock_gpu,All128,top1_rmsd_ecdf_strict_lt,4.9,128,46.875,3.4053898,41.14583333,52.86458333,10000,20260906,"top-level run/pool, then complexes within selected unit",descriptive interval; does not correct test-informed family selection
B,autodock_gpu,All128,top1_rmsd_ecdf_strict_lt,4.95,128,47.91666667,3.157384285,42.44791667,53.64583333,10000,20260906,"top-level run/pool, then complexes within selected unit",descriptive interval; does not correct test-informed family selection
B,autodock_gpu,All128,top1_rmsd_ecdf_strict_lt,5,128,48.4375,2.706329387,42.96875,53.90625,10000,20260906,"top-level run/pool, then complexes within selected unit",descriptive interval; does not correct test-informed family selection
B,autodock_gpu,All128,top1_rmsd_ecdf_strict_lt,5.05,128,49.21875,2.34375,43.75,54.6875,10000,20260906,"top-level run/pool, then complexes within selected unit",descriptive interval; does not correct test-informed family selection
B,autodock_gpu,All128,top1_rmsd_ecdf_strict_lt,5.1,128,50,2.34375,44.53125,55.46875,10000,20260906,"top-level run/pool, then complexes within selected unit",descriptive interval; does not correct test-informed family selection
B,autodock_gpu,All128,top1_rmsd_ecdf_strict_lt,5.15,128,50.78125,2.816836934,45.3125,56.25,10000,20260906,"top-level run/pool, then complexes within selected unit",descriptive interval; does not correct test-informed family selection
B,autodock_gpu,All128,top1_rmsd_ecdf_strict_lt,5.2,128,51.30208333,3.252603124,45.57291667,57.03125,10000,20260906,"top-level run/pool, then complexes within selected unit",descriptive interval; does not correct test-informed family selection
B,autodock_gpu,All128,top1_rmsd_ecdf_strict_lt,5.25,128,52.86458333,4.009063625,46.61458333,58.85416667,10000,20260906,"top-level run/pool, then complexes within selected unit",descriptive interval; does not correct test-informed family selection
B,autodock_gpu,All128,top1_rmsd_ecdf_strict_lt,5.3,128,53.64583333,4.30278949,47.39583333,59.89583333,10000,20260906,"top-level run/pool, then complexes within selected unit",descriptive interval; does not correct test-informed family selection
B,autodock_gpu,All128,top1_rmsd_ecdf_strict_lt,5.35,128,53.90625,3.90625,47.65625,59.89583333,10000,20260906,"top-level run/pool, then complexes within selected unit",descriptive interval; does not correct test-informed family selection
B,autodock_gpu,All128,top1_rmsd_ecdf_strict_lt,5.4,128,54.6875,4.349815908,48.4375,60.9375,10000,20260906,"top-level run/pool, then complexes within selected unit",descriptive interval; does not correct test-informed family selection
B,autodock_gpu,All128,top1_rmsd_ecdf_strict_lt,5.45,128,55.20833333,3.692043458,49.21875,61.19791667,10000,20260906,"top-level run/pool, then complexes within selected unit",descriptive interval; does not correct test-informed family selection
B,autodock_gpu,All128,top1_rmsd_ecdf_strict_lt,5.5,128,55.46875,3.4053898,49.73958333,61.19791667,10000,20260906,"top-level run/pool, then complexes within selected unit",descriptive interval; does not correct test-informed family selection
B,autodock_gpu,All128,top1_rmsd_ecdf_strict_lt,5.55,128,56.25,2.816836934,50.78125,61.71875,10000,20260906,"top-level run/pool, then complexes within selected unit",descriptive interval; does not correct test-informed family selection
B,autodock_gpu,All128,top1_rmsd_ecdf_strict_lt,5.6,128,56.25,2.816836934,50.78125,61.71875,10000,20260906,"top-level run/pool, then complexes within selected unit",descriptive interval; does not correct test-informed family selection
B,autodock_gpu,All128,top1_rmsd_ecdf_strict_lt,5.65,128,57.03125,2.816836934,51.5625,62.5,10000,20260906,"top-level run/pool, then complexes within selected unit",descriptive interval; does not correct test-informed family selection
B,autodock_gpu,All128,top1_rmsd_ecdf_strict_lt,5.7,128,57.55208333,2.957764763,52.08333333,63.02734375,10000,20260906,"top-level run/pool, then complexes within selected unit",descriptive interval; does not correct test-informed family selection
B,autodock_gpu,All128,top1_rmsd_ecdf_strict_lt,5.75,128,57.55208333,2.957764763,52.08333333,63.02734375,10000,20260906,"top-level run/pool, then complexes within selected unit",descriptive interval; does not correct test-informed family selection
B,autodock_gpu,All128,top1_rmsd_ecdf_strict_lt,5.8,128,58.07291667,2.743659831,52.60416667,63.54166667,10000,20260906,"top-level run/pool, then complexes within selected unit",descriptive interval; does not correct test-informed family selection
B,autodock_gpu,All128,top1_rmsd_ecdf_strict_lt,5.85,128,58.33333333,3.157384285,52.60416667,64.0625,10000,20260906,"top-level run/pool, then complexes within selected unit",descriptive interval; does not correct test-informed family selection
B,autodock_gpu,All128,top1_rmsd_ecdf_strict_lt,5.9,128,58.85416667,2.511367386,53.38541667,64.32291667,10000,20260906,"top-level run/pool, then complexes within selected unit",descriptive interval; does not correct test-informed family selection
B,autodock_gpu,All128,top1_rmsd_ecdf_strict_lt,5.95,128,59.11458333,2.255274489,53.90625,64.32291667,10000,20260906,"top-level run/pool, then complexes within selected unit",descriptive interval; does not correct test-informed family selection
B,autodock_gpu,All128,top1_rmsd_ecdf_strict_lt,6,128,59.11458333,2.255274489,53.90625,64.32291667,10000,20260906,"top-level run/pool, then complexes within selected unit",descriptive interval; does not correct test-informed family selection
B,autodock_gpu,All128,top1_rmsd_ecdf_strict_lt,6.05,128,59.375,2.066993212,54.16666667,64.58333333,10000,20260906,"top-level run/pool, then complexes within selected unit",descriptive interval; does not correct test-informed family selection
B,autodock_gpu,All128,top1_rmsd_ecdf_strict_lt,6.1,128,59.63541667,1.804219591,54.42708333,64.58333333,10000,20260906,"top-level run/pool, then complexes within selected unit",descriptive interval; does not correct test-informed family selection
B,autodock_gpu,All128,top1_rmsd_ecdf_strict_lt,6.15,128,60.9375,2.066993212,55.72916667,66.14583333,10000,20260906,"top-level run/pool, then complexes within selected unit",descriptive interval; does not correct test-informed family selection
B,autodock_gpu,All128,top1_rmsd_ecdf_strict_lt,6.2,128,61.71875,2.706329387,56.25,67.1875,10000,20260906,"top-level run/pool, then complexes within selected unit",descriptive interval; does not correct test-informed family selection
B,autodock_gpu,All128,top1_rmsd_ecdf_strict_lt,6.25,128,62.76041667,2.511367386,57.29166667,68.22916667,10000,20260906,"top-level run/pool, then complexes within selected unit",descriptive interval; does not correct test-informed family selection
B,autodock_gpu,All128,top1_rmsd_ecdf_strict_lt,6.3,128,63.54166667,1.804219591,58.33333333,68.75,10000,20260906,"top-level run/pool, then complexes within selected unit",descriptive interval; does not correct test-informed family selection
B,autodock_gpu,All128,top1_rmsd_ecdf_strict_lt,6.35,128,63.54166667,1.804219591,58.33333333,68.75,10000,20260906,"top-level run/pool, then complexes within selected unit",descriptive interval; does not correct test-informed family selection
B,autodock_gpu,All128,top1_rmsd_ecdf_strict_lt,6.4,128,63.54166667,1.804219591,58.33333333,68.75,10000,20260906,"top-level run/pool, then complexes within selected unit",descriptive interval; does not correct test-informed family selection
B,autodock_gpu,All128,top1_rmsd_ecdf_strict_lt,6.45,128,63.80208333,1.626301562,58.59375,68.75,10000,20260906,"top-level run/pool, then complexes within selected unit",descriptive interval; does not correct test-informed family selection
B,autodock_gpu,All128,top1_rmsd_ecdf_strict_lt,6.5,128,64.84375,2.066993212,59.63541667,70.05208333,10000,20260906,"top-level run/pool, then complexes within selected unit",descriptive interval; does not correct test-informed family selection
B,autodock_gpu,All128,top1_rmsd_ecdf_strict_lt,6.55,128,65.10416667,1.966102718,60.15625,70.05208333,10000,20260906,"top-level run/pool, then complexes within selected unit",descriptive interval; does not correct test-informed family selection
B,autodock_gpu,All128,top1_rmsd_ecdf_strict_lt,6.6,128,65.36458333,1.626301562,60.41666667,70.3125,10000,20260906,"top-level run/pool, then complexes within selected unit",descriptive interval; does not correct test-informed family selection
B,autodock_gpu,All128,top1_rmsd_ecdf_strict_lt,6.65,128,65.625,2.066993212,60.41666667,70.83333333,10000,20260906,"top-level run/pool, then complexes within selected unit",descriptive interval; does not correct test-informed family selection
B,autodock_gpu,All128,top1_rmsd_ecdf_strict_lt,6.7,128,65.88541667,1.804219591,60.9375,70.83333333,10000,20260906,"top-level run/pool, then complexes within selected unit",descriptive interval; does not correct test-informed family selection
B,autodock_gpu,All128,top1_rmsd_ecdf_strict_lt,6.75,128,66.40625,1.5625,61.45833333,71.35416667,10000,20260906,"top-level run/pool, then complexes within selected unit",descriptive interval; does not correct test-informed family selection
B,autodock_gpu,All128,top1_rmsd_ecdf_strict_lt,6.8,128,66.66666667,1.966102718,61.71875,71.61458333,10000,20260906,"top-level run/pool, then complexes within selected unit",descriptive interval; does not correct test-informed family selection
B,autodock_gpu,All128,top1_rmsd_ecdf_strict_lt,6.85,128,67.44791667,1.966102718,62.5,72.39583333,10000,20260906,"top-level run/pool, then complexes within selected unit",descriptive interval; does not correct test-informed family selection
B,autodock_gpu,All128,top1_rmsd_ecdf_strict_lt,6.9,128,67.44791667,1.966102718,62.5,72.39583333,10000,20260906,"top-level run/pool, then complexes within selected unit",descriptive interval; does not correct test-informed family selection
B,autodock_gpu,All128,top1_rmsd_ecdf_strict_lt,6.95,128,67.96875,2.34375,63.02083333,72.91666667,10000,20260906,"top-level run/pool, then complexes within selected unit",descriptive interval; does not correct test-informed family selection
B,autodock_gpu,All128,top1_rmsd_ecdf_strict_lt,7,128,67.96875,2.34375,63.02083333,72.91666667,10000,20260906,"top-level run/pool, then complexes within selected unit",descriptive interval; does not correct test-informed family selection
B,autodock_gpu,All128,top1_rmsd_ecdf_strict_lt,7.05,128,68.48958333,1.966102718,63.54166667,73.4375,10000,20260906,"top-level run/pool, then complexes within selected unit",descriptive interval; does not correct test-informed family selection
B,autodock_gpu,All128,top1_rmsd_ecdf_strict_lt,7.1,128,68.75,2.34375,63.80208333,73.69791667,10000,20260906,"top-level run/pool, then complexes within selected unit",descriptive interval; does not correct test-informed family selection
B,autodock_gpu,All128,top1_rmsd_ecdf_strict_lt,7.15,128,69.27083333,1.966102718,64.32291667,74.21875,10000,20260906,"top-level run/pool, then complexes within selected unit",descriptive interval; does not correct test-informed family selection
B,autodock_gpu,All128,top1_rmsd_ecdf_strict_lt,7.2,128,70.05208333,1.626301562,65.10416667,74.73958333,10000,20260906,"top-level run/pool, then complexes within selected unit",descriptive interval; does not correct test-informed family selection
B,autodock_gpu,All128,top1_rmsd_ecdf_strict_lt,7.25,128,70.3125,2.066993212,65.36458333,75.26041667,10000,20260906,"top-level run/pool, then complexes within selected unit",descriptive interval; does not correct test-informed family selection
B,autodock_gpu,All128,top1_rmsd_ecdf_strict_lt,7.3,128,71.61458333,2.386758174,66.66666667,76.5625,10000,20260906,"top-level run/pool, then complexes within selected unit",descriptive interval; does not correct test-informed family selection
B,autodock_gpu,All128,top1_rmsd_ecdf_strict_lt,7.35,128,72.13541667,3.252603124,66.66666667,77.60416667,10000,20260906,"top-level run/pool, then complexes within selected unit",descriptive interval; does not correct test-informed family selection
B,autodock_gpu,All128,top1_rmsd_ecdf_strict_lt,7.4,128,72.13541667,3.252603124,66.66666667,77.60416667,10000,20260906,"top-level run/pool, then complexes within selected unit",descriptive interval; does not correct test-informed family selection
B,autodock_gpu,All128,top1_rmsd_ecdf_strict_lt,7.45,128,72.13541667,3.252603124,66.66666667,77.60416667,10000,20260906,"top-level run/pool, then complexes within selected unit",descriptive interval; does not correct test-informed family selection
B,autodock_gpu,All128,top1_rmsd_ecdf_strict_lt,7.5,128,72.39583333,2.957764763,67.1875,77.60416667,10000,20260906,"top-level run/pool, then complexes within selected unit",descriptive interval; does not correct test-informed family selection
B,autodock_gpu,All128,top1_rmsd_ecdf_strict_lt,7.55,128,72.91666667,2.511367386,67.96875,77.86458333,10000,20260906,"top-level run/pool, then complexes within selected unit",descriptive interval; does not correct test-informed family selection
B,autodock_gpu,All128,top1_rmsd_ecdf_strict_lt,7.6,128,73.95833333,2.255274489,69.01041667,78.64583333,10000,20260906,"top-level run/pool, then complexes within selected unit",descriptive interval; does not correct test-informed family selection
B,autodock_gpu,All128,top1_rmsd_ecdf_strict_lt,7.65,128,74.21875,2.066993212,69.53125,78.90625,10000,20260906,"top-level run/pool, then complexes within selected unit",descriptive interval; does not correct test-informed family selection
B,autodock_gpu,All128,top1_rmsd_ecdf_strict_lt,7.7,128,74.21875,2.066993212,69.53125,78.90625,10000,20260906,"top-level run/pool, then complexes within selected unit",descriptive interval; does not correct test-informed family selection
B,autodock_gpu,All128,top1_rmsd_ecdf_strict_lt,7.75,128,74.21875,2.066993212,69.53125,78.90625,10000,20260906,"top-level run/pool, then complexes within selected unit",descriptive interval; does not correct test-informed family selection
B,autodock_gpu,All128,top1_rmsd_ecdf_strict_lt,7.8,128,75.26041667,1.966102718,70.57291667,79.94791667,10000,20260906,"top-level run/pool, then complexes within selected unit",descriptive interval; does not correct test-informed family selection
B,autodock_gpu,All128,top1_rmsd_ecdf_strict_lt,7.85,128,76.04166667,2.511367386,71.09375,80.72916667,10000,20260906,"top-level run/pool, then complexes within selected unit",descriptive interval; does not correct test-informed family selection
B,autodock_gpu,All128,top1_rmsd_ecdf_strict_lt,7.9,128,76.30208333,2.386758174,71.35416667,80.98958333,10000,20260906,"top-level run/pool, then complexes within selected unit",descriptive interval; does not correct test-informed family selection
B,autodock_gpu,All128,top1_rmsd_ecdf_strict_lt,7.95,128,76.5625,2.816836934,71.61458333,81.25,10000,20260906,"top-level run/pool, then complexes within selected unit",descriptive interval; does not correct test-informed family selection
B,autodock_gpu,All128,top1_rmsd_ecdf_strict_lt,8,128,76.5625,2.816836934,71.61458333,81.25,10000,20260906,"top-level run/pool, then complexes within selected unit",descriptive interval; does not correct test-informed family selection
B,autodock_gpu,All128,top1_rmsd_ecdf_strict_lt,8.05,128,76.82291667,2.511367386,71.875,81.51041667,10000,20260906,"top-level run/pool, then complexes within selected unit",descriptive interval; does not correct test-informed family selection
B,autodock_gpu,All128,top1_rmsd_ecdf_strict_lt,8.1,128,76.82291667,2.511367386,71.875,81.51041667,10000,20260906,"top-level run/pool, then complexes within selected unit",descriptive interval; does not correct test-informed family selection
B,autodock_gpu,All128,top1_rmsd_ecdf_strict_lt,8.15,128,77.60416667,2.511367386,72.91666667,82.29166667,10000,20260906,"top-level run/pool, then complexes within selected unit",descriptive interval; does not correct test-informed family selection
B,autodock_gpu,All128,top1_rmsd_ecdf_strict_lt,8.2,128,78.38541667,3.252603124,73.17708333,83.33333333,10000,20260906,"top-level run/pool, then complexes within selected unit",descriptive interval; does not correct test-informed family selection
B,autodock_gpu,All128,top1_rmsd_ecdf_strict_lt,8.25,128,79.94791667,2.511367386,75.26041667,84.375,10000,20260906,"top-level run/pool, then complexes within selected unit",descriptive interval; does not correct test-informed family selection
B,autodock_gpu,All128,top1_rmsd_ecdf_strict_lt,8.3,128,80.20833333,2.386758174,75.52083333,84.63541667,10000,20260906,"top-level run/pool, then complexes within selected unit",descriptive interval; does not correct test-informed family selection
B,autodock_gpu,All128,top1_rmsd_ecdf_strict_lt,8.35,128,80.98958333,2.386758174,76.5625,85.41666667,10000,20260906,"top-level run/pool, then complexes within selected unit",descriptive interval; does not correct test-informed family selection
B,autodock_gpu,All128,top1_rmsd_ecdf_strict_lt,8.4,128,80.98958333,2.386758174,76.5625,85.41666667,10000,20260906,"top-level run/pool, then complexes within selected unit",descriptive interval; does not correct test-informed family selection
B,autodock_gpu,All128,top1_rmsd_ecdf_strict_lt,8.45,128,80.98958333,2.386758174,76.5625,85.41666667,10000,20260906,"top-level run/pool, then complexes within selected unit",descriptive interval; does not correct test-informed family selection
B,autodock_gpu,All128,top1_rmsd_ecdf_strict_lt,8.5,128,81.51041667,2.511367386,77.07682292,85.9375,10000,20260906,"top-level run/pool, then complexes within selected unit",descriptive interval; does not correct test-informed family selection
B,autodock_gpu,All128,top1_rmsd_ecdf_strict_lt,8.55,128,81.51041667,2.511367386,77.07682292,85.9375,10000,20260906,"top-level run/pool, then complexes within selected unit",descriptive interval; does not correct test-informed family selection
B,autodock_gpu,All128,top1_rmsd_ecdf_strict_lt,8.6,128,81.51041667,2.511367386,77.07682292,85.9375,10000,20260906,"top-level run/pool, then complexes within selected unit",descriptive interval; does not correct test-informed family selection
B,autodock_gpu,All128,top1_rmsd_ecdf_strict_lt,8.65,128,82.03125,2.706329387,77.34375,86.45833333,10000,20260906,"top-level run/pool, then complexes within selected unit",descriptive interval; does not correct test-informed family selection
B,autodock_gpu,All128,top1_rmsd_ecdf_strict_lt,8.7,128,82.29166667,2.511367386,77.86458333,86.71875,10000,20260906,"top-level run/pool, then complexes within selected unit",descriptive interval; does not correct test-informed family selection
B,autodock_gpu,All128,top1_rmsd_ecdf_strict_lt,8.75,128,82.55208333,2.957764763,77.86458333,87.23958333,10000,20260906,"top-level run/pool, then complexes within selected unit",descriptive interval; does not correct test-informed family selection
B,autodock_gpu,All128,top1_rmsd_ecdf_strict_lt,8.8,128,83.33333333,3.608439182,78.38541667,88.28125,10000,20260906,"top-level run/pool, then complexes within selected unit",descriptive interval; does not correct test-informed family selection
B,autodock_gpu,All128,top1_rmsd_ecdf_strict_lt,8.85,128,83.85416667,3.252603124,79.16666667,88.54166667,10000,20260906,"top-level run/pool, then complexes within selected unit",descriptive interval; does not correct test-informed family selection
B,autodock_gpu,All128,top1_rmsd_ecdf_strict_lt,8.9,128,84.375,3.4053898,79.6875,89.0625,10000,20260906,"top-level run/pool, then complexes within selected unit",descriptive interval; does not correct test-informed family selection
B,autodock_gpu,All128,top1_rmsd_ecdf_strict_lt,8.95,128,84.63541667,3.853814736,79.6875,89.58333333,10000,20260906,"top-level run/pool, then complexes within selected unit",descriptive interval; does not correct test-informed family selection
B,autodock_gpu,All128,top1_rmsd_ecdf_strict_lt,9,128,84.89583333,3.608439182,79.94791667,89.84375,10000,20260906,"top-level run/pool, then complexes within selected unit",descriptive interval; does not correct test-informed family selection
B,autodock_gpu,All128,top1_rmsd_ecdf_strict_lt,9.05,128,85.41666667,3.157384285,80.72916667,89.84375,10000,20260906,"top-level run/pool, then complexes within selected unit",descriptive interval; does not correct test-informed family selection
B,autodock_gpu,All128,top1_rmsd_ecdf_strict_lt,9.1,128,85.67708333,2.957764763,81.25,90.10416667,10000,20260906,"top-level run/pool, then complexes within selected unit",descriptive interval; does not correct test-informed family selection
B,autodock_gpu,All128,top1_rmsd_ecdf_strict_lt,9.15,128,86.45833333,3.157384285,82.03125,90.88541667,10000,20260906,"top-level run/pool, then complexes within selected unit",descriptive interval; does not correct test-informed family selection
B,autodock_gpu,All128,top1_rmsd_ecdf_strict_lt,9.2,128,87.23958333,2.386758174,83.07291667,91.14583333,10000,20260906,"top-level run/pool, then complexes within selected unit",descriptive interval; does not correct test-informed family selection
B,autodock_gpu,All128,top1_rmsd_ecdf_strict_lt,9.25,128,87.5,2.066993212,83.59375,91.14583333,10000,20260906,"top-level run/pool, then complexes within selected unit",descriptive interval; does not correct test-informed family selection
B,autodock_gpu,All128,top1_rmsd_ecdf_strict_lt,9.3,128,87.5,2.066993212,83.59375,91.14583333,10000,20260906,"top-level run/pool, then complexes within selected unit",descriptive interval; does not correct test-informed family selection
B,autodock_gpu,All128,top1_rmsd_ecdf_strict_lt,9.35,128,88.02083333,2.957764763,83.85416667,92.1875,10000,20260906,"top-level run/pool, then complexes within selected unit",descriptive interval; does not correct test-informed family selection
B,autodock_gpu,All128,top1_rmsd_ecdf_strict_lt,9.4,128,88.02083333,2.957764763,83.85416667,92.1875,10000,20260906,"top-level run/pool, then complexes within selected unit",descriptive interval; does not correct test-informed family selection
B,autodock_gpu,All128,top1_rmsd_ecdf_strict_lt,9.45,128,89.0625,2.706329387,85.15625,92.96875,10000,20260906,"top-level run/pool, then complexes within selected unit",descriptive interval; does not correct test-informed family selection
B,autodock_gpu,All128,top1_rmsd_ecdf_strict_lt,9.5,128,89.32291667,2.511367386,85.41666667,92.96875,10000,20260906,"top-level run/pool, then complexes within selected unit",descriptive interval; does not correct test-informed family selection
B,autodock_gpu,All128,top1_rmsd_ecdf_strict_lt,9.55,128,89.84375,2.066993212,86.19791667,93.22916667,10000,20260906,"top-level run/pool, then complexes within selected unit",descriptive interval; does not correct test-informed family selection
B,autodock_gpu,All128,top1_rmsd_ecdf_strict_lt,9.6,128,90.10416667,2.511367386,86.19791667,93.75,10000,20260906,"top-level run/pool, then complexes within selected unit",descriptive interval; does not correct test-informed family selection
B,autodock_gpu,All128,top1_rmsd_ecdf_strict_lt,9.65,128,90.36458333,2.386758174,86.71875,93.75,10000,20260906,"top-level run/pool, then complexes within selected unit",descriptive interval; does not correct test-informed family selection
B,autodock_gpu,All128,top1_rmsd_ecdf_strict_lt,9.7,128,90.88541667,1.966102718,87.5,94.01041667,10000,20260906,"top-level run/pool, then complexes within selected unit",descriptive interval; does not correct test-informed family selection
B,autodock_gpu,All128,top1_rmsd_ecdf_strict_lt,9.75,128,90.88541667,1.966102718,87.5,94.01041667,10000,20260906,"top-level run/pool, then complexes within selected unit",descriptive interval; does not correct test-informed family selection
B,autodock_gpu,All128,top1_rmsd_ecdf_strict_lt,9.8,128,91.14583333,1.626301562,87.76041667,94.27083333,10000,20260906,"top-level run/pool, then complexes within selected unit",descriptive interval; does not correct test-informed family selection
B,autodock_gpu,All128,top1_rmsd_ecdf_strict_lt,9.85,128,91.66666667,2.511367386,88.02083333,95.05208333,10000,20260906,"top-level run/pool, then complexes within selected unit",descriptive interval; does not correct test-informed family selection
B,autodock_gpu,All128,top1_rmsd_ecdf_strict_lt,9.9,128,91.66666667,2.511367386,88.02083333,95.05208333,10000,20260906,"top-level run/pool, then complexes within selected unit",descriptive interval; does not correct test-informed family selection
B,autodock_gpu,All128,top1_rmsd_ecdf_strict_lt,9.95,128,91.66666667,2.511367386,88.02083333,95.05208333,10000,20260906,"top-level run/pool, then complexes within selected unit",descriptive interval; does not correct test-informed family selection
B,autodock_gpu,All128,top1_rmsd_ecdf_strict_lt,10,128,91.66666667,2.511367386,88.02083333,95.05208333,10000,20260906,"top-level run/pool, then complexes within selected unit",descriptive interval; does not correct test-informed family selection
B,ledock,All128,top1_rmsd_ecdf_strict_lt,0,128,0,0,0,0,10000,20260906,"top-level run/pool, then complexes within selected unit",descriptive interval; does not correct test-informed family selection
B,ledock,All128,top1_rmsd_ecdf_strict_lt,0.05,128,0,0,0,0,10000,20260906,"top-level run/pool, then complexes within selected unit",descriptive interval; does not correct test-informed family selection
B,ledock,All128,top1_rmsd_ecdf_strict_lt,0.1,128,0,0,0,0,10000,20260906,"top-level run/pool, then complexes within selected unit",descriptive interval; does not correct test-informed family selection
B,ledock,All128,top1_rmsd_ecdf_strict_lt,0.15,128,0,0,0,0,10000,20260906,"top-level run/pool, then complexes within selected unit",descriptive interval; does not correct test-informed family selection
B,ledock,All128,top1_rmsd_ecdf_strict_lt,0.2,128,0,0,0,0,10000,20260906,"top-level run/pool, then complexes within selected unit",descriptive interval; does not correct test-informed family selection
B,ledock,All128,top1_rmsd_ecdf_strict_lt,0.25,128,0.5208333333,0.4510548978,0,1.5625,10000,20260906,"top-level run/pool, then complexes within selected unit",descriptive interval; does not correct test-informed family selection
B,ledock,All128,top1_rmsd_ecdf_strict_lt,0.3,128,0.78125,0,0,1.822916667,10000,20260906,"top-level run/pool, then complexes within selected unit",descriptive interval; does not correct test-informed family selection
B,ledock,All128,top1_rmsd_ecdf_strict_lt,0.35,128,1.302083333,0.4510548978,0.2604166667,2.604166667,10000,20260906,"top-level run/pool, then complexes within selected unit",descriptive interval; does not correct test-informed family selection
B,ledock,All128,top1_rmsd_ecdf_strict_lt,0.4,128,1.822916667,0.9021097956,0.5208333333,3.385416667,10000,20260906,"top-level run/pool, then complexes within selected unit",descriptive interval; does not correct test-informed family selection
B,ledock,All128,top1_rmsd_ecdf_strict_lt,0.45,128,3.125,0.78125,1.302083333,5.208333333,10000,20260906,"top-level run/pool, then complexes within selected unit",descriptive interval; does not correct test-informed family selection
B,ledock,All128,top1_rmsd_ecdf_strict_lt,0.5,128,3.90625,0.78125,2.083333333,5.989583333,10000,20260906,"top-level run/pool, then complexes within selected unit",descriptive interval; does not correct test-informed family selection
B,ledock,All128,top1_rmsd_ecdf_strict_lt,0.55,128,4.947916667,0.4510548978,2.864583333,7.291666667,10000,20260906,"top-level run/pool, then complexes within selected unit",descriptive interval; does not correct test-informed family selection
B,ledock,All128,top1_rmsd_ecdf_strict_lt,0.6,128,5.208333333,0.4510548978,3.125,7.552083333,10000,20260906,"top-level run/pool, then complexes within selected unit",descriptive interval; does not correct test-informed family selection
B,ledock,All128,top1_rmsd_ecdf_strict_lt,0.65,128,5.729166667,0.4510548978,3.385416667,8.072916667,10000,20260906,"top-level run/pool, then complexes within selected unit",descriptive interval; does not correct test-informed family selection
B,ledock,All128,top1_rmsd_ecdf_strict_lt,0.7,128,5.729166667,0.4510548978,3.385416667,8.072916667,10000,20260906,"top-level run/pool, then complexes within selected unit",descriptive interval; does not correct test-informed family selection
B,ledock,All128,top1_rmsd_ecdf_strict_lt,0.75,128,6.25,0.78125,3.90625,8.854166667,10000,20260906,"top-level run/pool, then complexes within selected unit",descriptive interval; does not correct test-informed family selection
B,ledock,All128,top1_rmsd_ecdf_strict_lt,0.8,128,7.291666667,1.193379087,4.6875,10.15625,10000,20260906,"top-level run/pool, then complexes within selected unit",descriptive interval; does not correct test-informed family selection
B,ledock,All128,top1_rmsd_ecdf_strict_lt,0.85,128,8.333333333,1.626301562,5.46875,11.71875,10000,20260906,"top-level run/pool, then complexes within selected unit",descriptive interval; does not correct test-informed family selection
B,ledock,All128,top1_rmsd_ecdf_strict_lt,0.9,128,10.67708333,2.386758174,7.03125,14.58333333,10000,20260906,"top-level run/pool, then complexes within selected unit",descriptive interval; does not correct test-informed family selection
B,ledock,All128,top1_rmsd_ecdf_strict_lt,0.95,128,11.97916667,2.743659831,8.072916667,16.14583333,10000,20260906,"top-level run/pool, then complexes within selected unit",descriptive interval; does not correct test-informed family selection
B,ledock,All128,top1_rmsd_ecdf_strict_lt,1,128,12.76041667,2.957764763,8.59375,17.1875,10000,20260906,"top-level run/pool, then complexes within selected unit",descriptive interval; does not correct test-informed family selection
B,ledock,All128,top1_rmsd_ecdf_strict_lt,1.05,128,14.32291667,2.386758174,10.41666667,18.48958333,10000,20260906,"top-level run/pool, then complexes within selected unit",descriptive interval; does not correct test-informed family selection
B,ledock,All128,top1_rmsd_ecdf_strict_lt,1.1,128,15.10416667,3.157384285,10.67708333,19.79166667,10000,20260906,"top-level run/pool, then complexes within selected unit",descriptive interval; does not correct test-informed family selection
B,ledock,All128,top1_rmsd_ecdf_strict_lt,1.15,128,16.14583333,3.522851369,11.45833333,21.35416667,10000,20260906,"top-level run/pool, then complexes within selected unit",descriptive interval; does not correct test-informed family selection
B,ledock,All128,top1_rmsd_ecdf_strict_lt,1.2,128,16.66666667,3.932205435,11.71875,21.875,10000,20260906,"top-level run/pool, then complexes within selected unit",descriptive interval; does not correct test-informed family selection
B,ledock,All128,top1_rmsd_ecdf_strict_lt,1.25,128,17.70833333,3.522851369,13.02083333,22.91666667,10000,20260906,"top-level run/pool, then complexes within selected unit",descriptive interval; does not correct test-informed family selection
B,ledock,All128,top1_rmsd_ecdf_strict_lt,1.3,128,17.96875,3.580137262,13.02083333,23.17708333,10000,20260906,"top-level run/pool, then complexes within selected unit",descriptive interval; does not correct test-informed family selection
B,ledock,All128,top1_rmsd_ecdf_strict_lt,1.35,128,19.79166667,3.157384285,15.10416667,24.73958333,10000,20260906,"top-level run/pool, then complexes within selected unit",descriptive interval; does not correct test-informed family selection
B,ledock,All128,top1_rmsd_ecdf_strict_lt,1.4,128,20.83333333,1.966102718,16.40625,25.52083333,10000,20260906,"top-level run/pool, then complexes within selected unit",descriptive interval; does not correct test-informed family selection
B,ledock,All128,top1_rmsd_ecdf_strict_lt,1.45,128,21.61458333,1.193379087,17.44791667,26.04166667,10000,20260906,"top-level run/pool, then complexes within selected unit",descriptive interval; does not correct test-informed family selection
B,ledock,All128,top1_rmsd_ecdf_strict_lt,1.5,128,22.39583333,0.9021097956,18.22916667,26.82291667,10000,20260906,"top-level run/pool, then complexes within selected unit",descriptive interval; does not correct test-informed family selection
B,ledock,All128,top1_rmsd_ecdf_strict_lt,1.55,128,23.95833333,1.193379087,19.79166667,28.38541667,10000,20260906,"top-level run/pool, then complexes within selected unit",descriptive interval; does not correct test-informed family selection
B,ledock,All128,top1_rmsd_ecdf_strict_lt,1.6,128,24.21875,1.5625,19.79166667,28.90625,10000,20260906,"top-level run/pool, then complexes within selected unit",descriptive interval; does not correct test-informed family selection
B,ledock,All128,top1_rmsd_ecdf_strict_lt,1.65,128,24.47916667,1.626301562,20.05208333,29.16666667,10000,20260906,"top-level run/pool, then complexes within selected unit",descriptive interval; does not correct test-informed family selection
B,ledock,All128,top1_rmsd_ecdf_strict_lt,1.7,128,24.47916667,1.626301562,20.05208333,29.16666667,10000,20260906,"top-level run/pool, then complexes within selected unit",descriptive interval; does not correct test-informed family selection
B,ledock,All128,top1_rmsd_ecdf_strict_lt,1.75,128,24.73958333,1.804219591,20.3125,29.42708333,10000,20260906,"top-level run/pool, then complexes within selected unit",descriptive interval; does not correct test-informed family selection
B,ledock,All128,top1_rmsd_ecdf_strict_lt,1.8,128,25.78125,1.5625,21.35416667,30.46875,10000,20260906,"top-level run/pool, then complexes within selected unit",descriptive interval; does not correct test-informed family selection
B,ledock,All128,top1_rmsd_ecdf_strict_lt,1.85,128,26.04166667,1.626301562,21.61458333,30.72916667,10000,20260906,"top-level run/pool, then complexes within selected unit",descriptive interval; does not correct test-informed family selection
B,ledock,All128,top1_rmsd_ecdf_strict_lt,1.9,128,26.30208333,1.966102718,21.61458333,31.25,10000,20260906,"top-level run/pool, then complexes within selected unit",descriptive interval; does not correct test-informed family selection
B,ledock,All128,top1_rmsd_ecdf_strict_lt,1.95,128,26.82291667,2.386758174,21.875,32.03125,10000,20260906,"top-level run/pool, then complexes within selected unit",descriptive interval; does not correct test-informed family selection
B,ledock,All128,top1_rmsd_ecdf_strict_lt,2,128,28.64583333,2.743659831,23.69791667,33.85416667,10000,20260906,"top-level run/pool, then complexes within selected unit",descriptive interval; does not correct test-informed family selection
B,ledock,All128,top1_rmsd_ecdf_strict_lt,2.05,128,28.90625,3.125,23.69791667,34.375,10000,20260906,"top-level run/pool, then complexes within selected unit",descriptive interval; does not correct test-informed family selection
B,ledock,All128,top1_rmsd_ecdf_strict_lt,2.1,128,30.72916667,4.773516349,24.73958333,37.5,10000,20260906,"top-level run/pool, then complexes within selected unit",descriptive interval; does not correct test-informed family selection
B,ledock,All128,top1_rmsd_ecdf_strict_lt,2.15,128,31.77083333,4.709151385,25.52083333,38.28125,10000,20260906,"top-level run/pool, then complexes within selected unit",descriptive interval; does not correct test-informed family selection
B,ledock,All128,top1_rmsd_ecdf_strict_lt,2.2,128,32.8125,4.349815908,26.82291667,39.0625,10000,20260906,"top-level run/pool, then complexes within selected unit",descriptive interval; does not correct test-informed family selection
B,ledock,All128,top1_rmsd_ecdf_strict_lt,2.25,128,33.33333333,4.009063625,27.34375,39.32291667,10000,20260906,"top-level run/pool, then complexes within selected unit",descriptive interval; does not correct test-informed family selection
B,ledock,All128,top1_rmsd_ecdf_strict_lt,2.3,128,35.15625,3.580137262,29.42708333,40.89192708,10000,20260906,"top-level run/pool, then complexes within selected unit",descriptive interval; does not correct test-informed family selection
B,ledock,All128,top1_rmsd_ecdf_strict_lt,2.35,128,36.19791667,4.442375549,29.6875,42.44791667,10000,20260906,"top-level run/pool, then complexes within selected unit",descriptive interval; does not correct test-informed family selection
B,ledock,All128,top1_rmsd_ecdf_strict_lt,2.4,128,36.71875,4.349815908,30.46875,42.96875,10000,20260906,"top-level run/pool, then complexes within selected unit",descriptive interval; does not correct test-informed family selection
B,ledock,All128,top1_rmsd_ecdf_strict_lt,2.45,128,38.28125,4.878904686,31.51041667,44.79166667,10000,20260906,"top-level run/pool, then complexes within selected unit",descriptive interval; does not correct test-informed family selection
B,ledock,All128,top1_rmsd_ecdf_strict_lt,2.5,128,38.80208333,4.773516349,32.29166667,45.3125,10000,20260906,"top-level run/pool, then complexes within selected unit",descriptive interval; does not correct test-informed family selection
B,ledock,All128,top1_rmsd_ecdf_strict_lt,2.55,128,39.58333333,5.083130546,32.8125,46.35416667,10000,20260906,"top-level run/pool, then complexes within selected unit",descriptive interval; does not correct test-informed family selection
B,ledock,All128,top1_rmsd_ecdf_strict_lt,2.6,128,40.36458333,5.083130546,33.59375,47.13541667,10000,20260906,"top-level run/pool, then complexes within selected unit",descriptive interval; does not correct test-informed family selection
B,ledock,All128,top1_rmsd_ecdf_strict_lt,2.65,128,40.625,4.6875,34.11458333,47.13541667,10000,20260906,"top-level run/pool, then complexes within selected unit",descriptive interval; does not correct test-informed family selection
B,ledock,All128,top1_rmsd_ecdf_strict_lt,2.7,128,42.1875,5.122998847,35.41666667,48.95833333,10000,20260906,"top-level run/pool, then complexes within selected unit",descriptive interval; does not correct test-informed family selection
B,ledock,All128,top1_rmsd_ecdf_strict_lt,2.75,128,43.48958333,4.773516349,36.71875,50,10000,20260906,"top-level run/pool, then complexes within selected unit",descriptive interval; does not correct test-informed family selection
B,ledock,All128,top1_rmsd_ecdf_strict_lt,2.8,128,44.53125,4.133986424,38.28125,50.78125,10000,20260906,"top-level run/pool, then complexes within selected unit",descriptive interval; does not correct test-informed family selection
B,ledock,All128,top1_rmsd_ecdf_strict_lt,2.85,128,45.05208333,4.009063625,38.80208333,51.04166667,10000,20260906,"top-level run/pool, then complexes within selected unit",descriptive interval; does not correct test-informed family selection
B,ledock,All128,top1_rmsd_ecdf_strict_lt,2.9,128,46.09375,2.816836934,40.36458333,51.5625,10000,20260906,"top-level run/pool, then complexes within selected unit",descriptive interval; does not correct test-informed family selection
B,ledock,All128,top1_rmsd_ecdf_strict_lt,2.95,128,47.39583333,2.743659831,41.66666667,52.86458333,10000,20260906,"top-level run/pool, then complexes within selected unit",descriptive interval; does not correct test-informed family selection
B,ledock,All128,top1_rmsd_ecdf_strict_lt,3,128,47.65625,3.125,41.92708333,53.38541667,10000,20260906,"top-level run/pool, then complexes within selected unit",descriptive interval; does not correct test-informed family selection
B,ledock,All128,top1_rmsd_ecdf_strict_lt,3.05,128,48.4375,2.816836934,42.70833333,54.16666667,10000,20260906,"top-level run/pool, then complexes within selected unit",descriptive interval; does not correct test-informed family selection
B,ledock,All128,top1_rmsd_ecdf_strict_lt,3.1,128,49.21875,3.125,43.48958333,54.94791667,10000,20260906,"top-level run/pool, then complexes within selected unit",descriptive interval; does not correct test-informed family selection
B,ledock,All128,top1_rmsd_ecdf_strict_lt,3.15,128,49.73958333,3.522851369,43.75,55.72916667,10000,20260906,"top-level run/pool, then complexes within selected unit",descriptive interval; does not correct test-informed family selection
B,ledock,All128,top1_rmsd_ecdf_strict_lt,3.2,128,50,3.580137262,44.01041667,55.98958333,10000,20260906,"top-level run/pool, then complexes within selected unit",descriptive interval; does not correct test-informed family selection
B,ledock,All128,top1_rmsd_ecdf_strict_lt,3.25,128,50.26041667,3.157384285,44.53125,55.98958333,10000,20260906,"top-level run/pool, then complexes within selected unit",descriptive interval; does not correct test-informed family selection
B,ledock,All128,top1_rmsd_ecdf_strict_lt,3.3,128,51.30208333,1.626301562,46.09375,56.51041667,10000,20260906,"top-level run/pool, then complexes within selected unit",descriptive interval; does not correct test-informed family selection
B,ledock,All128,top1_rmsd_ecdf_strict_lt,3.35,128,51.5625,1.353164693,46.35416667,56.77083333,10000,20260906,"top-level run/pool, then complexes within selected unit",descriptive interval; does not correct test-informed family selection
B,ledock,All128,top1_rmsd_ecdf_strict_lt,3.4,128,52.08333333,1.626301562,46.875,57.29166667,10000,20260906,"top-level run/pool, then complexes within selected unit",descriptive interval; does not correct test-informed family selection
B,ledock,All128,top1_rmsd_ecdf_strict_lt,3.45,128,52.60416667,1.193379087,47.39583333,57.8125,10000,20260906,"top-level run/pool, then complexes within selected unit",descriptive interval; does not correct test-informed family selection
B,ledock,All128,top1_rmsd_ecdf_strict_lt,3.5,128,52.86458333,0.9021097956,47.91666667,58.07291667,10000,20260906,"top-level run/pool, then complexes within selected unit",descriptive interval; does not correct test-informed family selection
B,ledock,All128,top1_rmsd_ecdf_strict_lt,3.55,128,53.64583333,1.193379087,48.4375,58.85416667,10000,20260906,"top-level run/pool, then complexes within selected unit",descriptive interval; does not correct test-informed family selection
B,ledock,All128,top1_rmsd_ecdf_strict_lt,3.6,128,53.90625,0.78125,48.95833333,58.85416667,10000,20260906,"top-level run/pool, then complexes within selected unit",descriptive interval; does not correct test-informed family selection
B,ledock,All128,top1_rmsd_ecdf_strict_lt,3.65,128,54.16666667,0.4510548978,49.21875,59.11458333,10000,20260906,"top-level run/pool, then complexes within selected unit",descriptive interval; does not correct test-informed family selection
B,ledock,All128,top1_rmsd_ecdf_strict_lt,3.7,128,54.16666667,0.4510548978,49.21875,59.11458333,10000,20260906,"top-level run/pool, then complexes within selected unit",descriptive interval; does not correct test-informed family selection
B,ledock,All128,top1_rmsd_ecdf_strict_lt,3.75,128,54.42708333,0.4510548978,49.47916667,59.375,10000,20260906,"top-level run/pool, then complexes within selected unit",descriptive interval; does not correct test-informed family selection
B,ledock,All128,top1_rmsd_ecdf_strict_lt,3.8,128,54.42708333,0.4510548978,49.47916667,59.375,10000,20260906,"top-level run/pool, then complexes within selected unit",descriptive interval; does not correct test-informed family selection
B,ledock,All128,top1_rmsd_ecdf_strict_lt,3.85,128,55.20833333,1.193379087,50.26041667,60.15625,10000,20260906,"top-level run/pool, then complexes within selected unit",descriptive interval; does not correct test-informed family selection
B,ledock,All128,top1_rmsd_ecdf_strict_lt,3.9,128,55.98958333,1.193379087,51.04166667,61.19791667,10000,20260906,"top-level run/pool, then complexes within selected unit",descriptive interval; does not correct test-informed family selection
B,ledock,All128,top1_rmsd_ecdf_strict_lt,3.95,128,55.98958333,1.193379087,51.04166667,61.19791667,10000,20260906,"top-level run/pool, then complexes within selected unit",descriptive interval; does not correct test-informed family selection
B,ledock,All128,top1_rmsd_ecdf_strict_lt,4,128,56.77083333,1.193379087,51.82291667,61.97916667,10000,20260906,"top-level run/pool, then complexes within selected unit",descriptive interval; does not correct test-informed family selection
B,ledock,All128,top1_rmsd_ecdf_strict_lt,4.05,128,57.29166667,0.9021097956,52.34375,62.23958333,10000,20260906,"top-level run/pool, then complexes within selected unit",descriptive interval; does not correct test-informed family selection
B,ledock,All128,top1_rmsd_ecdf_strict_lt,4.1,128,57.55208333,1.193379087,52.60416667,62.76041667,10000,20260906,"top-level run/pool, then complexes within selected unit",descriptive interval; does not correct test-informed family selection
B,ledock,All128,top1_rmsd_ecdf_strict_lt,4.15,128,57.8125,1.5625,52.86458333,63.02083333,10000,20260906,"top-level run/pool, then complexes within selected unit",descriptive interval; does not correct test-informed family selection
B,ledock,All128,top1_rmsd_ecdf_strict_lt,4.2,128,57.8125,1.5625,52.86458333,63.02083333,10000,20260906,"top-level run/pool, then complexes within selected unit",descriptive interval; does not correct test-informed family selection
B,ledock,All128,top1_rmsd_ecdf_strict_lt,4.25,128,58.07291667,1.966102718,52.86458333,63.28125,10000,20260906,"top-level run/pool, then complexes within selected unit",descriptive interval; does not correct test-informed family selection
B,ledock,All128,top1_rmsd_ecdf_strict_lt,4.3,128,58.33333333,1.966102718,53.125,63.54166667,10000,20260906,"top-level run/pool, then complexes within selected unit",descriptive interval; does not correct test-informed family selection
B,ledock,All128,top1_rmsd_ecdf_strict_lt,4.35,128,58.85416667,1.626301562,53.64583333,64.0625,10000,20260906,"top-level run/pool, then complexes within selected unit",descriptive interval; does not correct test-informed family selection
B,ledock,All128,top1_rmsd_ecdf_strict_lt,4.4,128,59.11458333,1.966102718,53.90625,64.32291667,10000,20260906,"top-level run/pool, then complexes within selected unit",descriptive interval; does not correct test-informed family selection
B,ledock,All128,top1_rmsd_ecdf_strict_lt,4.45,128,59.375,2.34375,54.16666667,64.58333333,10000,20260906,"top-level run/pool, then complexes within selected unit",descriptive interval; does not correct test-informed family selection
B,ledock,All128,top1_rmsd_ecdf_strict_lt,4.5,128,59.89583333,1.626301562,54.6875,64.85026042,10000,20260906,"top-level run/pool, then complexes within selected unit",descriptive interval; does not correct test-informed family selection
B,ledock,All128,top1_rmsd_ecdf_strict_lt,4.55,128,60.15625,2.066993212,54.94791667,65.36458333,10000,20260906,"top-level run/pool, then complexes within selected unit",descriptive interval; does not correct test-informed family selection
B,ledock,All128,top1_rmsd_ecdf_strict_lt,4.6,128,60.67708333,1.626301562,55.46875,65.88541667,10000,20260906,"top-level run/pool, then complexes within selected unit",descriptive interval; does not correct test-informed family selection
B,ledock,All128,top1_rmsd_ecdf_strict_lt,4.65,128,61.45833333,2.386758174,55.98958333,66.66666667,10000,20260906,"top-level run/pool, then complexes within selected unit",descriptive interval; does not correct test-informed family selection
B,ledock,All128,top1_rmsd_ecdf_strict_lt,4.7,128,62.76041667,2.743659831,57.29166667,68.22916667,10000,20260906,"top-level run/pool, then complexes within selected unit",descriptive interval; does not correct test-informed family selection
B,ledock,All128,top1_rmsd_ecdf_strict_lt,4.75,128,63.28125,3.125,57.55208333,68.75,10000,20260906,"top-level run/pool, then complexes within selected unit",descriptive interval; does not correct test-informed family selection
B,ledock,All128,top1_rmsd_ecdf_strict_lt,4.8,128,63.54166667,2.743659831,58.07291667,69.01041667,10000,20260906,"top-level run/pool, then complexes within selected unit",descriptive interval; does not correct test-informed family selection
B,ledock,All128,top1_rmsd_ecdf_strict_lt,4.85,128,64.0625,2.066993212,58.85416667,69.27083333,10000,20260906,"top-level run/pool, then complexes within selected unit",descriptive interval; does not correct test-informed family selection
B,ledock,All128,top1_rmsd_ecdf_strict_lt,4.9,128,64.32291667,1.966102718,59.11458333,69.27083333,10000,20260906,"top-level run/pool, then complexes within selected unit",descriptive interval; does not correct test-informed family selection
B,ledock,All128,top1_rmsd_ecdf_strict_lt,4.95,128,65.10416667,1.804219591,60.15625,70.3125,10000,20260906,"top-level run/pool, then complexes within selected unit",descriptive interval; does not correct test-informed family selection
B,ledock,All128,top1_rmsd_ecdf_strict_lt,5,128,65.10416667,1.804219591,60.15625,70.3125,10000,20260906,"top-level run/pool, then complexes within selected unit",descriptive interval; does not correct test-informed family selection
B,ledock,All128,top1_rmsd_ecdf_strict_lt,5.05,128,66.14583333,1.626301562,61.19791667,71.09375,10000,20260906,"top-level run/pool, then complexes within selected unit",descriptive interval; does not correct test-informed family selection
B,ledock,All128,top1_rmsd_ecdf_strict_lt,5.1,128,66.66666667,1.966102718,61.71875,71.61458333,10000,20260906,"top-level run/pool, then complexes within selected unit",descriptive interval; does not correct test-informed family selection
B,ledock,All128,top1_rmsd_ecdf_strict_lt,5.15,128,67.1875,2.34375,61.97916667,72.39583333,10000,20260906,"top-level run/pool, then complexes within selected unit",descriptive interval; does not correct test-informed family selection
B,ledock,All128,top1_rmsd_ecdf_strict_lt,5.2,128,67.1875,2.34375,61.97916667,72.39583333,10000,20260906,"top-level run/pool, then complexes within selected unit",descriptive interval; does not correct test-informed family selection
B,ledock,All128,top1_rmsd_ecdf_strict_lt,5.25,128,67.44791667,1.966102718,62.5,72.39583333,10000,20260906,"top-level run/pool, then complexes within selected unit",descriptive interval; does not correct test-informed family selection
B,ledock,All128,top1_rmsd_ecdf_strict_lt,5.3,128,67.96875,2.066993212,63.02083333,72.91666667,10000,20260906,"top-level run/pool, then complexes within selected unit",descriptive interval; does not correct test-informed family selection
B,ledock,All128,top1_rmsd_ecdf_strict_lt,5.35,128,68.22916667,1.804219591,63.28125,73.17708333,10000,20260906,"top-level run/pool, then complexes within selected unit",descriptive interval; does not correct test-informed family selection
B,ledock,All128,top1_rmsd_ecdf_strict_lt,5.4,128,69.01041667,1.193379087,64.32291667,73.69791667,10000,20260906,"top-level run/pool, then complexes within selected unit",descriptive interval; does not correct test-informed family selection
B,ledock,All128,top1_rmsd_ecdf_strict_lt,5.45,128,69.01041667,1.193379087,64.32291667,73.69791667,10000,20260906,"top-level run/pool, then complexes within selected unit",descriptive interval; does not correct test-informed family selection
B,ledock,All128,top1_rmsd_ecdf_strict_lt,5.5,128,69.27083333,1.193379087,64.58333333,73.95833333,10000,20260906,"top-level run/pool, then complexes within selected unit",descriptive interval; does not correct test-informed family selection
B,ledock,All128,top1_rmsd_ecdf_strict_lt,5.55,128,69.79166667,1.626301562,64.84375,74.47916667,10000,20260906,"top-level run/pool, then complexes within selected unit",descriptive interval; does not correct test-informed family selection
B,ledock,All128,top1_rmsd_ecdf_strict_lt,5.6,128,69.79166667,1.626301562,64.84375,74.47916667,10000,20260906,"top-level run/pool, then complexes within selected unit",descriptive interval; does not correct test-informed family selection
B,ledock,All128,top1_rmsd_ecdf_strict_lt,5.65,128,70.3125,2.066993212,65.36458333,75.26041667,10000,20260906,"top-level run/pool, then complexes within selected unit",descriptive interval; does not correct test-informed family selection
B,ledock,All128,top1_rmsd_ecdf_strict_lt,5.7,128,70.3125,2.066993212,65.36458333,75.26041667,10000,20260906,"top-level run/pool, then complexes within selected unit",descriptive interval; does not correct test-informed family selection
B,ledock,All128,top1_rmsd_ecdf_strict_lt,5.75,128,70.57291667,1.626301562,65.88541667,75.26041667,10000,20260906,"top-level run/pool, then complexes within selected unit",descriptive interval; does not correct test-informed family selection
B,ledock,All128,top1_rmsd_ecdf_strict_lt,5.8,128,70.57291667,1.626301562,65.88541667,75.26041667,10000,20260906,"top-level run/pool, then complexes within selected unit",descriptive interval; does not correct test-informed family selection
B,ledock,All128,top1_rmsd_ecdf_strict_lt,5.85,128,70.57291667,1.626301562,65.88541667,75.26041667,10000,20260906,"top-level run/pool, then complexes within selected unit",descriptive interval; does not correct test-informed family selection
B,ledock,All128,top1_rmsd_ecdf_strict_lt,5.9,128,71.09375,2.066993212,66.14583333,76.04166667,10000,20260906,"top-level run/pool, then complexes within selected unit",descriptive interval; does not correct test-informed family selection
B,ledock,All128,top1_rmsd_ecdf_strict_lt,5.95,128,71.09375,2.066993212,66.14583333,76.04166667,10000,20260906,"top-level run/pool, then complexes within selected unit",descriptive interval; does not correct test-informed family selection
B,ledock,All128,top1_rmsd_ecdf_strict_lt,6,128,71.61458333,2.743659831,66.40625,76.5625,10000,20260906,"top-level run/pool, then complexes within selected unit",descriptive interval; does not correct test-informed family selection
B,ledock,All128,top1_rmsd_ecdf_strict_lt,6.05,128,72.39583333,2.386758174,67.44791667,77.34375,10000,20260906,"top-level run/pool, then complexes within selected unit",descriptive interval; does not correct test-informed family selection
B,ledock,All128,top1_rmsd_ecdf_strict_lt,6.1,128,72.39583333,2.386758174,67.44791667,77.34375,10000,20260906,"top-level run/pool, then complexes within selected unit",descriptive interval; does not correct test-informed family selection
B,ledock,All128,top1_rmsd_ecdf_strict_lt,6.15,128,72.39583333,2.386758174,67.44791667,77.34375,10000,20260906,"top-level run/pool, then complexes within selected unit",descriptive interval; does not correct test-informed family selection
B,ledock,All128,top1_rmsd_ecdf_strict_lt,6.2,128,73.4375,1.353164693,68.75,78.125,10000,20260906,"top-level run/pool, then complexes within selected unit",descriptive interval; does not correct test-informed family selection
B,ledock,All128,top1_rmsd_ecdf_strict_lt,6.25,128,73.95833333,1.626301562,69.27083333,78.64583333,10000,20260906,"top-level run/pool, then complexes within selected unit",descriptive interval; does not correct test-informed family selection
B,ledock,All128,top1_rmsd_ecdf_strict_lt,6.3,128,74.21875,2.066993212,69.53125,78.90625,10000,20260906,"top-level run/pool, then complexes within selected unit",descriptive interval; does not correct test-informed family selection
B,ledock,All128,top1_rmsd_ecdf_strict_lt,6.35,128,74.73958333,2.255274489,69.79166667,79.42708333,10000,20260906,"top-level run/pool, then complexes within selected unit",descriptive interval; does not correct test-informed family selection
B,ledock,All128,top1_rmsd_ecdf_strict_lt,6.4,128,74.73958333,2.255274489,69.79166667,79.42708333,10000,20260906,"top-level run/pool, then complexes within selected unit",descriptive interval; does not correct test-informed family selection
B,ledock,All128,top1_rmsd_ecdf_strict_lt,6.45,128,75.52083333,2.386758174,70.57291667,80.20833333,10000,20260906,"top-level run/pool, then complexes within selected unit",descriptive interval; does not correct test-informed family selection
B,ledock,All128,top1_rmsd_ecdf_strict_lt,6.5,128,75.78125,2.066993212,71.09375,80.46875,10000,20260906,"top-level run/pool, then complexes within selected unit",descriptive interval; does not correct test-informed family selection
B,ledock,All128,top1_rmsd_ecdf_strict_lt,6.55,128,75.78125,2.066993212,71.09375,80.46875,10000,20260906,"top-level run/pool, then complexes within selected unit",descriptive interval; does not correct test-informed family selection
B,ledock,All128,top1_rmsd_ecdf_strict_lt,6.6,128,76.5625,2.34375,71.61458333,81.25,10000,20260906,"top-level run/pool, then complexes within selected unit",descriptive interval; does not correct test-informed family selection
B,ledock,All128,top1_rmsd_ecdf_strict_lt,6.65,128,77.08333333,1.966102718,72.39583333,81.51041667,10000,20260906,"top-level run/pool, then complexes within selected unit",descriptive interval; does not correct test-informed family selection
B,ledock,All128,top1_rmsd_ecdf_strict_lt,6.7,128,77.86458333,1.966102718,73.17708333,82.29166667,10000,20260906,"top-level run/pool, then complexes within selected unit",descriptive interval; does not correct test-informed family selection
B,ledock,All128,top1_rmsd_ecdf_strict_lt,6.75,128,78.125,1.5625,73.69791667,82.55208333,10000,20260906,"top-level run/pool, then complexes within selected unit",descriptive interval; does not correct test-informed family selection
B,ledock,All128,top1_rmsd_ecdf_strict_lt,6.8,128,78.125,1.5625,73.69791667,82.55208333,10000,20260906,"top-level run/pool, then complexes within selected unit",descriptive interval; does not correct test-informed family selection
B,ledock,All128,top1_rmsd_ecdf_strict_lt,6.85,128,78.38541667,1.966102718,73.69791667,82.8125,10000,20260906,"top-level run/pool, then complexes within selected unit",descriptive interval; does not correct test-informed family selection
B,ledock,All128,top1_rmsd_ecdf_strict_lt,6.9,128,78.64583333,1.966102718,73.95833333,83.07291667,10000,20260906,"top-level run/pool, then complexes within selected unit",descriptive interval; does not correct test-informed family selection
B,ledock,All128,top1_rmsd_ecdf_strict_lt,6.95,128,78.64583333,1.966102718,73.95833333,83.07291667,10000,20260906,"top-level run/pool, then complexes within selected unit",descriptive interval; does not correct test-informed family selection
B,ledock,All128,top1_rmsd_ecdf_strict_lt,7,128,79.16666667,1.966102718,74.47916667,83.59375,10000,20260906,"top-level run/pool, then complexes within selected unit",descriptive interval; does not correct test-informed family selection
B,ledock,All128,top1_rmsd_ecdf_strict_lt,7.05,128,79.42708333,1.966102718,74.73958333,83.85416667,10000,20260906,"top-level run/pool, then complexes within selected unit",descriptive interval; does not correct test-informed family selection
B,ledock,All128,top1_rmsd_ecdf_strict_lt,7.1,128,79.94791667,1.193379087,75.78125,84.11458333,10000,20260906,"top-level run/pool, then complexes within selected unit",descriptive interval; does not correct test-informed family selection
B,ledock,All128,top1_rmsd_ecdf_strict_lt,7.15,128,80.20833333,1.193379087,75.78125,84.375,10000,20260906,"top-level run/pool, then complexes within selected unit",descriptive interval; does not correct test-informed family selection
B,ledock,All128,top1_rmsd_ecdf_strict_lt,7.2,128,80.46875,0.78125,76.30208333,84.375,10000,20260906,"top-level run/pool, then complexes within selected unit",descriptive interval; does not correct test-informed family selection
B,ledock,All128,top1_rmsd_ecdf_strict_lt,7.25,128,80.98958333,0.4510548978,76.82291667,84.89583333,10000,20260906,"top-level run/pool, then complexes within selected unit",descriptive interval; does not correct test-informed family selection
B,ledock,All128,top1_rmsd_ecdf_strict_lt,7.3,128,81.51041667,0.9021097956,77.34375,85.41666667,10000,20260906,"top-level run/pool, then complexes within selected unit",descriptive interval; does not correct test-informed family selection
B,ledock,All128,top1_rmsd_ecdf_strict_lt,7.35,128,81.77083333,1.193379087,77.60416667,85.67708333,10000,20260906,"top-level run/pool, then complexes within selected unit",descriptive interval; does not correct test-informed family selection
B,ledock,All128,top1_rmsd_ecdf_strict_lt,7.4,128,81.77083333,1.193379087,77.60416667,85.67708333,10000,20260906,"top-level run/pool, then complexes within selected unit",descriptive interval; does not correct test-informed family selection
B,ledock,All128,top1_rmsd_ecdf_strict_lt,7.45,128,82.03125,1.5625,77.60416667,85.9375,10000,20260906,"top-level run/pool, then complexes within selected unit",descriptive interval; does not correct test-informed family selection
B,ledock,All128,top1_rmsd_ecdf_strict_lt,7.5,128,82.29166667,1.626301562,77.86458333,86.19791667,10000,20260906,"top-level run/pool, then complexes within selected unit",descriptive interval; does not correct test-informed family selection
B,ledock,All128,top1_rmsd_ecdf_strict_lt,7.55,128,82.29166667,1.626301562,77.86458333,86.19791667,10000,20260906,"top-level run/pool, then complexes within selected unit",descriptive interval; does not correct test-informed family selection
B,ledock,All128,top1_rmsd_ecdf_strict_lt,7.6,128,82.55208333,1.193379087,78.38541667,86.45833333,10000,20260906,"top-level run/pool, then complexes within selected unit",descriptive interval; does not correct test-informed family selection
B,ledock,All128,top1_rmsd_ecdf_strict_lt,7.65,128,82.8125,0.78125,78.90625,86.71875,10000,20260906,"top-level run/pool, then complexes within selected unit",descriptive interval; does not correct test-informed family selection
B,ledock,All128,top1_rmsd_ecdf_strict_lt,7.7,128,83.07291667,1.193379087,78.90625,86.97916667,10000,20260906,"top-level run/pool, then complexes within selected unit",descriptive interval; does not correct test-informed family selection
B,ledock,All128,top1_rmsd_ecdf_strict_lt,7.75,128,83.33333333,1.626301562,79.16666667,87.23958333,10000,20260906,"top-level run/pool, then complexes within selected unit",descriptive interval; does not correct test-informed family selection
B,ledock,All128,top1_rmsd_ecdf_strict_lt,7.8,128,83.33333333,1.626301562,79.16666667,87.23958333,10000,20260906,"top-level run/pool, then complexes within selected unit",descriptive interval; does not correct test-informed family selection
B,ledock,All128,top1_rmsd_ecdf_strict_lt,7.85,128,83.85416667,1.193379087,79.6875,87.5,10000,20260906,"top-level run/pool, then complexes within selected unit",descriptive interval; does not correct test-informed family selection
B,ledock,All128,top1_rmsd_ecdf_strict_lt,7.9,128,84.11458333,0.9021097956,80.20833333,87.76041667,10000,20260906,"top-level run/pool, then complexes within selected unit",descriptive interval; does not correct test-informed family selection
B,ledock,All128,top1_rmsd_ecdf_strict_lt,7.95,128,84.89583333,1.193379087,80.98958333,88.54166667,10000,20260906,"top-level run/pool, then complexes within selected unit",descriptive interval; does not correct test-informed family selection
B,ledock,All128,top1_rmsd_ecdf_strict_lt,8,128,85.9375,0.78125,82.29166667,89.32291667,10000,20260906,"top-level run/pool, then complexes within selected unit",descriptive interval; does not correct test-informed family selection
B,ledock,All128,top1_rmsd_ecdf_strict_lt,8.05,128,86.19791667,1.193379087,82.29166667,89.84375,10000,20260906,"top-level run/pool, then complexes within selected unit",descriptive interval; does not correct test-informed family selection
B,ledock,All128,top1_rmsd_ecdf_strict_lt,8.1,128,86.97916667,1.193379087,83.33333333,90.37109375,10000,20260906,"top-level run/pool, then complexes within selected unit",descriptive interval; does not correct test-informed family selection
B,ledock,All128,top1_rmsd_ecdf_strict_lt,8.15,128,87.23958333,1.626301562,83.59375,90.88541667,10000,20260906,"top-level run/pool, then complexes within selected unit",descriptive interval; does not correct test-informed family selection
B,ledock,All128,top1_rmsd_ecdf_strict_lt,8.2,128,87.23958333,1.626301562,83.59375,90.88541667,10000,20260906,"top-level run/pool, then complexes within selected unit",descriptive interval; does not correct test-informed family selection
B,ledock,All128,top1_rmsd_ecdf_strict_lt,8.25,128,87.5,1.5625,83.85416667,91.14583333,10000,20260906,"top-level run/pool, then complexes within selected unit",descriptive interval; does not correct test-informed family selection
B,ledock,All128,top1_rmsd_ecdf_strict_lt,8.3,128,88.28125,1.353164693,84.63541667,91.66666667,10000,20260906,"top-level run/pool, then complexes within selected unit",descriptive interval; does not correct test-informed family selection
B,ledock,All128,top1_rmsd_ecdf_strict_lt,8.35,128,88.28125,1.353164693,84.63541667,91.66666667,10000,20260906,"top-level run/pool, then complexes within selected unit",descriptive interval; does not correct test-informed family selection
B,ledock,All128,top1_rmsd_ecdf_strict_lt,8.4,128,88.54166667,1.626301562,84.89583333,91.92708333,10000,20260906,"top-level run/pool, then complexes within selected unit",descriptive interval; does not correct test-informed family selection
B,ledock,All128,top1_rmsd_ecdf_strict_lt,8.45,128,88.80208333,1.804219591,84.89583333,92.1875,10000,20260906,"top-level run/pool, then complexes within selected unit",descriptive interval; does not correct test-informed family selection
B,ledock,All128,top1_rmsd_ecdf_strict_lt,8.5,128,89.0625,2.066993212,85.15625,92.44791667,10000,20260906,"top-level run/pool, then complexes within selected unit",descriptive interval; does not correct test-informed family selection
B,ledock,All128,top1_rmsd_ecdf_strict_lt,8.55,128,89.32291667,2.386758174,85.15625,92.96875,10000,20260906,"top-level run/pool, then complexes within selected unit",descriptive interval; does not correct test-informed family selection
B,ledock,All128,top1_rmsd_ecdf_strict_lt,8.6,128,89.58333333,1.966102718,85.93098958,92.96875,10000,20260906,"top-level run/pool, then complexes within selected unit",descriptive interval; does not correct test-informed family selection
B,ledock,All128,top1_rmsd_ecdf_strict_lt,8.65,128,89.84375,2.066993212,85.9375,93.22916667,10000,20260906,"top-level run/pool, then complexes within selected unit",descriptive interval; does not correct test-informed family selection
B,ledock,All128,top1_rmsd_ecdf_strict_lt,8.7,128,90.88541667,3.157384285,86.45833333,94.79166667,10000,20260906,"top-level run/pool, then complexes within selected unit",descriptive interval; does not correct test-informed family selection
B,ledock,All128,top1_rmsd_ecdf_strict_lt,8.75,128,91.40625,2.816836934,87.23958333,95.05208333,10000,20260906,"top-level run/pool, then complexes within selected unit",descriptive interval; does not correct test-informed family selection
B,ledock,All128,top1_rmsd_ecdf_strict_lt,8.8,128,91.40625,2.816836934,87.23958333,95.05208333,10000,20260906,"top-level run/pool, then complexes within selected unit",descriptive interval; does not correct test-informed family selection
B,ledock,All128,top1_rmsd_ecdf_strict_lt,8.85,128,91.92708333,2.511367386,88.02083333,95.3125,10000,20260906,"top-level run/pool, then complexes within selected unit",descriptive interval; does not correct test-informed family selection
B,ledock,All128,top1_rmsd_ecdf_strict_lt,8.9,128,92.1875,2.066993212,88.54166667,95.3125,10000,20260906,"top-level run/pool, then complexes within selected unit",descriptive interval; does not correct test-informed family selection
B,ledock,All128,top1_rmsd_ecdf_strict_lt,8.95,128,92.44791667,1.626301562,89.0625,95.3125,10000,20260906,"top-level run/pool, then complexes within selected unit",descriptive interval; does not correct test-informed family selection
B,ledock,All128,top1_rmsd_ecdf_strict_lt,9,128,92.70833333,1.193379087,89.58333333,95.3125,10000,20260906,"top-level run/pool, then complexes within selected unit",descriptive interval; does not correct test-informed family selection
B,ledock,All128,top1_rmsd_ecdf_strict_lt,9.05,128,93.22916667,0.4510548978,90.625,95.57291667,10000,20260906,"top-level run/pool, then complexes within selected unit",descriptive interval; does not correct test-informed family selection
B,ledock,All128,top1_rmsd_ecdf_strict_lt,9.1,128,93.48958333,0.4510548978,90.88541667,95.83333333,10000,20260906,"top-level run/pool, then complexes within selected unit",descriptive interval; does not correct test-informed family selection
B,ledock,All128,top1_rmsd_ecdf_strict_lt,9.15,128,93.75,0,91.14583333,96.09375,10000,20260906,"top-level run/pool, then complexes within selected unit",descriptive interval; does not correct test-informed family selection
B,ledock,All128,top1_rmsd_ecdf_strict_lt,9.2,128,94.01041667,0.4510548978,91.40625,96.35416667,10000,20260906,"top-level run/pool, then complexes within selected unit",descriptive interval; does not correct test-informed family selection
B,ledock,All128,top1_rmsd_ecdf_strict_lt,9.25,128,94.01041667,0.4510548978,91.40625,96.35416667,10000,20260906,"top-level run/pool, then complexes within selected unit",descriptive interval; does not correct test-informed family selection
B,ledock,All128,top1_rmsd_ecdf_strict_lt,9.3,128,94.01041667,0.4510548978,91.40625,96.35416667,10000,20260906,"top-level run/pool, then complexes within selected unit",descriptive interval; does not correct test-informed family selection
B,ledock,All128,top1_rmsd_ecdf_strict_lt,9.35,128,94.01041667,0.4510548978,91.40625,96.35416667,10000,20260906,"top-level run/pool, then complexes within selected unit",descriptive interval; does not correct test-informed family selection
B,ledock,All128,top1_rmsd_ecdf_strict_lt,9.4,128,94.27083333,0.9021097956,91.66666667,96.61458333,10000,20260906,"top-level run/pool, then complexes within selected unit",descriptive interval; does not correct test-informed family selection
B,ledock,All128,top1_rmsd_ecdf_strict_lt,9.45,128,94.53125,1.353164693,91.66666667,96.875,10000,20260906,"top-level run/pool, then complexes within selected unit",descriptive interval; does not correct test-informed family selection
B,ledock,All128,top1_rmsd_ecdf_strict_lt,9.5,128,94.53125,1.353164693,91.66666667,96.875,10000,20260906,"top-level run/pool, then complexes within selected unit",descriptive interval; does not correct test-informed family selection
B,ledock,All128,top1_rmsd_ecdf_strict_lt,9.55,128,94.53125,1.353164693,91.66666667,96.875,10000,20260906,"top-level run/pool, then complexes within selected unit",descriptive interval; does not correct test-informed family selection
B,ledock,All128,top1_rmsd_ecdf_strict_lt,9.6,128,95.05208333,1.193379087,92.44791667,97.39583333,10000,20260906,"top-level run/pool, then complexes within selected unit",descriptive interval; does not correct test-informed family selection
B,ledock,All128,top1_rmsd_ecdf_strict_lt,9.65,128,95.83333333,1.193379087,93.22916667,97.91666667,10000,20260906,"top-level run/pool, then complexes within selected unit",descriptive interval; does not correct test-informed family selection
B,ledock,All128,top1_rmsd_ecdf_strict_lt,9.7,128,95.83333333,1.193379087,93.22916667,97.91666667,10000,20260906,"top-level run/pool, then complexes within selected unit",descriptive interval; does not correct test-informed family selection
B,ledock,All128,top1_rmsd_ecdf_strict_lt,9.75,128,95.83333333,1.193379087,93.22916667,97.91666667,10000,20260906,"top-level run/pool, then complexes within selected unit",descriptive interval; does not correct test-informed family selection
B,ledock,All128,top1_rmsd_ecdf_strict_lt,9.8,128,95.83333333,1.193379087,93.22916667,97.91666667,10000,20260906,"top-level run/pool, then complexes within selected unit",descriptive interval; does not correct test-informed family selection
B,ledock,All128,top1_rmsd_ecdf_strict_lt,9.85,128,96.09375,1.5625,93.48958333,98.17708333,10000,20260906,"top-level run/pool, then complexes within selected unit",descriptive interval; does not correct test-informed family selection
B,ledock,All128,top1_rmsd_ecdf_strict_lt,9.9,128,96.09375,1.5625,93.48958333,98.17708333,10000,20260906,"top-level run/pool, then complexes within selected unit",descriptive interval; does not correct test-informed family selection
B,ledock,All128,top1_rmsd_ecdf_strict_lt,9.95,128,96.09375,1.5625,93.48958333,98.17708333,10000,20260906,"top-level run/pool, then complexes within selected unit",descriptive interval; does not correct test-informed family selection
B,ledock,All128,top1_rmsd_ecdf_strict_lt,10,128,96.35416667,1.626301562,93.75,98.4375,10000,20260906,"top-level run/pool, then complexes within selected unit",descriptive interval; does not correct test-informed family selection
B,rdock,All128,top1_rmsd_ecdf_strict_lt,0,128,0,0,0,0,10000,20260906,"top-level run/pool, then complexes within selected unit",descriptive interval; does not correct test-informed family selection
B,rdock,All128,top1_rmsd_ecdf_strict_lt,0.05,128,0,0,0,0,10000,20260906,"top-level run/pool, then complexes within selected unit",descriptive interval; does not correct test-informed family selection
B,rdock,All128,top1_rmsd_ecdf_strict_lt,0.1,128,0,0,0,0,10000,20260906,"top-level run/pool, then complexes within selected unit",descriptive interval; does not correct test-informed family selection
B,rdock,All128,top1_rmsd_ecdf_strict_lt,0.15,128,0,0,0,0,10000,20260906,"top-level run/pool, then complexes within selected unit",descriptive interval; does not correct test-informed family selection
B,rdock,All128,top1_rmsd_ecdf_strict_lt,0.2,128,0.2604166667,0.4510548978,0,1.041666667,10000,20260906,"top-level run/pool, then complexes within selected unit",descriptive interval; does not correct test-informed family selection
B,rdock,All128,top1_rmsd_ecdf_strict_lt,0.25,128,2.34375,0,1.041666667,3.90625,10000,20260906,"top-level run/pool, then complexes within selected unit",descriptive interval; does not correct test-informed family selection
B,rdock,All128,top1_rmsd_ecdf_strict_lt,0.3,128,4.166666667,0.4510548978,2.34375,6.25,10000,20260906,"top-level run/pool, then complexes within selected unit",descriptive interval; does not correct test-informed family selection
B,rdock,All128,top1_rmsd_ecdf_strict_lt,0.35,128,6.25,0,3.90625,8.854166667,10000,20260906,"top-level run/pool, then complexes within selected unit",descriptive interval; does not correct test-informed family selection
B,rdock,All128,top1_rmsd_ecdf_strict_lt,0.4,128,7.291666667,0.4510548978,4.6875,9.895833333,10000,20260906,"top-level run/pool, then complexes within selected unit",descriptive interval; does not correct test-informed family selection
B,rdock,All128,top1_rmsd_ecdf_strict_lt,0.45,128,8.854166667,0.4510548978,5.989583333,11.72526042,10000,20260906,"top-level run/pool, then complexes within selected unit",descriptive interval; does not correct test-informed family selection
B,rdock,All128,top1_rmsd_ecdf_strict_lt,0.5,128,10.67708333,0.4510548978,7.8125,13.80208333,10000,20260906,"top-level run/pool, then complexes within selected unit",descriptive interval; does not correct test-informed family selection
B,rdock,All128,top1_rmsd_ecdf_strict_lt,0.55,128,11.45833333,0.4510548978,8.333333333,14.84375,10000,20260906,"top-level run/pool, then complexes within selected unit",descriptive interval; does not correct test-informed family selection
B,rdock,All128,top1_rmsd_ecdf_strict_lt,0.6,128,13.02083333,0.4510548978,9.635416667,16.40625,10000,20260906,"top-level run/pool, then complexes within selected unit",descriptive interval; does not correct test-informed family selection
B,rdock,All128,top1_rmsd_ecdf_strict_lt,0.65,128,13.28125,0,9.895833333,16.66666667,10000,20260906,"top-level run/pool, then complexes within selected unit",descriptive interval; does not correct test-informed family selection
B,rdock,All128,top1_rmsd_ecdf_strict_lt,0.7,128,14.0625,0.78125,10.67708333,17.70833333,10000,20260906,"top-level run/pool, then complexes within selected unit",descriptive interval; does not correct test-informed family selection
B,rdock,All128,top1_rmsd_ecdf_strict_lt,0.75,128,15.36458333,0.4510548978,11.71875,19.01041667,10000,20260906,"top-level run/pool, then complexes within selected unit",descriptive interval; does not correct test-informed family selection
B,rdock,All128,top1_rmsd_ecdf_strict_lt,0.8,128,15.625,0,11.97916667,19.27083333,10000,20260906,"top-level run/pool, then complexes within selected unit",descriptive interval; does not correct test-informed family selection
B,rdock,All128,top1_rmsd_ecdf_strict_lt,0.85,128,16.66666667,1.193379087,13.02083333,20.57291667,10000,20260906,"top-level run/pool, then complexes within selected unit",descriptive interval; does not correct test-informed family selection
B,rdock,All128,top1_rmsd_ecdf_strict_lt,0.9,128,17.44791667,0.9021097956,13.80208333,21.35416667,10000,20260906,"top-level run/pool, then complexes within selected unit",descriptive interval; does not correct test-informed family selection
B,rdock,All128,top1_rmsd_ecdf_strict_lt,0.95,128,17.44791667,0.9021097956,13.80208333,21.35416667,10000,20260906,"top-level run/pool, then complexes within selected unit",descriptive interval; does not correct test-informed family selection
B,rdock,All128,top1_rmsd_ecdf_strict_lt,1,128,17.70833333,0.4510548978,14.0625,21.61458333,10000,20260906,"top-level run/pool, then complexes within selected unit",descriptive interval; does not correct test-informed family selection
B,rdock,All128,top1_rmsd_ecdf_strict_lt,1.05,128,17.96875,0.78125,14.0625,21.875,10000,20260906,"top-level run/pool, then complexes within selected unit",descriptive interval; does not correct test-informed family selection
B,rdock,All128,top1_rmsd_ecdf_strict_lt,1.1,128,17.96875,0.78125,14.0625,21.875,10000,20260906,"top-level run/pool, then complexes within selected unit",descriptive interval; does not correct test-informed family selection
B,rdock,All128,top1_rmsd_ecdf_strict_lt,1.15,128,17.96875,0.78125,14.0625,21.875,10000,20260906,"top-level run/pool, then complexes within selected unit",descriptive interval; does not correct test-informed family selection
B,rdock,All128,top1_rmsd_ecdf_strict_lt,1.2,128,18.22916667,0.4510548978,14.32291667,22.39583333,10000,20260906,"top-level run/pool, then complexes within selected unit",descriptive interval; does not correct test-informed family selection
B,rdock,All128,top1_rmsd_ecdf_strict_lt,1.25,128,18.48958333,0.9021097956,14.58333333,22.65625,10000,20260906,"top-level run/pool, then complexes within selected unit",descriptive interval; does not correct test-informed family selection
B,rdock,All128,top1_rmsd_ecdf_strict_lt,1.3,128,18.75,0.78125,14.84375,22.91666667,10000,20260906,"top-level run/pool, then complexes within selected unit",descriptive interval; does not correct test-informed family selection
B,rdock,All128,top1_rmsd_ecdf_strict_lt,1.35,128,19.53125,1.353164693,15.36458333,23.69791667,10000,20260906,"top-level run/pool, then complexes within selected unit",descriptive interval; does not correct test-informed family selection
B,rdock,All128,top1_rmsd_ecdf_strict_lt,1.4,128,20.57291667,1.626301562,16.40625,25,10000,20260906,"top-level run/pool, then complexes within selected unit",descriptive interval; does not correct test-informed family selection
B,rdock,All128,top1_rmsd_ecdf_strict_lt,1.45,128,21.35416667,1.626301562,17.18098958,26.04166667,10000,20260906,"top-level run/pool, then complexes within selected unit",descriptive interval; does not correct test-informed family selection
B,rdock,All128,top1_rmsd_ecdf_strict_lt,1.5,128,21.875,2.066993212,17.44791667,26.5625,10000,20260906,"top-level run/pool, then complexes within selected unit",descriptive interval; does not correct test-informed family selection
B,rdock,All128,top1_rmsd_ecdf_strict_lt,1.55,128,22.39583333,1.804219591,17.96875,27.08333333,10000,20260906,"top-level run/pool, then complexes within selected unit",descriptive interval; does not correct test-informed family selection
B,rdock,All128,top1_rmsd_ecdf_strict_lt,1.6,128,24.21875,2.706329387,19.27083333,29.16666667,10000,20260906,"top-level run/pool, then complexes within selected unit",descriptive interval; does not correct test-informed family selection
B,rdock,All128,top1_rmsd_ecdf_strict_lt,1.65,128,24.73958333,1.804219591,20.3125,29.42708333,10000,20260906,"top-level run/pool, then complexes within selected unit",descriptive interval; does not correct test-informed family selection
B,rdock,All128,top1_rmsd_ecdf_strict_lt,1.7,128,25.78125,0.78125,21.35416667,30.20833333,10000,20260906,"top-level run/pool, then complexes within selected unit",descriptive interval; does not correct test-informed family selection
B,rdock,All128,top1_rmsd_ecdf_strict_lt,1.75,128,27.08333333,0.4510548978,22.65625,31.51041667,10000,20260906,"top-level run/pool, then complexes within selected unit",descriptive interval; does not correct test-informed family selection
B,rdock,All128,top1_rmsd_ecdf_strict_lt,1.8,128,27.60416667,0.4510548978,23.17708333,32.03125,10000,20260906,"top-level run/pool, then complexes within selected unit",descriptive interval; does not correct test-informed family selection
B,rdock,All128,top1_rmsd_ecdf_strict_lt,1.85,128,27.86458333,0.9021097956,23.4375,32.55208333,10000,20260906,"top-level run/pool, then complexes within selected unit",descriptive interval; does not correct test-informed family selection
B,rdock,All128,top1_rmsd_ecdf_strict_lt,1.9,128,28.64583333,0.4510548978,24.21875,33.33333333,10000,20260906,"top-level run/pool, then complexes within selected unit",descriptive interval; does not correct test-informed family selection
B,rdock,All128,top1_rmsd_ecdf_strict_lt,1.95,128,29.16666667,1.193379087,24.47916667,33.85416667,10000,20260906,"top-level run/pool, then complexes within selected unit",descriptive interval; does not correct test-informed family selection
B,rdock,All128,top1_rmsd_ecdf_strict_lt,2,128,29.16666667,1.193379087,24.47916667,33.85416667,10000,20260906,"top-level run/pool, then complexes within selected unit",descriptive interval; does not correct test-informed family selection
B,rdock,All128,top1_rmsd_ecdf_strict_lt,2.05,128,29.94791667,0.9021097956,25.51432292,34.63541667,10000,20260906,"top-level run/pool, then complexes within selected unit",descriptive interval; does not correct test-informed family selection
B,rdock,All128,top1_rmsd_ecdf_strict_lt,2.1,128,30.20833333,1.193379087,25.52083333,35.15625,10000,20260906,"top-level run/pool, then complexes within selected unit",descriptive interval; does not correct test-informed family selection
B,rdock,All128,top1_rmsd_ecdf_strict_lt,2.15,128,30.20833333,1.193379087,25.52083333,35.15625,10000,20260906,"top-level run/pool, then complexes within selected unit",descriptive interval; does not correct test-informed family selection
B,rdock,All128,top1_rmsd_ecdf_strict_lt,2.2,128,30.46875,1.5625,25.78125,35.41666667,10000,20260906,"top-level run/pool, then complexes within selected unit",descriptive interval; does not correct test-informed family selection
B,rdock,All128,top1_rmsd_ecdf_strict_lt,2.25,128,31.77083333,1.626301562,27.08333333,36.71875,10000,20260906,"top-level run/pool, then complexes within selected unit",descriptive interval; does not correct test-informed family selection
B,rdock,All128,top1_rmsd_ecdf_strict_lt,2.3,128,32.29166667,1.804219591,27.34375,37.5,10000,20260906,"top-level run/pool, then complexes within selected unit",descriptive interval; does not correct test-informed family selection
B,rdock,All128,top1_rmsd_ecdf_strict_lt,2.35,128,33.33333333,1.626301562,28.64583333,38.28125,10000,20260906,"top-level run/pool, then complexes within selected unit",descriptive interval; does not correct test-informed family selection
B,rdock,All128,top1_rmsd_ecdf_strict_lt,2.4,128,33.85416667,1.193379087,29.16666667,38.80208333,10000,20260906,"top-level run/pool, then complexes within selected unit",descriptive interval; does not correct test-informed family selection
B,rdock,All128,top1_rmsd_ecdf_strict_lt,2.45,128,34.11458333,0.9021097956,29.42708333,39.0625,10000,20260906,"top-level run/pool, then complexes within selected unit",descriptive interval; does not correct test-informed family selection
B,rdock,All128,top1_rmsd_ecdf_strict_lt,2.5,128,34.11458333,0.9021097956,29.42708333,39.0625,10000,20260906,"top-level run/pool, then complexes within selected unit",descriptive interval; does not correct test-informed family selection
B,rdock,All128,top1_rmsd_ecdf_strict_lt,2.55,128,34.63541667,1.193379087,29.94791667,39.58333333,10000,20260906,"top-level run/pool, then complexes within selected unit",descriptive interval; does not correct test-informed family selection
B,rdock,All128,top1_rmsd_ecdf_strict_lt,2.6,128,35.41666667,1.626301562,30.46875,40.625,10000,20260906,"top-level run/pool, then complexes within selected unit",descriptive interval; does not correct test-informed family selection
B,rdock,All128,top1_rmsd_ecdf_strict_lt,2.65,128,35.67708333,1.193379087,30.72916667,40.625,10000,20260906,"top-level run/pool, then complexes within selected unit",descriptive interval; does not correct test-informed family selection
B,rdock,All128,top1_rmsd_ecdf_strict_lt,2.7,128,35.9375,1.353164693,30.98958333,40.88541667,10000,20260906,"top-level run/pool, then complexes within selected unit",descriptive interval; does not correct test-informed family selection
B,rdock,All128,top1_rmsd_ecdf_strict_lt,2.75,128,36.19791667,0.9021097956,31.51041667,41.14583333,10000,20260906,"top-level run/pool, then complexes within selected unit",descriptive interval; does not correct test-informed family selection
B,rdock,All128,top1_rmsd_ecdf_strict_lt,2.8,128,36.71875,1.353164693,31.77083333,41.92708333,10000,20260906,"top-level run/pool, then complexes within selected unit",descriptive interval; does not correct test-informed family selection
B,rdock,All128,top1_rmsd_ecdf_strict_lt,2.85,128,36.97916667,1.626301562,32.03125,42.1875,10000,20260906,"top-level run/pool, then complexes within selected unit",descriptive interval; does not correct test-informed family selection
B,rdock,All128,top1_rmsd_ecdf_strict_lt,2.9,128,37.23958333,1.804219591,32.29166667,42.44791667,10000,20260906,"top-level run/pool, then complexes within selected unit",descriptive interval; does not correct test-informed family selection
B,rdock,All128,top1_rmsd_ecdf_strict_lt,2.95,128,37.76041667,1.626301562,32.8125,42.96875,10000,20260906,"top-level run/pool, then complexes within selected unit",descriptive interval; does not correct test-informed family selection
B,rdock,All128,top1_rmsd_ecdf_strict_lt,3,128,38.54166667,1.193379087,33.59375,43.75,10000,20260906,"top-level run/pool, then complexes within selected unit",descriptive interval; does not correct test-informed family selection
B,rdock,All128,top1_rmsd_ecdf_strict_lt,3.05,128,39.0625,0.78125,34.11458333,44.01041667,10000,20260906,"top-level run/pool, then complexes within selected unit",descriptive interval; does not correct test-informed family selection
B,rdock,All128,top1_rmsd_ecdf_strict_lt,3.1,128,39.84375,2.066993212,34.63541667,45.05208333,10000,20260906,"top-level run/pool, then complexes within selected unit",descriptive interval; does not correct test-informed family selection
B,rdock,All128,top1_rmsd_ecdf_strict_lt,3.15,128,40.10416667,1.804219591,35.15625,45.3125,10000,20260906,"top-level run/pool, then complexes within selected unit",descriptive interval; does not correct test-informed family selection
B,rdock,All128,top1_rmsd_ecdf_strict_lt,3.2,128,40.36458333,1.626301562,35.41666667,45.57291667,10000,20260906,"top-level run/pool, then complexes within selected unit",descriptive interval; does not correct test-informed family selection
B,rdock,All128,top1_rmsd_ecdf_strict_lt,3.25,128,40.88541667,1.966102718,35.9375,46.09375,10000,20260906,"top-level run/pool, then complexes within selected unit",descriptive interval; does not correct test-informed family selection
B,rdock,All128,top1_rmsd_ecdf_strict_lt,3.3,128,41.92708333,3.157384285,36.45833333,47.65625,10000,20260906,"top-level run/pool, then complexes within selected unit",descriptive interval; does not correct test-informed family selection
B,rdock,All128,top1_rmsd_ecdf_strict_lt,3.35,128,42.96875,2.34375,37.76041667,48.4375,10000,20260906,"top-level run/pool, then complexes within selected unit",descriptive interval; does not correct test-informed family selection
B,rdock,All128,top1_rmsd_ecdf_strict_lt,3.4,128,42.96875,2.34375,37.76041667,48.4375,10000,20260906,"top-level run/pool, then complexes within selected unit",descriptive interval; does not correct test-informed family selection
B,rdock,All128,top1_rmsd_ecdf_strict_lt,3.45,128,43.22916667,2.743659831,37.76041667,48.69791667,10000,20260906,"top-level run/pool, then complexes within selected unit",descriptive interval; does not correct test-informed family selection
B,rdock,All128,top1_rmsd_ecdf_strict_lt,3.5,128,43.48958333,2.386758174,38.28125,48.95833333,10000,20260906,"top-level run/pool, then complexes within selected unit",descriptive interval; does not correct test-informed family selection
B,rdock,All128,top1_rmsd_ecdf_strict_lt,3.55,128,43.48958333,2.386758174,38.28125,48.95833333,10000,20260906,"top-level run/pool, then complexes within selected unit",descriptive interval; does not correct test-informed family selection
B,rdock,All128,top1_rmsd_ecdf_strict_lt,3.6,128,43.75,2.066993212,38.54166667,49.21875,10000,20260906,"top-level run/pool, then complexes within selected unit",descriptive interval; does not correct test-informed family selection
B,rdock,All128,top1_rmsd_ecdf_strict_lt,3.65,128,44.79166667,1.966102718,39.58333333,50.26041667,10000,20260906,"top-level run/pool, then complexes within selected unit",descriptive interval; does not correct test-informed family selection
B,rdock,All128,top1_rmsd_ecdf_strict_lt,3.7,128,45.3125,2.34375,40.10416667,50.78125,10000,20260906,"top-level run/pool, then complexes within selected unit",descriptive interval; does not correct test-informed family selection
B,rdock,All128,top1_rmsd_ecdf_strict_lt,3.75,128,45.83333333,1.626301562,40.88541667,51.04166667,10000,20260906,"top-level run/pool, then complexes within selected unit",descriptive interval; does not correct test-informed family selection
B,rdock,All128,top1_rmsd_ecdf_strict_lt,3.8,128,46.35416667,1.804219591,41.40625,51.5625,10000,20260906,"top-level run/pool, then complexes within selected unit",descriptive interval; does not correct test-informed family selection
B,rdock,All128,top1_rmsd_ecdf_strict_lt,3.85,128,46.35416667,1.804219591,41.40625,51.5625,10000,20260906,"top-level run/pool, then complexes within selected unit",descriptive interval; does not correct test-informed family selection
B,rdock,All128,top1_rmsd_ecdf_strict_lt,3.9,128,46.875,2.066993212,41.66666667,52.34375,10000,20260906,"top-level run/pool, then complexes within selected unit",descriptive interval; does not correct test-informed family selection
B,rdock,All128,top1_rmsd_ecdf_strict_lt,3.95,128,47.13541667,1.804219591,41.92708333,52.60416667,10000,20260906,"top-level run/pool, then complexes within selected unit",descriptive interval; does not correct test-informed family selection
B,rdock,All128,top1_rmsd_ecdf_strict_lt,4,128,47.39583333,1.626301562,42.44791667,52.60416667,10000,20260906,"top-level run/pool, then complexes within selected unit",descriptive interval; does not correct test-informed family selection
B,rdock,All128,top1_rmsd_ecdf_strict_lt,4.05,128,47.65625,1.5625,42.70833333,52.86458333,10000,20260906,"top-level run/pool, then complexes within selected unit",descriptive interval; does not correct test-informed family selection
B,rdock,All128,top1_rmsd_ecdf_strict_lt,4.1,128,47.91666667,1.626301562,42.96875,53.125,10000,20260906,"top-level run/pool, then complexes within selected unit",descriptive interval; does not correct test-informed family selection
B,rdock,All128,top1_rmsd_ecdf_strict_lt,4.15,128,47.91666667,1.626301562,42.96875,53.125,10000,20260906,"top-level run/pool, then complexes within selected unit",descriptive interval; does not correct test-informed family selection
B,rdock,All128,top1_rmsd_ecdf_strict_lt,4.2,128,48.17708333,1.804219591,42.96875,53.38541667,10000,20260906,"top-level run/pool, then complexes within selected unit",descriptive interval; does not correct test-informed family selection
B,rdock,All128,top1_rmsd_ecdf_strict_lt,4.25,128,48.17708333,1.804219591,42.96875,53.38541667,10000,20260906,"top-level run/pool, then complexes within selected unit",descriptive interval; does not correct test-informed family selection
B,rdock,All128,top1_rmsd_ecdf_strict_lt,4.3,128,48.4375,1.353164693,43.48958333,53.64583333,10000,20260906,"top-level run/pool, then complexes within selected unit",descriptive interval; does not correct test-informed family selection
B,rdock,All128,top1_rmsd_ecdf_strict_lt,4.35,128,48.69791667,1.626301562,43.48958333,53.90625,10000,20260906,"top-level run/pool, then complexes within selected unit",descriptive interval; does not correct test-informed family selection
B,rdock,All128,top1_rmsd_ecdf_strict_lt,4.4,128,48.69791667,1.626301562,43.48958333,53.90625,10000,20260906,"top-level run/pool, then complexes within selected unit",descriptive interval; does not correct test-informed family selection
B,rdock,All128,top1_rmsd_ecdf_strict_lt,4.45,128,48.69791667,1.626301562,43.48958333,53.90625,10000,20260906,"top-level run/pool, then complexes within selected unit",descriptive interval; does not correct test-informed family selection
B,rdock,All128,top1_rmsd_ecdf_strict_lt,4.5,128,49.21875,2.066993212,44.01041667,54.6875,10000,20260906,"top-level run/pool, then complexes within selected unit",descriptive interval; does not correct test-informed family selection
B,rdock,All128,top1_rmsd_ecdf_strict_lt,4.55,128,49.73958333,2.743659831,44.27083333,55.46875,10000,20260906,"top-level run/pool, then complexes within selected unit",descriptive interval; does not correct test-informed family selection
B,rdock,All128,top1_rmsd_ecdf_strict_lt,4.6,128,49.73958333,2.743659831,44.27083333,55.46875,10000,20260906,"top-level run/pool, then complexes within selected unit",descriptive interval; does not correct test-informed family selection
B,rdock,All128,top1_rmsd_ecdf_strict_lt,4.65,128,50,3.125,44.27083333,55.72916667,10000,20260906,"top-level run/pool, then complexes within selected unit",descriptive interval; does not correct test-informed family selection
B,rdock,All128,top1_rmsd_ecdf_strict_lt,4.7,128,50.26041667,3.522851369,44.27083333,56.25,10000,20260906,"top-level run/pool, then complexes within selected unit",descriptive interval; does not correct test-informed family selection
B,rdock,All128,top1_rmsd_ecdf_strict_lt,4.75,128,50.52083333,3.157384285,44.79166667,56.51041667,10000,20260906,"top-level run/pool, then complexes within selected unit",descriptive interval; does not correct test-informed family selection
B,rdock,All128,top1_rmsd_ecdf_strict_lt,4.8,128,51.04166667,3.252603124,45.3125,57.03125,10000,20260906,"top-level run/pool, then complexes within selected unit",descriptive interval; does not correct test-informed family selection
B,rdock,All128,top1_rmsd_ecdf_strict_lt,4.85,128,51.82291667,2.743659831,46.35416667,57.55208333,10000,20260906,"top-level run/pool, then complexes within selected unit",descriptive interval; does not correct test-informed family selection
B,rdock,All128,top1_rmsd_ecdf_strict_lt,4.9,128,52.34375,3.580137262,46.35416667,58.33333333,10000,20260906,"top-level run/pool, then complexes within selected unit",descriptive interval; does not correct test-informed family selection
B,rdock,All128,top1_rmsd_ecdf_strict_lt,4.95,128,53.125,3.580137262,47.13541667,59.11458333,10000,20260906,"top-level run/pool, then complexes within selected unit",descriptive interval; does not correct test-informed family selection
B,rdock,All128,top1_rmsd_ecdf_strict_lt,5,128,54.16666667,4.009063625,48.17708333,60.41666667,10000,20260906,"top-level run/pool, then complexes within selected unit",descriptive interval; does not correct test-informed family selection
B,rdock,All128,top1_rmsd_ecdf_strict_lt,5.05,128,55.20833333,2.957764763,49.73958333,60.9375,10000,20260906,"top-level run/pool, then complexes within selected unit",descriptive interval; does not correct test-informed family selection
B,rdock,All128,top1_rmsd_ecdf_strict_lt,5.1,128,55.46875,2.816836934,50,61.19791667,10000,20260906,"top-level run/pool, then complexes within selected unit",descriptive interval; does not correct test-informed family selection
B,rdock,All128,top1_rmsd_ecdf_strict_lt,5.15,128,55.98958333,3.157384285,50.26041667,61.71875,10000,20260906,"top-level run/pool, then complexes within selected unit",descriptive interval; does not correct test-informed family selection
B,rdock,All128,top1_rmsd_ecdf_strict_lt,5.2,128,56.25,2.816836934,50.78125,61.97916667,10000,20260906,"top-level run/pool, then complexes within selected unit",descriptive interval; does not correct test-informed family selection
B,rdock,All128,top1_rmsd_ecdf_strict_lt,5.25,128,57.03125,3.125,51.30208333,62.76041667,10000,20260906,"top-level run/pool, then complexes within selected unit",descriptive interval; does not correct test-informed family selection
B,rdock,All128,top1_rmsd_ecdf_strict_lt,5.3,128,57.55208333,3.157384285,51.82291667,63.28125,10000,20260906,"top-level run/pool, then complexes within selected unit",descriptive interval; does not correct test-informed family selection
B,rdock,All128,top1_rmsd_ecdf_strict_lt,5.35,128,57.8125,2.816836934,52.34375,63.54166667,10000,20260906,"top-level run/pool, then complexes within selected unit",descriptive interval; does not correct test-informed family selection
B,rdock,All128,top1_rmsd_ecdf_strict_lt,5.4,128,58.07291667,3.252603124,52.34375,64.0625,10000,20260906,"top-level run/pool, then complexes within selected unit",descriptive interval; does not correct test-informed family selection
B,rdock,All128,top1_rmsd_ecdf_strict_lt,5.45,128,58.59375,2.816836934,53.125,64.32291667,10000,20260906,"top-level run/pool, then complexes within selected unit",descriptive interval; does not correct test-informed family selection
B,rdock,All128,top1_rmsd_ecdf_strict_lt,5.5,128,59.375,2.816836934,53.90625,65.10416667,10000,20260906,"top-level run/pool, then complexes within selected unit",descriptive interval; does not correct test-informed family selection
B,rdock,All128,top1_rmsd_ecdf_strict_lt,5.55,128,59.375,2.816836934,53.90625,65.10416667,10000,20260906,"top-level run/pool, then complexes within selected unit",descriptive interval; does not correct test-informed family selection
B,rdock,All128,top1_rmsd_ecdf_strict_lt,5.6,128,59.63541667,2.743659831,54.16666667,65.10416667,10000,20260906,"top-level run/pool, then complexes within selected unit",descriptive interval; does not correct test-informed family selection
B,rdock,All128,top1_rmsd_ecdf_strict_lt,5.65,128,60.15625,2.34375,54.6875,65.36458333,10000,20260906,"top-level run/pool, then complexes within selected unit",descriptive interval; does not correct test-informed family selection
B,rdock,All128,top1_rmsd_ecdf_strict_lt,5.7,128,60.41666667,1.966102718,55.20833333,65.625,10000,20260906,"top-level run/pool, then complexes within selected unit",descriptive interval; does not correct test-informed family selection
B,rdock,All128,top1_rmsd_ecdf_strict_lt,5.75,128,60.67708333,1.966102718,55.46875,65.88541667,10000,20260906,"top-level run/pool, then complexes within selected unit",descriptive interval; does not correct test-informed family selection
B,rdock,All128,top1_rmsd_ecdf_strict_lt,5.8,128,60.67708333,1.966102718,55.46875,65.88541667,10000,20260906,"top-level run/pool, then complexes within selected unit",descriptive interval; does not correct test-informed family selection
B,rdock,All128,top1_rmsd_ecdf_strict_lt,5.85,128,61.19791667,2.743659831,55.72916667,66.66666667,10000,20260906,"top-level run/pool, then complexes within selected unit",descriptive interval; does not correct test-informed family selection
B,rdock,All128,top1_rmsd_ecdf_strict_lt,5.9,128,61.45833333,2.743659831,55.98958333,66.92708333,10000,20260906,"top-level run/pool, then complexes within selected unit",descriptive interval; does not correct test-informed family selection
B,rdock,All128,top1_rmsd_ecdf_strict_lt,5.95,128,62.76041667,3.157384285,57.03125,68.22916667,10000,20260906,"top-level run/pool, then complexes within selected unit",descriptive interval; does not correct test-informed family selection
B,rdock,All128,top1_rmsd_ecdf_strict_lt,6,128,62.76041667,3.157384285,57.03125,68.22916667,10000,20260906,"top-level run/pool, then complexes within selected unit",descriptive interval; does not correct test-informed family selection
B,rdock,All128,top1_rmsd_ecdf_strict_lt,6.05,128,63.02083333,3.252603124,57.29166667,68.48958333,10000,20260906,"top-level run/pool, then complexes within selected unit",descriptive interval; does not correct test-informed family selection
B,rdock,All128,top1_rmsd_ecdf_strict_lt,6.1,128,64.58333333,2.511367386,59.11458333,69.79166667,10000,20260906,"top-level run/pool, then complexes within selected unit",descriptive interval; does not correct test-informed family selection
B,rdock,All128,top1_rmsd_ecdf_strict_lt,6.15,128,65.625,2.066993212,60.41666667,70.57291667,10000,20260906,"top-level run/pool, then complexes within selected unit",descriptive interval; does not correct test-informed family selection
B,rdock,All128,top1_rmsd_ecdf_strict_lt,6.2,128,65.625,2.066993212,60.41666667,70.57291667,10000,20260906,"top-level run/pool, then complexes within selected unit",descriptive interval; does not correct test-informed family selection
B,rdock,All128,top1_rmsd_ecdf_strict_lt,6.25,128,66.14583333,1.193379087,61.19791667,70.83333333,10000,20260906,"top-level run/pool, then complexes within selected unit",descriptive interval; does not correct test-informed family selection
B,rdock,All128,top1_rmsd_ecdf_strict_lt,6.3,128,66.40625,1.5625,61.45833333,71.09375,10000,20260906,"top-level run/pool, then complexes within selected unit",descriptive interval; does not correct test-informed family selection
B,rdock,All128,top1_rmsd_ecdf_strict_lt,6.35,128,67.1875,1.353164693,62.23958333,71.875,10000,20260906,"top-level run/pool, then complexes within selected unit",descriptive interval; does not correct test-informed family selection
B,rdock,All128,top1_rmsd_ecdf_strict_lt,6.4,128,67.70833333,1.193379087,62.76041667,72.39583333,10000,20260906,"top-level run/pool, then complexes within selected unit",descriptive interval; does not correct test-informed family selection
B,rdock,All128,top1_rmsd_ecdf_strict_lt,6.45,128,68.75,2.066993212,63.54166667,73.69791667,10000,20260906,"top-level run/pool, then complexes within selected unit",descriptive interval; does not correct test-informed family selection
B,rdock,All128,top1_rmsd_ecdf_strict_lt,6.5,128,69.01041667,1.626301562,64.0625,73.69791667,10000,20260906,"top-level run/pool, then complexes within selected unit",descriptive interval; does not correct test-informed family selection
B,rdock,All128,top1_rmsd_ecdf_strict_lt,6.55,128,69.27083333,1.193379087,64.58333333,73.95833333,10000,20260906,"top-level run/pool, then complexes within selected unit",descriptive interval; does not correct test-informed family selection
B,rdock,All128,top1_rmsd_ecdf_strict_lt,6.6,128,69.79166667,1.626301562,64.84375,74.47916667,10000,20260906,"top-level run/pool, then complexes within selected unit",descriptive interval; does not correct test-informed family selection
B,rdock,All128,top1_rmsd_ecdf_strict_lt,6.65,128,70.3125,2.066993212,65.36458333,75,10000,20260906,"top-level run/pool, then complexes within selected unit",descriptive interval; does not correct test-informed family selection
B,rdock,All128,top1_rmsd_ecdf_strict_lt,6.7,128,71.09375,2.706329387,65.88541667,76.04166667,10000,20260906,"top-level run/pool, then complexes within selected unit",descriptive interval; does not correct test-informed family selection
B,rdock,All128,top1_rmsd_ecdf_strict_lt,6.75,128,71.61458333,3.252603124,66.14583333,76.82291667,10000,20260906,"top-level run/pool, then complexes within selected unit",descriptive interval; does not correct test-informed family selection
B,rdock,All128,top1_rmsd_ecdf_strict_lt,6.8,128,71.875,3.580137262,66.14583333,77.34375,10000,20260906,"top-level run/pool, then complexes within selected unit",descriptive interval; does not correct test-informed family selection
B,rdock,All128,top1_rmsd_ecdf_strict_lt,6.85,128,72.65625,3.125,67.1875,77.86458333,10000,20260906,"top-level run/pool, then complexes within selected unit",descriptive interval; does not correct test-informed family selection
B,rdock,All128,top1_rmsd_ecdf_strict_lt,6.9,128,73.4375,3.580137262,67.70833333,78.90625,10000,20260906,"top-level run/pool, then complexes within selected unit",descriptive interval; does not correct test-informed family selection
B,rdock,All128,top1_rmsd_ecdf_strict_lt,6.95,128,74.21875,3.580137262,68.75,79.6875,10000,20260906,"top-level run/pool, then complexes within selected unit",descriptive interval; does not correct test-informed family selection
B,rdock,All128,top1_rmsd_ecdf_strict_lt,7,128,74.21875,3.580137262,68.75,79.6875,10000,20260906,"top-level run/pool, then complexes within selected unit",descriptive interval; does not correct test-informed family selection
B,rdock,All128,top1_rmsd_ecdf_strict_lt,7.05,128,74.21875,3.580137262,68.75,79.6875,10000,20260906,"top-level run/pool, then complexes within selected unit",descriptive interval; does not correct test-informed family selection
B,rdock,All128,top1_rmsd_ecdf_strict_lt,7.1,128,74.73958333,3.932205435,69.01041667,80.20833333,10000,20260906,"top-level run/pool, then complexes within selected unit",descriptive interval; does not correct test-informed family selection
B,rdock,All128,top1_rmsd_ecdf_strict_lt,7.15,128,75.78125,2.816836934,70.83333333,80.72916667,10000,20260906,"top-level run/pool, then complexes within selected unit",descriptive interval; does not correct test-informed family selection
B,rdock,All128,top1_rmsd_ecdf_strict_lt,7.2,128,77.08333333,3.608439182,71.61458333,82.55208333,10000,20260906,"top-level run/pool, then complexes within selected unit",descriptive interval; does not correct test-informed family selection
B,rdock,All128,top1_rmsd_ecdf_strict_lt,7.25,128,77.60416667,3.853814736,72.13541667,83.07291667,10000,20260906,"top-level run/pool, then complexes within selected unit",descriptive interval; does not correct test-informed family selection
B,rdock,All128,top1_rmsd_ecdf_strict_lt,7.3,128,78.38541667,3.252603124,73.17708333,83.33333333,10000,20260906,"top-level run/pool, then complexes within selected unit",descriptive interval; does not correct test-informed family selection
B,rdock,All128,top1_rmsd_ecdf_strict_lt,7.35,128,78.38541667,3.252603124,73.17708333,83.33333333,10000,20260906,"top-level run/pool, then complexes within selected unit",descriptive interval; does not correct test-informed family selection
B,rdock,All128,top1_rmsd_ecdf_strict_lt,7.4,128,78.64583333,3.692043458,73.4375,83.85416667,10000,20260906,"top-level run/pool, then complexes within selected unit",descriptive interval; does not correct test-informed family selection
B,rdock,All128,top1_rmsd_ecdf_strict_lt,7.45,128,78.64583333,3.692043458,73.4375,83.85416667,10000,20260906,"top-level run/pool, then complexes within selected unit",descriptive interval; does not correct test-informed family selection
B,rdock,All128,top1_rmsd_ecdf_strict_lt,7.5,128,78.64583333,3.692043458,73.4375,83.85416667,10000,20260906,"top-level run/pool, then complexes within selected unit",descriptive interval; does not correct test-informed family selection
B,rdock,All128,top1_rmsd_ecdf_strict_lt,7.55,128,78.90625,3.580137262,73.69791667,84.11458333,10000,20260906,"top-level run/pool, then complexes within selected unit",descriptive interval; does not correct test-informed family selection
B,rdock,All128,top1_rmsd_ecdf_strict_lt,7.6,128,79.16666667,3.522851369,73.95833333,84.375,10000,20260906,"top-level run/pool, then complexes within selected unit",descriptive interval; does not correct test-informed family selection
B,rdock,All128,top1_rmsd_ecdf_strict_lt,7.65,128,79.16666667,3.522851369,73.95833333,84.375,10000,20260906,"top-level run/pool, then complexes within selected unit",descriptive interval; does not correct test-informed family selection
B,rdock,All128,top1_rmsd_ecdf_strict_lt,7.7,128,79.6875,3.125,74.73307292,84.63541667,10000,20260906,"top-level run/pool, then complexes within selected unit",descriptive interval; does not correct test-informed family selection
B,rdock,All128,top1_rmsd_ecdf_strict_lt,7.75,128,79.94791667,2.743659831,75,84.63541667,10000,20260906,"top-level run/pool, then complexes within selected unit",descriptive interval; does not correct test-informed family selection
B,rdock,All128,top1_rmsd_ecdf_strict_lt,7.8,128,80.20833333,2.743659831,75.52083333,84.89583333,10000,20260906,"top-level run/pool, then complexes within selected unit",descriptive interval; does not correct test-informed family selection
B,rdock,All128,top1_rmsd_ecdf_strict_lt,7.85,128,80.20833333,2.743659831,75.52083333,84.89583333,10000,20260906,"top-level run/pool, then complexes within selected unit",descriptive interval; does not correct test-informed family selection
B,rdock,All128,top1_rmsd_ecdf_strict_lt,7.9,128,80.72916667,2.386758174,76.04166667,85.15625,10000,20260906,"top-level run/pool, then complexes within selected unit",descriptive interval; does not correct test-informed family selection
B,rdock,All128,top1_rmsd_ecdf_strict_lt,7.95,128,80.98958333,2.511367386,76.30208333,85.41666667,10000,20260906,"top-level run/pool, then complexes within selected unit",descriptive interval; does not correct test-informed family selection
B,rdock,All128,top1_rmsd_ecdf_strict_lt,8,128,81.51041667,1.626301562,77.08333333,85.67708333,10000,20260906,"top-level run/pool, then complexes within selected unit",descriptive interval; does not correct test-informed family selection
B,rdock,All128,top1_rmsd_ecdf_strict_lt,8.05,128,81.51041667,1.626301562,77.08333333,85.67708333,10000,20260906,"top-level run/pool, then complexes within selected unit",descriptive interval; does not correct test-informed family selection
B,rdock,All128,top1_rmsd_ecdf_strict_lt,8.1,128,82.03125,1.353164693,77.86458333,85.9375,10000,20260906,"top-level run/pool, then complexes within selected unit",descriptive interval; does not correct test-informed family selection
B,rdock,All128,top1_rmsd_ecdf_strict_lt,8.15,128,82.03125,1.353164693,77.86458333,85.9375,10000,20260906,"top-level run/pool, then complexes within selected unit",descriptive interval; does not correct test-informed family selection
B,rdock,All128,top1_rmsd_ecdf_strict_lt,8.2,128,82.29166667,1.626301562,77.86458333,86.45833333,10000,20260906,"top-level run/pool, then complexes within selected unit",descriptive interval; does not correct test-informed family selection
B,rdock,All128,top1_rmsd_ecdf_strict_lt,8.25,128,82.55208333,1.193379087,78.38541667,86.45833333,10000,20260906,"top-level run/pool, then complexes within selected unit",descriptive interval; does not correct test-informed family selection
B,rdock,All128,top1_rmsd_ecdf_strict_lt,8.3,128,82.55208333,1.193379087,78.38541667,86.45833333,10000,20260906,"top-level run/pool, then complexes within selected unit",descriptive interval; does not correct test-informed family selection
B,rdock,All128,top1_rmsd_ecdf_strict_lt,8.35,128,82.8125,0.78125,78.90625,86.71875,10000,20260906,"top-level run/pool, then complexes within selected unit",descriptive interval; does not correct test-informed family selection
B,rdock,All128,top1_rmsd_ecdf_strict_lt,8.4,128,83.59375,0.78125,79.6875,87.23958333,10000,20260906,"top-level run/pool, then complexes within selected unit",descriptive interval; does not correct test-informed family selection
B,rdock,All128,top1_rmsd_ecdf_strict_lt,8.45,128,83.85416667,0.4510548978,80.20833333,87.5,10000,20260906,"top-level run/pool, then complexes within selected unit",descriptive interval; does not correct test-informed family selection
B,rdock,All128,top1_rmsd_ecdf_strict_lt,8.5,128,84.63541667,0.4510548978,80.98958333,88.28125,10000,20260906,"top-level run/pool, then complexes within selected unit",descriptive interval; does not correct test-informed family selection
B,rdock,All128,top1_rmsd_ecdf_strict_lt,8.55,128,84.89583333,0.4510548978,81.25,88.28125,10000,20260906,"top-level run/pool, then complexes within selected unit",descriptive interval; does not correct test-informed family selection
B,rdock,All128,top1_rmsd_ecdf_strict_lt,8.6,128,85.41666667,0.4510548978,81.77083333,88.80208333,10000,20260906,"top-level run/pool, then complexes within selected unit",descriptive interval; does not correct test-informed family selection
B,rdock,All128,top1_rmsd_ecdf_strict_lt,8.65,128,85.9375,0.78125,82.29166667,89.32291667,10000,20260906,"top-level run/pool, then complexes within selected unit",descriptive interval; does not correct test-informed family selection
B,rdock,All128,top1_rmsd_ecdf_strict_lt,8.7,128,85.9375,0.78125,82.29166667,89.32291667,10000,20260906,"top-level run/pool, then complexes within selected unit",descriptive interval; does not correct test-informed family selection
B,rdock,All128,top1_rmsd_ecdf_strict_lt,8.75,128,86.45833333,1.193379087,82.8125,89.84375,10000,20260906,"top-level run/pool, then complexes within selected unit",descriptive interval; does not correct test-informed family selection
B,rdock,All128,top1_rmsd_ecdf_strict_lt,8.8,128,86.97916667,1.626301562,83.07291667,90.625,10000,20260906,"top-level run/pool, then complexes within selected unit",descriptive interval; does not correct test-informed family selection
B,rdock,All128,top1_rmsd_ecdf_strict_lt,8.85,128,86.97916667,1.626301562,83.07291667,90.625,10000,20260906,"top-level run/pool, then complexes within selected unit",descriptive interval; does not correct test-informed family selection
B,rdock,All128,top1_rmsd_ecdf_strict_lt,8.9,128,86.97916667,1.626301562,83.07291667,90.625,10000,20260906,"top-level run/pool, then complexes within selected unit",descriptive interval; does not correct test-informed family selection
B,rdock,All128,top1_rmsd_ecdf_strict_lt,8.95,128,87.5,2.066993212,83.59375,91.14583333,10000,20260906,"top-level run/pool, then complexes within selected unit",descriptive interval; does not correct test-informed family selection
B,rdock,All128,top1_rmsd_ecdf_strict_lt,9,128,88.28125,2.066993212,84.375,91.92708333,10000,20260906,"top-level run/pool, then complexes within selected unit",descriptive interval; does not correct test-informed family selection
B,rdock,All128,top1_rmsd_ecdf_strict_lt,9.05,128,88.54166667,2.386758174,84.375,92.1875,10000,20260906,"top-level run/pool, then complexes within selected unit",descriptive interval; does not correct test-informed family selection
B,rdock,All128,top1_rmsd_ecdf_strict_lt,9.1,128,88.54166667,2.386758174,84.375,92.1875,10000,20260906,"top-level run/pool, then complexes within selected unit",descriptive interval; does not correct test-informed family selection
B,rdock,All128,top1_rmsd_ecdf_strict_lt,9.15,128,89.0625,2.34375,85.15625,92.70833333,10000,20260906,"top-level run/pool, then complexes within selected unit",descriptive interval; does not correct test-informed family selection
B,rdock,All128,top1_rmsd_ecdf_strict_lt,9.2,128,89.0625,2.34375,85.15625,92.70833333,10000,20260906,"top-level run/pool, then complexes within selected unit",descriptive interval; does not correct test-informed family selection
B,rdock,All128,top1_rmsd_ecdf_strict_lt,9.25,128,89.32291667,1.966102718,85.67708333,92.70833333,10000,20260906,"top-level run/pool, then complexes within selected unit",descriptive interval; does not correct test-informed family selection
B,rdock,All128,top1_rmsd_ecdf_strict_lt,9.3,128,89.32291667,1.966102718,85.67708333,92.70833333,10000,20260906,"top-level run/pool, then complexes within selected unit",descriptive interval; does not correct test-informed family selection
B,rdock,All128,top1_rmsd_ecdf_strict_lt,9.35,128,89.84375,1.5625,86.45833333,92.96875,10000,20260906,"top-level run/pool, then complexes within selected unit",descriptive interval; does not correct test-informed family selection
B,rdock,All128,top1_rmsd_ecdf_strict_lt,9.4,128,90.36458333,1.804219591,86.71875,93.48958333,10000,20260906,"top-level run/pool, then complexes within selected unit",descriptive interval; does not correct test-informed family selection
B,rdock,All128,top1_rmsd_ecdf_strict_lt,9.45,128,91.40625,0.78125,88.28125,94.27083333,10000,20260906,"top-level run/pool, then complexes within selected unit",descriptive interval; does not correct test-informed family selection
B,rdock,All128,top1_rmsd_ecdf_strict_lt,9.5,128,91.92708333,1.193379087,88.80208333,94.79166667,10000,20260906,"top-level run/pool, then complexes within selected unit",descriptive interval; does not correct test-informed family selection
B,rdock,All128,top1_rmsd_ecdf_strict_lt,9.55,128,92.1875,1.353164693,89.0625,95.05208333,10000,20260906,"top-level run/pool, then complexes within selected unit",descriptive interval; does not correct test-informed family selection
B,rdock,All128,top1_rmsd_ecdf_strict_lt,9.6,128,92.44791667,0.9021097956,89.58333333,95.05208333,10000,20260906,"top-level run/pool, then complexes within selected unit",descriptive interval; does not correct test-informed family selection
B,rdock,All128,top1_rmsd_ecdf_strict_lt,9.65,128,92.70833333,1.193379087,89.84375,95.3125,10000,20260906,"top-level run/pool, then complexes within selected unit",descriptive interval; does not correct test-informed family selection
B,rdock,All128,top1_rmsd_ecdf_strict_lt,9.7,128,92.96875,1.353164693,90.10416667,95.57291667,10000,20260906,"top-level run/pool, then complexes within selected unit",descriptive interval; does not correct test-informed family selection
B,rdock,All128,top1_rmsd_ecdf_strict_lt,9.75,128,92.96875,1.353164693,90.10416667,95.57291667,10000,20260906,"top-level run/pool, then complexes within selected unit",descriptive interval; does not correct test-informed family selection
B,rdock,All128,top1_rmsd_ecdf_strict_lt,9.8,128,92.96875,1.353164693,90.10416667,95.57291667,10000,20260906,"top-level run/pool, then complexes within selected unit",descriptive interval; does not correct test-informed family selection
B,rdock,All128,top1_rmsd_ecdf_strict_lt,9.85,128,93.48958333,1.966102718,90.36458333,96.35416667,10000,20260906,"top-level run/pool, then complexes within selected unit",descriptive interval; does not correct test-informed family selection
B,rdock,All128,top1_rmsd_ecdf_strict_lt,9.9,128,94.01041667,2.386758174,90.625,96.875,10000,20260906,"top-level run/pool, then complexes within selected unit",descriptive interval; does not correct test-informed family selection
B,rdock,All128,top1_rmsd_ecdf_strict_lt,9.95,128,94.01041667,2.386758174,90.625,96.875,10000,20260906,"top-level run/pool, then complexes within selected unit",descriptive interval; does not correct test-informed family selection
B,rdock,All128,top1_rmsd_ecdf_strict_lt,10,128,94.27083333,2.511367386,90.625,97.13541667,10000,20260906,"top-level run/pool, then complexes within selected unit",descriptive interval; does not correct test-informed family selection
B,vina,All128,top1_rmsd_ecdf_strict_lt,0,128,0,0,0,0,10000,20260906,"top-level run/pool, then complexes within selected unit",descriptive interval; does not correct test-informed family selection
B,vina,All128,top1_rmsd_ecdf_strict_lt,0.05,128,0,0,0,0,10000,20260906,"top-level run/pool, then complexes within selected unit",descriptive interval; does not correct test-informed family selection
B,vina,All128,top1_rmsd_ecdf_strict_lt,0.1,128,0,0,0,0,10000,20260906,"top-level run/pool, then complexes within selected unit",descriptive interval; does not correct test-informed family selection
B,vina,All128,top1_rmsd_ecdf_strict_lt,0.15,128,1.5625,0,0.5208333333,2.864583333,10000,20260906,"top-level run/pool, then complexes within selected unit",descriptive interval; does not correct test-informed family selection
B,vina,All128,top1_rmsd_ecdf_strict_lt,0.2,128,3.125,0,1.5625,4.947916667,10000,20260906,"top-level run/pool, then complexes within selected unit",descriptive interval; does not correct test-informed family selection
B,vina,All128,top1_rmsd_ecdf_strict_lt,0.25,128,3.90625,0,2.083333333,5.989583333,10000,20260906,"top-level run/pool, then complexes within selected unit",descriptive interval; does not correct test-informed family selection
B,vina,All128,top1_rmsd_ecdf_strict_lt,0.3,128,5.208333333,0.4510548978,3.125,7.552083333,10000,20260906,"top-level run/pool, then complexes within selected unit",descriptive interval; does not correct test-informed family selection
B,vina,All128,top1_rmsd_ecdf_strict_lt,0.35,128,6.510416667,0.9021097956,3.90625,9.114583333,10000,20260906,"top-level run/pool, then complexes within selected unit",descriptive interval; does not correct test-informed family selection
B,vina,All128,top1_rmsd_ecdf_strict_lt,0.4,128,7.8125,0,5.208333333,10.67708333,10000,20260906,"top-level run/pool, then complexes within selected unit",descriptive interval; does not correct test-informed family selection
B,vina,All128,top1_rmsd_ecdf_strict_lt,0.45,128,7.8125,0,5.208333333,10.67708333,10000,20260906,"top-level run/pool, then complexes within selected unit",descriptive interval; does not correct test-informed family selection
B,vina,All128,top1_rmsd_ecdf_strict_lt,0.5,128,8.59375,0,5.989583333,11.45833333,10000,20260906,"top-level run/pool, then complexes within selected unit",descriptive interval; does not correct test-informed family selection
B,vina,All128,top1_rmsd_ecdf_strict_lt,0.55,128,9.635416667,0.4510548978,6.770833333,12.76041667,10000,20260906,"top-level run/pool, then complexes within selected unit",descriptive interval; does not correct test-informed family selection
B,vina,All128,top1_rmsd_ecdf_strict_lt,0.6,128,10.15625,0,7.291666667,13.28125,10000,20260906,"top-level run/pool, then complexes within selected unit",descriptive interval; does not correct test-informed family selection
B,vina,All128,top1_rmsd_ecdf_strict_lt,0.65,128,10.15625,0,7.291666667,13.28125,10000,20260906,"top-level run/pool, then complexes within selected unit",descriptive interval; does not correct test-informed family selection
B,vina,All128,top1_rmsd_ecdf_strict_lt,0.7,128,10.9375,0,7.8125,14.0625,10000,20260906,"top-level run/pool, then complexes within selected unit",descriptive interval; does not correct test-informed family selection
B,vina,All128,top1_rmsd_ecdf_strict_lt,0.75,128,11.19791667,0.4510548978,8.072916667,14.58333333,10000,20260906,"top-level run/pool, then complexes within selected unit",descriptive interval; does not correct test-informed family selection
B,vina,All128,top1_rmsd_ecdf_strict_lt,0.8,128,12.23958333,0.9021097956,8.854166667,15.625,10000,20260906,"top-level run/pool, then complexes within selected unit",descriptive interval; does not correct test-informed family selection
B,vina,All128,top1_rmsd_ecdf_strict_lt,0.85,128,12.5,0.78125,9.114583333,15.88541667,10000,20260906,"top-level run/pool, then complexes within selected unit",descriptive interval; does not correct test-informed family selection
B,vina,All128,top1_rmsd_ecdf_strict_lt,0.9,128,12.76041667,0.4510548978,9.375,16.14583333,10000,20260906,"top-level run/pool, then complexes within selected unit",descriptive interval; does not correct test-informed family selection
B,vina,All128,top1_rmsd_ecdf_strict_lt,0.95,128,13.02083333,0.4510548978,9.635416667,16.40625,10000,20260906,"top-level run/pool, then complexes within selected unit",descriptive interval; does not correct test-informed family selection
B,vina,All128,top1_rmsd_ecdf_strict_lt,1,128,13.28125,0.78125,9.895833333,16.66666667,10000,20260906,"top-level run/pool, then complexes within selected unit",descriptive interval; does not correct test-informed family selection
B,vina,All128,top1_rmsd_ecdf_strict_lt,1.05,128,13.28125,0.78125,9.895833333,16.66666667,10000,20260906,"top-level run/pool, then complexes within selected unit",descriptive interval; does not correct test-informed family selection
B,vina,All128,top1_rmsd_ecdf_strict_lt,1.1,128,13.28125,0.78125,9.895833333,16.66666667,10000,20260906,"top-level run/pool, then complexes within selected unit",descriptive interval; does not correct test-informed family selection
B,vina,All128,top1_rmsd_ecdf_strict_lt,1.15,128,14.58333333,0.4510548978,10.9375,18.22916667,10000,20260906,"top-level run/pool, then complexes within selected unit",descriptive interval; does not correct test-informed family selection
B,vina,All128,top1_rmsd_ecdf_strict_lt,1.2,128,15.36458333,1.626301562,11.45833333,19.27083333,10000,20260906,"top-level run/pool, then complexes within selected unit",descriptive interval; does not correct test-informed family selection
B,vina,All128,top1_rmsd_ecdf_strict_lt,1.25,128,16.14583333,1.193379087,12.49348958,20.05208333,10000,20260906,"top-level run/pool, then complexes within selected unit",descriptive interval; does not correct test-informed family selection
B,vina,All128,top1_rmsd_ecdf_strict_lt,1.3,128,17.70833333,1.193379087,13.80208333,21.61458333,10000,20260906,"top-level run/pool, then complexes within selected unit",descriptive interval; does not correct test-informed family selection
B,vina,All128,top1_rmsd_ecdf_strict_lt,1.35,128,19.27083333,0.4510548978,15.36458333,23.17708333,10000,20260906,"top-level run/pool, then complexes within selected unit",descriptive interval; does not correct test-informed family selection
B,vina,All128,top1_rmsd_ecdf_strict_lt,1.4,128,19.27083333,0.4510548978,15.36458333,23.17708333,10000,20260906,"top-level run/pool, then complexes within selected unit",descriptive interval; does not correct test-informed family selection
B,vina,All128,top1_rmsd_ecdf_strict_lt,1.45,128,20.3125,1.5625,16.13932292,24.73958333,10000,20260906,"top-level run/pool, then complexes within selected unit",descriptive interval; does not correct test-informed family selection
B,vina,All128,top1_rmsd_ecdf_strict_lt,1.5,128,20.3125,1.5625,16.13932292,24.73958333,10000,20260906,"top-level run/pool, then complexes within selected unit",descriptive interval; does not correct test-informed family selection
B,vina,All128,top1_rmsd_ecdf_strict_lt,1.55,128,20.57291667,1.966102718,16.14583333,25,10000,20260906,"top-level run/pool, then complexes within selected unit",descriptive interval; does not correct test-informed family selection
B,vina,All128,top1_rmsd_ecdf_strict_lt,1.6,128,21.09375,1.5625,16.66666667,25.52083333,10000,20260906,"top-level run/pool, then complexes within selected unit",descriptive interval; does not correct test-informed family selection
B,vina,All128,top1_rmsd_ecdf_strict_lt,1.65,128,21.35416667,1.626301562,16.92708333,25.78125,10000,20260906,"top-level run/pool, then complexes within selected unit",descriptive interval; does not correct test-informed family selection
B,vina,All128,top1_rmsd_ecdf_strict_lt,1.7,128,21.35416667,1.626301562,16.92708333,25.78125,10000,20260906,"top-level run/pool, then complexes within selected unit",descriptive interval; does not correct test-informed family selection
B,vina,All128,top1_rmsd_ecdf_strict_lt,1.75,128,21.61458333,1.193379087,17.44791667,25.78125,10000,20260906,"top-level run/pool, then complexes within selected unit",descriptive interval; does not correct test-informed family selection
B,vina,All128,top1_rmsd_ecdf_strict_lt,1.8,128,21.875,0.78125,17.70833333,26.04166667,10000,20260906,"top-level run/pool, then complexes within selected unit",descriptive interval; does not correct test-informed family selection
B,vina,All128,top1_rmsd_ecdf_strict_lt,1.85,128,22.91666667,0.9021097956,18.75,27.08333333,10000,20260906,"top-level run/pool, then complexes within selected unit",descriptive interval; does not correct test-informed family selection
B,vina,All128,top1_rmsd_ecdf_strict_lt,1.9,128,23.17708333,0.4510548978,19.01041667,27.34375,10000,20260906,"top-level run/pool, then complexes within selected unit",descriptive interval; does not correct test-informed family selection
B,vina,All128,top1_rmsd_ecdf_strict_lt,1.95,128,23.17708333,0.4510548978,19.01041667,27.34375,10000,20260906,"top-level run/pool, then complexes within selected unit",descriptive interval; does not correct test-informed family selection
B,vina,All128,top1_rmsd_ecdf_strict_lt,2,128,23.17708333,0.4510548978,19.01041667,27.34375,10000,20260906,"top-level run/pool, then complexes within selected unit",descriptive interval; does not correct test-informed family selection
B,vina,All128,top1_rmsd_ecdf_strict_lt,2.05,128,23.4375,0,19.27083333,27.60416667,10000,20260906,"top-level run/pool, then complexes within selected unit",descriptive interval; does not correct test-informed family selection
B,vina,All128,top1_rmsd_ecdf_strict_lt,2.1,128,23.69791667,0.4510548978,19.53125,27.86458333,10000,20260906,"top-level run/pool, then complexes within selected unit",descriptive interval; does not correct test-informed family selection
B,vina,All128,top1_rmsd_ecdf_strict_lt,2.15,128,23.95833333,0.4510548978,19.79166667,28.125,10000,20260906,"top-level run/pool, then complexes within selected unit",descriptive interval; does not correct test-informed family selection
B,vina,All128,top1_rmsd_ecdf_strict_lt,2.2,128,24.21875,0,20.05208333,28.39192708,10000,20260906,"top-level run/pool, then complexes within selected unit",descriptive interval; does not correct test-informed family selection
B,vina,All128,top1_rmsd_ecdf_strict_lt,2.25,128,25.26041667,0.4510548978,20.83333333,29.6875,10000,20260906,"top-level run/pool, then complexes within selected unit",descriptive interval; does not correct test-informed family selection
B,vina,All128,top1_rmsd_ecdf_strict_lt,2.3,128,26.04166667,0.4510548978,21.61458333,30.46875,10000,20260906,"top-level run/pool, then complexes within selected unit",descriptive interval; does not correct test-informed family selection
B,vina,All128,top1_rmsd_ecdf_strict_lt,2.35,128,26.30208333,0.4510548978,21.875,30.72916667,10000,20260906,"top-level run/pool, then complexes within selected unit",descriptive interval; does not correct test-informed family selection
B,vina,All128,top1_rmsd_ecdf_strict_lt,2.4,128,27.08333333,1.626301562,22.39583333,31.77083333,10000,20260906,"top-level run/pool, then complexes within selected unit",descriptive interval; does not correct test-informed family selection
B,vina,All128,top1_rmsd_ecdf_strict_lt,2.45,128,27.86458333,1.626301562,23.17708333,32.55208333,10000,20260906,"top-level run/pool, then complexes within selected unit",descriptive interval; does not correct test-informed family selection
B,vina,All128,top1_rmsd_ecdf_strict_lt,2.5,128,27.86458333,1.626301562,23.17708333,32.55208333,10000,20260906,"top-level run/pool, then complexes within selected unit",descriptive interval; does not correct test-informed family selection
B,vina,All128,top1_rmsd_ecdf_strict_lt,2.55,128,27.86458333,1.626301562,23.17708333,32.55208333,10000,20260906,"top-level run/pool, then complexes within selected unit",descriptive interval; does not correct test-informed family selection
B,vina,All128,top1_rmsd_ecdf_strict_lt,2.6,128,28.125,1.353164693,23.4375,32.8125,10000,20260906,"top-level run/pool, then complexes within selected unit",descriptive interval; does not correct test-informed family selection
B,vina,All128,top1_rmsd_ecdf_strict_lt,2.65,128,28.38541667,1.193379087,23.69791667,33.07291667,10000,20260906,"top-level run/pool, then complexes within selected unit",descriptive interval; does not correct test-informed family selection
B,vina,All128,top1_rmsd_ecdf_strict_lt,2.7,128,28.90625,1.353164693,24.21875,33.59375,10000,20260906,"top-level run/pool, then complexes within selected unit",descriptive interval; does not correct test-informed family selection
B,vina,All128,top1_rmsd_ecdf_strict_lt,2.75,128,28.90625,1.353164693,24.21875,33.59375,10000,20260906,"top-level run/pool, then complexes within selected unit",descriptive interval; does not correct test-informed family selection
B,vina,All128,top1_rmsd_ecdf_strict_lt,2.8,128,28.90625,1.353164693,24.21875,33.59375,10000,20260906,"top-level run/pool, then complexes within selected unit",descriptive interval; does not correct test-informed family selection
B,vina,All128,top1_rmsd_ecdf_strict_lt,2.85,128,29.16666667,1.804219591,24.21875,34.11458333,10000,20260906,"top-level run/pool, then complexes within selected unit",descriptive interval; does not correct test-informed family selection
B,vina,All128,top1_rmsd_ecdf_strict_lt,2.9,128,29.16666667,1.804219591,24.21875,34.11458333,10000,20260906,"top-level run/pool, then complexes within selected unit",descriptive interval; does not correct test-informed family selection
B,vina,All128,top1_rmsd_ecdf_strict_lt,2.95,128,30.20833333,1.626301562,25.26041667,35.15625,10000,20260906,"top-level run/pool, then complexes within selected unit",descriptive interval; does not correct test-informed family selection
B,vina,All128,top1_rmsd_ecdf_strict_lt,3,128,30.46875,1.353164693,25.78125,35.15625,10000,20260906,"top-level run/pool, then complexes within selected unit",descriptive interval; does not correct test-informed family selection
B,vina,All128,top1_rmsd_ecdf_strict_lt,3.05,128,31.51041667,1.193379087,26.82291667,36.19791667,10000,20260906,"top-level run/pool, then complexes within selected unit",descriptive interval; does not correct test-informed family selection
B,vina,All128,top1_rmsd_ecdf_strict_lt,3.1,128,32.03125,1.353164693,27.34375,36.71875,10000,20260906,"top-level run/pool, then complexes within selected unit",descriptive interval; does not correct test-informed family selection
B,vina,All128,top1_rmsd_ecdf_strict_lt,3.15,128,32.03125,1.353164693,27.34375,36.71875,10000,20260906,"top-level run/pool, then complexes within selected unit",descriptive interval; does not correct test-informed family selection
B,vina,All128,top1_rmsd_ecdf_strict_lt,3.2,128,32.03125,1.353164693,27.34375,36.71875,10000,20260906,"top-level run/pool, then complexes within selected unit",descriptive interval; does not correct test-informed family selection
B,vina,All128,top1_rmsd_ecdf_strict_lt,3.25,128,32.29166667,1.193379087,27.60416667,36.97916667,10000,20260906,"top-level run/pool, then complexes within selected unit",descriptive interval; does not correct test-informed family selection
B,vina,All128,top1_rmsd_ecdf_strict_lt,3.3,128,33.59375,2.066993212,28.64583333,38.80208333,10000,20260906,"top-level run/pool, then complexes within selected unit",descriptive interval; does not correct test-informed family selection
B,vina,All128,top1_rmsd_ecdf_strict_lt,3.35,128,33.85416667,2.511367386,28.64583333,39.0625,10000,20260906,"top-level run/pool, then complexes within selected unit",descriptive interval; does not correct test-informed family selection
B,vina,All128,top1_rmsd_ecdf_strict_lt,3.4,128,33.85416667,2.511367386,28.64583333,39.0625,10000,20260906,"top-level run/pool, then complexes within selected unit",descriptive interval; does not correct test-informed family selection
B,vina,All128,top1_rmsd_ecdf_strict_lt,3.45,128,34.11458333,2.386758174,28.90625,39.32291667,10000,20260906,"top-level run/pool, then complexes within selected unit",descriptive interval; does not correct test-informed family selection
B,vina,All128,top1_rmsd_ecdf_strict_lt,3.5,128,34.89583333,1.626301562,29.94791667,39.84375,10000,20260906,"top-level run/pool, then complexes within selected unit",descriptive interval; does not correct test-informed family selection
B,vina,All128,top1_rmsd_ecdf_strict_lt,3.55,128,34.89583333,1.626301562,29.94791667,39.84375,10000,20260906,"top-level run/pool, then complexes within selected unit",descriptive interval; does not correct test-informed family selection
B,vina,All128,top1_rmsd_ecdf_strict_lt,3.6,128,35.15625,2.066993212,30.20833333,40.36458333,10000,20260906,"top-level run/pool, then complexes within selected unit",descriptive interval; does not correct test-informed family selection
B,vina,All128,top1_rmsd_ecdf_strict_lt,3.65,128,35.9375,2.066993212,30.98958333,41.14583333,10000,20260906,"top-level run/pool, then complexes within selected unit",descriptive interval; does not correct test-informed family selection
B,vina,All128,top1_rmsd_ecdf_strict_lt,3.7,128,36.45833333,2.386758174,31.25,41.66666667,10000,20260906,"top-level run/pool, then complexes within selected unit",descriptive interval; does not correct test-informed family selection
B,vina,All128,top1_rmsd_ecdf_strict_lt,3.75,128,36.71875,2.816836934,31.25,42.1875,10000,20260906,"top-level run/pool, then complexes within selected unit",descriptive interval; does not correct test-informed family selection
B,vina,All128,top1_rmsd_ecdf_strict_lt,3.8,128,36.97916667,3.252603124,31.51041667,42.70833333,10000,20260906,"top-level run/pool, then complexes within selected unit",descriptive interval; does not correct test-informed family selection
B,vina,All128,top1_rmsd_ecdf_strict_lt,3.85,128,37.5,3.4053898,31.77083333,43.48958333,10000,20260906,"top-level run/pool, then complexes within selected unit",descriptive interval; does not correct test-informed family selection
B,vina,All128,top1_rmsd_ecdf_strict_lt,3.9,128,38.02083333,2.957764763,32.55208333,43.75,10000,20260906,"top-level run/pool, then complexes within selected unit",descriptive interval; does not correct test-informed family selection
B,vina,All128,top1_rmsd_ecdf_strict_lt,3.95,128,38.02083333,2.957764763,32.55208333,43.75,10000,20260906,"top-level run/pool, then complexes within selected unit",descriptive interval; does not correct test-informed family selection
B,vina,All128,top1_rmsd_ecdf_strict_lt,4,128,38.02083333,2.957764763,32.55208333,43.75,10000,20260906,"top-level run/pool, then complexes within selected unit",descriptive interval; does not correct test-informed family selection
B,vina,All128,top1_rmsd_ecdf_strict_lt,4.05,128,38.28125,2.816836934,32.8125,43.75,10000,20260906,"top-level run/pool, then complexes within selected unit",descriptive interval; does not correct test-informed family selection
B,vina,All128,top1_rmsd_ecdf_strict_lt,4.1,128,38.80208333,2.957764763,33.33333333,44.53125,10000,20260906,"top-level run/pool, then complexes within selected unit",descriptive interval; does not correct test-informed family selection
B,vina,All128,top1_rmsd_ecdf_strict_lt,4.15,128,39.0625,2.706329387,33.85416667,44.53125,10000,20260906,"top-level run/pool, then complexes within selected unit",descriptive interval; does not correct test-informed family selection
B,vina,All128,top1_rmsd_ecdf_strict_lt,4.2,128,39.0625,2.706329387,33.85416667,44.53125,10000,20260906,"top-level run/pool, then complexes within selected unit",descriptive interval; does not correct test-informed family selection
B,vina,All128,top1_rmsd_ecdf_strict_lt,4.25,128,39.0625,2.706329387,33.85416667,44.53125,10000,20260906,"top-level run/pool, then complexes within selected unit",descriptive interval; does not correct test-informed family selection
B,vina,All128,top1_rmsd_ecdf_strict_lt,4.3,128,39.32291667,2.511367386,34.11458333,44.79166667,10000,20260906,"top-level run/pool, then complexes within selected unit",descriptive interval; does not correct test-informed family selection
B,vina,All128,top1_rmsd_ecdf_strict_lt,4.35,128,39.58333333,2.386758174,34.375,45.05208333,10000,20260906,"top-level run/pool, then complexes within selected unit",descriptive interval; does not correct test-informed family selection
B,vina,All128,top1_rmsd_ecdf_strict_lt,4.4,128,39.58333333,2.386758174,34.375,45.05208333,10000,20260906,"top-level run/pool, then complexes within selected unit",descriptive interval; does not correct test-informed family selection
B,vina,All128,top1_rmsd_ecdf_strict_lt,4.45,128,39.84375,2.066993212,34.63541667,45.05208333,10000,20260906,"top-level run/pool, then complexes within selected unit",descriptive interval; does not correct test-informed family selection
B,vina,All128,top1_rmsd_ecdf_strict_lt,4.5,128,40.10416667,2.511367386,34.89583333,45.57291667,10000,20260906,"top-level run/pool, then complexes within selected unit",descriptive interval; does not correct test-informed family selection
B,vina,All128,top1_rmsd_ecdf_strict_lt,4.55,128,40.36458333,2.957764763,34.89583333,46.09375,10000,20260906,"top-level run/pool, then complexes within selected unit",descriptive interval; does not correct test-informed family selection
B,vina,All128,top1_rmsd_ecdf_strict_lt,4.6,128,40.36458333,2.957764763,34.89583333,46.09375,10000,20260906,"top-level run/pool, then complexes within selected unit",descriptive interval; does not correct test-informed family selection
B,vina,All128,top1_rmsd_ecdf_strict_lt,4.65,128,40.36458333,2.957764763,34.89583333,46.09375,10000,20260906,"top-level run/pool, then complexes within selected unit",descriptive interval; does not correct test-informed family selection
B,vina,All128,top1_rmsd_ecdf_strict_lt,4.7,128,40.88541667,3.252603124,35.41666667,46.61458333,10000,20260906,"top-level run/pool, then complexes within selected unit",descriptive interval; does not correct test-informed family selection
B,vina,All128,top1_rmsd_ecdf_strict_lt,4.75,128,41.40625,3.4053898,35.9375,47.39583333,10000,20260906,"top-level run/pool, then complexes within selected unit",descriptive interval; does not correct test-informed family selection
B,vina,All128,top1_rmsd_ecdf_strict_lt,4.8,128,41.66666667,3.157384285,36.19791667,47.39583333,10000,20260906,"top-level run/pool, then complexes within selected unit",descriptive interval; does not correct test-informed family selection
B,vina,All128,top1_rmsd_ecdf_strict_lt,4.85,128,41.66666667,3.157384285,36.19791667,47.39583333,10000,20260906,"top-level run/pool, then complexes within selected unit",descriptive interval; does not correct test-informed family selection
B,vina,All128,top1_rmsd_ecdf_strict_lt,4.9,128,41.92708333,2.957764763,36.45833333,47.65625,10000,20260906,"top-level run/pool, then complexes within selected unit",descriptive interval; does not correct test-informed family selection
B,vina,All128,top1_rmsd_ecdf_strict_lt,4.95,128,42.1875,2.706329387,36.97916667,47.65625,10000,20260906,"top-level run/pool, then complexes within selected unit",descriptive interval; does not correct test-informed family selection
B,vina,All128,top1_rmsd_ecdf_strict_lt,5,128,43.75,3.125,38.28125,49.47916667,10000,20260906,"top-level run/pool, then complexes within selected unit",descriptive interval; does not correct test-informed family selection
B,vina,All128,top1_rmsd_ecdf_strict_lt,5.05,128,44.27083333,2.743659831,38.80208333,49.73958333,10000,20260906,"top-level run/pool, then complexes within selected unit",descriptive interval; does not correct test-informed family selection
B,vina,All128,top1_rmsd_ecdf_strict_lt,5.1,128,44.53125,2.816836934,39.0625,50.26041667,10000,20260906,"top-level run/pool, then complexes within selected unit",descriptive interval; does not correct test-informed family selection
B,vina,All128,top1_rmsd_ecdf_strict_lt,5.15,128,44.79166667,2.957764763,39.32291667,50.52083333,10000,20260906,"top-level run/pool, then complexes within selected unit",descriptive interval; does not correct test-informed family selection
B,vina,All128,top1_rmsd_ecdf_strict_lt,5.2,128,45.57291667,1.626301562,40.36458333,50.78125,10000,20260906,"top-level run/pool, then complexes within selected unit",descriptive interval; does not correct test-informed family selection
B,vina,All128,top1_rmsd_ecdf_strict_lt,5.25,128,45.57291667,1.626301562,40.36458333,50.78125,10000,20260906,"top-level run/pool, then complexes within selected unit",descriptive interval; does not correct test-informed family selection
B,vina,All128,top1_rmsd_ecdf_strict_lt,5.3,128,45.57291667,1.626301562,40.36458333,50.78125,10000,20260906,"top-level run/pool, then complexes within selected unit",descriptive interval; does not correct test-informed family selection
B,vina,All128,top1_rmsd_ecdf_strict_lt,5.35,128,46.09375,2.066993212,40.88541667,51.5625,10000,20260906,"top-level run/pool, then complexes within selected unit",descriptive interval; does not correct test-informed family selection
B,vina,All128,top1_rmsd_ecdf_strict_lt,5.4,128,46.61458333,2.511367386,41.14583333,52.08333333,10000,20260906,"top-level run/pool, then complexes within selected unit",descriptive interval; does not correct test-informed family selection
B,vina,All128,top1_rmsd_ecdf_strict_lt,5.45,128,47.13541667,1.626301562,41.92708333,52.34375,10000,20260906,"top-level run/pool, then complexes within selected unit",descriptive interval; does not correct test-informed family selection
B,vina,All128,top1_rmsd_ecdf_strict_lt,5.5,128,48.17708333,1.966102718,42.96875,53.38541667,10000,20260906,"top-level run/pool, then complexes within selected unit",descriptive interval; does not correct test-informed family selection
B,vina,All128,top1_rmsd_ecdf_strict_lt,5.55,128,48.4375,1.5625,43.48958333,53.64583333,10000,20260906,"top-level run/pool, then complexes within selected unit",descriptive interval; does not correct test-informed family selection
B,vina,All128,top1_rmsd_ecdf_strict_lt,5.6,128,48.4375,1.5625,43.48958333,53.64583333,10000,20260906,"top-level run/pool, then complexes within selected unit",descriptive interval; does not correct test-informed family selection
B,vina,All128,top1_rmsd_ecdf_strict_lt,5.65,128,48.4375,1.5625,43.48958333,53.64583333,10000,20260906,"top-level run/pool, then complexes within selected unit",descriptive interval; does not correct test-informed family selection
B,vina,All128,top1_rmsd_ecdf_strict_lt,5.7,128,49.47916667,1.193379087,44.53125,54.43359375,10000,20260906,"top-level run/pool, then complexes within selected unit",descriptive interval; does not correct test-informed family selection
B,vina,All128,top1_rmsd_ecdf_strict_lt,5.75,128,50.26041667,0.9021097956,45.3125,55.46875,10000,20260906,"top-level run/pool, then complexes within selected unit",descriptive interval; does not correct test-informed family selection
B,vina,All128,top1_rmsd_ecdf_strict_lt,5.8,128,50.78125,1.5625,45.57291667,55.98958333,10000,20260906,"top-level run/pool, then complexes within selected unit",descriptive interval; does not correct test-informed family selection
B,vina,All128,top1_rmsd_ecdf_strict_lt,5.85,128,51.04166667,1.966102718,45.83333333,56.25,10000,20260906,"top-level run/pool, then complexes within selected unit",descriptive interval; does not correct test-informed family selection
B,vina,All128,top1_rmsd_ecdf_strict_lt,5.9,128,51.04166667,1.966102718,45.83333333,56.25,10000,20260906,"top-level run/pool, then complexes within selected unit",descriptive interval; does not correct test-informed family selection
B,vina,All128,top1_rmsd_ecdf_strict_lt,5.95,128,51.30208333,2.386758174,45.83333333,56.77083333,10000,20260906,"top-level run/pool, then complexes within selected unit",descriptive interval; does not correct test-informed family selection
B,vina,All128,top1_rmsd_ecdf_strict_lt,6,128,51.5625,2.066993212,46.35416667,56.77083333,10000,20260906,"top-level run/pool, then complexes within selected unit",descriptive interval; does not correct test-informed family selection
B,vina,All128,top1_rmsd_ecdf_strict_lt,6.05,128,51.5625,2.066993212,46.35416667,56.77083333,10000,20260906,"top-level run/pool, then complexes within selected unit",descriptive interval; does not correct test-informed family selection
B,vina,All128,top1_rmsd_ecdf_strict_lt,6.1,128,51.82291667,1.966102718,46.61458333,57.03125,10000,20260906,"top-level run/pool, then complexes within selected unit",descriptive interval; does not correct test-informed family selection
B,vina,All128,top1_rmsd_ecdf_strict_lt,6.15,128,52.08333333,1.966102718,46.875,57.29166667,10000,20260906,"top-level run/pool, then complexes within selected unit",descriptive interval; does not correct test-informed family selection
B,vina,All128,top1_rmsd_ecdf_strict_lt,6.2,128,52.08333333,1.966102718,46.875,57.29166667,10000,20260906,"top-level run/pool, then complexes within selected unit",descriptive interval; does not correct test-informed family selection
B,vina,All128,top1_rmsd_ecdf_strict_lt,6.25,128,52.34375,1.5625,47.13541667,57.55208333,10000,20260906,"top-level run/pool, then complexes within selected unit",descriptive interval; does not correct test-informed family selection
B,vina,All128,top1_rmsd_ecdf_strict_lt,6.3,128,52.86458333,1.626301562,47.91015625,58.07291667,10000,20260906,"top-level run/pool, then complexes within selected unit",descriptive interval; does not correct test-informed family selection
B,vina,All128,top1_rmsd_ecdf_strict_lt,6.35,128,53.125,2.066993212,47.91666667,58.33333333,10000,20260906,"top-level run/pool, then complexes within selected unit",descriptive interval; does not correct test-informed family selection
B,vina,All128,top1_rmsd_ecdf_strict_lt,6.4,128,53.90625,1.5625,48.69791667,59.11458333,10000,20260906,"top-level run/pool, then complexes within selected unit",descriptive interval; does not correct test-informed family selection
B,vina,All128,top1_rmsd_ecdf_strict_lt,6.45,128,54.42708333,1.626301562,49.21875,59.63541667,10000,20260906,"top-level run/pool, then complexes within selected unit",descriptive interval; does not correct test-informed family selection
B,vina,All128,top1_rmsd_ecdf_strict_lt,6.5,128,54.94791667,1.193379087,50,60.15625,10000,20260906,"top-level run/pool, then complexes within selected unit",descriptive interval; does not correct test-informed family selection
B,vina,All128,top1_rmsd_ecdf_strict_lt,6.55,128,54.94791667,1.193379087,50,60.15625,10000,20260906,"top-level run/pool, then complexes within selected unit",descriptive interval; does not correct test-informed family selection
B,vina,All128,top1_rmsd_ecdf_strict_lt,6.6,128,55.20833333,0.9021097956,50.26041667,60.15625,10000,20260906,"top-level run/pool, then complexes within selected unit",descriptive interval; does not correct test-informed family selection
B,vina,All128,top1_rmsd_ecdf_strict_lt,6.65,128,55.20833333,0.9021097956,50.26041667,60.15625,10000,20260906,"top-level run/pool, then complexes within selected unit",descriptive interval; does not correct test-informed family selection
B,vina,All128,top1_rmsd_ecdf_strict_lt,6.7,128,55.98958333,1.626301562,50.78125,61.19791667,10000,20260906,"top-level run/pool, then complexes within selected unit",descriptive interval; does not correct test-informed family selection
B,vina,All128,top1_rmsd_ecdf_strict_lt,6.75,128,56.51041667,1.966102718,51.30208333,61.97916667,10000,20260906,"top-level run/pool, then complexes within selected unit",descriptive interval; does not correct test-informed family selection
B,vina,All128,top1_rmsd_ecdf_strict_lt,6.8,128,56.77083333,1.966102718,51.5625,61.97916667,10000,20260906,"top-level run/pool, then complexes within selected unit",descriptive interval; does not correct test-informed family selection
B,vina,All128,top1_rmsd_ecdf_strict_lt,6.85,128,57.03125,2.34375,51.5625,62.5,10000,20260906,"top-level run/pool, then complexes within selected unit",descriptive interval; does not correct test-informed family selection
B,vina,All128,top1_rmsd_ecdf_strict_lt,6.9,128,57.29166667,1.966102718,52.08333333,62.5,10000,20260906,"top-level run/pool, then complexes within selected unit",descriptive interval; does not correct test-informed family selection
B,vina,All128,top1_rmsd_ecdf_strict_lt,6.95,128,57.8125,1.5625,52.60416667,63.02083333,10000,20260906,"top-level run/pool, then complexes within selected unit",descriptive interval; does not correct test-informed family selection
B,vina,All128,top1_rmsd_ecdf_strict_lt,7,128,58.07291667,1.193379087,52.86458333,63.02083333,10000,20260906,"top-level run/pool, then complexes within selected unit",descriptive interval; does not correct test-informed family selection
B,vina,All128,top1_rmsd_ecdf_strict_lt,7.05,128,59.11458333,0.9021097956,54.16666667,64.0625,10000,20260906,"top-level run/pool, then complexes within selected unit",descriptive interval; does not correct test-informed family selection
B,vina,All128,top1_rmsd_ecdf_strict_lt,7.1,128,59.63541667,1.193379087,54.6875,64.58333333,10000,20260906,"top-level run/pool, then complexes within selected unit",descriptive interval; does not correct test-informed family selection
B,vina,All128,top1_rmsd_ecdf_strict_lt,7.15,128,60.41666667,1.193379087,55.46875,65.36458333,10000,20260906,"top-level run/pool, then complexes within selected unit",descriptive interval; does not correct test-informed family selection
B,vina,All128,top1_rmsd_ecdf_strict_lt,7.2,128,60.67708333,1.626301562,55.46875,65.625,10000,20260906,"top-level run/pool, then complexes within selected unit",descriptive interval; does not correct test-informed family selection
B,vina,All128,top1_rmsd_ecdf_strict_lt,7.25,128,61.19791667,1.804219591,55.98958333,66.40625,10000,20260906,"top-level run/pool, then complexes within selected unit",descriptive interval; does not correct test-informed family selection
B,vina,All128,top1_rmsd_ecdf_strict_lt,7.3,128,61.19791667,1.804219591,55.98958333,66.40625,10000,20260906,"top-level run/pool, then complexes within selected unit",descriptive interval; does not correct test-informed family selection
B,vina,All128,top1_rmsd_ecdf_strict_lt,7.35,128,61.45833333,1.626301562,56.25,66.40625,10000,20260906,"top-level run/pool, then complexes within selected unit",descriptive interval; does not correct test-informed family selection
B,vina,All128,top1_rmsd_ecdf_strict_lt,7.4,128,61.97916667,1.966102718,56.77083333,67.1875,10000,20260906,"top-level run/pool, then complexes within selected unit",descriptive interval; does not correct test-informed family selection
B,vina,All128,top1_rmsd_ecdf_strict_lt,7.45,128,62.5,2.34375,57.03125,67.70833333,10000,20260906,"top-level run/pool, then complexes within selected unit",descriptive interval; does not correct test-informed family selection
B,vina,All128,top1_rmsd_ecdf_strict_lt,7.5,128,62.76041667,1.966102718,57.55208333,67.96875,10000,20260906,"top-level run/pool, then complexes within selected unit",descriptive interval; does not correct test-informed family selection
B,vina,All128,top1_rmsd_ecdf_strict_lt,7.55,128,63.28125,1.5625,58.07291667,68.22916667,10000,20260906,"top-level run/pool, then complexes within selected unit",descriptive interval; does not correct test-informed family selection
B,vina,All128,top1_rmsd_ecdf_strict_lt,7.6,128,64.58333333,1.966102718,59.375,69.79166667,10000,20260906,"top-level run/pool, then complexes within selected unit",descriptive interval; does not correct test-informed family selection
B,vina,All128,top1_rmsd_ecdf_strict_lt,7.65,128,64.84375,1.5625,59.89583333,69.79166667,10000,20260906,"top-level run/pool, then complexes within selected unit",descriptive interval; does not correct test-informed family selection
B,vina,All128,top1_rmsd_ecdf_strict_lt,7.7,128,65.625,1.353164693,60.67708333,70.57291667,10000,20260906,"top-level run/pool, then complexes within selected unit",descriptive interval; does not correct test-informed family selection
B,vina,All128,top1_rmsd_ecdf_strict_lt,7.75,128,65.88541667,1.193379087,60.9375,70.57291667,10000,20260906,"top-level run/pool, then complexes within selected unit",descriptive interval; does not correct test-informed family selection
B,vina,All128,top1_rmsd_ecdf_strict_lt,7.8,128,66.14583333,1.626301562,61.19791667,71.09375,10000,20260906,"top-level run/pool, then complexes within selected unit",descriptive interval; does not correct test-informed family selection
B,vina,All128,top1_rmsd_ecdf_strict_lt,7.85,128,66.40625,1.5625,61.45833333,71.35416667,10000,20260906,"top-level run/pool, then complexes within selected unit",descriptive interval; does not correct test-informed family selection
B,vina,All128,top1_rmsd_ecdf_strict_lt,7.9,128,66.92708333,0.9021097956,62.23958333,71.61458333,10000,20260906,"top-level run/pool, then complexes within selected unit",descriptive interval; does not correct test-informed family selection
B,vina,All128,top1_rmsd_ecdf_strict_lt,7.95,128,67.44791667,1.193379087,62.5,72.13541667,10000,20260906,"top-level run/pool, then complexes within selected unit",descriptive interval; does not correct test-informed family selection
B,vina,All128,top1_rmsd_ecdf_strict_lt,8,128,67.44791667,1.193379087,62.5,72.13541667,10000,20260906,"top-level run/pool, then complexes within selected unit",descriptive interval; does not correct test-informed family selection
B,vina,All128,top1_rmsd_ecdf_strict_lt,8.05,128,67.70833333,1.193379087,62.76041667,72.39583333,10000,20260906,"top-level run/pool, then complexes within selected unit",descriptive interval; does not correct test-informed family selection
B,vina,All128,top1_rmsd_ecdf_strict_lt,8.1,128,67.70833333,1.193379087,62.76041667,72.39583333,10000,20260906,"top-level run/pool, then complexes within selected unit",descriptive interval; does not correct test-informed family selection
B,vina,All128,top1_rmsd_ecdf_strict_lt,8.15,128,69.01041667,2.386758174,63.80208333,73.95833333,10000,20260906,"top-level run/pool, then complexes within selected unit",descriptive interval; does not correct test-informed family selection
B,vina,All128,top1_rmsd_ecdf_strict_lt,8.2,128,70.05208333,1.966102718,65.10416667,75,10000,20260906,"top-level run/pool, then complexes within selected unit",descriptive interval; does not correct test-informed family selection
B,vina,All128,top1_rmsd_ecdf_strict_lt,8.25,128,70.3125,2.066993212,65.36458333,75,10000,20260906,"top-level run/pool, then complexes within selected unit",descriptive interval; does not correct test-informed family selection
B,vina,All128,top1_rmsd_ecdf_strict_lt,8.3,128,70.3125,2.066993212,65.36458333,75,10000,20260906,"top-level run/pool, then complexes within selected unit",descriptive interval; does not correct test-informed family selection
B,vina,All128,top1_rmsd_ecdf_strict_lt,8.35,128,70.57291667,2.255274489,65.36458333,75.52083333,10000,20260906,"top-level run/pool, then complexes within selected unit",descriptive interval; does not correct test-informed family selection
B,vina,All128,top1_rmsd_ecdf_strict_lt,8.4,128,70.83333333,1.804219591,65.88541667,75.52083333,10000,20260906,"top-level run/pool, then complexes within selected unit",descriptive interval; does not correct test-informed family selection
B,vina,All128,top1_rmsd_ecdf_strict_lt,8.45,128,71.35416667,1.626301562,66.40625,76.04166667,10000,20260906,"top-level run/pool, then complexes within selected unit",descriptive interval; does not correct test-informed family selection
B,vina,All128,top1_rmsd_ecdf_strict_lt,8.5,128,71.875,2.066993212,66.92708333,76.5625,10000,20260906,"top-level run/pool, then complexes within selected unit",descriptive interval; does not correct test-informed family selection
B,vina,All128,top1_rmsd_ecdf_strict_lt,8.55,128,71.875,2.066993212,66.92708333,76.5625,10000,20260906,"top-level run/pool, then complexes within selected unit",descriptive interval; does not correct test-informed family selection
B,vina,All128,top1_rmsd_ecdf_strict_lt,8.6,128,72.13541667,2.255274489,67.1875,76.82291667,10000,20260906,"top-level run/pool, then complexes within selected unit",descriptive interval; does not correct test-informed family selection
B,vina,All128,top1_rmsd_ecdf_strict_lt,8.65,128,72.39583333,1.804219591,67.44791667,77.08333333,10000,20260906,"top-level run/pool, then complexes within selected unit",descriptive interval; does not correct test-informed family selection
B,vina,All128,top1_rmsd_ecdf_strict_lt,8.7,128,72.65625,2.066993212,67.70833333,77.34375,10000,20260906,"top-level run/pool, then complexes within selected unit",descriptive interval; does not correct test-informed family selection
B,vina,All128,top1_rmsd_ecdf_strict_lt,8.75,128,72.91666667,1.626301562,68.22916667,77.35026042,10000,20260906,"top-level run/pool, then complexes within selected unit",descriptive interval; does not correct test-informed family selection
B,vina,All128,top1_rmsd_ecdf_strict_lt,8.8,128,72.91666667,1.626301562,68.22916667,77.35026042,10000,20260906,"top-level run/pool, then complexes within selected unit",descriptive interval; does not correct test-informed family selection
B,vina,All128,top1_rmsd_ecdf_strict_lt,8.85,128,72.91666667,1.626301562,68.22916667,77.35026042,10000,20260906,"top-level run/pool, then complexes within selected unit",descriptive interval; does not correct test-informed family selection
B,vina,All128,top1_rmsd_ecdf_strict_lt,8.9,128,73.17708333,1.193379087,68.48958333,77.60416667,10000,20260906,"top-level run/pool, then complexes within selected unit",descriptive interval; does not correct test-informed family selection
B,vina,All128,top1_rmsd_ecdf_strict_lt,8.95,128,73.17708333,1.193379087,68.48958333,77.60416667,10000,20260906,"top-level run/pool, then complexes within selected unit",descriptive interval; does not correct test-informed family selection
B,vina,All128,top1_rmsd_ecdf_strict_lt,9,128,73.4375,1.353164693,68.75,77.86458333,10000,20260906,"top-level run/pool, then complexes within selected unit",descriptive interval; does not correct test-informed family selection
B,vina,All128,top1_rmsd_ecdf_strict_lt,9.05,128,73.95833333,1.804219591,69.27083333,78.64583333,10000,20260906,"top-level run/pool, then complexes within selected unit",descriptive interval; does not correct test-informed family selection
B,vina,All128,top1_rmsd_ecdf_strict_lt,9.1,128,73.95833333,1.804219591,69.27083333,78.64583333,10000,20260906,"top-level run/pool, then complexes within selected unit",descriptive interval; does not correct test-informed family selection
B,vina,All128,top1_rmsd_ecdf_strict_lt,9.15,128,73.95833333,1.804219591,69.27083333,78.64583333,10000,20260906,"top-level run/pool, then complexes within selected unit",descriptive interval; does not correct test-informed family selection
B,vina,All128,top1_rmsd_ecdf_strict_lt,9.2,128,74.47916667,2.255274489,69.53125,79.16666667,10000,20260906,"top-level run/pool, then complexes within selected unit",descriptive interval; does not correct test-informed family selection
B,vina,All128,top1_rmsd_ecdf_strict_lt,9.25,128,74.47916667,2.255274489,69.53125,79.16666667,10000,20260906,"top-level run/pool, then complexes within selected unit",descriptive interval; does not correct test-informed family selection
B,vina,All128,top1_rmsd_ecdf_strict_lt,9.3,128,74.47916667,2.255274489,69.53125,79.16666667,10000,20260906,"top-level run/pool, then complexes within selected unit",descriptive interval; does not correct test-informed family selection
B,vina,All128,top1_rmsd_ecdf_strict_lt,9.35,128,74.73958333,1.804219591,70.05208333,79.16666667,10000,20260906,"top-level run/pool, then complexes within selected unit",descriptive interval; does not correct test-informed family selection
B,vina,All128,top1_rmsd_ecdf_strict_lt,9.4,128,75,2.066993212,70.3125,79.43359375,10000,20260906,"top-level run/pool, then complexes within selected unit",descriptive interval; does not correct test-informed family selection
B,vina,All128,top1_rmsd_ecdf_strict_lt,9.45,128,75,2.066993212,70.3125,79.43359375,10000,20260906,"top-level run/pool, then complexes within selected unit",descriptive interval; does not correct test-informed family selection
B,vina,All128,top1_rmsd_ecdf_strict_lt,9.5,128,75.26041667,1.626301562,70.57291667,79.6875,10000,20260906,"top-level run/pool, then complexes within selected unit",descriptive interval; does not correct test-informed family selection
B,vina,All128,top1_rmsd_ecdf_strict_lt,9.55,128,75.26041667,1.626301562,70.57291667,79.6875,10000,20260906,"top-level run/pool, then complexes within selected unit",descriptive interval; does not correct test-informed family selection
B,vina,All128,top1_rmsd_ecdf_strict_lt,9.6,128,75.52083333,1.193379087,71.09375,79.94791667,10000,20260906,"top-level run/pool, then complexes within selected unit",descriptive interval; does not correct test-informed family selection
B,vina,All128,top1_rmsd_ecdf_strict_lt,9.65,128,75.52083333,1.193379087,71.09375,79.94791667,10000,20260906,"top-level run/pool, then complexes within selected unit",descriptive interval; does not correct test-informed family selection
B,vina,All128,top1_rmsd_ecdf_strict_lt,9.7,128,75.78125,0.78125,71.35416667,79.94791667,10000,20260906,"top-level run/pool, then complexes within selected unit",descriptive interval; does not correct test-informed family selection
B,vina,All128,top1_rmsd_ecdf_strict_lt,9.75,128,75.78125,0.78125,71.35416667,79.94791667,10000,20260906,"top-level run/pool, then complexes within selected unit",descriptive interval; does not correct test-informed family selection
B,vina,All128,top1_rmsd_ecdf_strict_lt,9.8,128,76.04166667,0.4510548978,71.61458333,80.20833333,10000,20260906,"top-level run/pool, then complexes within selected unit",descriptive interval; does not correct test-informed family selection
B,vina,All128,top1_rmsd_ecdf_strict_lt,9.85,128,76.04166667,0.4510548978,71.61458333,80.20833333,10000,20260906,"top-level run/pool, then complexes within selected unit",descriptive interval; does not correct test-informed family selection
B,vina,All128,top1_rmsd_ecdf_strict_lt,9.9,128,76.04166667,0.4510548978,71.61458333,80.20833333,10000,20260906,"top-level run/pool, then complexes within selected unit",descriptive interval; does not correct test-informed family selection
B,vina,All128,top1_rmsd_ecdf_strict_lt,9.95,128,76.04166667,0.4510548978,71.61458333,80.20833333,10000,20260906,"top-level run/pool, then complexes within selected unit",descriptive interval; does not correct test-informed family selection
B,vina,All128,top1_rmsd_ecdf_strict_lt,10,128,76.82291667,0.4510548978,72.65625,80.98958333,10000,20260906,"top-level run/pool, then complexes within selected unit",descriptive interval; does not correct test-informed family selection
B,plants,All128,top1_rmsd_ecdf_strict_lt,0,128,0,0,0,0,10000,20260906,"top-level run/pool, then complexes within selected unit",descriptive interval; does not correct test-informed family selection
B,plants,All128,top1_rmsd_ecdf_strict_lt,0.05,128,0,0,0,0,10000,20260906,"top-level run/pool, then complexes within selected unit",descriptive interval; does not correct test-informed family selection
B,plants,All128,top1_rmsd_ecdf_strict_lt,0.1,128,0,0,0,0,10000,20260906,"top-level run/pool, then complexes within selected unit",descriptive interval; does not correct test-informed family selection
B,plants,All128,top1_rmsd_ecdf_strict_lt,0.15,128,0.78125,0,0,1.822916667,10000,20260906,"top-level run/pool, then complexes within selected unit",descriptive interval; does not correct test-informed family selection
B,plants,All128,top1_rmsd_ecdf_strict_lt,0.2,128,2.34375,0,1.041666667,3.90625,10000,20260906,"top-level run/pool, then complexes within selected unit",descriptive interval; does not correct test-informed family selection
B,plants,All128,top1_rmsd_ecdf_strict_lt,0.25,128,3.90625,0,2.083333333,5.989583333,10000,20260906,"top-level run/pool, then complexes within selected unit",descriptive interval; does not correct test-informed family selection
B,plants,All128,top1_rmsd_ecdf_strict_lt,0.3,128,7.03125,0,4.6875,9.635416667,10000,20260906,"top-level run/pool, then complexes within selected unit",descriptive interval; does not correct test-informed family selection
B,plants,All128,top1_rmsd_ecdf_strict_lt,0.35,128,10.15625,0,7.03125,13.28125,10000,20260906,"top-level run/pool, then complexes within selected unit",descriptive interval; does not correct test-informed family selection
B,plants,All128,top1_rmsd_ecdf_strict_lt,0.4,128,10.15625,0,7.03125,13.28125,10000,20260906,"top-level run/pool, then complexes within selected unit",descriptive interval; does not correct test-informed family selection
B,plants,All128,top1_rmsd_ecdf_strict_lt,0.45,128,10.41666667,0.4510548978,7.291666667,13.54166667,10000,20260906,"top-level run/pool, then complexes within selected unit",descriptive interval; does not correct test-informed family selection
B,plants,All128,top1_rmsd_ecdf_strict_lt,0.5,128,11.45833333,0.4510548978,8.333333333,14.84375,10000,20260906,"top-level run/pool, then complexes within selected unit",descriptive interval; does not correct test-informed family selection
B,plants,All128,top1_rmsd_ecdf_strict_lt,0.55,128,11.71875,0.78125,8.333333333,15.10416667,10000,20260906,"top-level run/pool, then complexes within selected unit",descriptive interval; does not correct test-informed family selection
B,plants,All128,top1_rmsd_ecdf_strict_lt,0.6,128,12.23958333,1.193379087,8.854166667,15.88541667,10000,20260906,"top-level run/pool, then complexes within selected unit",descriptive interval; does not correct test-informed family selection
B,plants,All128,top1_rmsd_ecdf_strict_lt,0.65,128,12.5,1.5625,9.108072917,16.14583333,10000,20260906,"top-level run/pool, then complexes within selected unit",descriptive interval; does not correct test-informed family selection
B,plants,All128,top1_rmsd_ecdf_strict_lt,0.7,128,13.80208333,1.626301562,10.15625,17.70833333,10000,20260906,"top-level run/pool, then complexes within selected unit",descriptive interval; does not correct test-informed family selection
B,plants,All128,top1_rmsd_ecdf_strict_lt,0.75,128,13.80208333,1.626301562,10.15625,17.70833333,10000,20260906,"top-level run/pool, then complexes within selected unit",descriptive interval; does not correct test-informed family selection
B,plants,All128,top1_rmsd_ecdf_strict_lt,0.8,128,15.36458333,2.386758174,11.19791667,19.79166667,10000,20260906,"top-level run/pool, then complexes within selected unit",descriptive interval; does not correct test-informed family selection
B,plants,All128,top1_rmsd_ecdf_strict_lt,0.85,128,16.66666667,2.743659831,12.23958333,21.35416667,10000,20260906,"top-level run/pool, then complexes within selected unit",descriptive interval; does not correct test-informed family selection
B,plants,All128,top1_rmsd_ecdf_strict_lt,0.9,128,17.1875,2.34375,13.02083333,21.61458333,10000,20260906,"top-level run/pool, then complexes within selected unit",descriptive interval; does not correct test-informed family selection
B,plants,All128,top1_rmsd_ecdf_strict_lt,0.95,128,17.70833333,1.966102718,13.54166667,22.13541667,10000,20260906,"top-level run/pool, then complexes within selected unit",descriptive interval; does not correct test-informed family selection
B,plants,All128,top1_rmsd_ecdf_strict_lt,1,128,17.70833333,1.966102718,13.54166667,22.13541667,10000,20260906,"top-level run/pool, then complexes within selected unit",descriptive interval; does not correct test-informed family selection
B,plants,All128,top1_rmsd_ecdf_strict_lt,1.05,128,18.22916667,1.966102718,14.0625,22.65625,10000,20260906,"top-level run/pool, then complexes within selected unit",descriptive interval; does not correct test-informed family selection
B,plants,All128,top1_rmsd_ecdf_strict_lt,1.1,128,19.01041667,1.966102718,14.84375,23.4375,10000,20260906,"top-level run/pool, then complexes within selected unit",descriptive interval; does not correct test-informed family selection
B,plants,All128,top1_rmsd_ecdf_strict_lt,1.15,128,19.53125,1.353164693,15.36458333,23.95833333,10000,20260906,"top-level run/pool, then complexes within selected unit",descriptive interval; does not correct test-informed family selection
B,plants,All128,top1_rmsd_ecdf_strict_lt,1.2,128,19.79166667,1.193379087,15.625,23.95833333,10000,20260906,"top-level run/pool, then complexes within selected unit",descriptive interval; does not correct test-informed family selection
B,plants,All128,top1_rmsd_ecdf_strict_lt,1.25,128,20.3125,0.78125,16.39973958,24.47916667,10000,20260906,"top-level run/pool, then complexes within selected unit",descriptive interval; does not correct test-informed family selection
B,plants,All128,top1_rmsd_ecdf_strict_lt,1.3,128,20.57291667,0.9021097956,16.40625,24.73958333,10000,20260906,"top-level run/pool, then complexes within selected unit",descriptive interval; does not correct test-informed family selection
B,plants,All128,top1_rmsd_ecdf_strict_lt,1.35,128,21.35416667,1.966102718,16.92708333,26.04166667,10000,20260906,"top-level run/pool, then complexes within selected unit",descriptive interval; does not correct test-informed family selection
B,plants,All128,top1_rmsd_ecdf_strict_lt,1.4,128,22.39583333,1.626301562,17.96875,26.82291667,10000,20260906,"top-level run/pool, then complexes within selected unit",descriptive interval; does not correct test-informed family selection
B,plants,All128,top1_rmsd_ecdf_strict_lt,1.45,128,22.91666667,1.193379087,18.75,27.34375,10000,20260906,"top-level run/pool, then complexes within selected unit",descriptive interval; does not correct test-informed family selection
B,plants,All128,top1_rmsd_ecdf_strict_lt,1.5,128,23.4375,0.78125,19.27083333,27.86458333,10000,20260906,"top-level run/pool, then complexes within selected unit",descriptive interval; does not correct test-informed family selection
B,plants,All128,top1_rmsd_ecdf_strict_lt,1.55,128,23.4375,0.78125,19.27083333,27.86458333,10000,20260906,"top-level run/pool, then complexes within selected unit",descriptive interval; does not correct test-informed family selection
B,plants,All128,top1_rmsd_ecdf_strict_lt,1.6,128,24.21875,1.353164693,19.79166667,28.90625,10000,20260906,"top-level run/pool, then complexes within selected unit",descriptive interval; does not correct test-informed family selection
B,plants,All128,top1_rmsd_ecdf_strict_lt,1.65,128,25,1.353164693,20.57291667,29.6875,10000,20260906,"top-level run/pool, then complexes within selected unit",descriptive interval; does not correct test-informed family selection
B,plants,All128,top1_rmsd_ecdf_strict_lt,1.7,128,25.78125,0.78125,21.35416667,30.46875,10000,20260906,"top-level run/pool, then complexes within selected unit",descriptive interval; does not correct test-informed family selection
B,plants,All128,top1_rmsd_ecdf_strict_lt,1.75,128,25.78125,0.78125,21.35416667,30.46875,10000,20260906,"top-level run/pool, then complexes within selected unit",descriptive interval; does not correct test-informed family selection
B,plants,All128,top1_rmsd_ecdf_strict_lt,1.8,128,26.04166667,0.9021097956,21.61458333,30.72916667,10000,20260906,"top-level run/pool, then complexes within selected unit",descriptive interval; does not correct test-informed family selection
B,plants,All128,top1_rmsd_ecdf_strict_lt,1.85,128,26.5625,1.5625,22.13541667,31.25,10000,20260906,"top-level run/pool, then complexes within selected unit",descriptive interval; does not correct test-informed family selection
B,plants,All128,top1_rmsd_ecdf_strict_lt,1.9,128,26.82291667,1.966102718,22.13541667,31.77083333,10000,20260906,"top-level run/pool, then complexes within selected unit",descriptive interval; does not correct test-informed family selection
B,plants,All128,top1_rmsd_ecdf_strict_lt,1.95,128,27.08333333,1.966102718,22.39583333,32.03125,10000,20260906,"top-level run/pool, then complexes within selected unit",descriptive interval; does not correct test-informed family selection
B,plants,All128,top1_rmsd_ecdf_strict_lt,2,128,28.64583333,1.804219591,23.95833333,33.59375,10000,20260906,"top-level run/pool, then complexes within selected unit",descriptive interval; does not correct test-informed family selection
B,plants,All128,top1_rmsd_ecdf_strict_lt,2.05,128,28.90625,1.353164693,24.21875,33.59375,10000,20260906,"top-level run/pool, then complexes within selected unit",descriptive interval; does not correct test-informed family selection
B,plants,All128,top1_rmsd_ecdf_strict_lt,2.1,128,29.6875,1.5625,24.73958333,34.63541667,10000,20260906,"top-level run/pool, then complexes within selected unit",descriptive interval; does not correct test-informed family selection
B,plants,All128,top1_rmsd_ecdf_strict_lt,2.15,128,30.72916667,1.193379087,26.04166667,35.67708333,10000,20260906,"top-level run/pool, then complexes within selected unit",descriptive interval; does not correct test-informed family selection
B,plants,All128,top1_rmsd_ecdf_strict_lt,2.2,128,30.98958333,1.193379087,26.30208333,35.9375,10000,20260906,"top-level run/pool, then complexes within selected unit",descriptive interval; does not correct test-informed family selection
B,plants,All128,top1_rmsd_ecdf_strict_lt,2.25,128,30.98958333,1.193379087,26.30208333,35.9375,10000,20260906,"top-level run/pool, then complexes within selected unit",descriptive interval; does not correct test-informed family selection
B,plants,All128,top1_rmsd_ecdf_strict_lt,2.3,128,31.77083333,1.193379087,27.08333333,36.71875,10000,20260906,"top-level run/pool, then complexes within selected unit",descriptive interval; does not correct test-informed family selection
B,plants,All128,top1_rmsd_ecdf_strict_lt,2.35,128,31.77083333,1.193379087,27.08333333,36.71875,10000,20260906,"top-level run/pool, then complexes within selected unit",descriptive interval; does not correct test-informed family selection
B,plants,All128,top1_rmsd_ecdf_strict_lt,2.4,128,32.55208333,1.193379087,27.86458333,37.5,10000,20260906,"top-level run/pool, then complexes within selected unit",descriptive interval; does not correct test-informed family selection
B,plants,All128,top1_rmsd_ecdf_strict_lt,2.45,128,32.55208333,1.193379087,27.86458333,37.5,10000,20260906,"top-level run/pool, then complexes within selected unit",descriptive interval; does not correct test-informed family selection
B,plants,All128,top1_rmsd_ecdf_strict_lt,2.5,128,32.8125,1.353164693,28.125,37.76041667,10000,20260906,"top-level run/pool, then complexes within selected unit",descriptive interval; does not correct test-informed family selection
B,plants,All128,top1_rmsd_ecdf_strict_lt,2.55,128,32.8125,1.353164693,28.125,37.76041667,10000,20260906,"top-level run/pool, then complexes within selected unit",descriptive interval; does not correct test-informed family selection
B,plants,All128,top1_rmsd_ecdf_strict_lt,2.6,128,33.07291667,0.9021097956,28.38541667,38.02083333,10000,20260906,"top-level run/pool, then complexes within selected unit",descriptive interval; does not correct test-informed family selection
B,plants,All128,top1_rmsd_ecdf_strict_lt,2.65,128,33.85416667,1.626301562,28.90625,38.80208333,10000,20260906,"top-level run/pool, then complexes within selected unit",descriptive interval; does not correct test-informed family selection
B,plants,All128,top1_rmsd_ecdf_strict_lt,2.7,128,33.85416667,1.626301562,28.90625,38.80208333,10000,20260906,"top-level run/pool, then complexes within selected unit",descriptive interval; does not correct test-informed family selection
B,plants,All128,top1_rmsd_ecdf_strict_lt,2.75,128,33.85416667,1.626301562,28.90625,38.80208333,10000,20260906,"top-level run/pool, then complexes within selected unit",descriptive interval; does not correct test-informed family selection
B,plants,All128,top1_rmsd_ecdf_strict_lt,2.8,128,34.11458333,1.193379087,29.16666667,39.0625,10000,20260906,"top-level run/pool, then complexes within selected unit",descriptive interval; does not correct test-informed family selection
B,plants,All128,top1_rmsd_ecdf_strict_lt,2.85,128,34.89583333,1.193379087,30.20833333,39.84375,10000,20260906,"top-level run/pool, then complexes within selected unit",descriptive interval; does not correct test-informed family selection
B,plants,All128,top1_rmsd_ecdf_strict_lt,2.9,128,35.67708333,1.626301562,30.72916667,40.625,10000,20260906,"top-level run/pool, then complexes within selected unit",descriptive interval; does not correct test-informed family selection
B,plants,All128,top1_rmsd_ecdf_strict_lt,2.95,128,35.67708333,1.626301562,30.72916667,40.625,10000,20260906,"top-level run/pool, then complexes within selected unit",descriptive interval; does not correct test-informed family selection
B,plants,All128,top1_rmsd_ecdf_strict_lt,3,128,36.19791667,1.966102718,30.98958333,41.40625,10000,20260906,"top-level run/pool, then complexes within selected unit",descriptive interval; does not correct test-informed family selection
B,plants,All128,top1_rmsd_ecdf_strict_lt,3.05,128,36.19791667,1.966102718,30.98958333,41.40625,10000,20260906,"top-level run/pool, then complexes within selected unit",descriptive interval; does not correct test-informed family selection
B,plants,All128,top1_rmsd_ecdf_strict_lt,3.1,128,36.45833333,1.966102718,31.25,41.66666667,10000,20260906,"top-level run/pool, then complexes within selected unit",descriptive interval; does not correct test-informed family selection
B,plants,All128,top1_rmsd_ecdf_strict_lt,3.15,128,36.71875,2.066993212,31.51041667,41.92708333,10000,20260906,"top-level run/pool, then complexes within selected unit",descriptive interval; does not correct test-informed family selection
B,plants,All128,top1_rmsd_ecdf_strict_lt,3.2,128,37.23958333,1.804219591,32.03125,42.44791667,10000,20260906,"top-level run/pool, then complexes within selected unit",descriptive interval; does not correct test-informed family selection
B,plants,All128,top1_rmsd_ecdf_strict_lt,3.25,128,37.5,1.353164693,32.55208333,42.44791667,10000,20260906,"top-level run/pool, then complexes within selected unit",descriptive interval; does not correct test-informed family selection
B,plants,All128,top1_rmsd_ecdf_strict_lt,3.3,128,37.5,1.353164693,32.55208333,42.44791667,10000,20260906,"top-level run/pool, then complexes within selected unit",descriptive interval; does not correct test-informed family selection
B,plants,All128,top1_rmsd_ecdf_strict_lt,3.35,128,37.5,1.353164693,32.55208333,42.44791667,10000,20260906,"top-level run/pool, then complexes within selected unit",descriptive interval; does not correct test-informed family selection
B,plants,All128,top1_rmsd_ecdf_strict_lt,3.4,128,37.5,1.353164693,32.55208333,42.44791667,10000,20260906,"top-level run/pool, then complexes within selected unit",descriptive interval; does not correct test-informed family selection
B,plants,All128,top1_rmsd_ecdf_strict_lt,3.45,128,37.5,1.353164693,32.55208333,42.44791667,10000,20260906,"top-level run/pool, then complexes within selected unit",descriptive interval; does not correct test-informed family selection
B,plants,All128,top1_rmsd_ecdf_strict_lt,3.5,128,37.76041667,0.9021097956,32.8125,42.70833333,10000,20260906,"top-level run/pool, then complexes within selected unit",descriptive interval; does not correct test-informed family selection
B,plants,All128,top1_rmsd_ecdf_strict_lt,3.55,128,38.28125,0.78125,33.33333333,43.22916667,10000,20260906,"top-level run/pool, then complexes within selected unit",descriptive interval; does not correct test-informed family selection
B,plants,All128,top1_rmsd_ecdf_strict_lt,3.6,128,38.54166667,1.193379087,33.59375,43.48958333,10000,20260906,"top-level run/pool, then complexes within selected unit",descriptive interval; does not correct test-informed family selection
B,plants,All128,top1_rmsd_ecdf_strict_lt,3.65,128,39.32291667,1.193379087,34.375,44.53125,10000,20260906,"top-level run/pool, then complexes within selected unit",descriptive interval; does not correct test-informed family selection
B,plants,All128,top1_rmsd_ecdf_strict_lt,3.7,128,40.10416667,1.193379087,35.15625,45.05208333,10000,20260906,"top-level run/pool, then complexes within selected unit",descriptive interval; does not correct test-informed family selection
B,plants,All128,top1_rmsd_ecdf_strict_lt,3.75,128,40.10416667,1.193379087,35.15625,45.05208333,10000,20260906,"top-level run/pool, then complexes within selected unit",descriptive interval; does not correct test-informed family selection
B,plants,All128,top1_rmsd_ecdf_strict_lt,3.8,128,40.625,0.78125,35.67708333,45.57291667,10000,20260906,"top-level run/pool, then complexes within selected unit",descriptive interval; does not correct test-informed family selection
B,plants,All128,top1_rmsd_ecdf_strict_lt,3.85,128,40.88541667,0.4510548978,35.9375,45.83333333,10000,20260906,"top-level run/pool, then complexes within selected unit",descriptive interval; does not correct test-informed family selection
B,plants,All128,top1_rmsd_ecdf_strict_lt,3.9,128,41.40625,0.78125,36.45833333,46.35416667,10000,20260906,"top-level run/pool, then complexes within selected unit",descriptive interval; does not correct test-informed family selection
B,plants,All128,top1_rmsd_ecdf_strict_lt,3.95,128,41.92708333,1.193379087,36.97916667,47.13541667,10000,20260906,"top-level run/pool, then complexes within selected unit",descriptive interval; does not correct test-informed family selection
B,plants,All128,top1_rmsd_ecdf_strict_lt,4,128,41.92708333,1.193379087,36.97916667,47.13541667,10000,20260906,"top-level run/pool, then complexes within selected unit",descriptive interval; does not correct test-informed family selection
B,plants,All128,top1_rmsd_ecdf_strict_lt,4.05,128,42.1875,1.5625,36.97916667,47.39583333,10000,20260906,"top-level run/pool, then complexes within selected unit",descriptive interval; does not correct test-informed family selection
B,plants,All128,top1_rmsd_ecdf_strict_lt,4.1,128,42.44791667,1.193379087,37.5,47.65625,10000,20260906,"top-level run/pool, then complexes within selected unit",descriptive interval; does not correct test-informed family selection
B,plants,All128,top1_rmsd_ecdf_strict_lt,4.15,128,42.44791667,1.193379087,37.5,47.65625,10000,20260906,"top-level run/pool, then complexes within selected unit",descriptive interval; does not correct test-informed family selection
B,plants,All128,top1_rmsd_ecdf_strict_lt,4.2,128,42.44791667,1.193379087,37.5,47.65625,10000,20260906,"top-level run/pool, then complexes within selected unit",descriptive interval; does not correct test-informed family selection
B,plants,All128,top1_rmsd_ecdf_strict_lt,4.25,128,42.70833333,1.193379087,37.76041667,47.91666667,10000,20260906,"top-level run/pool, then complexes within selected unit",descriptive interval; does not correct test-informed family selection
B,plants,All128,top1_rmsd_ecdf_strict_lt,4.3,128,42.96875,1.353164693,38.02083333,48.17708333,10000,20260906,"top-level run/pool, then complexes within selected unit",descriptive interval; does not correct test-informed family selection
B,plants,All128,top1_rmsd_ecdf_strict_lt,4.35,128,42.96875,1.353164693,38.02083333,48.17708333,10000,20260906,"top-level run/pool, then complexes within selected unit",descriptive interval; does not correct test-informed family selection
B,plants,All128,top1_rmsd_ecdf_strict_lt,4.4,128,43.75,1.353164693,38.54166667,48.95833333,10000,20260906,"top-level run/pool, then complexes within selected unit",descriptive interval; does not correct test-informed family selection
B,plants,All128,top1_rmsd_ecdf_strict_lt,4.45,128,43.75,1.353164693,38.54166667,48.95833333,10000,20260906,"top-level run/pool, then complexes within selected unit",descriptive interval; does not correct test-informed family selection
B,plants,All128,top1_rmsd_ecdf_strict_lt,4.5,128,44.01041667,1.626301562,38.80208333,49.21875,10000,20260906,"top-level run/pool, then complexes within selected unit",descriptive interval; does not correct test-informed family selection
B,plants,All128,top1_rmsd_ecdf_strict_lt,4.55,128,44.27083333,1.966102718,39.0625,49.47916667,10000,20260906,"top-level run/pool, then complexes within selected unit",descriptive interval; does not correct test-informed family selection
B,plants,All128,top1_rmsd_ecdf_strict_lt,4.6,128,44.27083333,1.966102718,39.0625,49.47916667,10000,20260906,"top-level run/pool, then complexes within selected unit",descriptive interval; does not correct test-informed family selection
B,plants,All128,top1_rmsd_ecdf_strict_lt,4.65,128,44.27083333,1.966102718,39.0625,49.47916667,10000,20260906,"top-level run/pool, then complexes within selected unit",descriptive interval; does not correct test-informed family selection
B,plants,All128,top1_rmsd_ecdf_strict_lt,4.7,128,44.79166667,2.743659831,39.32291667,50.52083333,10000,20260906,"top-level run/pool, then complexes within selected unit",descriptive interval; does not correct test-informed family selection
B,plants,All128,top1_rmsd_ecdf_strict_lt,4.75,128,44.79166667,2.743659831,39.32291667,50.52083333,10000,20260906,"top-level run/pool, then complexes within selected unit",descriptive interval; does not correct test-informed family selection
B,plants,All128,top1_rmsd_ecdf_strict_lt,4.8,128,45.83333333,3.252603124,40.10416667,51.5625,10000,20260906,"top-level run/pool, then complexes within selected unit",descriptive interval; does not correct test-informed family selection
B,plants,All128,top1_rmsd_ecdf_strict_lt,4.85,128,46.35416667,3.932205435,40.10416667,52.60416667,10000,20260906,"top-level run/pool, then complexes within selected unit",descriptive interval; does not correct test-informed family selection
B,plants,All128,top1_rmsd_ecdf_strict_lt,4.9,128,46.61458333,3.522851369,40.625,52.60416667,10000,20260906,"top-level run/pool, then complexes within selected unit",descriptive interval; does not correct test-informed family selection
B,plants,All128,top1_rmsd_ecdf_strict_lt,4.95,128,47.13541667,3.522851369,41.14583333,53.125,10000,20260906,"top-level run/pool, then complexes within selected unit",descriptive interval; does not correct test-informed family selection
B,plants,All128,top1_rmsd_ecdf_strict_lt,5,128,47.39583333,3.157384285,41.66666667,53.125,10000,20260906,"top-level run/pool, then complexes within selected unit",descriptive interval; does not correct test-informed family selection
B,plants,All128,top1_rmsd_ecdf_strict_lt,5.05,128,47.65625,3.125,41.92708333,53.38541667,10000,20260906,"top-level run/pool, then complexes within selected unit",descriptive interval; does not correct test-informed family selection
B,plants,All128,top1_rmsd_ecdf_strict_lt,5.1,128,48.4375,3.580137262,42.44791667,54.42708333,10000,20260906,"top-level run/pool, then complexes within selected unit",descriptive interval; does not correct test-informed family selection
B,plants,All128,top1_rmsd_ecdf_strict_lt,5.15,128,48.4375,3.580137262,42.44791667,54.42708333,10000,20260906,"top-level run/pool, then complexes within selected unit",descriptive interval; does not correct test-informed family selection
B,plants,All128,top1_rmsd_ecdf_strict_lt,5.2,128,48.95833333,3.853814736,42.70833333,54.94791667,10000,20260906,"top-level run/pool, then complexes within selected unit",descriptive interval; does not correct test-informed family selection
B,plants,All128,top1_rmsd_ecdf_strict_lt,5.25,128,49.21875,3.4053898,43.22916667,54.94791667,10000,20260906,"top-level run/pool, then complexes within selected unit",descriptive interval; does not correct test-informed family selection
B,plants,All128,top1_rmsd_ecdf_strict_lt,5.3,128,49.47916667,3.692043458,43.22916667,55.46875,10000,20260906,"top-level run/pool, then complexes within selected unit",descriptive interval; does not correct test-informed family selection
B,plants,All128,top1_rmsd_ecdf_strict_lt,5.35,128,49.73958333,3.853814736,43.48958333,55.72916667,10000,20260906,"top-level run/pool, then complexes within selected unit",descriptive interval; does not correct test-informed family selection
B,plants,All128,top1_rmsd_ecdf_strict_lt,5.4,128,50,3.4053898,44.01041667,55.72916667,10000,20260906,"top-level run/pool, then complexes within selected unit",descriptive interval; does not correct test-informed family selection
B,plants,All128,top1_rmsd_ecdf_strict_lt,5.45,128,50,3.4053898,44.01041667,55.72916667,10000,20260906,"top-level run/pool, then complexes within selected unit",descriptive interval; does not correct test-informed family selection
B,plants,All128,top1_rmsd_ecdf_strict_lt,5.5,128,50.26041667,2.957764763,44.53125,55.98958333,10000,20260906,"top-level run/pool, then complexes within selected unit",descriptive interval; does not correct test-informed family selection
B,plants,All128,top1_rmsd_ecdf_strict_lt,5.55,128,50.52083333,3.157384285,44.79166667,56.25,10000,20260906,"top-level run/pool, then complexes within selected unit",descriptive interval; does not correct test-informed family selection
B,plants,All128,top1_rmsd_ecdf_strict_lt,5.6,128,51.04166667,3.608439182,44.79166667,57.03125,10000,20260906,"top-level run/pool, then complexes within selected unit",descriptive interval; does not correct test-informed family selection
B,plants,All128,top1_rmsd_ecdf_strict_lt,5.65,128,51.30208333,3.853814736,45.05208333,57.29166667,10000,20260906,"top-level run/pool, then complexes within selected unit",descriptive interval; does not correct test-informed family selection
B,plants,All128,top1_rmsd_ecdf_strict_lt,5.7,128,52.34375,2.816836934,46.61458333,58.07291667,10000,20260906,"top-level run/pool, then complexes within selected unit",descriptive interval; does not correct test-informed family selection
B,plants,All128,top1_rmsd_ecdf_strict_lt,5.75,128,52.86458333,2.743659831,47.39583333,58.59375,10000,20260906,"top-level run/pool, then complexes within selected unit",descriptive interval; does not correct test-informed family selection
B,plants,All128,top1_rmsd_ecdf_strict_lt,5.8,128,53.125,2.816836934,47.39583333,58.85416667,10000,20260906,"top-level run/pool, then complexes within selected unit",descriptive interval; does not correct test-informed family selection
B,plants,All128,top1_rmsd_ecdf_strict_lt,5.85,128,53.90625,3.125,48.17708333,59.89583333,10000,20260906,"top-level run/pool, then complexes within selected unit",descriptive interval; does not correct test-informed family selection
B,plants,All128,top1_rmsd_ecdf_strict_lt,5.9,128,54.16666667,3.157384285,48.4375,60.15625,10000,20260906,"top-level run/pool, then complexes within selected unit",descriptive interval; does not correct test-informed family selection
B,plants,All128,top1_rmsd_ecdf_strict_lt,5.95,128,54.42708333,2.743659831,48.69791667,60.15625,10000,20260906,"top-level run/pool, then complexes within selected unit",descriptive interval; does not correct test-informed family selection
B,plants,All128,top1_rmsd_ecdf_strict_lt,6,128,54.6875,2.816836934,48.95833333,60.41666667,10000,20260906,"top-level run/pool, then complexes within selected unit",descriptive interval; does not correct test-informed family selection
B,plants,All128,top1_rmsd_ecdf_strict_lt,6.05,128,55.20833333,1.966102718,49.73958333,60.67708333,10000,20260906,"top-level run/pool, then complexes within selected unit",descriptive interval; does not correct test-informed family selection
B,plants,All128,top1_rmsd_ecdf_strict_lt,6.1,128,55.46875,1.5625,50.26041667,60.67708333,10000,20260906,"top-level run/pool, then complexes within selected unit",descriptive interval; does not correct test-informed family selection
B,plants,All128,top1_rmsd_ecdf_strict_lt,6.15,128,55.72916667,1.193379087,50.52083333,60.9375,10000,20260906,"top-level run/pool, then complexes within selected unit",descriptive interval; does not correct test-informed family selection
B,plants,All128,top1_rmsd_ecdf_strict_lt,6.2,128,55.72916667,1.193379087,50.52083333,60.9375,10000,20260906,"top-level run/pool, then complexes within selected unit",descriptive interval; does not correct test-informed family selection
B,plants,All128,top1_rmsd_ecdf_strict_lt,6.25,128,55.98958333,1.626301562,50.78125,61.19791667,10000,20260906,"top-level run/pool, then complexes within selected unit",descriptive interval; does not correct test-informed family selection
B,plants,All128,top1_rmsd_ecdf_strict_lt,6.3,128,56.77083333,0.9021097956,51.5625,61.97916667,10000,20260906,"top-level run/pool, then complexes within selected unit",descriptive interval; does not correct test-informed family selection
B,plants,All128,top1_rmsd_ecdf_strict_lt,6.35,128,57.29166667,0.4510548978,52.34375,62.23958333,10000,20260906,"top-level run/pool, then complexes within selected unit",descriptive interval; does not correct test-informed family selection
B,plants,All128,top1_rmsd_ecdf_strict_lt,6.4,128,57.55208333,0.9021097956,52.60416667,62.76041667,10000,20260906,"top-level run/pool, then complexes within selected unit",descriptive interval; does not correct test-informed family selection
B,plants,All128,top1_rmsd_ecdf_strict_lt,6.45,128,58.07291667,0.4510548978,53.125,63.02083333,10000,20260906,"top-level run/pool, then complexes within selected unit",descriptive interval; does not correct test-informed family selection
B,plants,All128,top1_rmsd_ecdf_strict_lt,6.5,128,58.59375,0.78125,53.64583333,63.80208333,10000,20260906,"top-level run/pool, then complexes within selected unit",descriptive interval; does not correct test-informed family selection
B,plants,All128,top1_rmsd_ecdf_strict_lt,6.55,128,58.85416667,0.4510548978,53.90625,63.80208333,10000,20260906,"top-level run/pool, then complexes within selected unit",descriptive interval; does not correct test-informed family selection
B,plants,All128,top1_rmsd_ecdf_strict_lt,6.6,128,59.375,0.78125,54.42708333,64.58333333,10000,20260906,"top-level run/pool, then complexes within selected unit",descriptive interval; does not correct test-informed family selection
B,plants,All128,top1_rmsd_ecdf_strict_lt,6.65,128,60.15625,0.78125,55.20833333,65.10416667,10000,20260906,"top-level run/pool, then complexes within selected unit",descriptive interval; does not correct test-informed family selection
B,plants,All128,top1_rmsd_ecdf_strict_lt,6.7,128,60.41666667,0.4510548978,55.46875,65.36458333,10000,20260906,"top-level run/pool, then complexes within selected unit",descriptive interval; does not correct test-informed family selection
B,plants,All128,top1_rmsd_ecdf_strict_lt,6.75,128,60.9375,0,55.98958333,65.88541667,10000,20260906,"top-level run/pool, then complexes within selected unit",descriptive interval; does not correct test-informed family selection
B,plants,All128,top1_rmsd_ecdf_strict_lt,6.8,128,61.71875,0.78125,56.77083333,66.66666667,10000,20260906,"top-level run/pool, then complexes within selected unit",descriptive interval; does not correct test-informed family selection
B,plants,All128,top1_rmsd_ecdf_strict_lt,6.85,128,61.97916667,0.9021097956,57.03125,66.92708333,10000,20260906,"top-level run/pool, then complexes within selected unit",descriptive interval; does not correct test-informed family selection
B,plants,All128,top1_rmsd_ecdf_strict_lt,6.9,128,62.23958333,0.4510548978,57.29166667,67.1875,10000,20260906,"top-level run/pool, then complexes within selected unit",descriptive interval; does not correct test-informed family selection
B,plants,All128,top1_rmsd_ecdf_strict_lt,6.95,128,63.02083333,0.4510548978,58.07291667,67.96875,10000,20260906,"top-level run/pool, then complexes within selected unit",descriptive interval; does not correct test-informed family selection
B,plants,All128,top1_rmsd_ecdf_strict_lt,7,128,63.54166667,0.9021097956,58.59375,68.48958333,10000,20260906,"top-level run/pool, then complexes within selected unit",descriptive interval; does not correct test-informed family selection
B,plants,All128,top1_rmsd_ecdf_strict_lt,7.05,128,63.54166667,0.9021097956,58.59375,68.48958333,10000,20260906,"top-level run/pool, then complexes within selected unit",descriptive interval; does not correct test-informed family selection
B,plants,All128,top1_rmsd_ecdf_strict_lt,7.1,128,64.0625,1.5625,59.11458333,69.01041667,10000,20260906,"top-level run/pool, then complexes within selected unit",descriptive interval; does not correct test-informed family selection
B,plants,All128,top1_rmsd_ecdf_strict_lt,7.15,128,65.10416667,1.626301562,59.89583333,70.3125,10000,20260906,"top-level run/pool, then complexes within selected unit",descriptive interval; does not correct test-informed family selection
B,plants,All128,top1_rmsd_ecdf_strict_lt,7.2,128,65.625,2.066993212,60.41666667,70.83333333,10000,20260906,"top-level run/pool, then complexes within selected unit",descriptive interval; does not correct test-informed family selection
B,plants,All128,top1_rmsd_ecdf_strict_lt,7.25,128,65.88541667,2.255274489,60.67708333,71.09375,10000,20260906,"top-level run/pool, then complexes within selected unit",descriptive interval; does not correct test-informed family selection
B,plants,All128,top1_rmsd_ecdf_strict_lt,7.3,128,67.44791667,1.193379087,62.5,72.39583333,10000,20260906,"top-level run/pool, then complexes within selected unit",descriptive interval; does not correct test-informed family selection
B,plants,All128,top1_rmsd_ecdf_strict_lt,7.35,128,67.44791667,1.193379087,62.5,72.39583333,10000,20260906,"top-level run/pool, then complexes within selected unit",descriptive interval; does not correct test-informed family selection
B,plants,All128,top1_rmsd_ecdf_strict_lt,7.4,128,67.70833333,1.193379087,62.76041667,72.65625,10000,20260906,"top-level run/pool, then complexes within selected unit",descriptive interval; does not correct test-informed family selection
B,plants,All128,top1_rmsd_ecdf_strict_lt,7.45,128,67.96875,1.5625,63.02083333,72.91666667,10000,20260906,"top-level run/pool, then complexes within selected unit",descriptive interval; does not correct test-informed family selection
B,plants,All128,top1_rmsd_ecdf_strict_lt,7.5,128,68.48958333,1.966102718,63.28125,73.4375,10000,20260906,"top-level run/pool, then complexes within selected unit",descriptive interval; does not correct test-informed family selection
B,plants,All128,top1_rmsd_ecdf_strict_lt,7.55,128,68.75,2.066993212,63.54166667,73.69791667,10000,20260906,"top-level run/pool, then complexes within selected unit",descriptive interval; does not correct test-informed family selection
B,plants,All128,top1_rmsd_ecdf_strict_lt,7.6,128,69.01041667,2.386758174,63.80208333,74.21875,10000,20260906,"top-level run/pool, then complexes within selected unit",descriptive interval; does not correct test-informed family selection
B,plants,All128,top1_rmsd_ecdf_strict_lt,7.65,128,69.53125,2.34375,64.32291667,74.73958333,10000,20260906,"top-level run/pool, then complexes within selected unit",descriptive interval; does not correct test-informed family selection
B,plants,All128,top1_rmsd_ecdf_strict_lt,7.7,128,69.53125,2.34375,64.32291667,74.73958333,10000,20260906,"top-level run/pool, then complexes within selected unit",descriptive interval; does not correct test-informed family selection
B,plants,All128,top1_rmsd_ecdf_strict_lt,7.75,128,70.05208333,1.966102718,65.10416667,75,10000,20260906,"top-level run/pool, then complexes within selected unit",descriptive interval; does not correct test-informed family selection
B,plants,All128,top1_rmsd_ecdf_strict_lt,7.8,128,71.09375,1.5625,66.40625,75.78125,10000,20260906,"top-level run/pool, then complexes within selected unit",descriptive interval; does not correct test-informed family selection
B,plants,All128,top1_rmsd_ecdf_strict_lt,7.85,128,71.35416667,1.966102718,66.40625,76.30208333,10000,20260906,"top-level run/pool, then complexes within selected unit",descriptive interval; does not correct test-informed family selection
B,plants,All128,top1_rmsd_ecdf_strict_lt,7.9,128,71.61458333,1.626301562,66.66666667,76.30208333,10000,20260906,"top-level run/pool, then complexes within selected unit",descriptive interval; does not correct test-informed family selection
B,plants,All128,top1_rmsd_ecdf_strict_lt,7.95,128,72.65625,0.78125,67.96875,77.08333333,10000,20260906,"top-level run/pool, then complexes within selected unit",descriptive interval; does not correct test-informed family selection
B,plants,All128,top1_rmsd_ecdf_strict_lt,8,128,72.91666667,0.9021097956,68.22916667,77.34375,10000,20260906,"top-level run/pool, then complexes within selected unit",descriptive interval; does not correct test-informed family selection
B,plants,All128,top1_rmsd_ecdf_strict_lt,8.05,128,73.17708333,0.4510548978,68.48958333,77.60416667,10000,20260906,"top-level run/pool, then complexes within selected unit",descriptive interval; does not correct test-informed family selection
B,plants,All128,top1_rmsd_ecdf_strict_lt,8.1,128,73.69791667,1.193379087,69.01041667,78.125,10000,20260906,"top-level run/pool, then complexes within selected unit",descriptive interval; does not correct test-informed family selection
B,plants,All128,top1_rmsd_ecdf_strict_lt,8.15,128,73.69791667,1.193379087,69.01041667,78.125,10000,20260906,"top-level run/pool, then complexes within selected unit",descriptive interval; does not correct test-informed family selection
B,plants,All128,top1_rmsd_ecdf_strict_lt,8.2,128,73.95833333,1.626301562,69.27083333,78.64583333,10000,20260906,"top-level run/pool, then complexes within selected unit",descriptive interval; does not correct test-informed family selection
B,plants,All128,top1_rmsd_ecdf_strict_lt,8.25,128,74.47916667,1.626301562,69.79166667,79.16666667,10000,20260906,"top-level run/pool, then complexes within selected unit",descriptive interval; does not correct test-informed family selection
B,plants,All128,top1_rmsd_ecdf_strict_lt,8.3,128,74.47916667,1.626301562,69.79166667,79.16666667,10000,20260906,"top-level run/pool, then complexes within selected unit",descriptive interval; does not correct test-informed family selection
B,plants,All128,top1_rmsd_ecdf_strict_lt,8.35,128,75.78125,2.34375,70.83333333,80.46875,10000,20260906,"top-level run/pool, then complexes within selected unit",descriptive interval; does not correct test-informed family selection
B,plants,All128,top1_rmsd_ecdf_strict_lt,8.4,128,76.5625,2.816836934,71.35416667,81.51041667,10000,20260906,"top-level run/pool, then complexes within selected unit",descriptive interval; does not correct test-informed family selection
B,plants,All128,top1_rmsd_ecdf_strict_lt,8.45,128,76.82291667,2.386758174,71.875,81.51041667,10000,20260906,"top-level run/pool, then complexes within selected unit",descriptive interval; does not correct test-informed family selection
B,plants,All128,top1_rmsd_ecdf_strict_lt,8.5,128,76.82291667,2.386758174,71.875,81.51041667,10000,20260906,"top-level run/pool, then complexes within selected unit",descriptive interval; does not correct test-informed family selection
B,plants,All128,top1_rmsd_ecdf_strict_lt,8.55,128,78.125,3.4053898,72.65625,83.07291667,10000,20260906,"top-level run/pool, then complexes within selected unit",descriptive interval; does not correct test-informed family selection
B,plants,All128,top1_rmsd_ecdf_strict_lt,8.6,128,78.125,3.4053898,72.65625,83.07291667,10000,20260906,"top-level run/pool, then complexes within selected unit",descriptive interval; does not correct test-informed family selection
B,plants,All128,top1_rmsd_ecdf_strict_lt,8.65,128,78.125,3.4053898,72.65625,83.07291667,10000,20260906,"top-level run/pool, then complexes within selected unit",descriptive interval; does not correct test-informed family selection
B,plants,All128,top1_rmsd_ecdf_strict_lt,8.7,128,78.38541667,2.957764763,73.4375,83.07291667,10000,20260906,"top-level run/pool, then complexes within selected unit",descriptive interval; does not correct test-informed family selection
B,plants,All128,top1_rmsd_ecdf_strict_lt,8.75,128,78.64583333,3.157384285,73.4375,83.59375,10000,20260906,"top-level run/pool, then complexes within selected unit",descriptive interval; does not correct test-informed family selection
B,plants,All128,top1_rmsd_ecdf_strict_lt,8.8,128,79.16666667,2.957764763,74.21875,83.85416667,10000,20260906,"top-level run/pool, then complexes within selected unit",descriptive interval; does not correct test-informed family selection
B,plants,All128,top1_rmsd_ecdf_strict_lt,8.85,128,79.42708333,3.252603124,74.21875,84.375,10000,20260906,"top-level run/pool, then complexes within selected unit",descriptive interval; does not correct test-informed family selection
B,plants,All128,top1_rmsd_ecdf_strict_lt,8.9,128,79.6875,2.816836934,74.73958333,84.375,10000,20260906,"top-level run/pool, then complexes within selected unit",descriptive interval; does not correct test-informed family selection
B,plants,All128,top1_rmsd_ecdf_strict_lt,8.95,128,79.94791667,3.157384285,75,84.89583333,10000,20260906,"top-level run/pool, then complexes within selected unit",descriptive interval; does not correct test-informed family selection
B,plants,All128,top1_rmsd_ecdf_strict_lt,9,128,80.20833333,2.743659831,75.52083333,84.89583333,10000,20260906,"top-level run/pool, then complexes within selected unit",descriptive interval; does not correct test-informed family selection
B,plants,All128,top1_rmsd_ecdf_strict_lt,9.05,128,80.72916667,2.743659831,76.04166667,85.41666667,10000,20260906,"top-level run/pool, then complexes within selected unit",descriptive interval; does not correct test-informed family selection
B,plants,All128,top1_rmsd_ecdf_strict_lt,9.1,128,80.98958333,2.743659831,76.30208333,85.67708333,10000,20260906,"top-level run/pool, then complexes within selected unit",descriptive interval; does not correct test-informed family selection
B,plants,All128,top1_rmsd_ecdf_strict_lt,9.15,128,81.51041667,1.966102718,77.34375,85.67708333,10000,20260906,"top-level run/pool, then complexes within selected unit",descriptive interval; does not correct test-informed family selection
B,plants,All128,top1_rmsd_ecdf_strict_lt,9.2,128,81.51041667,1.966102718,77.34375,85.67708333,10000,20260906,"top-level run/pool, then complexes within selected unit",descriptive interval; does not correct test-informed family selection
B,plants,All128,top1_rmsd_ecdf_strict_lt,9.25,128,81.51041667,1.966102718,77.34375,85.67708333,10000,20260906,"top-level run/pool, then complexes within selected unit",descriptive interval; does not correct test-informed family selection
B,plants,All128,top1_rmsd_ecdf_strict_lt,9.3,128,82.03125,2.066993212,77.86458333,86.45833333,10000,20260906,"top-level run/pool, then complexes within selected unit",descriptive interval; does not correct test-informed family selection
B,plants,All128,top1_rmsd_ecdf_strict_lt,9.35,128,82.03125,2.066993212,77.86458333,86.45833333,10000,20260906,"top-level run/pool, then complexes within selected unit",descriptive interval; does not correct test-informed family selection
B,plants,All128,top1_rmsd_ecdf_strict_lt,9.4,128,82.29166667,1.804219591,78.125,86.45833333,10000,20260906,"top-level run/pool, then complexes within selected unit",descriptive interval; does not correct test-informed family selection
B,plants,All128,top1_rmsd_ecdf_strict_lt,9.45,128,82.8125,1.5625,78.64583333,86.71875,10000,20260906,"top-level run/pool, then complexes within selected unit",descriptive interval; does not correct test-informed family selection
B,plants,All128,top1_rmsd_ecdf_strict_lt,9.5,128,83.33333333,1.193379087,79.42708333,87.23958333,10000,20260906,"top-level run/pool, then complexes within selected unit",descriptive interval; does not correct test-informed family selection
B,plants,All128,top1_rmsd_ecdf_strict_lt,9.55,128,83.33333333,1.193379087,79.42708333,87.23958333,10000,20260906,"top-level run/pool, then complexes within selected unit",descriptive interval; does not correct test-informed family selection
B,plants,All128,top1_rmsd_ecdf_strict_lt,9.6,128,83.59375,1.5625,79.6875,87.5,10000,20260906,"top-level run/pool, then complexes within selected unit",descriptive interval; does not correct test-informed family selection
B,plants,All128,top1_rmsd_ecdf_strict_lt,9.65,128,84.11458333,0.9021097956,80.46875,87.76041667,10000,20260906,"top-level run/pool, then complexes within selected unit",descriptive interval; does not correct test-informed family selection
B,plants,All128,top1_rmsd_ecdf_strict_lt,9.7,128,84.63541667,1.193379087,80.72916667,88.28125,10000,20260906,"top-level run/pool, then complexes within selected unit",descriptive interval; does not correct test-informed family selection
B,plants,All128,top1_rmsd_ecdf_strict_lt,9.75,128,84.63541667,1.193379087,80.72916667,88.28125,10000,20260906,"top-level run/pool, then complexes within selected unit",descriptive interval; does not correct test-informed family selection
B,plants,All128,top1_rmsd_ecdf_strict_lt,9.8,128,85.15625,1.353164693,81.25,88.80208333,10000,20260906,"top-level run/pool, then complexes within selected unit",descriptive interval; does not correct test-informed family selection
B,plants,All128,top1_rmsd_ecdf_strict_lt,9.85,128,85.15625,1.353164693,81.25,88.80208333,10000,20260906,"top-level run/pool, then complexes within selected unit",descriptive interval; does not correct test-informed family selection
B,plants,All128,top1_rmsd_ecdf_strict_lt,9.9,128,85.15625,1.353164693,81.25,88.80208333,10000,20260906,"top-level run/pool, then complexes within selected unit",descriptive interval; does not correct test-informed family selection
B,plants,All128,top1_rmsd_ecdf_strict_lt,9.95,128,85.15625,1.353164693,81.25,88.80208333,10000,20260906,"top-level run/pool, then complexes within selected unit",descriptive interval; does not correct test-informed family selection
B,plants,All128,top1_rmsd_ecdf_strict_lt,10,128,85.15625,1.353164693,81.25,88.80208333,10000,20260906,"top-level run/pool, then complexes within selected unit",descriptive interval; does not correct test-informed family selection
B,surfna,All128,top1_rmsd_ecdf_strict_lt,0,128,0,0,0,0,10000,20260906,"top-level run/pool, then complexes within selected unit",descriptive interval; does not correct test-informed family selection
B,surfna,All128,top1_rmsd_ecdf_strict_lt,0.05,128,0,0,0,0,10000,20260906,"top-level run/pool, then complexes within selected unit",descriptive interval; does not correct test-informed family selection
B,surfna,All128,top1_rmsd_ecdf_strict_lt,0.1,128,0,0,0,0,10000,20260906,"top-level run/pool, then complexes within selected unit",descriptive interval; does not correct test-informed family selection
B,surfna,All128,top1_rmsd_ecdf_strict_lt,0.15,128,0,0,0,0,10000,20260906,"top-level run/pool, then complexes within selected unit",descriptive interval; does not correct test-informed family selection
B,surfna,All128,top1_rmsd_ecdf_strict_lt,0.2,128,0.2604166667,0.4510548978,0,1.041666667,10000,20260906,"top-level run/pool, then complexes within selected unit",descriptive interval; does not correct test-informed family selection
B,surfna,All128,top1_rmsd_ecdf_strict_lt,0.25,128,1.041666667,1.193379087,0,2.864583333,10000,20260906,"top-level run/pool, then complexes within selected unit",descriptive interval; does not correct test-informed family selection
B,surfna,All128,top1_rmsd_ecdf_strict_lt,0.3,128,2.34375,1.5625,0.5208333333,4.6875,10000,20260906,"top-level run/pool, then complexes within selected unit",descriptive interval; does not correct test-informed family selection
B,surfna,All128,top1_rmsd_ecdf_strict_lt,0.35,128,4.947916667,1.193379087,2.604166667,7.552083333,10000,20260906,"top-level run/pool, then complexes within selected unit",descriptive interval; does not correct test-informed family selection
B,surfna,All128,top1_rmsd_ecdf_strict_lt,0.4,128,6.510416667,1.966102718,3.645833333,9.895833333,10000,20260906,"top-level run/pool, then complexes within selected unit",descriptive interval; does not correct test-informed family selection
B,surfna,All128,top1_rmsd_ecdf_strict_lt,0.45,128,8.59375,2.066993212,5.46875,12.23958333,10000,20260906,"top-level run/pool, then complexes within selected unit",descriptive interval; does not correct test-informed family selection
B,surfna,All128,top1_rmsd_ecdf_strict_lt,0.5,128,9.895833333,1.626301562,6.770833333,13.54166667,10000,20260906,"top-level run/pool, then complexes within selected unit",descriptive interval; does not correct test-informed family selection
B,surfna,All128,top1_rmsd_ecdf_strict_lt,0.55,128,10.9375,0.78125,7.8125,14.32291667,10000,20260906,"top-level run/pool, then complexes within selected unit",descriptive interval; does not correct test-informed family selection
B,surfna,All128,top1_rmsd_ecdf_strict_lt,0.6,128,11.71875,0.78125,8.59375,15.10416667,10000,20260906,"top-level run/pool, then complexes within selected unit",descriptive interval; does not correct test-informed family selection
B,surfna,All128,top1_rmsd_ecdf_strict_lt,0.65,128,13.02083333,0.9021097956,9.635416667,16.66666667,10000,20260906,"top-level run/pool, then complexes within selected unit",descriptive interval; does not correct test-informed family selection
B,surfna,All128,top1_rmsd_ecdf_strict_lt,0.7,128,13.54166667,0.4510548978,10.15625,17.1875,10000,20260906,"top-level run/pool, then complexes within selected unit",descriptive interval; does not correct test-informed family selection
B,surfna,All128,top1_rmsd_ecdf_strict_lt,0.75,128,14.58333333,1.193379087,10.9375,18.22916667,10000,20260906,"top-level run/pool, then complexes within selected unit",descriptive interval; does not correct test-informed family selection
B,surfna,All128,top1_rmsd_ecdf_strict_lt,0.8,128,15.625,1.5625,11.71875,19.79166667,10000,20260906,"top-level run/pool, then complexes within selected unit",descriptive interval; does not correct test-informed family selection
B,surfna,All128,top1_rmsd_ecdf_strict_lt,0.85,128,16.92708333,1.193379087,13.02083333,20.83333333,10000,20260906,"top-level run/pool, then complexes within selected unit",descriptive interval; does not correct test-informed family selection
B,surfna,All128,top1_rmsd_ecdf_strict_lt,0.9,128,18.48958333,1.193379087,14.58333333,22.65625,10000,20260906,"top-level run/pool, then complexes within selected unit",descriptive interval; does not correct test-informed family selection
B,surfna,All128,top1_rmsd_ecdf_strict_lt,0.95,128,20.3125,0.78125,16.14583333,24.47916667,10000,20260906,"top-level run/pool, then complexes within selected unit",descriptive interval; does not correct test-informed family selection
B,surfna,All128,top1_rmsd_ecdf_strict_lt,1,128,22.13541667,1.193379087,17.96875,26.5625,10000,20260906,"top-level run/pool, then complexes within selected unit",descriptive interval; does not correct test-informed family selection
B,surfna,All128,top1_rmsd_ecdf_strict_lt,1.05,128,23.17708333,1.966102718,18.75,27.86458333,10000,20260906,"top-level run/pool, then complexes within selected unit",descriptive interval; does not correct test-informed family selection
B,surfna,All128,top1_rmsd_ecdf_strict_lt,1.1,128,23.4375,2.34375,18.75,28.125,10000,20260906,"top-level run/pool, then complexes within selected unit",descriptive interval; does not correct test-informed family selection
B,surfna,All128,top1_rmsd_ecdf_strict_lt,1.15,128,23.95833333,2.743659831,19.01041667,28.90625,10000,20260906,"top-level run/pool, then complexes within selected unit",descriptive interval; does not correct test-informed family selection
B,surfna,All128,top1_rmsd_ecdf_strict_lt,1.2,128,24.73958333,3.157384285,19.53125,29.94791667,10000,20260906,"top-level run/pool, then complexes within selected unit",descriptive interval; does not correct test-informed family selection
B,surfna,All128,top1_rmsd_ecdf_strict_lt,1.25,128,26.30208333,3.252603124,21.09375,31.51041667,10000,20260906,"top-level run/pool, then complexes within selected unit",descriptive interval; does not correct test-informed family selection
B,surfna,All128,top1_rmsd_ecdf_strict_lt,1.3,128,26.30208333,3.252603124,21.09375,31.51041667,10000,20260906,"top-level run/pool, then complexes within selected unit",descriptive interval; does not correct test-informed family selection
B,surfna,All128,top1_rmsd_ecdf_strict_lt,1.35,128,27.60416667,2.386758174,22.65625,32.55208333,10000,20260906,"top-level run/pool, then complexes within selected unit",descriptive interval; does not correct test-informed family selection
B,surfna,All128,top1_rmsd_ecdf_strict_lt,1.4,128,29.42708333,1.966102718,24.47916667,34.375,10000,20260906,"top-level run/pool, then complexes within selected unit",descriptive interval; does not correct test-informed family selection
B,surfna,All128,top1_rmsd_ecdf_strict_lt,1.45,128,33.07291667,1.966102718,28.125,38.28125,10000,20260906,"top-level run/pool, then complexes within selected unit",descriptive interval; does not correct test-informed family selection
B,surfna,All128,top1_rmsd_ecdf_strict_lt,1.5,128,34.375,2.816836934,28.90625,39.84375,10000,20260906,"top-level run/pool, then complexes within selected unit",descriptive interval; does not correct test-informed family selection
B,surfna,All128,top1_rmsd_ecdf_strict_lt,1.55,128,36.45833333,2.511367386,31.25,41.66666667,10000,20260906,"top-level run/pool, then complexes within selected unit",descriptive interval; does not correct test-informed family selection
B,surfna,All128,top1_rmsd_ecdf_strict_lt,1.6,128,37.23958333,2.511367386,31.77083333,42.70833333,10000,20260906,"top-level run/pool, then complexes within selected unit",descriptive interval; does not correct test-informed family selection
B,surfna,All128,top1_rmsd_ecdf_strict_lt,1.65,128,39.84375,2.816836934,34.375,45.3125,10000,20260906,"top-level run/pool, then complexes within selected unit",descriptive interval; does not correct test-informed family selection
B,surfna,All128,top1_rmsd_ecdf_strict_lt,1.7,128,41.14583333,3.157384285,35.41666667,46.875,10000,20260906,"top-level run/pool, then complexes within selected unit",descriptive interval; does not correct test-informed family selection
B,surfna,All128,top1_rmsd_ecdf_strict_lt,1.75,128,43.48958333,2.511367386,38.02083333,48.95833333,10000,20260906,"top-level run/pool, then complexes within selected unit",descriptive interval; does not correct test-informed family selection
B,surfna,All128,top1_rmsd_ecdf_strict_lt,1.8,128,44.79166667,2.255274489,39.32291667,50,10000,20260906,"top-level run/pool, then complexes within selected unit",descriptive interval; does not correct test-informed family selection
B,surfna,All128,top1_rmsd_ecdf_strict_lt,1.85,128,45.83333333,1.193379087,40.625,51.04166667,10000,20260906,"top-level run/pool, then complexes within selected unit",descriptive interval; does not correct test-informed family selection
B,surfna,All128,top1_rmsd_ecdf_strict_lt,1.9,128,47.13541667,2.386758174,41.66666667,52.60416667,10000,20260906,"top-level run/pool, then complexes within selected unit",descriptive interval; does not correct test-informed family selection
B,surfna,All128,top1_rmsd_ecdf_strict_lt,1.95,128,48.17708333,1.966102718,42.96875,53.38541667,10000,20260906,"top-level run/pool, then complexes within selected unit",descriptive interval; does not correct test-informed family selection
B,surfna,All128,top1_rmsd_ecdf_strict_lt,2,128,49.21875,3.125,43.48958333,54.94791667,10000,20260906,"top-level run/pool, then complexes within selected unit",descriptive interval; does not correct test-informed family selection
B,surfna,All128,top1_rmsd_ecdf_strict_lt,2.05,128,50.78125,3.580137262,44.79166667,56.77083333,10000,20260906,"top-level run/pool, then complexes within selected unit",descriptive interval; does not correct test-informed family selection
B,surfna,All128,top1_rmsd_ecdf_strict_lt,2.1,128,51.82291667,3.522851369,45.83333333,57.8125,10000,20260906,"top-level run/pool, then complexes within selected unit",descriptive interval; does not correct test-informed family selection
B,surfna,All128,top1_rmsd_ecdf_strict_lt,2.15,128,53.38541667,4.709151385,46.875,59.89583333,10000,20260906,"top-level run/pool, then complexes within selected unit",descriptive interval; does not correct test-informed family selection
B,surfna,All128,top1_rmsd_ecdf_strict_lt,2.2,128,54.6875,4.6875,48.17708333,61.19791667,10000,20260906,"top-level run/pool, then complexes within selected unit",descriptive interval; does not correct test-informed family selection
B,surfna,All128,top1_rmsd_ecdf_strict_lt,2.25,128,55.98958333,4.30278949,49.47916667,62.23958333,10000,20260906,"top-level run/pool, then complexes within selected unit",descriptive interval; does not correct test-informed family selection
B,surfna,All128,top1_rmsd_ecdf_strict_lt,2.3,128,56.77083333,3.522851369,50.78125,62.5,10000,20260906,"top-level run/pool, then complexes within selected unit",descriptive interval; does not correct test-informed family selection
B,surfna,All128,top1_rmsd_ecdf_strict_lt,2.35,128,57.29166667,3.157384285,51.5625,63.02083333,10000,20260906,"top-level run/pool, then complexes within selected unit",descriptive interval; does not correct test-informed family selection
B,surfna,All128,top1_rmsd_ecdf_strict_lt,2.4,128,58.07291667,3.692043458,51.82291667,64.0625,10000,20260906,"top-level run/pool, then complexes within selected unit",descriptive interval; does not correct test-informed family selection
B,surfna,All128,top1_rmsd_ecdf_strict_lt,2.45,128,58.33333333,3.252603124,52.34375,64.0625,10000,20260906,"top-level run/pool, then complexes within selected unit",descriptive interval; does not correct test-informed family selection
B,surfna,All128,top1_rmsd_ecdf_strict_lt,2.5,128,58.85416667,3.692043458,52.60416667,64.58333333,10000,20260906,"top-level run/pool, then complexes within selected unit",descriptive interval; does not correct test-informed family selection
B,surfna,All128,top1_rmsd_ecdf_strict_lt,2.55,128,59.11458333,3.252603124,53.125,64.84375,10000,20260906,"top-level run/pool, then complexes within selected unit",descriptive interval; does not correct test-informed family selection
B,surfna,All128,top1_rmsd_ecdf_strict_lt,2.6,128,59.89583333,1.966102718,54.42708333,65.10416667,10000,20260906,"top-level run/pool, then complexes within selected unit",descriptive interval; does not correct test-informed family selection
B,surfna,All128,top1_rmsd_ecdf_strict_lt,2.65,128,61.19791667,0.9021097956,56.25,66.14583333,10000,20260906,"top-level run/pool, then complexes within selected unit",descriptive interval; does not correct test-informed family selection
B,surfna,All128,top1_rmsd_ecdf_strict_lt,2.7,128,61.71875,0.78125,56.77083333,66.66666667,10000,20260906,"top-level run/pool, then complexes within selected unit",descriptive interval; does not correct test-informed family selection
B,surfna,All128,top1_rmsd_ecdf_strict_lt,2.75,128,62.76041667,1.626301562,57.55208333,67.70833333,10000,20260906,"top-level run/pool, then complexes within selected unit",descriptive interval; does not correct test-informed family selection
B,surfna,All128,top1_rmsd_ecdf_strict_lt,2.8,128,63.54166667,1.193379087,58.59375,68.48958333,10000,20260906,"top-level run/pool, then complexes within selected unit",descriptive interval; does not correct test-informed family selection
B,surfna,All128,top1_rmsd_ecdf_strict_lt,2.85,128,65.10416667,0.4510548978,60.15625,69.79166667,10000,20260906,"top-level run/pool, then complexes within selected unit",descriptive interval; does not correct test-informed family selection
B,surfna,All128,top1_rmsd_ecdf_strict_lt,2.9,128,65.625,0.78125,60.67708333,70.3125,10000,20260906,"top-level run/pool, then complexes within selected unit",descriptive interval; does not correct test-informed family selection
B,surfna,All128,top1_rmsd_ecdf_strict_lt,2.95,128,66.14583333,1.193379087,61.19791667,71.09375,10000,20260906,"top-level run/pool, then complexes within selected unit",descriptive interval; does not correct test-informed family selection
B,surfna,All128,top1_rmsd_ecdf_strict_lt,3,128,66.40625,1.5625,61.45182292,71.35416667,10000,20260906,"top-level run/pool, then complexes within selected unit",descriptive interval; does not correct test-informed family selection
B,surfna,All128,top1_rmsd_ecdf_strict_lt,3.05,128,67.44791667,1.193379087,62.5,72.13541667,10000,20260906,"top-level run/pool, then complexes within selected unit",descriptive interval; does not correct test-informed family selection
B,surfna,All128,top1_rmsd_ecdf_strict_lt,3.1,128,68.22916667,1.626301562,63.28125,72.91666667,10000,20260906,"top-level run/pool, then complexes within selected unit",descriptive interval; does not correct test-informed family selection
B,surfna,All128,top1_rmsd_ecdf_strict_lt,3.15,128,69.01041667,1.193379087,64.0625,73.69791667,10000,20260906,"top-level run/pool, then complexes within selected unit",descriptive interval; does not correct test-informed family selection
B,surfna,All128,top1_rmsd_ecdf_strict_lt,3.2,128,70.05208333,0.9021097956,65.36458333,74.47916667,10000,20260906,"top-level run/pool, then complexes within selected unit",descriptive interval; does not correct test-informed family selection
B,surfna,All128,top1_rmsd_ecdf_strict_lt,3.25,128,70.57291667,1.804219591,65.625,75.26041667,10000,20260906,"top-level run/pool, then complexes within selected unit",descriptive interval; does not correct test-informed family selection
B,surfna,All128,top1_rmsd_ecdf_strict_lt,3.3,128,71.35416667,1.966102718,66.40625,76.04166667,10000,20260906,"top-level run/pool, then complexes within selected unit",descriptive interval; does not correct test-informed family selection
B,surfna,All128,top1_rmsd_ecdf_strict_lt,3.35,128,72.39583333,1.966102718,67.44791667,77.08333333,10000,20260906,"top-level run/pool, then complexes within selected unit",descriptive interval; does not correct test-informed family selection
B,surfna,All128,top1_rmsd_ecdf_strict_lt,3.4,128,73.17708333,1.966102718,68.22916667,77.86458333,10000,20260906,"top-level run/pool, then complexes within selected unit",descriptive interval; does not correct test-informed family selection
B,surfna,All128,top1_rmsd_ecdf_strict_lt,3.45,128,74.21875,2.066993212,69.27083333,78.64583333,10000,20260906,"top-level run/pool, then complexes within selected unit",descriptive interval; does not correct test-informed family selection
B,surfna,All128,top1_rmsd_ecdf_strict_lt,3.5,128,74.47916667,1.626301562,69.79166667,78.90625,10000,20260906,"top-level run/pool, then complexes within selected unit",descriptive interval; does not correct test-informed family selection
B,surfna,All128,top1_rmsd_ecdf_strict_lt,3.55,128,74.47916667,1.626301562,69.79166667,78.90625,10000,20260906,"top-level run/pool, then complexes within selected unit",descriptive interval; does not correct test-informed family selection
B,surfna,All128,top1_rmsd_ecdf_strict_lt,3.6,128,74.73958333,1.966102718,70.05208333,79.16666667,10000,20260906,"top-level run/pool, then complexes within selected unit",descriptive interval; does not correct test-informed family selection
B,surfna,All128,top1_rmsd_ecdf_strict_lt,3.65,128,75,1.5625,70.3125,79.42708333,10000,20260906,"top-level run/pool, then complexes within selected unit",descriptive interval; does not correct test-informed family selection
B,surfna,All128,top1_rmsd_ecdf_strict_lt,3.7,128,75.26041667,1.966102718,70.57291667,79.6875,10000,20260906,"top-level run/pool, then complexes within selected unit",descriptive interval; does not correct test-informed family selection
B,surfna,All128,top1_rmsd_ecdf_strict_lt,3.75,128,75.78125,2.066993212,71.09375,80.20833333,10000,20260906,"top-level run/pool, then complexes within selected unit",descriptive interval; does not correct test-informed family selection
B,surfna,All128,top1_rmsd_ecdf_strict_lt,3.8,128,76.5625,2.816836934,71.61458333,81.51041667,10000,20260906,"top-level run/pool, then complexes within selected unit",descriptive interval; does not correct test-informed family selection
B,surfna,All128,top1_rmsd_ecdf_strict_lt,3.85,128,77.08333333,2.386758174,72.39583333,81.77083333,10000,20260906,"top-level run/pool, then complexes within selected unit",descriptive interval; does not correct test-informed family selection
B,surfna,All128,top1_rmsd_ecdf_strict_lt,3.9,128,77.34375,2.34375,72.65625,81.77083333,10000,20260906,"top-level run/pool, then complexes within selected unit",descriptive interval; does not correct test-informed family selection
B,surfna,All128,top1_rmsd_ecdf_strict_lt,3.95,128,77.60416667,1.966102718,73.17708333,82.03125,10000,20260906,"top-level run/pool, then complexes within selected unit",descriptive interval; does not correct test-informed family selection
B,surfna,All128,top1_rmsd_ecdf_strict_lt,4,128,77.86458333,1.966102718,73.17708333,82.29166667,10000,20260906,"top-level run/pool, then complexes within selected unit",descriptive interval; does not correct test-informed family selection
B,surfna,All128,top1_rmsd_ecdf_strict_lt,4.05,128,78.64583333,1.193379087,74.21875,82.8125,10000,20260906,"top-level run/pool, then complexes within selected unit",descriptive interval; does not correct test-informed family selection
B,surfna,All128,top1_rmsd_ecdf_strict_lt,4.1,128,78.90625,1.5625,74.47916667,83.07291667,10000,20260906,"top-level run/pool, then complexes within selected unit",descriptive interval; does not correct test-informed family selection
B,surfna,All128,top1_rmsd_ecdf_strict_lt,4.15,128,79.16666667,1.966102718,74.73958333,83.33333333,10000,20260906,"top-level run/pool, then complexes within selected unit",descriptive interval; does not correct test-informed family selection
B,surfna,All128,top1_rmsd_ecdf_strict_lt,4.2,128,79.16666667,1.966102718,74.73958333,83.33333333,10000,20260906,"top-level run/pool, then complexes within selected unit",descriptive interval; does not correct test-informed family selection
B,surfna,All128,top1_rmsd_ecdf_strict_lt,4.25,128,79.16666667,1.966102718,74.73958333,83.33333333,10000,20260906,"top-level run/pool, then complexes within selected unit",descriptive interval; does not correct test-informed family selection
B,surfna,All128,top1_rmsd_ecdf_strict_lt,4.3,128,79.42708333,1.966102718,75,83.59375,10000,20260906,"top-level run/pool, then complexes within selected unit",descriptive interval; does not correct test-informed family selection
B,surfna,All128,top1_rmsd_ecdf_strict_lt,4.35,128,79.42708333,1.966102718,75,83.59375,10000,20260906,"top-level run/pool, then complexes within selected unit",descriptive interval; does not correct test-informed family selection
B,surfna,All128,top1_rmsd_ecdf_strict_lt,4.4,128,79.42708333,1.966102718,75,83.59375,10000,20260906,"top-level run/pool, then complexes within selected unit",descriptive interval; does not correct test-informed family selection
B,surfna,All128,top1_rmsd_ecdf_strict_lt,4.45,128,80.20833333,2.386758174,75.52083333,84.63541667,10000,20260906,"top-level run/pool, then complexes within selected unit",descriptive interval; does not correct test-informed family selection
B,surfna,All128,top1_rmsd_ecdf_strict_lt,4.5,128,80.20833333,2.386758174,75.52083333,84.63541667,10000,20260906,"top-level run/pool, then complexes within selected unit",descriptive interval; does not correct test-informed family selection
B,surfna,All128,top1_rmsd_ecdf_strict_lt,4.55,128,80.20833333,2.386758174,75.52083333,84.63541667,10000,20260906,"top-level run/pool, then complexes within selected unit",descriptive interval; does not correct test-informed family selection
B,surfna,All128,top1_rmsd_ecdf_strict_lt,4.6,128,80.46875,2.066993212,76.04166667,84.63541667,10000,20260906,"top-level run/pool, then complexes within selected unit",descriptive interval; does not correct test-informed family selection
B,surfna,All128,top1_rmsd_ecdf_strict_lt,4.65,128,80.72916667,1.966102718,76.30208333,84.89583333,10000,20260906,"top-level run/pool, then complexes within selected unit",descriptive interval; does not correct test-informed family selection
B,surfna,All128,top1_rmsd_ecdf_strict_lt,4.7,128,81.25,2.066993212,76.82291667,85.41666667,10000,20260906,"top-level run/pool, then complexes within selected unit",descriptive interval; does not correct test-informed family selection
B,surfna,All128,top1_rmsd_ecdf_strict_lt,4.75,128,81.51041667,1.804219591,77.34375,85.41666667,10000,20260906,"top-level run/pool, then complexes within selected unit",descriptive interval; does not correct test-informed family selection
B,surfna,All128,top1_rmsd_ecdf_strict_lt,4.8,128,82.03125,2.066993212,77.60416667,86.19791667,10000,20260906,"top-level run/pool, then complexes within selected unit",descriptive interval; does not correct test-informed family selection
B,surfna,All128,top1_rmsd_ecdf_strict_lt,4.85,128,82.03125,2.066993212,77.60416667,86.19791667,10000,20260906,"top-level run/pool, then complexes within selected unit",descriptive interval; does not correct test-informed family selection
B,surfna,All128,top1_rmsd_ecdf_strict_lt,4.9,128,82.03125,2.066993212,77.60416667,86.19791667,10000,20260906,"top-level run/pool, then complexes within selected unit",descriptive interval; does not correct test-informed family selection
B,surfna,All128,top1_rmsd_ecdf_strict_lt,4.95,128,82.03125,2.066993212,77.60416667,86.19791667,10000,20260906,"top-level run/pool, then complexes within selected unit",descriptive interval; does not correct test-informed family selection
B,surfna,All128,top1_rmsd_ecdf_strict_lt,5,128,82.8125,2.816836934,78.125,87.23958333,10000,20260906,"top-level run/pool, then complexes within selected unit",descriptive interval; does not correct test-informed family selection
B,surfna,All128,top1_rmsd_ecdf_strict_lt,5.05,128,83.33333333,2.386758174,78.90625,87.5,10000,20260906,"top-level run/pool, then complexes within selected unit",descriptive interval; does not correct test-informed family selection
B,surfna,All128,top1_rmsd_ecdf_strict_lt,5.1,128,83.85416667,2.743659831,79.16666667,88.02083333,10000,20260906,"top-level run/pool, then complexes within selected unit",descriptive interval; does not correct test-informed family selection
B,surfna,All128,top1_rmsd_ecdf_strict_lt,5.15,128,84.11458333,2.743659831,79.42708333,88.28125,10000,20260906,"top-level run/pool, then complexes within selected unit",descriptive interval; does not correct test-informed family selection
B,surfna,All128,top1_rmsd_ecdf_strict_lt,5.2,128,84.89583333,1.966102718,80.72916667,88.80208333,10000,20260906,"top-level run/pool, then complexes within selected unit",descriptive interval; does not correct test-informed family selection
B,surfna,All128,top1_rmsd_ecdf_strict_lt,5.25,128,85.15625,2.34375,80.98958333,89.0625,10000,20260906,"top-level run/pool, then complexes within selected unit",descriptive interval; does not correct test-informed family selection
B,surfna,All128,top1_rmsd_ecdf_strict_lt,5.3,128,85.15625,2.34375,80.98958333,89.0625,10000,20260906,"top-level run/pool, then complexes within selected unit",descriptive interval; does not correct test-informed family selection
B,surfna,All128,top1_rmsd_ecdf_strict_lt,5.35,128,85.41666667,2.386758174,81.25,89.32291667,10000,20260906,"top-level run/pool, then complexes within selected unit",descriptive interval; does not correct test-informed family selection
B,surfna,All128,top1_rmsd_ecdf_strict_lt,5.4,128,85.41666667,2.386758174,81.25,89.32291667,10000,20260906,"top-level run/pool, then complexes within selected unit",descriptive interval; does not correct test-informed family selection
B,surfna,All128,top1_rmsd_ecdf_strict_lt,5.45,128,85.67708333,2.511367386,81.25,89.58333333,10000,20260906,"top-level run/pool, then complexes within selected unit",descriptive interval; does not correct test-informed family selection
B,surfna,All128,top1_rmsd_ecdf_strict_lt,5.5,128,85.9375,2.066993212,81.77083333,89.58333333,10000,20260906,"top-level run/pool, then complexes within selected unit",descriptive interval; does not correct test-informed family selection
B,surfna,All128,top1_rmsd_ecdf_strict_lt,5.55,128,86.45833333,1.966102718,82.55208333,90.10416667,10000,20260906,"top-level run/pool, then complexes within selected unit",descriptive interval; does not correct test-informed family selection
B,surfna,All128,top1_rmsd_ecdf_strict_lt,5.6,128,86.71875,1.5625,82.8125,90.36458333,10000,20260906,"top-level run/pool, then complexes within selected unit",descriptive interval; does not correct test-informed family selection
B,surfna,All128,top1_rmsd_ecdf_strict_lt,5.65,128,86.97916667,1.626301562,83.07291667,90.36458333,10000,20260906,"top-level run/pool, then complexes within selected unit",descriptive interval; does not correct test-informed family selection
B,surfna,All128,top1_rmsd_ecdf_strict_lt,5.7,128,86.97916667,1.626301562,83.07291667,90.36458333,10000,20260906,"top-level run/pool, then complexes within selected unit",descriptive interval; does not correct test-informed family selection
B,surfna,All128,top1_rmsd_ecdf_strict_lt,5.75,128,86.97916667,1.626301562,83.07291667,90.36458333,10000,20260906,"top-level run/pool, then complexes within selected unit",descriptive interval; does not correct test-informed family selection
B,surfna,All128,top1_rmsd_ecdf_strict_lt,5.8,128,86.97916667,1.626301562,83.07291667,90.36458333,10000,20260906,"top-level run/pool, then complexes within selected unit",descriptive interval; does not correct test-informed family selection
B,surfna,All128,top1_rmsd_ecdf_strict_lt,5.85,128,86.97916667,1.626301562,83.07291667,90.36458333,10000,20260906,"top-level run/pool, then complexes within selected unit",descriptive interval; does not correct test-informed family selection
B,surfna,All128,top1_rmsd_ecdf_strict_lt,5.9,128,86.97916667,1.626301562,83.07291667,90.36458333,10000,20260906,"top-level run/pool, then complexes within selected unit",descriptive interval; does not correct test-informed family selection
B,surfna,All128,top1_rmsd_ecdf_strict_lt,5.95,128,87.23958333,1.966102718,83.33333333,90.88541667,10000,20260906,"top-level run/pool, then complexes within selected unit",descriptive interval; does not correct test-informed family selection
B,surfna,All128,top1_rmsd_ecdf_strict_lt,6,128,87.5,1.5625,83.85416667,90.88541667,10000,20260906,"top-level run/pool, then complexes within selected unit",descriptive interval; does not correct test-informed family selection
B,surfna,All128,top1_rmsd_ecdf_strict_lt,6.05,128,87.5,1.5625,83.85416667,90.88541667,10000,20260906,"top-level run/pool, then complexes within selected unit",descriptive interval; does not correct test-informed family selection
B,surfna,All128,top1_rmsd_ecdf_strict_lt,6.1,128,87.5,1.5625,83.85416667,90.88541667,10000,20260906,"top-level run/pool, then complexes within selected unit",descriptive interval; does not correct test-informed family selection
B,surfna,All128,top1_rmsd_ecdf_strict_lt,6.15,128,87.5,1.5625,83.85416667,90.88541667,10000,20260906,"top-level run/pool, then complexes within selected unit",descriptive interval; does not correct test-informed family selection
B,surfna,All128,top1_rmsd_ecdf_strict_lt,6.2,128,87.5,1.5625,83.85416667,90.88541667,10000,20260906,"top-level run/pool, then complexes within selected unit",descriptive interval; does not correct test-informed family selection
B,surfna,All128,top1_rmsd_ecdf_strict_lt,6.25,128,87.5,1.5625,83.85416667,90.88541667,10000,20260906,"top-level run/pool, then complexes within selected unit",descriptive interval; does not correct test-informed family selection
B,surfna,All128,top1_rmsd_ecdf_strict_lt,6.3,128,87.5,1.5625,83.85416667,90.88541667,10000,20260906,"top-level run/pool, then complexes within selected unit",descriptive interval; does not correct test-informed family selection
B,surfna,All128,top1_rmsd_ecdf_strict_lt,6.35,128,87.5,1.5625,83.85416667,90.88541667,10000,20260906,"top-level run/pool, then complexes within selected unit",descriptive interval; does not correct test-informed family selection
B,surfna,All128,top1_rmsd_ecdf_strict_lt,6.4,128,87.76041667,1.193379087,84.11458333,91.14583333,10000,20260906,"top-level run/pool, then complexes within selected unit",descriptive interval; does not correct test-informed family selection
B,surfna,All128,top1_rmsd_ecdf_strict_lt,6.45,128,87.76041667,1.193379087,84.11458333,91.14583333,10000,20260906,"top-level run/pool, then complexes within selected unit",descriptive interval; does not correct test-informed family selection
B,surfna,All128,top1_rmsd_ecdf_strict_lt,6.5,128,88.02083333,1.193379087,84.375,91.14583333,10000,20260906,"top-level run/pool, then complexes within selected unit",descriptive interval; does not correct test-informed family selection
B,surfna,All128,top1_rmsd_ecdf_strict_lt,6.55,128,88.02083333,1.193379087,84.375,91.14583333,10000,20260906,"top-level run/pool, then complexes within selected unit",descriptive interval; does not correct test-informed family selection
B,surfna,All128,top1_rmsd_ecdf_strict_lt,6.6,128,88.02083333,1.193379087,84.375,91.14583333,10000,20260906,"top-level run/pool, then complexes within selected unit",descriptive interval; does not correct test-informed family selection
B,surfna,All128,top1_rmsd_ecdf_strict_lt,6.65,128,88.54166667,0.9021097956,85.15625,91.66666667,10000,20260906,"top-level run/pool, then complexes within selected unit",descriptive interval; does not correct test-informed family selection
B,surfna,All128,top1_rmsd_ecdf_strict_lt,6.7,128,88.54166667,0.9021097956,85.15625,91.66666667,10000,20260906,"top-level run/pool, then complexes within selected unit",descriptive interval; does not correct test-informed family selection
B,surfna,All128,top1_rmsd_ecdf_strict_lt,6.75,128,88.80208333,0.4510548978,85.41666667,91.92708333,10000,20260906,"top-level run/pool, then complexes within selected unit",descriptive interval; does not correct test-informed family selection
B,surfna,All128,top1_rmsd_ecdf_strict_lt,6.8,128,89.0625,0,85.9375,92.1875,10000,20260906,"top-level run/pool, then complexes within selected unit",descriptive interval; does not correct test-informed family selection
B,surfna,All128,top1_rmsd_ecdf_strict_lt,6.85,128,89.32291667,0.4510548978,86.19791667,92.1875,10000,20260906,"top-level run/pool, then complexes within selected unit",descriptive interval; does not correct test-informed family selection
B,surfna,All128,top1_rmsd_ecdf_strict_lt,6.9,128,89.32291667,0.4510548978,86.19791667,92.1875,10000,20260906,"top-level run/pool, then complexes within selected unit",descriptive interval; does not correct test-informed family selection
B,surfna,All128,top1_rmsd_ecdf_strict_lt,6.95,128,89.32291667,0.4510548978,86.19791667,92.1875,10000,20260906,"top-level run/pool, then complexes within selected unit",descriptive interval; does not correct test-informed family selection
B,surfna,All128,top1_rmsd_ecdf_strict_lt,7,128,89.32291667,0.4510548978,86.19791667,92.1875,10000,20260906,"top-level run/pool, then complexes within selected unit",descriptive interval; does not correct test-informed family selection
B,surfna,All128,top1_rmsd_ecdf_strict_lt,7.05,128,89.58333333,0.9021097956,86.19791667,92.70833333,10000,20260906,"top-level run/pool, then complexes within selected unit",descriptive interval; does not correct test-informed family selection
B,surfna,All128,top1_rmsd_ecdf_strict_lt,7.1,128,89.58333333,0.9021097956,86.19791667,92.70833333,10000,20260906,"top-level run/pool, then complexes within selected unit",descriptive interval; does not correct test-informed family selection
B,surfna,All128,top1_rmsd_ecdf_strict_lt,7.15,128,89.58333333,0.9021097956,86.19791667,92.70833333,10000,20260906,"top-level run/pool, then complexes within selected unit",descriptive interval; does not correct test-informed family selection
B,surfna,All128,top1_rmsd_ecdf_strict_lt,7.2,128,89.58333333,0.9021097956,86.19791667,92.70833333,10000,20260906,"top-level run/pool, then complexes within selected unit",descriptive interval; does not correct test-informed family selection
B,surfna,All128,top1_rmsd_ecdf_strict_lt,7.25,128,89.58333333,0.9021097956,86.19791667,92.70833333,10000,20260906,"top-level run/pool, then complexes within selected unit",descriptive interval; does not correct test-informed family selection
B,surfna,All128,top1_rmsd_ecdf_strict_lt,7.3,128,89.58333333,0.9021097956,86.19791667,92.70833333,10000,20260906,"top-level run/pool, then complexes within selected unit",descriptive interval; does not correct test-informed family selection
B,surfna,All128,top1_rmsd_ecdf_strict_lt,7.35,128,89.58333333,0.9021097956,86.19791667,92.70833333,10000,20260906,"top-level run/pool, then complexes within selected unit",descriptive interval; does not correct test-informed family selection
B,surfna,All128,top1_rmsd_ecdf_strict_lt,7.4,128,89.84375,0.78125,86.45833333,92.70833333,10000,20260906,"top-level run/pool, then complexes within selected unit",descriptive interval; does not correct test-informed family selection
B,surfna,All128,top1_rmsd_ecdf_strict_lt,7.45,128,90.10416667,1.193379087,86.71875,93.22916667,10000,20260906,"top-level run/pool, then complexes within selected unit",descriptive interval; does not correct test-informed family selection
B,surfna,All128,top1_rmsd_ecdf_strict_lt,7.5,128,90.10416667,1.193379087,86.71875,93.22916667,10000,20260906,"top-level run/pool, then complexes within selected unit",descriptive interval; does not correct test-informed family selection
B,surfna,All128,top1_rmsd_ecdf_strict_lt,7.55,128,90.10416667,1.193379087,86.71875,93.22916667,10000,20260906,"top-level run/pool, then complexes within selected unit",descriptive interval; does not correct test-informed family selection
B,surfna,All128,top1_rmsd_ecdf_strict_lt,7.6,128,90.10416667,1.193379087,86.71875,93.22916667,10000,20260906,"top-level run/pool, then complexes within selected unit",descriptive interval; does not correct test-informed family selection
B,surfna,All128,top1_rmsd_ecdf_strict_lt,7.65,128,90.36458333,1.626301562,86.97916667,93.48958333,10000,20260906,"top-level run/pool, then complexes within selected unit",descriptive interval; does not correct test-informed family selection
B,surfna,All128,top1_rmsd_ecdf_strict_lt,7.7,128,90.625,1.5625,87.23958333,93.75,10000,20260906,"top-level run/pool, then complexes within selected unit",descriptive interval; does not correct test-informed family selection
B,surfna,All128,top1_rmsd_ecdf_strict_lt,7.75,128,90.88541667,1.193379087,87.5,93.75,10000,20260906,"top-level run/pool, then complexes within selected unit",descriptive interval; does not correct test-informed family selection
B,surfna,All128,top1_rmsd_ecdf_strict_lt,7.8,128,90.88541667,1.193379087,87.5,93.75,10000,20260906,"top-level run/pool, then complexes within selected unit",descriptive interval; does not correct test-informed family selection
B,surfna,All128,top1_rmsd_ecdf_strict_lt,7.85,128,91.14583333,0.9021097956,88.02083333,94.01041667,10000,20260906,"top-level run/pool, then complexes within selected unit",descriptive interval; does not correct test-informed family selection
B,surfna,All128,top1_rmsd_ecdf_strict_lt,7.9,128,91.14583333,0.9021097956,88.02083333,94.01041667,10000,20260906,"top-level run/pool, then complexes within selected unit",descriptive interval; does not correct test-informed family selection
B,surfna,All128,top1_rmsd_ecdf_strict_lt,7.95,128,91.40625,0.78125,88.28125,94.27083333,10000,20260906,"top-level run/pool, then complexes within selected unit",descriptive interval; does not correct test-informed family selection
B,surfna,All128,top1_rmsd_ecdf_strict_lt,8,128,91.40625,0.78125,88.28125,94.27083333,10000,20260906,"top-level run/pool, then complexes within selected unit",descriptive interval; does not correct test-informed family selection
B,surfna,All128,top1_rmsd_ecdf_strict_lt,8.05,128,91.66666667,0.4510548978,88.80208333,94.27083333,10000,20260906,"top-level run/pool, then complexes within selected unit",descriptive interval; does not correct test-informed family selection
B,surfna,All128,top1_rmsd_ecdf_strict_lt,8.1,128,91.66666667,0.4510548978,88.80208333,94.27083333,10000,20260906,"top-level run/pool, then complexes within selected unit",descriptive interval; does not correct test-informed family selection
B,surfna,All128,top1_rmsd_ecdf_strict_lt,8.15,128,92.1875,0.78125,89.32291667,94.79166667,10000,20260906,"top-level run/pool, then complexes within selected unit",descriptive interval; does not correct test-informed family selection
B,surfna,All128,top1_rmsd_ecdf_strict_lt,8.2,128,92.44791667,0.4510548978,89.58333333,95.05208333,10000,20260906,"top-level run/pool, then complexes within selected unit",descriptive interval; does not correct test-informed family selection
B,surfna,All128,top1_rmsd_ecdf_strict_lt,8.25,128,92.70833333,0.4510548978,89.84375,95.3125,10000,20260906,"top-level run/pool, then complexes within selected unit",descriptive interval; does not correct test-informed family selection
B,surfna,All128,top1_rmsd_ecdf_strict_lt,8.3,128,93.22916667,0.4510548978,90.625,95.57291667,10000,20260906,"top-level run/pool, then complexes within selected unit",descriptive interval; does not correct test-informed family selection
B,surfna,All128,top1_rmsd_ecdf_strict_lt,8.35,128,93.48958333,0.4510548978,90.88541667,95.83333333,10000,20260906,"top-level run/pool, then complexes within selected unit",descriptive interval; does not correct test-informed family selection
B,surfna,All128,top1_rmsd_ecdf_strict_lt,8.4,128,93.75,0.78125,91.14583333,96.09375,10000,20260906,"top-level run/pool, then complexes within selected unit",descriptive interval; does not correct test-informed family selection
B,surfna,All128,top1_rmsd_ecdf_strict_lt,8.45,128,94.01041667,0.9021097956,91.40625,96.35416667,10000,20260906,"top-level run/pool, then complexes within selected unit",descriptive interval; does not correct test-informed family selection
B,surfna,All128,top1_rmsd_ecdf_strict_lt,8.5,128,94.53125,0,92.1875,96.61458333,10000,20260906,"top-level run/pool, then complexes within selected unit",descriptive interval; does not correct test-informed family selection
B,surfna,All128,top1_rmsd_ecdf_strict_lt,8.55,128,94.53125,0,92.1875,96.61458333,10000,20260906,"top-level run/pool, then complexes within selected unit",descriptive interval; does not correct test-informed family selection
B,surfna,All128,top1_rmsd_ecdf_strict_lt,8.6,128,94.53125,0,92.1875,96.61458333,10000,20260906,"top-level run/pool, then complexes within selected unit",descriptive interval; does not correct test-informed family selection
B,surfna,All128,top1_rmsd_ecdf_strict_lt,8.65,128,94.79166667,0.4510548978,92.44791667,96.875,10000,20260906,"top-level run/pool, then complexes within selected unit",descriptive interval; does not correct test-informed family selection
B,surfna,All128,top1_rmsd_ecdf_strict_lt,8.7,128,94.79166667,0.4510548978,92.44791667,96.875,10000,20260906,"top-level run/pool, then complexes within selected unit",descriptive interval; does not correct test-informed family selection
B,surfna,All128,top1_rmsd_ecdf_strict_lt,8.75,128,94.79166667,0.4510548978,92.44791667,96.875,10000,20260906,"top-level run/pool, then complexes within selected unit",descriptive interval; does not correct test-informed family selection
B,surfna,All128,top1_rmsd_ecdf_strict_lt,8.8,128,95.57291667,0.4510548978,93.48958333,97.39583333,10000,20260906,"top-level run/pool, then complexes within selected unit",descriptive interval; does not correct test-informed family selection
B,surfna,All128,top1_rmsd_ecdf_strict_lt,8.85,128,95.83333333,0.4510548978,93.75,97.65625,10000,20260906,"top-level run/pool, then complexes within selected unit",descriptive interval; does not correct test-informed family selection
B,surfna,All128,top1_rmsd_ecdf_strict_lt,8.9,128,95.83333333,0.4510548978,93.75,97.65625,10000,20260906,"top-level run/pool, then complexes within selected unit",descriptive interval; does not correct test-informed family selection
B,surfna,All128,top1_rmsd_ecdf_strict_lt,8.95,128,95.83333333,0.4510548978,93.75,97.65625,10000,20260906,"top-level run/pool, then complexes within selected unit",descriptive interval; does not correct test-informed family selection
B,surfna,All128,top1_rmsd_ecdf_strict_lt,9,128,96.35416667,0.4510548978,94.27083333,98.17708333,10000,20260906,"top-level run/pool, then complexes within selected unit",descriptive interval; does not correct test-informed family selection
B,surfna,All128,top1_rmsd_ecdf_strict_lt,9.05,128,96.35416667,0.4510548978,94.27083333,98.17708333,10000,20260906,"top-level run/pool, then complexes within selected unit",descriptive interval; does not correct test-informed family selection
B,surfna,All128,top1_rmsd_ecdf_strict_lt,9.1,128,96.35416667,0.4510548978,94.27083333,98.17708333,10000,20260906,"top-level run/pool, then complexes within selected unit",descriptive interval; does not correct test-informed family selection
B,surfna,All128,top1_rmsd_ecdf_strict_lt,9.15,128,97.13541667,0.4510548978,95.3125,98.69791667,10000,20260906,"top-level run/pool, then complexes within selected unit",descriptive interval; does not correct test-informed family selection
B,surfna,All128,top1_rmsd_ecdf_strict_lt,9.2,128,97.13541667,0.4510548978,95.3125,98.69791667,10000,20260906,"top-level run/pool, then complexes within selected unit",descriptive interval; does not correct test-informed family selection
B,surfna,All128,top1_rmsd_ecdf_strict_lt,9.25,128,97.13541667,0.4510548978,95.3125,98.69791667,10000,20260906,"top-level run/pool, then complexes within selected unit",descriptive interval; does not correct test-informed family selection
B,surfna,All128,top1_rmsd_ecdf_strict_lt,9.3,128,97.39583333,0.4510548978,95.57291667,98.95833333,10000,20260906,"top-level run/pool, then complexes within selected unit",descriptive interval; does not correct test-informed family selection
B,surfna,All128,top1_rmsd_ecdf_strict_lt,9.35,128,97.65625,0.78125,95.83333333,99.21875,10000,20260906,"top-level run/pool, then complexes within selected unit",descriptive interval; does not correct test-informed family selection
B,surfna,All128,top1_rmsd_ecdf_strict_lt,9.4,128,97.65625,0.78125,95.83333333,99.21875,10000,20260906,"top-level run/pool, then complexes within selected unit",descriptive interval; does not correct test-informed family selection
B,surfna,All128,top1_rmsd_ecdf_strict_lt,9.45,128,97.65625,0.78125,95.83333333,99.21875,10000,20260906,"top-level run/pool, then complexes within selected unit",descriptive interval; does not correct test-informed family selection
B,surfna,All128,top1_rmsd_ecdf_strict_lt,9.5,128,97.65625,0.78125,95.83333333,99.21875,10000,20260906,"top-level run/pool, then complexes within selected unit",descriptive interval; does not correct test-informed family selection
B,surfna,All128,top1_rmsd_ecdf_strict_lt,9.55,128,97.65625,0.78125,95.83333333,99.21875,10000,20260906,"top-level run/pool, then complexes within selected unit",descriptive interval; does not correct test-informed family selection
B,surfna,All128,top1_rmsd_ecdf_strict_lt,9.6,128,98.17708333,0.9021097956,96.35416667,99.47916667,10000,20260906,"top-level run/pool, then complexes within selected unit",descriptive interval; does not correct test-informed family selection
B,surfna,All128,top1_rmsd_ecdf_strict_lt,9.65,128,98.17708333,0.9021097956,96.35416667,99.47916667,10000,20260906,"top-level run/pool, then complexes within selected unit",descriptive interval; does not correct test-informed family selection
B,surfna,All128,top1_rmsd_ecdf_strict_lt,9.7,128,98.17708333,0.9021097956,96.35416667,99.47916667,10000,20260906,"top-level run/pool, then complexes within selected unit",descriptive interval; does not correct test-informed family selection
B,surfna,All128,top1_rmsd_ecdf_strict_lt,9.75,128,98.17708333,0.9021097956,96.35416667,99.47916667,10000,20260906,"top-level run/pool, then complexes within selected unit",descriptive interval; does not correct test-informed family selection
B,surfna,All128,top1_rmsd_ecdf_strict_lt,9.8,128,98.17708333,0.9021097956,96.35416667,99.47916667,10000,20260906,"top-level run/pool, then complexes within selected unit",descriptive interval; does not correct test-informed family selection
B,surfna,All128,top1_rmsd_ecdf_strict_lt,9.85,128,98.17708333,0.9021097956,96.35416667,99.47916667,10000,20260906,"top-level run/pool, then complexes within selected unit",descriptive interval; does not correct test-informed family selection
B,surfna,All128,top1_rmsd_ecdf_strict_lt,9.9,128,98.17708333,0.9021097956,96.35416667,99.47916667,10000,20260906,"top-level run/pool, then complexes within selected unit",descriptive interval; does not correct test-informed family selection
B,surfna,All128,top1_rmsd_ecdf_strict_lt,9.95,128,98.17708333,0.9021097956,96.35416667,99.47916667,10000,20260906,"top-level run/pool, then complexes within selected unit",descriptive interval; does not correct test-informed family selection
B,surfna,All128,top1_rmsd_ecdf_strict_lt,10,128,98.17708333,0.9021097956,96.35416667,99.47916667,10000,20260906,"top-level run/pool, then complexes within selected unit",descriptive interval; does not correct test-informed family selection
C,autodock_gpu,All128,oracle40,,128,45.57291667,0.9021097956,40.36458333,50.52083333,10000,20260906,"top-level run/pool, then complexes within selected unit",descriptive interval; does not correct test-informed family selection
C,autodock_gpu,All128,top1,,128,11.45833333,3.692043458,7.291666667,16.66666667,10000,20260906,"top-level run/pool, then complexes within selected unit",descriptive interval; does not correct test-informed family selection
C,autodock_gpu,All128,top5,,128,28.64583333,3.522851369,23.17708333,34.11458333,10000,20260906,"top-level run/pool, then complexes within selected unit",descriptive interval; does not correct test-informed family selection
C,ledock,All128,oracle40,,128,58.59375,2.706329387,53.125,64.0625,10000,20260906,"top-level run/pool, then complexes within selected unit",descriptive interval; does not correct test-informed family selection
C,ledock,All128,top1,,128,28.64583333,2.743659831,23.4375,33.85416667,10000,20260906,"top-level run/pool, then complexes within selected unit",descriptive interval; does not correct test-informed family selection
C,ledock,All128,top5,,128,41.92708333,0.9021097956,36.97916667,46.875,10000,20260906,"top-level run/pool, then complexes within selected unit",descriptive interval; does not correct test-informed family selection
C,rdock,All128,oracle40,,128,44.79166667,2.386758174,39.32291667,50.26041667,10000,20260906,"top-level run/pool, then complexes within selected unit",descriptive interval; does not correct test-informed family selection
C,rdock,All128,top1,,128,29.16666667,1.193379087,24.47916667,33.85416667,10000,20260906,"top-level run/pool, then complexes within selected unit",descriptive interval; does not correct test-informed family selection
C,rdock,All128,top5,,128,35.67708333,3.157384285,30.20833333,41.15234375,10000,20260906,"top-level run/pool, then complexes within selected unit",descriptive interval; does not correct test-informed family selection
C,vina,All128,oracle40,,128,44.01041667,2.957764763,38.28125,49.73958333,10000,20260906,"top-level run/pool, then complexes within selected unit",descriptive interval; does not correct test-informed family selection
C,vina,All128,top1,,128,23.17708333,0.4510548978,19.01041667,27.60416667,10000,20260906,"top-level run/pool, then complexes within selected unit",descriptive interval; does not correct test-informed family selection
C,vina,All128,top5,,128,32.8125,2.066993212,27.86458333,38.02083333,10000,20260906,"top-level run/pool, then complexes within selected unit",descriptive interval; does not correct test-informed family selection
C,plants,All128,oracle40,,128,41.92708333,1.804219591,36.71875,47.13541667,10000,20260906,"top-level run/pool, then complexes within selected unit",descriptive interval; does not correct test-informed family selection
C,plants,All128,top1,,128,28.64583333,1.804219591,23.95833333,33.33333333,10000,20260906,"top-level run/pool, then complexes within selected unit",descriptive interval; does not correct test-informed family selection
C,plants,All128,top5,,128,36.71875,1.5625,31.77083333,41.67317708,10000,20260906,"top-level run/pool, then complexes within selected unit",descriptive interval; does not correct test-informed family selection
C,surfna,All128,oracle40,,128,73.17708333,1.193379087,68.48958333,77.60416667,10000,20260906,"top-level run/pool, then complexes within selected unit",descriptive interval; does not correct test-informed family selection
C,surfna,All128,top1,,128,49.21875,3.125,43.48958333,54.94791667,10000,20260906,"top-level run/pool, then complexes within selected unit",descriptive interval; does not correct test-informed family selection
C,surfna,All128,top5,,128,63.80208333,1.966102718,58.59375,69.01041667,10000,20260906,"top-level run/pool, then complexes within selected unit",descriptive interval; does not correct test-informed family selection
