method,method_id,benchmark_set,benchmark_memberships,complex_id,receptor_type,model_seed,sampling_repeat,run_id,K,rank1_rmsd_A,best_top3_rmsd_A,best_top5_rmsd_A,best_top10_rmsd_A,best_oracle_rmsd_A,success_top1_2A,success_top3_2A,success_top5_2A,success_top10_2A,success_oracle_2A,success_top1_5A,valid_pose_fraction,valid_pose_count,failed_complex,protocol_id
AutoDock-GPU,autodock_gpu,All128,Ruiz;Chen;Philips,1am0,RNA,,rep1,rep1,40,6.2087725,3.54650027,1.77875216,1.77875216,1.71607892,False,False,True,True,True,False,1,40,False,surfna_v2_v3_ccdcomplete128_redocking_3rep_20260828
AutoDock-GPU,autodock_gpu,All128,Yan,1arj,RNA,,rep1,rep1,40,4.86751351,2.19045037,2.19045037,2.19045037,1.93920351,False,False,False,False,True,True,1,40,False,surfna_v2_v3_ccdcomplete128_redocking_3rep_20260828
AutoDock-GPU,autodock_gpu,All128,Yan;Ruiz;Chen;Philips,1byj,RNA,,rep1,rep1,40,6.15728144,5.2155272,5.2155272,4.91159235,4.90060502,False,False,False,False,False,False,1,40,False,surfna_v2_v3_ccdcomplete128_redocking_3rep_20260828
AutoDock-GPU,autodock_gpu,All128,Yan,1cvx,DNA,,rep1,rep1,40,8.15191276,8.15191276,8.15191276,5.42574249,3.93944472,False,False,False,False,False,False,1,40,False,surfna_v2_v3_ccdcomplete128_redocking_3rep_20260828
AutoDock-GPU,autodock_gpu,All128,Yan,1cvy,DNA,,rep1,rep1,40,5.36353442,5.36353442,4.97079752,4.97079752,4.68075109,False,False,False,False,False,False,1,40,False,surfna_v2_v3_ccdcomplete128_redocking_3rep_20260828
AutoDock-GPU,autodock_gpu,All128,Yan,1db6,DNA,,rep1,rep1,40,2.02334428,1.54071745,1.54071745,1.510136,1.510136,False,True,True,True,True,True,1,40,False,surfna_v2_v3_ccdcomplete128_redocking_3rep_20260828
AutoDock-GPU,autodock_gpu,All128,Ruiz;Chen;Philips,1eht,RNA,,rep1,rep1,40,3.18981581,3.05726729,0.40460066,0.40460066,0.40220909,False,False,True,True,True,True,1,40,False,surfna_v2_v3_ccdcomplete128_redocking_3rep_20260828
AutoDock-GPU,autodock_gpu,All128,Ruiz;Chen;Philips,1ei2,RNA,,rep1,rep1,40,6.91468143,5.27849566,5.27849566,5.27849566,3.54946095,False,False,False,False,False,False,1,40,False,surfna_v2_v3_ccdcomplete128_redocking_3rep_20260828
AutoDock-GPU,autodock_gpu,All128,Yan;Ruiz;Chen;Philips,1f1t,RNA,,rep1,rep1,40,0.67568447,0.67423298,0.67152656,0.65617472,0.65617472,True,True,True,True,True,True,1,40,False,surfna_v2_v3_ccdcomplete128_redocking_3rep_20260828
AutoDock-GPU,autodock_gpu,All128,Yan;Ruiz;Chen;Philips,1f27,RNA,,rep1,rep1,40,3.17231445,2.32119268,2.32119268,2.32119268,2.20192315,False,False,False,False,False,True,1,40,False,surfna_v2_v3_ccdcomplete128_redocking_3rep_20260828
AutoDock-GPU,autodock_gpu,All128,Philips,1fjg,RNA,,rep1,rep1,40,inf,inf,inf,inf,inf,False,False,False,False,False,False,0,0,True,surfna_v2_v3_ccdcomplete128_redocking_3rep_20260828
AutoDock-GPU,autodock_gpu,All128,Ruiz;Chen;Philips,1fmn,RNA,,rep1,rep1,40,2.23819202,1.59076825,1.59076825,1.59076825,1.39474754,False,True,True,True,True,True,1,40,False,surfna_v2_v3_ccdcomplete128_redocking_3rep_20260828
AutoDock-GPU,autodock_gpu,All128,Yan;Ruiz;Chen;Philips,1fyp,RNA,,rep1,rep1,40,8.94477747,6.67612478,6.67612478,5.44585602,4.73554246,False,False,False,False,False,False,1,40,False,surfna_v2_v3_ccdcomplete128_redocking_3rep_20260828
AutoDock-GPU,autodock_gpu,All128,Philips,1hnw,RNA,,rep1,rep1,40,inf,inf,inf,inf,inf,False,False,False,False,False,False,0,0,True,surfna_v2_v3_ccdcomplete128_redocking_3rep_20260828
AutoDock-GPU,autodock_gpu,All128,Yan,1i9v,RNA,,rep1,rep1,40,8.77100864,5.36806609,5.36806609,5.36806609,5.36806609,False,False,False,False,False,False,1,40,False,surfna_v2_v3_ccdcomplete128_redocking_3rep_20260828
AutoDock-GPU,autodock_gpu,All128,Ruiz;Chen;Philips,1j7t,RNA,,rep1,rep1,40,8.8816577,8.65300453,8.44194253,8.44194253,4.67382527,False,False,False,False,False,False,1,40,False,surfna_v2_v3_ccdcomplete128_redocking_3rep_20260828
AutoDock-GPU,autodock_gpu,All128,Ruiz;Chen;Philips,1koc,RNA,,rep1,rep1,40,5.39377828,2.32461099,2.32461099,1.98848435,1.98848435,False,False,False,True,True,False,1,40,False,surfna_v2_v3_ccdcomplete128_redocking_3rep_20260828
AutoDock-GPU,autodock_gpu,All128,Ruiz;Chen,1lc4,RNA,,rep1,rep1,40,5.18936274,4.03682503,3.70808567,3.70808567,3.43629342,False,False,False,False,False,False,1,40,False,surfna_v2_v3_ccdcomplete128_redocking_3rep_20260828
AutoDock-GPU,autodock_gpu,All128,Ruiz;Chen,1lvj,RNA,,rep1,rep1,40,2.69024564,2.687122,2.43436436,1.51408911,1.51408911,False,False,False,True,True,True,1,40,False,surfna_v2_v3_ccdcomplete128_redocking_3rep_20260828
AutoDock-GPU,autodock_gpu,All128,Ruiz;Chen;Philips,1mwl,RNA,,rep1,rep1,40,inf,inf,inf,inf,inf,False,False,False,False,False,False,0,0,True,surfna_v2_v3_ccdcomplete128_redocking_3rep_20260828
AutoDock-GPU,autodock_gpu,All128,Philips,1nbk,RNA,,rep1,rep1,40,3.72039185,2.12672397,2.12672397,2.12672397,1.6529479,False,False,False,False,True,True,1,40,False,surfna_v2_v3_ccdcomplete128_redocking_3rep_20260828
AutoDock-GPU,autodock_gpu,All128,Ruiz;Chen;Philips,1nem,RNA,,rep1,rep1,40,7.28087288,3.92242722,3.92242722,3.17151447,2.85321645,False,False,False,False,False,False,1,40,False,surfna_v2_v3_ccdcomplete128_redocking_3rep_20260828
AutoDock-GPU,autodock_gpu,All128,Ruiz,1nta,RNA,,rep1,rep1,40,4.67186481,4.63823269,4.63823269,4.59931255,4.59931255,False,False,False,False,False,True,1,40,False,surfna_v2_v3_ccdcomplete128_redocking_3rep_20260828
AutoDock-GPU,autodock_gpu,All128,Ruiz;Chen,1ntb,RNA,,rep1,rep1,40,5.06466175,3.95489086,3.95489086,3.95489086,2.13494298,False,False,False,False,False,False,1,40,False,surfna_v2_v3_ccdcomplete128_redocking_3rep_20260828
AutoDock-GPU,autodock_gpu,All128,Yan,1nzm,DNA,,rep1,rep1,40,4.45501455,4.45344254,4.4526849,4.4526849,4.45108428,False,False,False,False,False,True,1,40,False,surfna_v2_v3_ccdcomplete128_redocking_3rep_20260828
AutoDock-GPU,autodock_gpu,All128,Ruiz,1o15,RNA,,rep1,rep1,40,3.48705488,3.00773674,0.67167414,0.67167414,0.67167414,False,False,True,True,True,True,1,40,False,surfna_v2_v3_ccdcomplete128_redocking_3rep_20260828
AutoDock-GPU,autodock_gpu,All128,Ruiz,1o9m,RNA,,rep1,rep1,40,8.76312445,8.3700483,7.58405125,2.0188558,2.0188558,False,False,False,False,False,False,1,40,False,surfna_v2_v3_ccdcomplete128_redocking_3rep_20260828
AutoDock-GPU,autodock_gpu,All128,Yan,1p96,DNA,,rep1,rep1,40,7.09199378,7.08212518,3.31432197,3.31432197,3.18932797,False,False,False,False,False,False,1,40,False,surfna_v2_v3_ccdcomplete128_redocking_3rep_20260828
AutoDock-GPU,autodock_gpu,All128,Ruiz;Chen;Philips,1pbr,RNA,,rep1,rep1,40,8.45849619,4.61976309,4.61976309,4.61976309,2.25710647,False,False,False,False,False,False,1,40,False,surfna_v2_v3_ccdcomplete128_redocking_3rep_20260828
AutoDock-GPU,autodock_gpu,All128,Yan;Ruiz;Chen;Philips,1q8n,RNA,,rep1,rep1,40,0.58676581,0.58676581,0.50016945,0.49116897,0.47775391,True,True,True,True,True,True,1,40,False,surfna_v2_v3_ccdcomplete128_redocking_3rep_20260828
AutoDock-GPU,autodock_gpu,All128,Yan;Ruiz;Chen,1qd3,RNA,,rep1,rep1,40,8.1673299,6.79731258,6.79731258,6.79731258,3.92409262,False,False,False,False,False,False,1,40,False,surfna_v2_v3_ccdcomplete128_redocking_3rep_20260828
AutoDock-GPU,autodock_gpu,All128,Yan,1qv4,DNA,,rep1,rep1,40,1.04990329,1.04990329,1.04990329,0.90341455,0.90341455,True,True,True,True,True,True,1,40,False,surfna_v2_v3_ccdcomplete128_redocking_3rep_20260828
AutoDock-GPU,autodock_gpu,All128,Yan,1qv8,DNA,,rep1,rep1,40,0.86294204,0.86294204,0.86294204,0.85023806,0.81683741,True,True,True,True,True,True,1,40,False,surfna_v2_v3_ccdcomplete128_redocking_3rep_20260828
AutoDock-GPU,autodock_gpu,All128,Yan,1r4e,DNA,,rep1,rep1,40,5.28854122,4.98921612,4.3970816,4.3970816,4.3970816,False,False,False,False,False,False,1,40,False,surfna_v2_v3_ccdcomplete128_redocking_3rep_20260828
AutoDock-GPU,autodock_gpu,All128,Ruiz;Chen;Philips,1tob,RNA,,rep1,rep1,40,6.48619969,3.61411175,3.61411175,3.61411175,2.4952848,False,False,False,False,False,False,1,40,False,surfna_v2_v3_ccdcomplete128_redocking_3rep_20260828
AutoDock-GPU,autodock_gpu,All128,Ruiz;Chen,1u8d,RNA,,rep1,rep1,40,0.69547487,0.69547487,0.69547487,0.69547487,0.69547487,True,True,True,True,True,True,1,40,False,surfna_v2_v3_ccdcomplete128_redocking_3rep_20260828
AutoDock-GPU,autodock_gpu,All128,Yan;Ruiz;Philips,1uts,RNA,,rep1,rep1,40,3.82605582,3.65631591,3.65631591,3.65631591,3.58369253,False,False,False,False,False,True,1,40,False,surfna_v2_v3_ccdcomplete128_redocking_3rep_20260828
AutoDock-GPU,autodock_gpu,All128,Yan;Ruiz;Chen;Philips,1uud,RNA,,rep1,rep1,40,7.55057953,5.30950124,5.28386563,5.28386563,4.53508283,False,False,False,False,False,False,1,40,False,surfna_v2_v3_ccdcomplete128_redocking_3rep_20260828
AutoDock-GPU,autodock_gpu,All128,Ruiz;Philips,1uui,RNA,,rep1,rep1,40,7.33625394,5.79285055,5.72226386,3.18621056,2.02973348,False,False,False,False,False,False,1,40,False,surfna_v2_v3_ccdcomplete128_redocking_3rep_20260828
AutoDock-GPU,autodock_gpu,All128,Philips,1xbp,RNA,,rep1,rep1,40,inf,inf,inf,inf,inf,False,False,False,False,False,False,0,0,True,surfna_v2_v3_ccdcomplete128_redocking_3rep_20260828
AutoDock-GPU,autodock_gpu,All128,Ruiz;Philips,1xpf,RNA,,rep1,rep1,40,3.74056729,3.51151036,2.42992084,2.42992084,2.29261326,False,False,False,False,False,True,1,40,False,surfna_v2_v3_ccdcomplete128_redocking_3rep_20260828
AutoDock-GPU,autodock_gpu,All128,Ruiz;Chen;Philips,1y26,RNA,,rep1,rep1,40,2.82511533,2.80903994,2.80903994,2.80806805,0.47070798,False,False,False,False,True,True,1,40,False,surfna_v2_v3_ccdcomplete128_redocking_3rep_20260828
AutoDock-GPU,autodock_gpu,All128,Chen,1y27,RNA,,rep1,rep1,40,2.90745768,2.90745768,0.81112772,0.81112772,0.78255938,False,False,True,True,True,True,1,40,False,surfna_v2_v3_ccdcomplete128_redocking_3rep_20260828
AutoDock-GPU,autodock_gpu,All128,Yan;Chen,1ykv,RNA,,rep1,rep1,40,1.01401268,0.999535,0.92750508,0.91623168,0.91088356,True,True,True,True,True,True,1,40,False,surfna_v2_v3_ccdcomplete128_redocking_3rep_20260828
AutoDock-GPU,autodock_gpu,All128,Yan;Ruiz;Chen,1yrj,RNA,,rep1,rep1,40,6.16548861,6.16548861,5.35162414,5.35162414,5.3402352,False,False,False,False,False,False,1,40,False,surfna_v2_v3_ccdcomplete128_redocking_3rep_20260828
AutoDock-GPU,autodock_gpu,All128,Chen,1zz5,RNA,,rep1,rep1,40,9.58068752,5.62549539,5.62549539,5.15099956,4.78638602,False,False,False,False,False,False,1,40,False,surfna_v2_v3_ccdcomplete128_redocking_3rep_20260828
AutoDock-GPU,autodock_gpu,All128,Yan;Ruiz,2au4,RNA,,rep1,rep1,40,7.16871163,2.64192263,2.64192263,2.64192263,1.86335369,False,False,False,False,True,False,1,40,False,surfna_v2_v3_ccdcomplete128_redocking_3rep_20260828
AutoDock-GPU,autodock_gpu,All128,Yan,2b57,RNA,,rep1,rep1,40,3.51253192,3.06048312,1.06463353,1.0200004,0.94076009,False,False,True,True,True,True,1,40,False,surfna_v2_v3_ccdcomplete128_redocking_3rep_20260828
AutoDock-GPU,autodock_gpu,All128,Yan;Ruiz;Chen;Philips,2be0,RNA,,rep1,rep1,40,4.88828518,4.88828518,4.88828518,4.88828518,3.99595122,False,False,False,False,False,True,1,40,False,surfna_v2_v3_ccdcomplete128_redocking_3rep_20260828
AutoDock-GPU,autodock_gpu,All128,Yan;Ruiz;Philips,2bee,RNA,,rep1,rep1,40,8.72957029,5.91467226,5.91467226,5.91467226,5.91467226,False,False,False,False,False,False,1,40,False,surfna_v2_v3_ccdcomplete128_redocking_3rep_20260828
AutoDock-GPU,autodock_gpu,All128,Yan,2d55,DNA,,rep1,rep1,40,7.79097141,5.15017726,5.15017726,5.15017726,5.15017726,False,False,False,False,False,False,1,40,False,surfna_v2_v3_ccdcomplete128_redocking_3rep_20260828
AutoDock-GPU,autodock_gpu,All128,Chen,2esi,RNA,,rep1,rep1,40,9.32608561,6.71920643,4.05902082,3.4759373,3.3077036,False,False,False,False,False,False,1,40,False,surfna_v2_v3_ccdcomplete128_redocking_3rep_20260828
AutoDock-GPU,autodock_gpu,All128,Ruiz,2esj,RNA,,rep1,rep1,40,9.1494952,7.64776378,7.64776378,7.40093426,5.28629674,False,False,False,False,False,False,1,40,False,surfna_v2_v3_ccdcomplete128_redocking_3rep_20260828
AutoDock-GPU,autodock_gpu,All128,Ruiz,2et3,RNA,,rep1,rep1,40,3.22767423,3.22767423,3.22767423,3.22767423,3.17502946,False,False,False,False,False,True,1,40,False,surfna_v2_v3_ccdcomplete128_redocking_3rep_20260828
AutoDock-GPU,autodock_gpu,All128,Ruiz,2et4,RNA,,rep1,rep1,40,8.60212497,8.60212497,8.60212497,3.84729351,3.84729351,False,False,False,False,False,False,1,40,False,surfna_v2_v3_ccdcomplete128_redocking_3rep_20260828
AutoDock-GPU,autodock_gpu,All128,Ruiz;Chen;Philips,2et8,RNA,,rep1,rep1,40,1.32957179,1.32957179,1.32957179,0.99439557,0.96402195,True,True,True,True,True,True,1,40,False,surfna_v2_v3_ccdcomplete128_redocking_3rep_20260828
AutoDock-GPU,autodock_gpu,All128,Ruiz,2f4s,RNA,,rep1,rep1,40,3.25315306,3.25315306,2.6106813,2.6106813,2.6106813,False,False,False,False,False,True,1,40,False,surfna_v2_v3_ccdcomplete128_redocking_3rep_20260828
AutoDock-GPU,autodock_gpu,All128,Yan;Ruiz;Chen,2f4t,RNA,,rep1,rep1,40,7.26496183,6.47914414,6.47914414,6.44256228,5.23253733,False,False,False,False,False,False,1,40,False,surfna_v2_v3_ccdcomplete128_redocking_3rep_20260828
AutoDock-GPU,autodock_gpu,All128,Yan;Ruiz;Philips,2f4u,RNA,,rep1,rep1,40,8.21300349,6.82602174,4.04808043,4.04808043,3.74812674,False,False,False,False,False,False,1,40,False,surfna_v2_v3_ccdcomplete128_redocking_3rep_20260828
AutoDock-GPU,autodock_gpu,All128,Ruiz,2fcx,RNA,,rep1,rep1,40,6.13011775,2.94175962,2.94175962,2.94175962,2.35949346,False,False,False,False,False,False,1,40,False,surfna_v2_v3_ccdcomplete128_redocking_3rep_20260828
AutoDock-GPU,autodock_gpu,All128,Ruiz,2fcy,RNA,,rep1,rep1,40,9.31868995,5.03290637,5.03290637,5.03290637,4.91478805,False,False,False,False,False,False,1,40,False,surfna_v2_v3_ccdcomplete128_redocking_3rep_20260828
AutoDock-GPU,autodock_gpu,All128,Ruiz;Chen;Philips,2fcz,RNA,,rep1,rep1,40,5.25199553,5.25199553,5.25199553,5.25199553,2.90772124,False,False,False,False,False,False,1,40,False,surfna_v2_v3_ccdcomplete128_redocking_3rep_20260828
AutoDock-GPU,autodock_gpu,All128,Ruiz;Chen;Philips,2fd0,RNA,,rep1,rep1,40,7.33839478,7.33839478,4.85653244,4.85653244,4.08344353,False,False,False,False,False,False,1,40,False,surfna_v2_v3_ccdcomplete128_redocking_3rep_20260828
AutoDock-GPU,autodock_gpu,All128,Yan,2g5k,RNA,,rep1,rep1,40,5.22589144,4.48756686,4.48756686,4.45502592,3.56742221,False,False,False,False,False,False,1,40,False,surfna_v2_v3_ccdcomplete128_redocking_3rep_20260828
AutoDock-GPU,autodock_gpu,All128,Ruiz;Chen;Philips,2g5q,RNA,,rep1,rep1,40,7.83198468,7.83198468,6.09254776,6.09254776,4.37719285,False,False,False,False,False,False,1,40,False,surfna_v2_v3_ccdcomplete128_redocking_3rep_20260828
AutoDock-GPU,autodock_gpu,All128,Yan,2g9c,RNA,,rep1,rep1,40,2.89093384,2.87060872,1.15312026,1.15312026,0.66832012,False,False,True,True,True,True,1,40,False,surfna_v2_v3_ccdcomplete128_redocking_3rep_20260828
AutoDock-GPU,autodock_gpu,All128,Chen;Philips,2gdi,RNA,,rep1,rep1,40,5.23495687,4.93229356,2.91805824,2.91805824,2.75675886,False,False,False,False,False,False,1,40,False,surfna_v2_v3_ccdcomplete128_redocking_3rep_20260828
AutoDock-GPU,autodock_gpu,All128,Chen,2gis,RNA,,rep1,rep1,40,1.71144412,1.29232657,1.29232657,1.29232657,0.99390873,True,True,True,True,True,True,1,40,False,surfna_v2_v3_ccdcomplete128_redocking_3rep_20260828
AutoDock-GPU,autodock_gpu,All128,Ruiz,2juk,RNA,,rep1,rep1,40,7.82356076,7.49605487,5.62211169,5.46184638,5.46184638,False,False,False,False,False,False,1,40,False,surfna_v2_v3_ccdcomplete128_redocking_3rep_20260828
AutoDock-GPU,autodock_gpu,All128,Yan,2jwq,DNA,,rep1,rep1,40,6.77267956,6.77267956,1.14953572,1.14953572,1.14953572,False,False,True,True,True,False,1,40,False,surfna_v2_v3_ccdcomplete128_redocking_3rep_20260828
AutoDock-GPU,autodock_gpu,All128,Yan;Chen,2kgp,RNA,,rep1,rep1,40,3.52891075,3.38017337,2.4988112,2.4988112,2.34284381,False,False,False,False,False,True,1,40,False,surfna_v2_v3_ccdcomplete128_redocking_3rep_20260828
AutoDock-GPU,autodock_gpu,All128,Yan;Chen,2ktz,RNA,,rep1,rep1,40,1.82899854,1.74805356,1.74805356,1.74805356,1.14642586,True,True,True,True,True,True,1,40,False,surfna_v2_v3_ccdcomplete128_redocking_3rep_20260828
AutoDock-GPU,autodock_gpu,All128,Yan;Chen,2ku0,RNA,,rep1,rep1,40,3.14622203,3.01307287,3.01307287,3.01307287,2.93172284,False,False,False,False,False,True,1,40,False,surfna_v2_v3_ccdcomplete128_redocking_3rep_20260828
AutoDock-GPU,autodock_gpu,All128,Yan,2l94,RNA,,rep1,rep1,40,4.76621099,4.05569241,3.97521479,3.97521479,3.54312762,False,False,False,False,False,True,1,40,False,surfna_v2_v3_ccdcomplete128_redocking_3rep_20260828
AutoDock-GPU,autodock_gpu,All128,Yan,2loa,DNA,,rep1,rep1,40,3.80398398,1.78062617,1.78062617,1.78062617,1.78062617,False,True,True,True,True,True,1,40,False,surfna_v2_v3_ccdcomplete128_redocking_3rep_20260828
AutoDock-GPU,autodock_gpu,All128,Yan,2mb3,DNA,,rep1,rep1,40,4.49393855,4.49393855,4.49393855,4.49393855,4.3231778,False,False,False,False,False,True,1,40,False,surfna_v2_v3_ccdcomplete128_redocking_3rep_20260828
AutoDock-GPU,autodock_gpu,All128,Ruiz;Chen,2o3v,RNA,,rep1,rep1,40,9.82815662,9.39776217,5.45684486,3.46700766,2.87921844,False,False,False,False,False,False,1,40,False,surfna_v2_v3_ccdcomplete128_redocking_3rep_20260828
AutoDock-GPU,autodock_gpu,All128,Yan;Ruiz,2o3w,RNA,,rep1,rep1,40,6.80148888,6.80148888,5.15544501,5.06078097,4.58490965,False,False,False,False,False,False,1,40,False,surfna_v2_v3_ccdcomplete128_redocking_3rep_20260828
AutoDock-GPU,autodock_gpu,All128,Yan;Ruiz;Philips,2o3x,RNA,,rep1,rep1,40,5.84022434,5.46061344,5.43000717,3.25588651,3.16694249,False,False,False,False,False,False,1,40,False,surfna_v2_v3_ccdcomplete128_redocking_3rep_20260828
AutoDock-GPU,autodock_gpu,All128,Ruiz;Philips,2oe5,RNA,,rep1,rep1,40,4.0582563,4.0582563,4.0582563,4.0582563,3.33006604,False,False,False,False,False,True,1,40,False,surfna_v2_v3_ccdcomplete128_redocking_3rep_20260828
AutoDock-GPU,autodock_gpu,All128,Ruiz;Chen,2oe8,RNA,,rep1,rep1,40,4.50135012,4.50135012,4.50135012,3.63333089,3.63333089,False,False,False,False,False,True,1,40,False,surfna_v2_v3_ccdcomplete128_redocking_3rep_20260828
AutoDock-GPU,autodock_gpu,All128,Philips,2ogn,RNA,,rep1,rep1,40,inf,inf,inf,inf,inf,False,False,False,False,False,False,0,0,True,surfna_v2_v3_ccdcomplete128_redocking_3rep_20260828
AutoDock-GPU,autodock_gpu,All128,Chen;Philips,2pwt,RNA,,rep1,rep1,40,9.81138061,7.22768723,7.22768723,7.10287032,5.44447004,False,False,False,False,False,False,1,40,False,surfna_v2_v3_ccdcomplete128_redocking_3rep_20260828
AutoDock-GPU,autodock_gpu,All128,Ruiz;Chen;Philips,2tob,RNA,,rep1,rep1,40,8.31553184,6.72138491,3.89373114,2.71267307,2.56649274,False,False,False,False,False,False,1,40,False,surfna_v2_v3_ccdcomplete128_redocking_3rep_20260828
AutoDock-GPU,autodock_gpu,All128,Yan,2xnw,RNA,,rep1,rep1,40,3.68839315,3.52015156,3.37962354,1.0107097,0.40023306,False,False,False,True,True,True,1,40,False,surfna_v2_v3_ccdcomplete128_redocking_3rep_20260828
AutoDock-GPU,autodock_gpu,All128,Yan,2xnz,RNA,,rep1,rep1,40,3.11224822,1.33261364,0.72110062,0.37093366,0.32930584,False,True,True,True,True,True,1,40,False,surfna_v2_v3_ccdcomplete128_redocking_3rep_20260828
AutoDock-GPU,autodock_gpu,All128,Yan,2xo0,RNA,,rep1,rep1,40,2.20193557,2.20193557,0.99396642,0.99033889,0.70014445,False,False,True,True,True,True,1,40,False,surfna_v2_v3_ccdcomplete128_redocking_3rep_20260828
AutoDock-GPU,autodock_gpu,All128,Yan,2xo1,RNA,,rep1,rep1,40,3.60638053,0.99463799,0.99463799,0.18969569,0.1745571,False,True,True,True,True,True,1,40,False,surfna_v2_v3_ccdcomplete128_redocking_3rep_20260828
AutoDock-GPU,autodock_gpu,All128,Yan,2ydh,RNA,,rep1,rep1,40,5.62932,1.55388415,1.55388415,1.55388415,1.55388415,False,True,True,True,True,False,1,40,False,surfna_v2_v3_ccdcomplete128_redocking_3rep_20260828
AutoDock-GPU,autodock_gpu,All128,Yan,2ygh,RNA,,rep1,rep1,40,1.48799527,1.12380338,1.12380338,1.12380338,0.92451791,True,True,True,True,True,True,1,40,False,surfna_v2_v3_ccdcomplete128_redocking_3rep_20260828
AutoDock-GPU,autodock_gpu,All128,Yan,316d,DNA,,rep1,rep1,40,7.90240336,7.90240336,6.18526965,6.14178088,5.60869788,False,False,False,False,False,False,1,40,False,surfna_v2_v3_ccdcomplete128_redocking_3rep_20260828
AutoDock-GPU,autodock_gpu,All128,Ruiz,3c44,RNA,,rep1,rep1,40,4.91567717,1.74799745,1.74799745,1.74799745,1.67466551,False,True,True,True,True,True,1,40,False,surfna_v2_v3_ccdcomplete128_redocking_3rep_20260828
AutoDock-GPU,autodock_gpu,All128,Philips,3d2x,RNA,,rep1,rep1,40,1.64842483,1.64842483,1.64842483,1.64842483,1.64842483,True,True,True,True,True,True,1,40,False,surfna_v2_v3_ccdcomplete128_redocking_3rep_20260828
AutoDock-GPU,autodock_gpu,All128,Chen,3dil,RNA,,rep1,rep1,40,1.68541028,0.89584496,0.89584496,0.89584496,0.89584496,True,True,True,True,True,True,1,40,False,surfna_v2_v3_ccdcomplete128_redocking_3rep_20260828
AutoDock-GPU,autodock_gpu,All128,Yan,3ds7,RNA,,rep1,rep1,40,0.90927965,0.83454264,0.83454264,0.83454264,0.51338459,True,True,True,True,True,True,1,40,False,surfna_v2_v3_ccdcomplete128_redocking_3rep_20260828
AutoDock-GPU,autodock_gpu,All128,Chen,3dvv,RNA,,rep1,rep1,40,4.52048584,4.52048584,4.52048584,4.52048584,4.34053228,False,False,False,False,False,True,1,40,False,surfna_v2_v3_ccdcomplete128_redocking_3rep_20260828
AutoDock-GPU,autodock_gpu,All128,Yan,3e5c,RNA,,rep1,rep1,40,2.50726327,2.50726327,2.50726327,2.50726327,2.16206174,False,False,False,False,False,True,1,40,False,surfna_v2_v3_ccdcomplete128_redocking_3rep_20260828
AutoDock-GPU,autodock_gpu,All128,Chen,3f2q,RNA,,rep1,rep1,40,1.58643237,1.58643237,1.58643237,1.20763429,1.20763429,True,True,True,True,True,True,1,40,False,surfna_v2_v3_ccdcomplete128_redocking_3rep_20260828
AutoDock-GPU,autodock_gpu,All128,Yan,3fo4,RNA,,rep1,rep1,40,3.48279988,3.48021757,0.29488704,0.27582999,0.2039298,False,False,True,True,True,True,1,40,False,surfna_v2_v3_ccdcomplete128_redocking_3rep_20260828
AutoDock-GPU,autodock_gpu,All128,Yan,3fo6,RNA,,rep1,rep1,40,4.18017406,3.20103099,3.17087456,3.17087456,0.23935103,False,False,False,False,True,True,1,40,False,surfna_v2_v3_ccdcomplete128_redocking_3rep_20260828
AutoDock-GPU,autodock_gpu,All128,Yan,3gao,RNA,,rep1,rep1,40,2.71001042,0.72929362,0.72929362,0.72929362,0.54089488,False,True,True,True,True,True,1,40,False,surfna_v2_v3_ccdcomplete128_redocking_3rep_20260828
AutoDock-GPU,autodock_gpu,All128,Yan,3ger,RNA,,rep1,rep1,40,4.13101221,3.33907347,2.83141243,0.17247081,0.15669948,False,False,False,True,True,True,1,40,False,surfna_v2_v3_ccdcomplete128_redocking_3rep_20260828
AutoDock-GPU,autodock_gpu,All128,Yan,3ges,RNA,,rep1,rep1,40,0.38750677,0.38750677,0.38750677,0.38750677,0.3049985,True,True,True,True,True,True,1,40,False,surfna_v2_v3_ccdcomplete128_redocking_3rep_20260828
AutoDock-GPU,autodock_gpu,All128,Yan,3gog,RNA,,rep1,rep1,40,4.07984974,2.71331354,2.71331354,0.15293433,0.13636882,False,False,False,True,True,True,1,40,False,surfna_v2_v3_ccdcomplete128_redocking_3rep_20260828
AutoDock-GPU,autodock_gpu,All128,Yan,3got,RNA,,rep1,rep1,40,0.85908265,0.85908265,0.85908265,0.85908265,0.85908265,True,True,True,True,True,True,1,40,False,surfna_v2_v3_ccdcomplete128_redocking_3rep_20260828
AutoDock-GPU,autodock_gpu,All128,Chen;Philips,3gx2,RNA,,rep1,rep1,40,5.20487743,4.64997955,4.64997955,4.48883404,1.14939797,False,False,False,False,True,False,1,40,False,surfna_v2_v3_ccdcomplete128_redocking_3rep_20260828
AutoDock-GPU,autodock_gpu,All128,Chen,3gx3,RNA,,rep1,rep1,40,2.20920966,1.39164423,1.39164423,1.39164423,1.36942687,False,True,True,True,True,True,1,40,False,surfna_v2_v3_ccdcomplete128_redocking_3rep_20260828
AutoDock-GPU,autodock_gpu,All128,Chen,3gx5,RNA,,rep1,rep1,40,1.17318337,1.17318337,1.17318337,1.17318337,0.86169733,True,True,True,True,True,True,1,40,False,surfna_v2_v3_ccdcomplete128_redocking_3rep_20260828
AutoDock-GPU,autodock_gpu,All128,Chen,3gx7,RNA,,rep1,rep1,40,1.48071527,1.48071527,0.8596914,0.8596914,0.75867401,True,True,True,True,True,True,1,40,False,surfna_v2_v3_ccdcomplete128_redocking_3rep_20260828
AutoDock-GPU,autodock_gpu,All128,Yan;Chen,3la5,RNA,,rep1,rep1,40,2.4199421,2.4199421,2.12027292,0.93393616,0.47027479,False,False,False,True,True,True,1,40,False,surfna_v2_v3_ccdcomplete128_redocking_3rep_20260828
AutoDock-GPU,autodock_gpu,All128,Yan,3mum,RNA,,rep1,rep1,40,7.23358818,6.20591873,5.43040218,4.31296202,4.19443824,False,False,False,False,False,False,1,40,False,surfna_v2_v3_ccdcomplete128_redocking_3rep_20260828
AutoDock-GPU,autodock_gpu,All128,Yan,3mur,RNA,,rep1,rep1,40,6.13954262,6.13954262,6.13954262,5.54134631,4.90268282,False,False,False,False,False,False,1,40,False,surfna_v2_v3_ccdcomplete128_redocking_3rep_20260828
AutoDock-GPU,autodock_gpu,All128,Yan,3mxh,RNA,,rep1,rep1,40,5.68280231,5.58298384,5.58298384,5.58298384,3.92686872,False,False,False,False,False,False,1,40,False,surfna_v2_v3_ccdcomplete128_redocking_3rep_20260828
AutoDock-GPU,autodock_gpu,All128,Yan,3npn,RNA,,rep1,rep1,40,1.24229834,1.24229834,1.24229834,1.20301618,1.09157536,True,True,True,True,True,True,1,40,False,surfna_v2_v3_ccdcomplete128_redocking_3rep_20260828
AutoDock-GPU,autodock_gpu,All128,Chen,3npq,RNA,,rep1,rep1,40,6.60530736,2.53190516,2.53190516,1.37639125,1.37599539,False,False,False,True,True,False,1,40,False,surfna_v2_v3_ccdcomplete128_redocking_3rep_20260828
AutoDock-GPU,autodock_gpu,All128,Yan,3owz,RNA,,rep1,rep1,40,inf,inf,inf,inf,inf,False,False,False,False,False,False,0,0,True,surfna_v2_v3_ccdcomplete128_redocking_3rep_20260828
AutoDock-GPU,autodock_gpu,All128,Yan;Chen,3q3z,RNA,,rep1,rep1,40,3.34488525,3.34488525,3.24738203,3.24738203,3.24738203,False,False,False,False,False,True,1,40,False,surfna_v2_v3_ccdcomplete128_redocking_3rep_20260828
AutoDock-GPU,autodock_gpu,All128,Yan,3q50,RNA,,rep1,rep1,40,4.3944556,2.69673036,2.69673036,1.29868656,1.09525958,False,False,False,True,True,True,1,40,False,surfna_v2_v3_ccdcomplete128_redocking_3rep_20260828
AutoDock-GPU,autodock_gpu,All128,Yan,3s4p,RNA,,rep1,rep1,40,9.44940291,6.60608409,6.60608409,6.60608409,5.41865933,False,False,False,False,False,False,1,40,False,surfna_v2_v3_ccdcomplete128_redocking_3rep_20260828
AutoDock-GPU,autodock_gpu,All128,Yan,3slm,RNA,,rep1,rep1,40,6.45829443,1.80374208,1.80374208,1.80374208,1.07453272,False,True,True,True,True,False,1,40,False,surfna_v2_v3_ccdcomplete128_redocking_3rep_20260828
AutoDock-GPU,autodock_gpu,All128,Yan,407d,DNA,,rep1,rep1,40,15.88717992,8.05316688,3.08631013,2.58971187,2.58971187,False,False,False,False,False,False,1,40,False,surfna_v2_v3_ccdcomplete128_redocking_3rep_20260828
AutoDock-GPU,autodock_gpu,All128,Yan,408d,DNA,,rep1,rep1,40,4.6884765,2.86625373,2.86625373,2.86625373,2.20202314,False,False,False,False,False,True,1,40,False,surfna_v2_v3_ccdcomplete128_redocking_3rep_20260828
AutoDock-GPU,autodock_gpu,All128,Yan,4aob,RNA,,rep1,rep1,40,5.13184171,2.13505758,2.13505758,2.13505758,1.94121965,False,False,False,False,True,False,1,40,False,surfna_v2_v3_ccdcomplete128_redocking_3rep_20260828
AutoDock-GPU,autodock_gpu,All128,Yan,4erj,RNA,,rep1,rep1,40,3.50341386,1.1076783,1.1076783,1.1076783,0.61012485,False,True,True,True,True,True,1,40,False,surfna_v2_v3_ccdcomplete128_redocking_3rep_20260828
AutoDock-GPU,autodock_gpu,All128,Yan,4fe5,RNA,,rep1,rep1,40,2.40635045,2.40635045,2.40635045,2.40635045,0.64930062,False,False,False,False,True,True,1,40,False,surfna_v2_v3_ccdcomplete128_redocking_3rep_20260828
AutoDock-GPU,autodock_gpu,All128,Yan,4jf2,RNA,,rep1,rep1,40,2.75561815,2.61724299,1.16065664,0.36901699,0.34506142,False,False,True,True,True,True,1,40,False,surfna_v2_v3_ccdcomplete128_redocking_3rep_20260828
AutoDock-GPU,autodock_gpu,All128,Yan,4kqy,RNA,,rep1,rep1,40,1.60015057,1.60015057,1.60015057,1.48722923,1.12999867,True,True,True,True,True,True,1,40,False,surfna_v2_v3_ccdcomplete128_redocking_3rep_20260828
AutoDock-GPU,autodock_gpu,All128,Yan,4lvv,RNA,,rep1,rep1,40,8.10551327,3.53020191,3.53020191,3.53020191,3.53020191,False,False,False,False,False,False,1,40,False,surfna_v2_v3_ccdcomplete128_redocking_3rep_20260828
AutoDock-GPU,autodock_gpu,All128,Ruiz;Chen;Philips,1am0,RNA,,rep2,rep2,40,6.08284246,5.01019937,1.49215349,1.49215349,1.19722601,False,False,True,True,True,False,1,40,False,surfna_v2_v3_ccdcomplete128_redocking_3rep_20260828
AutoDock-GPU,autodock_gpu,All128,Yan,1arj,RNA,,rep2,rep2,40,1.60350592,1.60350592,1.60350592,1.60350592,1.05521435,True,True,True,True,True,True,1,40,False,surfna_v2_v3_ccdcomplete128_redocking_3rep_20260828
AutoDock-GPU,autodock_gpu,All128,Yan;Ruiz;Chen;Philips,1byj,RNA,,rep2,rep2,40,6.82008882,5.43749735,5.43749735,4.95256032,3.30746371,False,False,False,False,False,False,1,40,False,surfna_v2_v3_ccdcomplete128_redocking_3rep_20260828
AutoDock-GPU,autodock_gpu,All128,Yan,1cvx,DNA,,rep2,rep2,40,5.33086084,5.33086084,5.33086084,5.1778835,3.5012434,False,False,False,False,False,False,1,40,False,surfna_v2_v3_ccdcomplete128_redocking_3rep_20260828
AutoDock-GPU,autodock_gpu,All128,Yan,1cvy,DNA,,rep2,rep2,40,3.89319387,3.89319387,3.89319387,3.89319387,2.75326568,False,False,False,False,False,True,1,40,False,surfna_v2_v3_ccdcomplete128_redocking_3rep_20260828
AutoDock-GPU,autodock_gpu,All128,Yan,1db6,DNA,,rep2,rep2,40,2.59808877,2.59808877,2.59808877,1.95869697,1.74546092,False,False,False,True,True,True,1,40,False,surfna_v2_v3_ccdcomplete128_redocking_3rep_20260828
AutoDock-GPU,autodock_gpu,All128,Ruiz;Chen;Philips,1eht,RNA,,rep2,rep2,40,3.19624125,3.19541921,3.19466474,3.19341009,0.40182306,False,False,False,False,True,True,1,40,False,surfna_v2_v3_ccdcomplete128_redocking_3rep_20260828
AutoDock-GPU,autodock_gpu,All128,Ruiz;Chen;Philips,1ei2,RNA,,rep2,rep2,40,7.79008809,5.39541894,5.03718967,5.03718967,3.28071529,False,False,False,False,False,False,1,40,False,surfna_v2_v3_ccdcomplete128_redocking_3rep_20260828
AutoDock-GPU,autodock_gpu,All128,Yan;Ruiz;Chen;Philips,1f1t,RNA,,rep2,rep2,40,0.69050943,0.67831899,0.67831899,0.66428429,0.65278283,True,True,True,True,True,True,1,40,False,surfna_v2_v3_ccdcomplete128_redocking_3rep_20260828
AutoDock-GPU,autodock_gpu,All128,Yan;Ruiz;Chen;Philips,1f27,RNA,,rep2,rep2,40,2.38541633,2.24107524,2.23583739,2.23583739,1.60139892,False,False,False,False,True,True,1,40,False,surfna_v2_v3_ccdcomplete128_redocking_3rep_20260828
AutoDock-GPU,autodock_gpu,All128,Philips,1fjg,RNA,,rep2,rep2,40,inf,inf,inf,inf,inf,False,False,False,False,False,False,0,0,True,surfna_v2_v3_ccdcomplete128_redocking_3rep_20260828
AutoDock-GPU,autodock_gpu,All128,Ruiz;Chen;Philips,1fmn,RNA,,rep2,rep2,40,2.19715042,2.19715042,2.19715042,1.54749599,1.34882756,False,False,False,True,True,True,1,40,False,surfna_v2_v3_ccdcomplete128_redocking_3rep_20260828
AutoDock-GPU,autodock_gpu,All128,Yan;Ruiz;Chen;Philips,1fyp,RNA,,rep2,rep2,40,9.5284655,8.66078313,8.66078313,5.95682373,4.54949066,False,False,False,False,False,False,1,40,False,surfna_v2_v3_ccdcomplete128_redocking_3rep_20260828
AutoDock-GPU,autodock_gpu,All128,Philips,1hnw,RNA,,rep2,rep2,40,inf,inf,inf,inf,inf,False,False,False,False,False,False,0,0,True,surfna_v2_v3_ccdcomplete128_redocking_3rep_20260828
AutoDock-GPU,autodock_gpu,All128,Yan,1i9v,RNA,,rep2,rep2,40,8.66091467,8.15510943,8.15510943,7.65616879,6.22669629,False,False,False,False,False,False,1,40,False,surfna_v2_v3_ccdcomplete128_redocking_3rep_20260828
AutoDock-GPU,autodock_gpu,All128,Ruiz;Chen;Philips,1j7t,RNA,,rep2,rep2,40,6.13467774,5.8393292,5.8393292,5.74566767,5.15710336,False,False,False,False,False,False,1,40,False,surfna_v2_v3_ccdcomplete128_redocking_3rep_20260828
AutoDock-GPU,autodock_gpu,All128,Ruiz;Chen;Philips,1koc,RNA,,rep2,rep2,40,5.44885009,3.38879794,2.65514129,2.65514129,1.95238013,False,False,False,False,True,False,1,40,False,surfna_v2_v3_ccdcomplete128_redocking_3rep_20260828
AutoDock-GPU,autodock_gpu,All128,Ruiz;Chen,1lc4,RNA,,rep2,rep2,40,5.91941785,4.49965333,4.23316367,4.23316367,4.21377243,False,False,False,False,False,False,1,40,False,surfna_v2_v3_ccdcomplete128_redocking_3rep_20260828
AutoDock-GPU,autodock_gpu,All128,Ruiz;Chen,1lvj,RNA,,rep2,rep2,40,6.57218076,2.54921789,2.52941177,1.74122522,1.74122522,False,False,False,True,True,False,1,40,False,surfna_v2_v3_ccdcomplete128_redocking_3rep_20260828
AutoDock-GPU,autodock_gpu,All128,Ruiz;Chen;Philips,1mwl,RNA,,rep2,rep2,40,inf,inf,inf,inf,inf,False,False,False,False,False,False,0,0,True,surfna_v2_v3_ccdcomplete128_redocking_3rep_20260828
AutoDock-GPU,autodock_gpu,All128,Philips,1nbk,RNA,,rep2,rep2,40,5.40771222,2.96286937,2.96286937,2.701247,1.80824266,False,False,False,False,True,False,1,40,False,surfna_v2_v3_ccdcomplete128_redocking_3rep_20260828
AutoDock-GPU,autodock_gpu,All128,Ruiz;Chen;Philips,1nem,RNA,,rep2,rep2,40,3.58958178,3.58958178,3.58958178,1.89517765,1.89517765,False,False,False,True,True,True,1,40,False,surfna_v2_v3_ccdcomplete128_redocking_3rep_20260828
AutoDock-GPU,autodock_gpu,All128,Ruiz,1nta,RNA,,rep2,rep2,40,5.21597234,3.98942867,3.98942867,2.5954519,2.5954519,False,False,False,False,False,False,1,40,False,surfna_v2_v3_ccdcomplete128_redocking_3rep_20260828
AutoDock-GPU,autodock_gpu,All128,Ruiz;Chen,1ntb,RNA,,rep2,rep2,40,6.49823081,6.16550828,5.67068684,5.67068684,4.93639171,False,False,False,False,False,False,1,40,False,surfna_v2_v3_ccdcomplete128_redocking_3rep_20260828
AutoDock-GPU,autodock_gpu,All128,Yan,1nzm,DNA,,rep2,rep2,40,2.48342664,2.48342664,2.37047129,2.37047129,1.94354097,False,False,False,False,True,True,1,40,False,surfna_v2_v3_ccdcomplete128_redocking_3rep_20260828
AutoDock-GPU,autodock_gpu,All128,Ruiz,1o15,RNA,,rep2,rep2,40,3.5058872,1.5587743,1.5587743,1.5587743,0.90750953,False,True,True,True,True,True,1,40,False,surfna_v2_v3_ccdcomplete128_redocking_3rep_20260828
AutoDock-GPU,autodock_gpu,All128,Ruiz,1o9m,RNA,,rep2,rep2,40,8.34937846,3.62349966,3.62349966,3.62349966,2.16277133,False,False,False,False,False,False,1,40,False,surfna_v2_v3_ccdcomplete128_redocking_3rep_20260828
AutoDock-GPU,autodock_gpu,All128,Yan,1p96,DNA,,rep2,rep2,40,3.31440677,3.16873585,3.16873585,3.16873585,3.04051122,False,False,False,False,False,True,1,40,False,surfna_v2_v3_ccdcomplete128_redocking_3rep_20260828
AutoDock-GPU,autodock_gpu,All128,Ruiz;Chen;Philips,1pbr,RNA,,rep2,rep2,40,7.56429935,5.54731659,4.83658801,3.45240477,3.40751798,False,False,False,False,False,False,1,40,False,surfna_v2_v3_ccdcomplete128_redocking_3rep_20260828
AutoDock-GPU,autodock_gpu,All128,Yan;Ruiz;Chen;Philips,1q8n,RNA,,rep2,rep2,40,0.5769461,0.48943923,0.48943923,0.48053033,0.47832834,True,True,True,True,True,True,1,40,False,surfna_v2_v3_ccdcomplete128_redocking_3rep_20260828
AutoDock-GPU,autodock_gpu,All128,Yan;Ruiz;Chen,1qd3,RNA,,rep2,rep2,40,7.1462022,7.1462022,3.22701003,3.22701003,3.22701003,False,False,False,False,False,False,1,40,False,surfna_v2_v3_ccdcomplete128_redocking_3rep_20260828
AutoDock-GPU,autodock_gpu,All128,Yan,1qv4,DNA,,rep2,rep2,40,12.90732243,0.87360552,0.87360552,0.87360552,0.87360552,False,True,True,True,True,False,1,40,False,surfna_v2_v3_ccdcomplete128_redocking_3rep_20260828
AutoDock-GPU,autodock_gpu,All128,Yan,1qv8,DNA,,rep2,rep2,40,13.28701526,12.9180789,1.21103968,1.20498459,1.18137652,False,False,True,True,True,False,1,40,False,surfna_v2_v3_ccdcomplete128_redocking_3rep_20260828
AutoDock-GPU,autodock_gpu,All128,Yan,1r4e,DNA,,rep2,rep2,40,8.2342234,6.2030445,5.59892979,5.59892979,3.75427269,False,False,False,False,False,False,1,40,False,surfna_v2_v3_ccdcomplete128_redocking_3rep_20260828
AutoDock-GPU,autodock_gpu,All128,Ruiz;Chen;Philips,1tob,RNA,,rep2,rep2,40,3.60407597,2.08578092,2.08578092,2.08578092,2.08578092,False,False,False,False,False,True,1,40,False,surfna_v2_v3_ccdcomplete128_redocking_3rep_20260828
AutoDock-GPU,autodock_gpu,All128,Ruiz;Chen,1u8d,RNA,,rep2,rep2,40,2.42382264,2.42382264,2.42382264,2.42382264,0.60154659,False,False,False,False,True,True,1,40,False,surfna_v2_v3_ccdcomplete128_redocking_3rep_20260828
AutoDock-GPU,autodock_gpu,All128,Yan;Ruiz;Philips,1uts,RNA,,rep2,rep2,40,9.04740774,6.66926641,6.66926641,3.17409298,2.7682777,False,False,False,False,False,False,1,40,False,surfna_v2_v3_ccdcomplete128_redocking_3rep_20260828
AutoDock-GPU,autodock_gpu,All128,Yan;Ruiz;Chen;Philips,1uud,RNA,,rep2,rep2,40,8.24086542,7.95424093,6.00779706,6.00779706,4.31144954,False,False,False,False,False,False,1,40,False,surfna_v2_v3_ccdcomplete128_redocking_3rep_20260828
AutoDock-GPU,autodock_gpu,All128,Ruiz;Philips,1uui,RNA,,rep2,rep2,40,5.87270831,5.87270831,5.87270831,4.60528112,2.395459,False,False,False,False,False,False,1,40,False,surfna_v2_v3_ccdcomplete128_redocking_3rep_20260828
AutoDock-GPU,autodock_gpu,All128,Philips,1xbp,RNA,,rep2,rep2,40,inf,inf,inf,inf,inf,False,False,False,False,False,False,0,0,True,surfna_v2_v3_ccdcomplete128_redocking_3rep_20260828
AutoDock-GPU,autodock_gpu,All128,Ruiz;Philips,1xpf,RNA,,rep2,rep2,40,3.12592473,3.12592473,2.81422952,2.44929949,2.08267942,False,False,False,False,False,True,1,40,False,surfna_v2_v3_ccdcomplete128_redocking_3rep_20260828
AutoDock-GPU,autodock_gpu,All128,Ruiz;Chen;Philips,1y26,RNA,,rep2,rep2,40,2.90020149,0.36094044,0.36094044,0.36094044,0.36094044,False,True,True,True,True,True,1,40,False,surfna_v2_v3_ccdcomplete128_redocking_3rep_20260828
AutoDock-GPU,autodock_gpu,All128,Chen,1y27,RNA,,rep2,rep2,40,3.31402296,3.31402296,2.7652212,2.7652212,0.53222594,False,False,False,False,True,True,1,40,False,surfna_v2_v3_ccdcomplete128_redocking_3rep_20260828
AutoDock-GPU,autodock_gpu,All128,Yan;Chen,1ykv,RNA,,rep2,rep2,40,1.1656859,1.07329631,1.07329631,1.05878401,0.98680252,True,True,True,True,True,True,1,40,False,surfna_v2_v3_ccdcomplete128_redocking_3rep_20260828
AutoDock-GPU,autodock_gpu,All128,Yan;Ruiz;Chen,1yrj,RNA,,rep2,rep2,40,5.05778908,2.12971027,2.10479059,2.10479059,2.0738463,False,False,False,False,False,False,1,40,False,surfna_v2_v3_ccdcomplete128_redocking_3rep_20260828
AutoDock-GPU,autodock_gpu,All128,Chen,1zz5,RNA,,rep2,rep2,40,9.16144312,8.06225423,8.06225423,3.25256855,3.1831858,False,False,False,False,False,False,1,40,False,surfna_v2_v3_ccdcomplete128_redocking_3rep_20260828
AutoDock-GPU,autodock_gpu,All128,Yan;Ruiz,2au4,RNA,,rep2,rep2,40,2.45783692,2.45783692,2.45783692,2.45783692,1.98843743,False,False,False,False,True,True,1,40,False,surfna_v2_v3_ccdcomplete128_redocking_3rep_20260828
AutoDock-GPU,autodock_gpu,All128,Yan,2b57,RNA,,rep2,rep2,40,4.14324344,3.45300126,2.97160482,1.44700104,0.9662956,False,False,False,True,True,True,1,40,False,surfna_v2_v3_ccdcomplete128_redocking_3rep_20260828
AutoDock-GPU,autodock_gpu,All128,Yan;Ruiz;Chen;Philips,2be0,RNA,,rep2,rep2,40,10.06950936,6.06630874,6.06630874,6.06630874,6.06630874,False,False,False,False,False,False,1,40,False,surfna_v2_v3_ccdcomplete128_redocking_3rep_20260828
AutoDock-GPU,autodock_gpu,All128,Yan;Ruiz;Philips,2bee,RNA,,rep2,rep2,40,8.86854887,6.79819025,6.79819025,5.75123778,5.75123778,False,False,False,False,False,False,1,40,False,surfna_v2_v3_ccdcomplete128_redocking_3rep_20260828
AutoDock-GPU,autodock_gpu,All128,Yan,2d55,DNA,,rep2,rep2,40,8.27542722,8.27542722,7.47976557,5.22282005,4.92420489,False,False,False,False,False,False,1,40,False,surfna_v2_v3_ccdcomplete128_redocking_3rep_20260828
AutoDock-GPU,autodock_gpu,All128,Chen,2esi,RNA,,rep2,rep2,40,4.76571005,4.68133787,4.68133787,4.21155254,4.04439469,False,False,False,False,False,True,1,40,False,surfna_v2_v3_ccdcomplete128_redocking_3rep_20260828
AutoDock-GPU,autodock_gpu,All128,Ruiz,2esj,RNA,,rep2,rep2,40,9.65291304,8.98315979,6.09324692,6.09324692,6.05987248,False,False,False,False,False,False,1,40,False,surfna_v2_v3_ccdcomplete128_redocking_3rep_20260828
AutoDock-GPU,autodock_gpu,All128,Ruiz,2et3,RNA,,rep2,rep2,40,7.83087415,3.8218928,3.8218928,3.8218928,3.79235673,False,False,False,False,False,False,1,40,False,surfna_v2_v3_ccdcomplete128_redocking_3rep_20260828
AutoDock-GPU,autodock_gpu,All128,Ruiz,2et4,RNA,,rep2,rep2,40,7.58438125,6.13795667,6.13795667,6.13795667,4.42394703,False,False,False,False,False,False,1,40,False,surfna_v2_v3_ccdcomplete128_redocking_3rep_20260828
AutoDock-GPU,autodock_gpu,All128,Ruiz;Chen;Philips,2et8,RNA,,rep2,rep2,40,3.4601221,2.2105288,1.67201142,1.67201142,1.46831182,False,False,True,True,True,True,1,40,False,surfna_v2_v3_ccdcomplete128_redocking_3rep_20260828
AutoDock-GPU,autodock_gpu,All128,Ruiz,2f4s,RNA,,rep2,rep2,40,6.67507266,3.80756422,3.80756422,3.80756422,2.80057721,False,False,False,False,False,False,1,40,False,surfna_v2_v3_ccdcomplete128_redocking_3rep_20260828
AutoDock-GPU,autodock_gpu,All128,Yan;Ruiz;Chen,2f4t,RNA,,rep2,rep2,40,8.0427837,5.37117169,5.37117169,2.98409325,2.89475803,False,False,False,False,False,False,1,40,False,surfna_v2_v3_ccdcomplete128_redocking_3rep_20260828
AutoDock-GPU,autodock_gpu,All128,Yan;Ruiz;Philips,2f4u,RNA,,rep2,rep2,40,6.71443732,6.71443732,6.71443732,6.71443732,2.93283716,False,False,False,False,False,False,1,40,False,surfna_v2_v3_ccdcomplete128_redocking_3rep_20260828
AutoDock-GPU,autodock_gpu,All128,Ruiz,2fcx,RNA,,rep2,rep2,40,2.70642656,2.70642656,2.32676521,2.32676521,1.87466128,False,False,False,False,True,True,1,40,False,surfna_v2_v3_ccdcomplete128_redocking_3rep_20260828
AutoDock-GPU,autodock_gpu,All128,Ruiz,2fcy,RNA,,rep2,rep2,40,9.78123315,9.48899602,5.09129302,4.665248,4.665248,False,False,False,False,False,False,1,40,False,surfna_v2_v3_ccdcomplete128_redocking_3rep_20260828
AutoDock-GPU,autodock_gpu,All128,Ruiz;Chen;Philips,2fcz,RNA,,rep2,rep2,40,5.45694613,4.31966855,4.31966855,3.38540606,3.38540606,False,False,False,False,False,False,1,40,False,surfna_v2_v3_ccdcomplete128_redocking_3rep_20260828
AutoDock-GPU,autodock_gpu,All128,Ruiz;Chen;Philips,2fd0,RNA,,rep2,rep2,40,11.4823074,9.04936787,9.04936787,9.04936787,7.65521881,False,False,False,False,False,False,1,40,False,surfna_v2_v3_ccdcomplete128_redocking_3rep_20260828
AutoDock-GPU,autodock_gpu,All128,Yan,2g5k,RNA,,rep2,rep2,40,4.14882078,4.14882078,4.14882078,4.14882078,4.14882078,False,False,False,False,False,True,1,40,False,surfna_v2_v3_ccdcomplete128_redocking_3rep_20260828
AutoDock-GPU,autodock_gpu,All128,Ruiz;Chen;Philips,2g5q,RNA,,rep2,rep2,40,9.12751187,7.28162784,7.28162784,5.75501767,4.59954398,False,False,False,False,False,False,1,40,False,surfna_v2_v3_ccdcomplete128_redocking_3rep_20260828
AutoDock-GPU,autodock_gpu,All128,Yan,2g9c,RNA,,rep2,rep2,40,1.33530558,1.33530558,1.25885075,1.25885075,0.75974623,True,True,True,True,True,True,1,40,False,surfna_v2_v3_ccdcomplete128_redocking_3rep_20260828
AutoDock-GPU,autodock_gpu,All128,Chen;Philips,2gdi,RNA,,rep2,rep2,40,3.70844346,3.34197405,3.34197405,1.76807415,1.76807415,False,False,False,True,True,True,1,40,False,surfna_v2_v3_ccdcomplete128_redocking_3rep_20260828
AutoDock-GPU,autodock_gpu,All128,Chen,2gis,RNA,,rep2,rep2,40,1.00393124,1.00393124,1.00393124,1.00393124,1.00321385,True,True,True,True,True,True,1,40,False,surfna_v2_v3_ccdcomplete128_redocking_3rep_20260828
AutoDock-GPU,autodock_gpu,All128,Ruiz,2juk,RNA,,rep2,rep2,40,8.20844617,6.18479468,6.18479468,6.18479468,5.75997345,False,False,False,False,False,False,1,40,False,surfna_v2_v3_ccdcomplete128_redocking_3rep_20260828
AutoDock-GPU,autodock_gpu,All128,Yan,2jwq,DNA,,rep2,rep2,40,1.19393251,1.19393251,1.19393251,1.19393251,1.00868621,True,True,True,True,True,True,1,40,False,surfna_v2_v3_ccdcomplete128_redocking_3rep_20260828
AutoDock-GPU,autodock_gpu,All128,Yan;Chen,2kgp,RNA,,rep2,rep2,40,2.90619985,2.80959385,2.80959385,2.78973605,2.44380228,False,False,False,False,False,True,1,40,False,surfna_v2_v3_ccdcomplete128_redocking_3rep_20260828
AutoDock-GPU,autodock_gpu,All128,Yan;Chen,2ktz,RNA,,rep2,rep2,40,1.91393795,1.83584627,1.80167984,1.667187,1.55086212,True,True,True,True,True,True,1,40,False,surfna_v2_v3_ccdcomplete128_redocking_3rep_20260828
AutoDock-GPU,autodock_gpu,All128,Yan;Chen,2ku0,RNA,,rep2,rep2,40,7.0432441,6.90183725,2.88671416,2.88671416,2.61241025,False,False,False,False,False,False,1,40,False,surfna_v2_v3_ccdcomplete128_redocking_3rep_20260828
AutoDock-GPU,autodock_gpu,All128,Yan,2l94,RNA,,rep2,rep2,40,3.98065943,3.98065943,3.98065943,3.98065943,3.63997454,False,False,False,False,False,True,1,40,False,surfna_v2_v3_ccdcomplete128_redocking_3rep_20260828
AutoDock-GPU,autodock_gpu,All128,Yan,2loa,DNA,,rep2,rep2,40,3.05377521,3.05377521,3.05377521,2.89329722,2.76497699,False,False,False,False,False,True,1,40,False,surfna_v2_v3_ccdcomplete128_redocking_3rep_20260828
AutoDock-GPU,autodock_gpu,All128,Yan,2mb3,DNA,,rep2,rep2,40,10.14080471,6.98573921,6.98573921,6.62191455,5.2869019,False,False,False,False,False,False,1,40,False,surfna_v2_v3_ccdcomplete128_redocking_3rep_20260828
AutoDock-GPU,autodock_gpu,All128,Ruiz;Chen,2o3v,RNA,,rep2,rep2,40,9.07818891,9.07818891,5.67354808,5.01460096,3.4311227,False,False,False,False,False,False,1,40,False,surfna_v2_v3_ccdcomplete128_redocking_3rep_20260828
AutoDock-GPU,autodock_gpu,All128,Yan;Ruiz,2o3w,RNA,,rep2,rep2,40,8.11374576,5.29652289,5.29652289,5.29652289,3.94590186,False,False,False,False,False,False,1,40,False,surfna_v2_v3_ccdcomplete128_redocking_3rep_20260828
AutoDock-GPU,autodock_gpu,All128,Yan;Ruiz;Philips,2o3x,RNA,,rep2,rep2,40,5.61775554,5.61775554,4.82899685,3.20289183,2.47513392,False,False,False,False,False,False,1,40,False,surfna_v2_v3_ccdcomplete128_redocking_3rep_20260828
AutoDock-GPU,autodock_gpu,All128,Ruiz;Philips,2oe5,RNA,,rep2,rep2,40,8.97402142,4.43273513,4.43273513,4.27693059,4.27693059,False,False,False,False,False,False,1,40,False,surfna_v2_v3_ccdcomplete128_redocking_3rep_20260828
AutoDock-GPU,autodock_gpu,All128,Ruiz;Chen,2oe8,RNA,,rep2,rep2,40,4.34887203,4.34887203,4.34887203,4.34887203,2.9050087,False,False,False,False,False,True,1,40,False,surfna_v2_v3_ccdcomplete128_redocking_3rep_20260828
AutoDock-GPU,autodock_gpu,All128,Philips,2ogn,RNA,,rep2,rep2,40,inf,inf,inf,inf,inf,False,False,False,False,False,False,0,0,True,surfna_v2_v3_ccdcomplete128_redocking_3rep_20260828
AutoDock-GPU,autodock_gpu,All128,Chen;Philips,2pwt,RNA,,rep2,rep2,40,7.28026476,7.28026476,6.89255749,6.89255749,5.360842,False,False,False,False,False,False,1,40,False,surfna_v2_v3_ccdcomplete128_redocking_3rep_20260828
AutoDock-GPU,autodock_gpu,All128,Ruiz;Chen;Philips,2tob,RNA,,rep2,rep2,40,8.24748869,4.07056488,4.07056488,2.92053131,2.92053131,False,False,False,False,False,False,1,40,False,surfna_v2_v3_ccdcomplete128_redocking_3rep_20260828
AutoDock-GPU,autodock_gpu,All128,Yan,2xnw,RNA,,rep2,rep2,40,3.52674589,2.09860842,1.21512868,1.21512868,0.52054769,False,False,True,True,True,True,1,40,False,surfna_v2_v3_ccdcomplete128_redocking_3rep_20260828
AutoDock-GPU,autodock_gpu,All128,Yan,2xnz,RNA,,rep2,rep2,40,2.77219173,0.94349262,0.94349262,0.54641102,0.3492309,False,True,True,True,True,True,1,40,False,surfna_v2_v3_ccdcomplete128_redocking_3rep_20260828
AutoDock-GPU,autodock_gpu,All128,Yan,2xo0,RNA,,rep2,rep2,40,2.57602654,1.4486932,1.00634605,0.67907667,0.67907667,False,True,True,True,True,True,1,40,False,surfna_v2_v3_ccdcomplete128_redocking_3rep_20260828
AutoDock-GPU,autodock_gpu,All128,Yan,2xo1,RNA,,rep2,rep2,40,3.59206249,0.23883981,0.23883981,0.23883981,0.229719,False,True,True,True,True,True,1,40,False,surfna_v2_v3_ccdcomplete128_redocking_3rep_20260828
AutoDock-GPU,autodock_gpu,All128,Yan,2ydh,RNA,,rep2,rep2,40,5.36297142,4.95951207,4.95951207,1.67526374,1.38966884,False,False,False,True,True,False,1,40,False,surfna_v2_v3_ccdcomplete128_redocking_3rep_20260828
AutoDock-GPU,autodock_gpu,All128,Yan,2ygh,RNA,,rep2,rep2,40,3.26312182,1.34903798,1.34903798,1.34903798,1.12313238,False,True,True,True,True,True,1,40,False,surfna_v2_v3_ccdcomplete128_redocking_3rep_20260828
AutoDock-GPU,autodock_gpu,All128,Yan,316d,DNA,,rep2,rep2,40,9.42515801,9.42515801,4.46556239,4.46556239,4.05992226,False,False,False,False,False,False,1,40,False,surfna_v2_v3_ccdcomplete128_redocking_3rep_20260828
AutoDock-GPU,autodock_gpu,All128,Ruiz,3c44,RNA,,rep2,rep2,40,9.13345227,4.51985659,4.51985659,3.66290422,3.66290422,False,False,False,False,False,False,1,40,False,surfna_v2_v3_ccdcomplete128_redocking_3rep_20260828
AutoDock-GPU,autodock_gpu,All128,Philips,3d2x,RNA,,rep2,rep2,40,6.74447767,6.4906844,6.4906844,6.09083112,2.14896234,False,False,False,False,False,False,1,40,False,surfna_v2_v3_ccdcomplete128_redocking_3rep_20260828
AutoDock-GPU,autodock_gpu,All128,Chen,3dil,RNA,,rep2,rep2,40,3.99406048,0.9101345,0.84009148,0.84009148,0.79008379,False,True,True,True,True,True,1,40,False,surfna_v2_v3_ccdcomplete128_redocking_3rep_20260828
AutoDock-GPU,autodock_gpu,All128,Yan,3ds7,RNA,,rep2,rep2,40,1.02416348,1.01611494,1.01611494,1.01611494,0.93433844,True,True,True,True,True,True,1,40,False,surfna_v2_v3_ccdcomplete128_redocking_3rep_20260828
AutoDock-GPU,autodock_gpu,All128,Chen,3dvv,RNA,,rep2,rep2,40,5.66856821,4.7881574,4.7881574,4.7881574,4.23649037,False,False,False,False,False,False,1,40,False,surfna_v2_v3_ccdcomplete128_redocking_3rep_20260828
AutoDock-GPU,autodock_gpu,All128,Yan,3e5c,RNA,,rep2,rep2,40,5.85889558,5.33787678,5.33787678,4.25719507,2.51061658,False,False,False,False,False,False,1,40,False,surfna_v2_v3_ccdcomplete128_redocking_3rep_20260828
AutoDock-GPU,autodock_gpu,All128,Chen,3f2q,RNA,,rep2,rep2,40,1.93547195,1.22450145,1.22450145,1.22450145,1.19955675,True,True,True,True,True,True,1,40,False,surfna_v2_v3_ccdcomplete128_redocking_3rep_20260828
AutoDock-GPU,autodock_gpu,All128,Yan,3fo4,RNA,,rep2,rep2,40,0.23211341,0.23211341,0.23211341,0.23211341,0.21960502,True,True,True,True,True,True,1,40,False,surfna_v2_v3_ccdcomplete128_redocking_3rep_20260828
AutoDock-GPU,autodock_gpu,All128,Yan,3fo6,RNA,,rep2,rep2,40,3.18345905,3.18345905,0.77042526,0.77042526,0.21335534,False,False,True,True,True,True,1,40,False,surfna_v2_v3_ccdcomplete128_redocking_3rep_20260828
AutoDock-GPU,autodock_gpu,All128,Yan,3gao,RNA,,rep2,rep2,40,3.31200137,2.12265918,0.71984064,0.71984064,0.71984064,False,False,True,True,True,True,1,40,False,surfna_v2_v3_ccdcomplete128_redocking_3rep_20260828
AutoDock-GPU,autodock_gpu,All128,Yan,3ger,RNA,,rep2,rep2,40,4.19583846,0.18735722,0.18735722,0.17968811,0.16678266,False,True,True,True,True,True,1,40,False,surfna_v2_v3_ccdcomplete128_redocking_3rep_20260828
AutoDock-GPU,autodock_gpu,All128,Yan,3ges,RNA,,rep2,rep2,40,3.4556274,3.4556274,1.04374442,0.35771462,0.32904521,False,False,True,True,True,True,1,40,False,surfna_v2_v3_ccdcomplete128_redocking_3rep_20260828
AutoDock-GPU,autodock_gpu,All128,Yan,3gog,RNA,,rep2,rep2,40,3.36385289,3.36385289,2.11300301,2.11300301,0.16146235,False,False,False,False,True,True,1,40,False,surfna_v2_v3_ccdcomplete128_redocking_3rep_20260828
AutoDock-GPU,autodock_gpu,All128,Yan,3got,RNA,,rep2,rep2,40,3.37295341,1.37715415,1.37715415,1.37715415,0.70056892,False,True,True,True,True,True,1,40,False,surfna_v2_v3_ccdcomplete128_redocking_3rep_20260828
AutoDock-GPU,autodock_gpu,All128,Chen;Philips,3gx2,RNA,,rep2,rep2,40,1.37128849,1.37128849,1.37128849,1.36479131,1.36479131,True,True,True,True,True,True,1,40,False,surfna_v2_v3_ccdcomplete128_redocking_3rep_20260828
AutoDock-GPU,autodock_gpu,All128,Chen,3gx3,RNA,,rep2,rep2,40,4.57894905,4.27275066,2.18905211,1.46608652,1.32746546,False,False,False,True,True,True,1,40,False,surfna_v2_v3_ccdcomplete128_redocking_3rep_20260828
AutoDock-GPU,autodock_gpu,All128,Chen,3gx5,RNA,,rep2,rep2,40,6.29485754,4.59267079,4.59267079,3.9338995,1.31513578,False,False,False,False,True,False,1,40,False,surfna_v2_v3_ccdcomplete128_redocking_3rep_20260828
AutoDock-GPU,autodock_gpu,All128,Chen,3gx7,RNA,,rep2,rep2,40,4.95874906,4.95874906,3.21762654,3.21762654,0.82902998,False,False,False,False,True,True,1,40,False,surfna_v2_v3_ccdcomplete128_redocking_3rep_20260828
AutoDock-GPU,autodock_gpu,All128,Yan;Chen,3la5,RNA,,rep2,rep2,40,3.26782387,2.88717206,2.88717206,2.88717206,0.50644015,False,False,False,False,True,True,1,40,False,surfna_v2_v3_ccdcomplete128_redocking_3rep_20260828
AutoDock-GPU,autodock_gpu,All128,Yan,3mum,RNA,,rep2,rep2,40,6.12930655,5.82569294,5.5815594,5.37671792,4.94027732,False,False,False,False,False,False,1,40,False,surfna_v2_v3_ccdcomplete128_redocking_3rep_20260828
AutoDock-GPU,autodock_gpu,All128,Yan,3mur,RNA,,rep2,rep2,40,6.27297563,5.75453656,5.61000789,5.61000789,4.78503123,False,False,False,False,False,False,1,40,False,surfna_v2_v3_ccdcomplete128_redocking_3rep_20260828
AutoDock-GPU,autodock_gpu,All128,Yan,3mxh,RNA,,rep2,rep2,40,6.20195577,6.20195577,6.09681023,6.09681023,5.67894689,False,False,False,False,False,False,1,40,False,surfna_v2_v3_ccdcomplete128_redocking_3rep_20260828
AutoDock-GPU,autodock_gpu,All128,Yan,3npn,RNA,,rep2,rep2,40,2.86760389,1.31162506,1.31162506,1.31043799,0.84488326,False,True,True,True,True,True,1,40,False,surfna_v2_v3_ccdcomplete128_redocking_3rep_20260828
AutoDock-GPU,autodock_gpu,All128,Chen,3npq,RNA,,rep2,rep2,40,3.38807878,1.51917886,1.51917886,1.51917886,1.46318869,False,True,True,True,True,True,1,40,False,surfna_v2_v3_ccdcomplete128_redocking_3rep_20260828
AutoDock-GPU,autodock_gpu,All128,Yan,3owz,RNA,,rep2,rep2,40,inf,inf,inf,inf,inf,False,False,False,False,False,False,0,0,True,surfna_v2_v3_ccdcomplete128_redocking_3rep_20260828
AutoDock-GPU,autodock_gpu,All128,Yan;Chen,3q3z,RNA,,rep2,rep2,40,4.92802582,4.58950904,4.58950904,4.33266613,4.33266613,False,False,False,False,False,True,1,40,False,surfna_v2_v3_ccdcomplete128_redocking_3rep_20260828
AutoDock-GPU,autodock_gpu,All128,Yan,3q50,RNA,,rep2,rep2,40,2.59078751,2.13261104,0.93874933,0.93874933,0.67238977,False,False,True,True,True,True,1,40,False,surfna_v2_v3_ccdcomplete128_redocking_3rep_20260828
AutoDock-GPU,autodock_gpu,All128,Yan,3s4p,RNA,,rep2,rep2,40,7.28462362,7.28462362,7.28462362,7.28462362,7.04418274,False,False,False,False,False,False,1,40,False,surfna_v2_v3_ccdcomplete128_redocking_3rep_20260828
AutoDock-GPU,autodock_gpu,All128,Yan,3slm,RNA,,rep2,rep2,40,6.91750521,2.00111864,2.00111864,2.00111864,0.51663779,False,False,False,False,True,False,1,40,False,surfna_v2_v3_ccdcomplete128_redocking_3rep_20260828
AutoDock-GPU,autodock_gpu,All128,Yan,407d,DNA,,rep2,rep2,40,14.51008088,9.6255464,9.6255464,5.45229306,3.38987858,False,False,False,False,False,False,1,40,False,surfna_v2_v3_ccdcomplete128_redocking_3rep_20260828
AutoDock-GPU,autodock_gpu,All128,Yan,408d,DNA,,rep2,rep2,40,14.48728722,1.88493221,1.88493221,1.88493221,1.88493221,False,True,True,True,True,False,1,40,False,surfna_v2_v3_ccdcomplete128_redocking_3rep_20260828
AutoDock-GPU,autodock_gpu,All128,Yan,4aob,RNA,,rep2,rep2,40,5.54629384,4.72713237,4.72713237,2.30986322,2.08319679,False,False,False,False,False,False,1,40,False,surfna_v2_v3_ccdcomplete128_redocking_3rep_20260828
AutoDock-GPU,autodock_gpu,All128,Yan,4erj,RNA,,rep2,rep2,40,5.26488076,1.10749873,1.05632203,1.05632203,0.69054343,False,True,True,True,True,False,1,40,False,surfna_v2_v3_ccdcomplete128_redocking_3rep_20260828
AutoDock-GPU,autodock_gpu,All128,Yan,4fe5,RNA,,rep2,rep2,40,0.72947872,0.72315932,0.72315932,0.65070977,0.62979695,True,True,True,True,True,True,1,40,False,surfna_v2_v3_ccdcomplete128_redocking_3rep_20260828
AutoDock-GPU,autodock_gpu,All128,Yan,4jf2,RNA,,rep2,rep2,40,4.07214052,1.2230283,1.2230283,0.4714884,0.21815732,False,True,True,True,True,True,1,40,False,surfna_v2_v3_ccdcomplete128_redocking_3rep_20260828
AutoDock-GPU,autodock_gpu,All128,Yan,4kqy,RNA,,rep2,rep2,40,4.90070776,1.20393835,1.20393835,1.20178542,0.93283995,False,True,True,True,True,True,1,40,False,surfna_v2_v3_ccdcomplete128_redocking_3rep_20260828
AutoDock-GPU,autodock_gpu,All128,Yan,4lvv,RNA,,rep2,rep2,40,4.04219566,4.04219566,3.81916271,3.81916271,3.53180882,False,False,False,False,False,True,1,40,False,surfna_v2_v3_ccdcomplete128_redocking_3rep_20260828
AutoDock-GPU,autodock_gpu,All128,Ruiz;Chen;Philips,1am0,RNA,,rep3,rep3,40,4.56695682,4.56695682,2.17826897,1.60412181,0.92699111,False,False,False,True,True,True,1,40,False,surfna_v2_v3_ccdcomplete128_redocking_3rep_20260828
AutoDock-GPU,autodock_gpu,All128,Yan,1arj,RNA,,rep3,rep3,40,4.8499682,4.30734464,2.69696821,2.69696821,1.94381727,False,False,False,False,True,True,1,40,False,surfna_v2_v3_ccdcomplete128_redocking_3rep_20260828
AutoDock-GPU,autodock_gpu,All128,Yan;Ruiz;Chen;Philips,1byj,RNA,,rep3,rep3,40,8.82955824,4.91943453,4.91943453,4.91943453,3.27515291,False,False,False,False,False,False,1,40,False,surfna_v2_v3_ccdcomplete128_redocking_3rep_20260828
AutoDock-GPU,autodock_gpu,All128,Yan,1cvx,DNA,,rep3,rep3,40,5.0449518,5.0449518,5.0449518,4.18023169,2.78594557,False,False,False,False,False,False,1,40,False,surfna_v2_v3_ccdcomplete128_redocking_3rep_20260828
AutoDock-GPU,autodock_gpu,All128,Yan,1cvy,DNA,,rep3,rep3,40,17.05673884,15.01862343,5.15751406,5.07624537,4.46743167,False,False,False,False,False,False,1,40,False,surfna_v2_v3_ccdcomplete128_redocking_3rep_20260828
AutoDock-GPU,autodock_gpu,All128,Yan,1db6,DNA,,rep3,rep3,40,4.47985554,0.6163494,0.6163494,0.6163494,0.6163494,False,True,True,True,True,True,1,40,False,surfna_v2_v3_ccdcomplete128_redocking_3rep_20260828
AutoDock-GPU,autodock_gpu,All128,Ruiz;Chen;Philips,1eht,RNA,,rep3,rep3,40,3.22293391,3.18541073,0.39769064,0.39769064,0.39006262,False,False,True,True,True,True,1,40,False,surfna_v2_v3_ccdcomplete128_redocking_3rep_20260828
AutoDock-GPU,autodock_gpu,All128,Ruiz;Chen;Philips,1ei2,RNA,,rep3,rep3,40,6.2922449,6.2922449,6.2922449,4.04229777,3.86872569,False,False,False,False,False,False,1,40,False,surfna_v2_v3_ccdcomplete128_redocking_3rep_20260828
AutoDock-GPU,autodock_gpu,All128,Yan;Ruiz;Chen;Philips,1f1t,RNA,,rep3,rep3,40,0.67719379,0.67600048,0.66491197,0.66491197,0.6646723,True,True,True,True,True,True,1,40,False,surfna_v2_v3_ccdcomplete128_redocking_3rep_20260828
AutoDock-GPU,autodock_gpu,All128,Yan;Ruiz;Chen;Philips,1f27,RNA,,rep3,rep3,40,3.19812667,2.2577677,2.22824627,1.9547501,1.89988972,False,False,False,True,True,True,1,40,False,surfna_v2_v3_ccdcomplete128_redocking_3rep_20260828
AutoDock-GPU,autodock_gpu,All128,Philips,1fjg,RNA,,rep3,rep3,40,inf,inf,inf,inf,inf,False,False,False,False,False,False,0,0,True,surfna_v2_v3_ccdcomplete128_redocking_3rep_20260828
AutoDock-GPU,autodock_gpu,All128,Ruiz;Chen;Philips,1fmn,RNA,,rep3,rep3,40,5.13144458,2.73955894,1.32660672,1.32660672,1.32660672,False,False,True,True,True,False,1,40,False,surfna_v2_v3_ccdcomplete128_redocking_3rep_20260828
AutoDock-GPU,autodock_gpu,All128,Yan;Ruiz;Chen;Philips,1fyp,RNA,,rep3,rep3,40,7.57542346,7.57542346,7.57542346,4.95528058,4.87208959,False,False,False,False,False,False,1,40,False,surfna_v2_v3_ccdcomplete128_redocking_3rep_20260828
AutoDock-GPU,autodock_gpu,All128,Philips,1hnw,RNA,,rep3,rep3,40,inf,inf,inf,inf,inf,False,False,False,False,False,False,0,0,True,surfna_v2_v3_ccdcomplete128_redocking_3rep_20260828
AutoDock-GPU,autodock_gpu,All128,Yan,1i9v,RNA,,rep3,rep3,40,7.62860615,5.4654193,5.4654193,5.43366917,5.43366917,False,False,False,False,False,False,1,40,False,surfna_v2_v3_ccdcomplete128_redocking_3rep_20260828
AutoDock-GPU,autodock_gpu,All128,Ruiz;Chen;Philips,1j7t,RNA,,rep3,rep3,40,9.60247288,6.10791887,6.10791887,5.13489214,4.81504638,False,False,False,False,False,False,1,40,False,surfna_v2_v3_ccdcomplete128_redocking_3rep_20260828
AutoDock-GPU,autodock_gpu,All128,Ruiz;Chen;Philips,1koc,RNA,,rep3,rep3,40,2.16902857,2.16902857,2.16902857,2.16902857,1.54300124,False,False,False,False,True,True,1,40,False,surfna_v2_v3_ccdcomplete128_redocking_3rep_20260828
AutoDock-GPU,autodock_gpu,All128,Ruiz;Chen,1lc4,RNA,,rep3,rep3,40,6.2173172,4.97308587,4.97308587,3.91683796,3.50284264,False,False,False,False,False,False,1,40,False,surfna_v2_v3_ccdcomplete128_redocking_3rep_20260828
AutoDock-GPU,autodock_gpu,All128,Ruiz;Chen,1lvj,RNA,,rep3,rep3,40,5.18451318,5.15544142,4.78753834,4.78753834,4.76630982,False,False,False,False,False,False,1,40,False,surfna_v2_v3_ccdcomplete128_redocking_3rep_20260828
AutoDock-GPU,autodock_gpu,All128,Ruiz;Chen;Philips,1mwl,RNA,,rep3,rep3,40,inf,inf,inf,inf,inf,False,False,False,False,False,False,0,0,True,surfna_v2_v3_ccdcomplete128_redocking_3rep_20260828
AutoDock-GPU,autodock_gpu,All128,Philips,1nbk,RNA,,rep3,rep3,40,5.04978376,3.73156629,2.14733905,2.14733905,1.78930832,False,False,False,False,True,False,1,40,False,surfna_v2_v3_ccdcomplete128_redocking_3rep_20260828
AutoDock-GPU,autodock_gpu,All128,Ruiz;Chen;Philips,1nem,RNA,,rep3,rep3,40,2.51324044,2.51324044,2.51324044,2.51324044,2.51324044,False,False,False,False,False,True,1,40,False,surfna_v2_v3_ccdcomplete128_redocking_3rep_20260828
AutoDock-GPU,autodock_gpu,All128,Ruiz,1nta,RNA,,rep3,rep3,40,6.17990649,4.61496555,3.83257076,3.79295796,3.27236624,False,False,False,False,False,False,1,40,False,surfna_v2_v3_ccdcomplete128_redocking_3rep_20260828
AutoDock-GPU,autodock_gpu,All128,Ruiz;Chen,1ntb,RNA,,rep3,rep3,40,7.53052266,4.20522324,4.20522324,4.20522324,3.79014674,False,False,False,False,False,False,1,40,False,surfna_v2_v3_ccdcomplete128_redocking_3rep_20260828
AutoDock-GPU,autodock_gpu,All128,Yan,1nzm,DNA,,rep3,rep3,40,1.57287296,1.56200921,1.45783533,1.45783533,0.82330946,True,True,True,True,True,True,1,40,False,surfna_v2_v3_ccdcomplete128_redocking_3rep_20260828
AutoDock-GPU,autodock_gpu,All128,Ruiz,1o15,RNA,,rep3,rep3,40,3.63537774,3.0192831,3.0192831,3.0192831,0.68347618,False,False,False,False,True,True,1,40,False,surfna_v2_v3_ccdcomplete128_redocking_3rep_20260828
AutoDock-GPU,autodock_gpu,All128,Ruiz,1o9m,RNA,,rep3,rep3,40,8.61480149,6.83904489,6.40825223,6.40825223,4.14094224,False,False,False,False,False,False,1,40,False,surfna_v2_v3_ccdcomplete128_redocking_3rep_20260828
AutoDock-GPU,autodock_gpu,All128,Yan,1p96,DNA,,rep3,rep3,40,2.92278743,2.1791104,2.1791104,2.01114639,2.01114639,False,False,False,False,False,True,1,40,False,surfna_v2_v3_ccdcomplete128_redocking_3rep_20260828
AutoDock-GPU,autodock_gpu,All128,Ruiz;Chen;Philips,1pbr,RNA,,rep3,rep3,40,8.31812791,8.31812791,8.28708098,6.91843767,2.56105631,False,False,False,False,False,False,1,40,False,surfna_v2_v3_ccdcomplete128_redocking_3rep_20260828
AutoDock-GPU,autodock_gpu,All128,Yan;Ruiz;Chen;Philips,1q8n,RNA,,rep3,rep3,40,0.5010121,0.5010121,0.48447795,0.48447795,0.44720854,True,True,True,True,True,True,1,40,False,surfna_v2_v3_ccdcomplete128_redocking_3rep_20260828
AutoDock-GPU,autodock_gpu,All128,Yan;Ruiz;Chen,1qd3,RNA,,rep3,rep3,40,8.80914712,8.12098813,4.41903326,3.6502603,3.58232073,False,False,False,False,False,False,1,40,False,surfna_v2_v3_ccdcomplete128_redocking_3rep_20260828
AutoDock-GPU,autodock_gpu,All128,Yan,1qv4,DNA,,rep3,rep3,40,12.96160749,1.01094246,1.01094246,1.01094246,0.91323202,False,True,True,True,True,False,1,40,False,surfna_v2_v3_ccdcomplete128_redocking_3rep_20260828
AutoDock-GPU,autodock_gpu,All128,Yan,1qv8,DNA,,rep3,rep3,40,12.92857742,1.18394257,1.18394257,1.18394257,1.0073804,False,True,True,True,True,False,1,40,False,surfna_v2_v3_ccdcomplete128_redocking_3rep_20260828
AutoDock-GPU,autodock_gpu,All128,Yan,1r4e,DNA,,rep3,rep3,40,8.23423831,6.76284419,3.53861094,3.53861094,3.0614492,False,False,False,False,False,False,1,40,False,surfna_v2_v3_ccdcomplete128_redocking_3rep_20260828
AutoDock-GPU,autodock_gpu,All128,Ruiz;Chen;Philips,1tob,RNA,,rep3,rep3,40,4.85358007,4.85358007,4.85358007,4.76537153,3.06837198,False,False,False,False,False,True,1,40,False,surfna_v2_v3_ccdcomplete128_redocking_3rep_20260828
AutoDock-GPU,autodock_gpu,All128,Ruiz;Chen,1u8d,RNA,,rep3,rep3,40,2.43203427,2.42743268,2.42569394,0.63395796,0.63395796,False,False,False,True,True,True,1,40,False,surfna_v2_v3_ccdcomplete128_redocking_3rep_20260828
AutoDock-GPU,autodock_gpu,All128,Yan;Ruiz;Philips,1uts,RNA,,rep3,rep3,40,4.21590096,3.32021278,3.32021278,3.32021278,2.6059653,False,False,False,False,False,True,1,40,False,surfna_v2_v3_ccdcomplete128_redocking_3rep_20260828
AutoDock-GPU,autodock_gpu,All128,Yan;Ruiz;Chen;Philips,1uud,RNA,,rep3,rep3,40,7.77778518,5.84970664,5.84970664,5.12295416,4.7578903,False,False,False,False,False,False,1,40,False,surfna_v2_v3_ccdcomplete128_redocking_3rep_20260828
AutoDock-GPU,autodock_gpu,All128,Ruiz;Philips,1uui,RNA,,rep3,rep3,40,2.17014819,2.17014819,2.17014819,2.17014819,2.17014819,False,False,False,False,False,True,1,40,False,surfna_v2_v3_ccdcomplete128_redocking_3rep_20260828
AutoDock-GPU,autodock_gpu,All128,Philips,1xbp,RNA,,rep3,rep3,40,inf,inf,inf,inf,inf,False,False,False,False,False,False,0,0,True,surfna_v2_v3_ccdcomplete128_redocking_3rep_20260828
AutoDock-GPU,autodock_gpu,All128,Ruiz;Philips,1xpf,RNA,,rep3,rep3,40,3.33938828,3.33938828,2.61360413,2.34560408,2.34560408,False,False,False,False,False,True,1,40,False,surfna_v2_v3_ccdcomplete128_redocking_3rep_20260828
AutoDock-GPU,autodock_gpu,All128,Ruiz;Chen;Philips,1y26,RNA,,rep3,rep3,40,2.46996692,2.46996692,2.46996692,0.23781106,0.23781106,False,False,False,True,True,True,1,40,False,surfna_v2_v3_ccdcomplete128_redocking_3rep_20260828
AutoDock-GPU,autodock_gpu,All128,Chen,1y27,RNA,,rep3,rep3,40,1.15761785,1.15761785,1.15761785,0.73189753,0.56096321,True,True,True,True,True,True,1,40,False,surfna_v2_v3_ccdcomplete128_redocking_3rep_20260828
AutoDock-GPU,autodock_gpu,All128,Yan;Chen,1ykv,RNA,,rep3,rep3,40,1.09382003,1.06177434,1.03008904,0.98682876,0.97370768,True,True,True,True,True,True,1,40,False,surfna_v2_v3_ccdcomplete128_redocking_3rep_20260828
AutoDock-GPU,autodock_gpu,All128,Yan;Ruiz;Chen,1yrj,RNA,,rep3,rep3,40,3.92353843,3.92353843,3.92353843,3.92353843,3.36299828,False,False,False,False,False,True,1,40,False,surfna_v2_v3_ccdcomplete128_redocking_3rep_20260828
AutoDock-GPU,autodock_gpu,All128,Chen,1zz5,RNA,,rep3,rep3,40,9.42234224,5.39683943,5.35918716,5.35918716,5.35918716,False,False,False,False,False,False,1,40,False,surfna_v2_v3_ccdcomplete128_redocking_3rep_20260828
AutoDock-GPU,autodock_gpu,All128,Yan;Ruiz,2au4,RNA,,rep3,rep3,40,2.52376263,1.60563377,1.60563377,1.27898521,1.27898521,False,True,True,True,True,True,1,40,False,surfna_v2_v3_ccdcomplete128_redocking_3rep_20260828
AutoDock-GPU,autodock_gpu,All128,Yan,2b57,RNA,,rep3,rep3,40,2.83682269,2.76355251,2.56680723,0.9161496,0.3582593,False,False,False,True,True,True,1,40,False,surfna_v2_v3_ccdcomplete128_redocking_3rep_20260828
AutoDock-GPU,autodock_gpu,All128,Yan;Ruiz;Chen;Philips,2be0,RNA,,rep3,rep3,40,7.54875385,7.52197481,7.48106124,7.22319967,6.50792856,False,False,False,False,False,False,1,40,False,surfna_v2_v3_ccdcomplete128_redocking_3rep_20260828
AutoDock-GPU,autodock_gpu,All128,Yan;Ruiz;Philips,2bee,RNA,,rep3,rep3,40,7.87911359,5.85259383,5.85259383,5.70528419,5.335999,False,False,False,False,False,False,1,40,False,surfna_v2_v3_ccdcomplete128_redocking_3rep_20260828
AutoDock-GPU,autodock_gpu,All128,Yan,2d55,DNA,,rep3,rep3,40,10.43528367,8.28136836,8.28136836,8.19909713,3.14932787,False,False,False,False,False,False,1,40,False,surfna_v2_v3_ccdcomplete128_redocking_3rep_20260828
AutoDock-GPU,autodock_gpu,All128,Chen,2esi,RNA,,rep3,rep3,40,7.77674335,7.34051862,5.28115255,4.13947611,4.07430406,False,False,False,False,False,False,1,40,False,surfna_v2_v3_ccdcomplete128_redocking_3rep_20260828
AutoDock-GPU,autodock_gpu,All128,Ruiz,2esj,RNA,,rep3,rep3,40,8.49834501,6.01950713,6.01950713,5.9903685,5.9181038,False,False,False,False,False,False,1,40,False,surfna_v2_v3_ccdcomplete128_redocking_3rep_20260828
AutoDock-GPU,autodock_gpu,All128,Ruiz,2et3,RNA,,rep3,rep3,40,4.91205961,3.70866368,2.63942698,2.59807851,2.59807851,False,False,False,False,False,True,1,40,False,surfna_v2_v3_ccdcomplete128_redocking_3rep_20260828
AutoDock-GPU,autodock_gpu,All128,Ruiz,2et4,RNA,,rep3,rep3,40,10.59215071,7.33435262,5.27670066,5.27670066,5.07805579,False,False,False,False,False,False,1,40,False,surfna_v2_v3_ccdcomplete128_redocking_3rep_20260828
AutoDock-GPU,autodock_gpu,All128,Ruiz;Chen;Philips,2et8,RNA,,rep3,rep3,40,6.10166045,5.91346967,3.49381833,3.30665626,2.15846613,False,False,False,False,False,False,1,40,False,surfna_v2_v3_ccdcomplete128_redocking_3rep_20260828
AutoDock-GPU,autodock_gpu,All128,Ruiz,2f4s,RNA,,rep3,rep3,40,5.76873623,3.15924014,3.15924014,2.74224577,2.74224577,False,False,False,False,False,False,1,40,False,surfna_v2_v3_ccdcomplete128_redocking_3rep_20260828
AutoDock-GPU,autodock_gpu,All128,Yan;Ruiz;Chen,2f4t,RNA,,rep3,rep3,40,8.15617128,2.51171134,2.51171134,2.51171134,2.51171134,False,False,False,False,False,False,1,40,False,surfna_v2_v3_ccdcomplete128_redocking_3rep_20260828
AutoDock-GPU,autodock_gpu,All128,Yan;Ruiz;Philips,2f4u,RNA,,rep3,rep3,40,7.12675558,7.12675558,7.04203568,7.04203568,4.95235462,False,False,False,False,False,False,1,40,False,surfna_v2_v3_ccdcomplete128_redocking_3rep_20260828
AutoDock-GPU,autodock_gpu,All128,Ruiz,2fcx,RNA,,rep3,rep3,40,5.53330138,5.53330138,5.53330138,3.48700969,2.71125381,False,False,False,False,False,False,1,40,False,surfna_v2_v3_ccdcomplete128_redocking_3rep_20260828
AutoDock-GPU,autodock_gpu,All128,Ruiz,2fcy,RNA,,rep3,rep3,40,9.16481823,6.58962001,6.58962001,6.58962001,5.55327817,False,False,False,False,False,False,1,40,False,surfna_v2_v3_ccdcomplete128_redocking_3rep_20260828
AutoDock-GPU,autodock_gpu,All128,Ruiz;Chen;Philips,2fcz,RNA,,rep3,rep3,40,5.54657063,4.65172485,3.70749639,3.70749639,2.51508677,False,False,False,False,False,False,1,40,False,surfna_v2_v3_ccdcomplete128_redocking_3rep_20260828
AutoDock-GPU,autodock_gpu,All128,Ruiz;Chen;Philips,2fd0,RNA,,rep3,rep3,40,10.46925955,6.98234216,5.47368389,5.47368389,5.47368389,False,False,False,False,False,False,1,40,False,surfna_v2_v3_ccdcomplete128_redocking_3rep_20260828
AutoDock-GPU,autodock_gpu,All128,Yan,2g5k,RNA,,rep3,rep3,40,4.84014662,4.84014662,4.84014662,3.8779574,3.60832316,False,False,False,False,False,True,1,40,False,surfna_v2_v3_ccdcomplete128_redocking_3rep_20260828
AutoDock-GPU,autodock_gpu,All128,Ruiz;Chen;Philips,2g5q,RNA,,rep3,rep3,40,9.45278374,7.02575772,7.02575772,7.02575772,5.77131125,False,False,False,False,False,False,1,40,False,surfna_v2_v3_ccdcomplete128_redocking_3rep_20260828
AutoDock-GPU,autodock_gpu,All128,Yan,2g9c,RNA,,rep3,rep3,40,1.72657953,1.72657953,1.72657953,1.05770837,0.93663915,True,True,True,True,True,True,1,40,False,surfna_v2_v3_ccdcomplete128_redocking_3rep_20260828
AutoDock-GPU,autodock_gpu,All128,Chen;Philips,2gdi,RNA,,rep3,rep3,40,4.10320744,3.26929544,3.26929544,2.03788828,1.80909401,False,False,False,False,True,True,1,40,False,surfna_v2_v3_ccdcomplete128_redocking_3rep_20260828
AutoDock-GPU,autodock_gpu,All128,Chen,2gis,RNA,,rep3,rep3,40,5.77430592,2.77504337,1.17620074,1.17620074,1.17620074,False,False,True,True,True,False,1,40,False,surfna_v2_v3_ccdcomplete128_redocking_3rep_20260828
AutoDock-GPU,autodock_gpu,All128,Ruiz,2juk,RNA,,rep3,rep3,40,7.28785307,7.09291914,7.09291914,6.90850782,5.97545135,False,False,False,False,False,False,1,40,False,surfna_v2_v3_ccdcomplete128_redocking_3rep_20260828
AutoDock-GPU,autodock_gpu,All128,Yan,2jwq,DNA,,rep3,rep3,40,9.53488305,2.18464464,2.18464464,2.18464464,1.25623891,False,False,False,False,True,False,1,40,False,surfna_v2_v3_ccdcomplete128_redocking_3rep_20260828
AutoDock-GPU,autodock_gpu,All128,Yan;Chen,2kgp,RNA,,rep3,rep3,40,7.19258921,2.730622,2.730622,2.730622,2.04144651,False,False,False,False,False,False,1,40,False,surfna_v2_v3_ccdcomplete128_redocking_3rep_20260828
AutoDock-GPU,autodock_gpu,All128,Yan;Chen,2ktz,RNA,,rep3,rep3,40,1.63545574,1.63545574,1.63545574,1.63545574,1.57388591,True,True,True,True,True,True,1,40,False,surfna_v2_v3_ccdcomplete128_redocking_3rep_20260828
AutoDock-GPU,autodock_gpu,All128,Yan;Chen,2ku0,RNA,,rep3,rep3,40,7.15189504,3.93138995,3.93138995,3.93138995,0.65096427,False,False,False,False,True,False,1,40,False,surfna_v2_v3_ccdcomplete128_redocking_3rep_20260828
AutoDock-GPU,autodock_gpu,All128,Yan,2l94,RNA,,rep3,rep3,40,5.11631092,5.11631092,4.08988464,3.86764898,3.7171678,False,False,False,False,False,False,1,40,False,surfna_v2_v3_ccdcomplete128_redocking_3rep_20260828
AutoDock-GPU,autodock_gpu,All128,Yan,2loa,DNA,,rep3,rep3,40,3.40745559,3.40745559,2.1056467,2.1056467,2.1056467,False,False,False,False,False,True,1,40,False,surfna_v2_v3_ccdcomplete128_redocking_3rep_20260828
AutoDock-GPU,autodock_gpu,All128,Yan,2mb3,DNA,,rep3,rep3,40,4.84715564,4.84715564,4.84715564,4.84715564,4.84715564,False,False,False,False,False,True,1,40,False,surfna_v2_v3_ccdcomplete128_redocking_3rep_20260828
AutoDock-GPU,autodock_gpu,All128,Ruiz;Chen,2o3v,RNA,,rep3,rep3,40,8.14653399,7.3558647,7.32139876,7.32139876,4.7220473,False,False,False,False,False,False,1,40,False,surfna_v2_v3_ccdcomplete128_redocking_3rep_20260828
AutoDock-GPU,autodock_gpu,All128,Yan;Ruiz,2o3w,RNA,,rep3,rep3,40,9.00975706,7.78001358,6.3929266,5.01166709,4.00340607,False,False,False,False,False,False,1,40,False,surfna_v2_v3_ccdcomplete128_redocking_3rep_20260828
AutoDock-GPU,autodock_gpu,All128,Yan;Ruiz;Philips,2o3x,RNA,,rep3,rep3,40,6.01262739,4.24010591,4.15815808,4.15815808,3.70097569,False,False,False,False,False,False,1,40,False,surfna_v2_v3_ccdcomplete128_redocking_3rep_20260828
AutoDock-GPU,autodock_gpu,All128,Ruiz;Philips,2oe5,RNA,,rep3,rep3,40,9.42350981,4.96207382,3.27094855,3.27094855,3.27094855,False,False,False,False,False,False,1,40,False,surfna_v2_v3_ccdcomplete128_redocking_3rep_20260828
AutoDock-GPU,autodock_gpu,All128,Ruiz;Chen,2oe8,RNA,,rep3,rep3,40,9.23831729,5.68621355,4.4751699,4.4751699,3.93892961,False,False,False,False,False,False,1,40,False,surfna_v2_v3_ccdcomplete128_redocking_3rep_20260828
AutoDock-GPU,autodock_gpu,All128,Philips,2ogn,RNA,,rep3,rep3,40,inf,inf,inf,inf,inf,False,False,False,False,False,False,0,0,True,surfna_v2_v3_ccdcomplete128_redocking_3rep_20260828
AutoDock-GPU,autodock_gpu,All128,Chen;Philips,2pwt,RNA,,rep3,rep3,40,9.16060168,9.12000294,9.12000294,6.68110859,6.60853143,False,False,False,False,False,False,1,40,False,surfna_v2_v3_ccdcomplete128_redocking_3rep_20260828
AutoDock-GPU,autodock_gpu,All128,Ruiz;Chen;Philips,2tob,RNA,,rep3,rep3,40,4.81453507,3.59572678,3.59572678,3.59572678,2.45529107,False,False,False,False,False,True,1,40,False,surfna_v2_v3_ccdcomplete128_redocking_3rep_20260828
AutoDock-GPU,autodock_gpu,All128,Yan,2xnw,RNA,,rep3,rep3,40,2.06934064,1.76779657,1.76779657,0.80747248,0.80747248,False,True,True,True,True,True,1,40,False,surfna_v2_v3_ccdcomplete128_redocking_3rep_20260828
AutoDock-GPU,autodock_gpu,All128,Yan,2xnz,RNA,,rep3,rep3,40,2.77044088,0.33832102,0.33832102,0.33832102,0.33832102,False,True,True,True,True,True,1,40,False,surfna_v2_v3_ccdcomplete128_redocking_3rep_20260828
AutoDock-GPU,autodock_gpu,All128,Yan,2xo0,RNA,,rep3,rep3,40,2.48184231,1.28647211,1.28647211,0.81991501,0.71630493,False,True,True,True,True,True,1,40,False,surfna_v2_v3_ccdcomplete128_redocking_3rep_20260828
AutoDock-GPU,autodock_gpu,All128,Yan,2xo1,RNA,,rep3,rep3,40,3.8625571,0.17833931,0.17833931,0.17833931,0.16234503,False,True,True,True,True,True,1,40,False,surfna_v2_v3_ccdcomplete128_redocking_3rep_20260828
AutoDock-GPU,autodock_gpu,All128,Yan,2ydh,RNA,,rep3,rep3,40,1.74576869,1.74576869,1.74576869,1.74576869,1.29510155,True,True,True,True,True,True,1,40,False,surfna_v2_v3_ccdcomplete128_redocking_3rep_20260828
AutoDock-GPU,autodock_gpu,All128,Yan,2ygh,RNA,,rep3,rep3,40,4.06283423,4.06283423,4.06283423,1.62034647,1.16159547,False,False,False,True,True,True,1,40,False,surfna_v2_v3_ccdcomplete128_redocking_3rep_20260828
AutoDock-GPU,autodock_gpu,All128,Yan,316d,DNA,,rep3,rep3,40,6.84614676,6.84614676,6.84614676,6.84614676,5.1493248,False,False,False,False,False,False,1,40,False,surfna_v2_v3_ccdcomplete128_redocking_3rep_20260828
AutoDock-GPU,autodock_gpu,All128,Ruiz,3c44,RNA,,rep3,rep3,40,8.75293113,3.94273621,3.46882291,3.46882291,1.21729136,False,False,False,False,True,False,1,40,False,surfna_v2_v3_ccdcomplete128_redocking_3rep_20260828
AutoDock-GPU,autodock_gpu,All128,Philips,3d2x,RNA,,rep3,rep3,40,2.06253983,2.06253983,2.06253983,2.06253983,2.06253983,False,False,False,False,False,True,1,40,False,surfna_v2_v3_ccdcomplete128_redocking_3rep_20260828
AutoDock-GPU,autodock_gpu,All128,Chen,3dil,RNA,,rep3,rep3,40,2.59271794,2.57544548,1.84804848,1.08947529,0.87610365,False,False,True,True,True,True,1,40,False,surfna_v2_v3_ccdcomplete128_redocking_3rep_20260828
AutoDock-GPU,autodock_gpu,All128,Yan,3ds7,RNA,,rep3,rep3,40,0.99584474,0.99584474,0.99584474,0.99584474,0.88822294,True,True,True,True,True,True,1,40,False,surfna_v2_v3_ccdcomplete128_redocking_3rep_20260828
AutoDock-GPU,autodock_gpu,All128,Chen,3dvv,RNA,,rep3,rep3,40,6.45840046,4.92261347,4.92261347,4.92261347,4.30991318,False,False,False,False,False,False,1,40,False,surfna_v2_v3_ccdcomplete128_redocking_3rep_20260828
AutoDock-GPU,autodock_gpu,All128,Yan,3e5c,RNA,,rep3,rep3,40,7.46020783,5.08423312,5.08423312,2.97213467,1.48396451,False,False,False,False,True,False,1,40,False,surfna_v2_v3_ccdcomplete128_redocking_3rep_20260828
AutoDock-GPU,autodock_gpu,All128,Chen,3f2q,RNA,,rep3,rep3,40,3.41405022,3.41405022,1.23017514,1.23017514,1.23017514,False,False,True,True,True,True,1,40,False,surfna_v2_v3_ccdcomplete128_redocking_3rep_20260828
AutoDock-GPU,autodock_gpu,All128,Yan,3fo4,RNA,,rep3,rep3,40,2.74030902,0.26053581,0.25025078,0.23827486,0.22231979,False,True,True,True,True,True,1,40,False,surfna_v2_v3_ccdcomplete128_redocking_3rep_20260828
AutoDock-GPU,autodock_gpu,All128,Yan,3fo6,RNA,,rep3,rep3,40,2.79576005,2.79576005,2.79576005,0.52447577,0.19742235,False,False,False,True,True,True,1,40,False,surfna_v2_v3_ccdcomplete128_redocking_3rep_20260828
AutoDock-GPU,autodock_gpu,All128,Yan,3gao,RNA,,rep3,rep3,40,3.31100932,0.72672341,0.72672341,0.65931604,0.65931604,False,True,True,True,True,True,1,40,False,surfna_v2_v3_ccdcomplete128_redocking_3rep_20260828
AutoDock-GPU,autodock_gpu,All128,Yan,3ger,RNA,,rep3,rep3,40,4.11535091,2.53297834,2.53297834,0.35716485,0.17988026,False,False,False,True,True,True,1,40,False,surfna_v2_v3_ccdcomplete128_redocking_3rep_20260828
AutoDock-GPU,autodock_gpu,All128,Yan,3ges,RNA,,rep3,rep3,40,3.26039921,0.44719701,0.35662328,0.35662328,0.34049192,False,True,True,True,True,True,1,40,False,surfna_v2_v3_ccdcomplete128_redocking_3rep_20260828
AutoDock-GPU,autodock_gpu,All128,Yan,3gog,RNA,,rep3,rep3,40,3.13883738,0.25900193,0.25900193,0.25900193,0.13184012,False,True,True,True,True,True,1,40,False,surfna_v2_v3_ccdcomplete128_redocking_3rep_20260828
AutoDock-GPU,autodock_gpu,All128,Yan,3got,RNA,,rep3,rep3,40,2.79134989,0.95786794,0.95786794,0.95786794,0.50276147,False,True,True,True,True,True,1,40,False,surfna_v2_v3_ccdcomplete128_redocking_3rep_20260828
AutoDock-GPU,autodock_gpu,All128,Chen;Philips,3gx2,RNA,,rep3,rep3,40,4.97201329,4.73779434,4.73779434,2.88259084,1.53938595,False,False,False,False,True,True,1,40,False,surfna_v2_v3_ccdcomplete128_redocking_3rep_20260828
AutoDock-GPU,autodock_gpu,All128,Chen,3gx3,RNA,,rep3,rep3,40,5.04805058,5.04805058,4.56812763,4.24119696,1.2620887,False,False,False,False,True,False,1,40,False,surfna_v2_v3_ccdcomplete128_redocking_3rep_20260828
AutoDock-GPU,autodock_gpu,All128,Chen,3gx5,RNA,,rep3,rep3,40,5.21768991,1.66819037,1.66819037,1.50981845,1.24360731,False,True,True,True,True,False,1,40,False,surfna_v2_v3_ccdcomplete128_redocking_3rep_20260828
AutoDock-GPU,autodock_gpu,All128,Chen,3gx7,RNA,,rep3,rep3,40,5.23185699,5.03797267,4.80367101,0.73443064,0.73443064,False,False,False,True,True,False,1,40,False,surfna_v2_v3_ccdcomplete128_redocking_3rep_20260828
AutoDock-GPU,autodock_gpu,All128,Yan;Chen,3la5,RNA,,rep3,rep3,40,2.56528619,2.56528619,2.21361379,0.670018,0.43934226,False,False,False,True,True,True,1,40,False,surfna_v2_v3_ccdcomplete128_redocking_3rep_20260828
AutoDock-GPU,autodock_gpu,All128,Yan,3mum,RNA,,rep3,rep3,40,7.04403889,6.38355867,6.12442124,5.41267804,5.41267804,False,False,False,False,False,False,1,40,False,surfna_v2_v3_ccdcomplete128_redocking_3rep_20260828
AutoDock-GPU,autodock_gpu,All128,Yan,3mur,RNA,,rep3,rep3,40,6.54411077,4.80081573,4.33453988,4.26475706,2.56851552,False,False,False,False,False,False,1,40,False,surfna_v2_v3_ccdcomplete128_redocking_3rep_20260828
AutoDock-GPU,autodock_gpu,All128,Yan,3mxh,RNA,,rep3,rep3,40,6.23356467,6.23356467,6.14408181,6.01589937,5.46064531,False,False,False,False,False,False,1,40,False,surfna_v2_v3_ccdcomplete128_redocking_3rep_20260828
AutoDock-GPU,autodock_gpu,All128,Yan,3npn,RNA,,rep3,rep3,40,3.16922605,3.16922605,3.16922605,2.71665573,1.71186787,False,False,False,False,True,True,1,40,False,surfna_v2_v3_ccdcomplete128_redocking_3rep_20260828
AutoDock-GPU,autodock_gpu,All128,Chen,3npq,RNA,,rep3,rep3,40,6.42113525,2.50347247,2.50347247,2.22022443,1.22798273,False,False,False,False,True,False,1,40,False,surfna_v2_v3_ccdcomplete128_redocking_3rep_20260828
AutoDock-GPU,autodock_gpu,All128,Yan,3owz,RNA,,rep3,rep3,40,inf,inf,inf,inf,inf,False,False,False,False,False,False,0,0,True,surfna_v2_v3_ccdcomplete128_redocking_3rep_20260828
AutoDock-GPU,autodock_gpu,All128,Yan;Chen,3q3z,RNA,,rep3,rep3,40,3.01469581,3.01469581,3.01469581,3.01469581,3.01076095,False,False,False,False,False,True,1,40,False,surfna_v2_v3_ccdcomplete128_redocking_3rep_20260828
AutoDock-GPU,autodock_gpu,All128,Yan,3q50,RNA,,rep3,rep3,40,2.85617465,2.85617465,2.85617465,2.4592576,0.75465412,False,False,False,False,True,True,1,40,False,surfna_v2_v3_ccdcomplete128_redocking_3rep_20260828
AutoDock-GPU,autodock_gpu,All128,Yan,3s4p,RNA,,rep3,rep3,40,9.69956199,7.51244737,7.51244737,7.51244737,6.1762622,False,False,False,False,False,False,1,40,False,surfna_v2_v3_ccdcomplete128_redocking_3rep_20260828
AutoDock-GPU,autodock_gpu,All128,Yan,3slm,RNA,,rep3,rep3,40,5.60095941,5.60095941,1.09044807,1.09044807,1.08081777,False,False,True,True,True,False,1,40,False,surfna_v2_v3_ccdcomplete128_redocking_3rep_20260828
AutoDock-GPU,autodock_gpu,All128,Yan,407d,DNA,,rep3,rep3,40,2.83604907,1.92180492,1.92180492,1.92180492,1.73080355,False,True,True,True,True,True,1,40,False,surfna_v2_v3_ccdcomplete128_redocking_3rep_20260828
AutoDock-GPU,autodock_gpu,All128,Yan,408d,DNA,,rep3,rep3,40,3.18366467,3.18366467,3.18366467,2.63163736,2.63163736,False,False,False,False,False,True,1,40,False,surfna_v2_v3_ccdcomplete128_redocking_3rep_20260828
AutoDock-GPU,autodock_gpu,All128,Yan,4aob,RNA,,rep3,rep3,40,4.67758773,2.00057507,2.00057507,2.00057507,1.91965477,False,False,False,False,True,True,1,40,False,surfna_v2_v3_ccdcomplete128_redocking_3rep_20260828
AutoDock-GPU,autodock_gpu,All128,Yan,4erj,RNA,,rep3,rep3,40,0.79465975,0.79465975,0.79465975,0.79465975,0.79465975,True,True,True,True,True,True,1,40,False,surfna_v2_v3_ccdcomplete128_redocking_3rep_20260828
AutoDock-GPU,autodock_gpu,All128,Yan,4fe5,RNA,,rep3,rep3,40,2.75350255,2.4143302,2.41245796,0.63611949,0.61205016,False,False,False,True,True,True,1,40,False,surfna_v2_v3_ccdcomplete128_redocking_3rep_20260828
AutoDock-GPU,autodock_gpu,All128,Yan,4jf2,RNA,,rep3,rep3,40,0.43981141,0.39170947,0.39170947,0.36327802,0.31862493,True,True,True,True,True,True,1,40,False,surfna_v2_v3_ccdcomplete128_redocking_3rep_20260828
AutoDock-GPU,autodock_gpu,All128,Yan,4kqy,RNA,,rep3,rep3,40,5.0851107,4.53511248,2.72362242,2.70902756,1.01489302,False,False,False,False,True,False,1,40,False,surfna_v2_v3_ccdcomplete128_redocking_3rep_20260828
AutoDock-GPU,autodock_gpu,All128,Yan,4lvv,RNA,,rep3,rep3,40,2.65406741,2.49038973,2.49038973,2.49038973,2.21633646,False,False,False,False,False,True,1,40,False,surfna_v2_v3_ccdcomplete128_redocking_3rep_20260828
LeDock,ledock,All128,Ruiz;Chen;Philips,1am0,RNA,,rep1,rep1,40,3.97721805,1.65919501,1.573988,1.50175418,1.33030971,False,True,True,True,True,True,0.825,33,False,surfna_v2_v3_ccdcomplete128_redocking_3rep_20260828
LeDock,ledock,All128,Yan,1arj,RNA,,rep1,rep1,40,2.85100833,2.59444503,2.48931142,2.48931142,1.81386519,False,False,False,False,True,True,1,40,False,surfna_v2_v3_ccdcomplete128_redocking_3rep_20260828
LeDock,ledock,All128,Yan;Ruiz;Chen;Philips,1byj,RNA,,rep1,rep1,40,7.84298055,7.51562888,7.51562888,7.28587792,1.9636823,False,False,False,False,True,False,0.975,39,False,surfna_v2_v3_ccdcomplete128_redocking_3rep_20260828
LeDock,ledock,All128,Yan,1cvx,DNA,,rep1,rep1,40,2.07293292,2.07293292,2.07293292,1.65291396,1.59639273,False,False,False,True,True,True,1,40,False,surfna_v2_v3_ccdcomplete128_redocking_3rep_20260828
LeDock,ledock,All128,Yan,1cvy,DNA,,rep1,rep1,40,15.026724,2.40132167,2.40132167,2.40132167,1.93420119,False,False,False,False,True,False,1,40,False,surfna_v2_v3_ccdcomplete128_redocking_3rep_20260828
LeDock,ledock,All128,Yan,1db6,DNA,,rep1,rep1,40,1.81131292,1.73391907,1.73391907,1.73391907,1.48511318,True,True,True,True,True,True,1,40,False,surfna_v2_v3_ccdcomplete128_redocking_3rep_20260828
LeDock,ledock,All128,Ruiz;Chen;Philips,1eht,RNA,,rep1,rep1,40,3.87183774,3.33574079,3.33574079,3.33574079,3.33574079,False,False,False,False,False,True,0.075,3,False,surfna_v2_v3_ccdcomplete128_redocking_3rep_20260828
LeDock,ledock,All128,Ruiz;Chen;Philips,1ei2,RNA,,rep1,rep1,40,7.08214225,7.08214225,7.04543819,4.24542008,3.03573805,False,False,False,False,False,False,1,40,False,surfna_v2_v3_ccdcomplete128_redocking_3rep_20260828
LeDock,ledock,All128,Yan;Ruiz;Chen;Philips,1f1t,RNA,,rep1,rep1,40,1.00564641,0.83851203,0.82241986,0.68861232,0.68861232,True,True,True,True,True,True,0.25,10,False,surfna_v2_v3_ccdcomplete128_redocking_3rep_20260828
LeDock,ledock,All128,Yan;Ruiz;Chen;Philips,1f27,RNA,,rep1,rep1,40,2.66827538,2.66827538,2.5198459,2.51085293,1.85351979,False,False,False,False,True,True,0.8,32,False,surfna_v2_v3_ccdcomplete128_redocking_3rep_20260828
LeDock,ledock,All128,Philips,1fjg,RNA,,rep1,rep1,40,5.13441977,5.13441977,5.13441977,4.65140643,4.17777691,False,False,False,False,False,False,1,40,False,surfna_v2_v3_ccdcomplete128_redocking_3rep_20260828
LeDock,ledock,All128,Ruiz;Chen;Philips,1fmn,RNA,,rep1,rep1,40,1.52670122,1.34133667,1.34133667,1.22181471,0.82302199,True,True,True,True,True,True,0.975,39,False,surfna_v2_v3_ccdcomplete128_redocking_3rep_20260828
LeDock,ledock,All128,Yan;Ruiz;Chen;Philips,1fyp,RNA,,rep1,rep1,40,5.35132235,5.35132235,5.35132235,3.21560051,2.7605172,False,False,False,False,False,False,1,40,False,surfna_v2_v3_ccdcomplete128_redocking_3rep_20260828
LeDock,ledock,All128,Philips,1hnw,RNA,,rep1,rep1,40,3.41563379,2.09366083,2.09366083,1.0683389,1.0683389,False,False,False,True,True,True,0.7,28,False,surfna_v2_v3_ccdcomplete128_redocking_3rep_20260828
LeDock,ledock,All128,Yan,1i9v,RNA,,rep1,rep1,40,6.16467795,5.81957063,4.31345298,4.0495844,3.52461814,False,False,False,False,False,False,1,40,False,surfna_v2_v3_ccdcomplete128_redocking_3rep_20260828
LeDock,ledock,All128,Ruiz;Chen;Philips,1j7t,RNA,,rep1,rep1,40,9.00873953,3.19435466,3.19435466,3.19435466,2.44189396,False,False,False,False,False,False,1,40,False,surfna_v2_v3_ccdcomplete128_redocking_3rep_20260828
LeDock,ledock,All128,Ruiz;Chen;Philips,1koc,RNA,,rep1,rep1,40,2.2594205,2.24485209,2.01234076,1.77713944,1.46685355,False,False,False,True,True,True,1,40,False,surfna_v2_v3_ccdcomplete128_redocking_3rep_20260828
LeDock,ledock,All128,Ruiz;Chen,1lc4,RNA,,rep1,rep1,40,4.58956887,3.29477168,2.1768643,2.1768643,2.05569032,False,False,False,False,False,True,0.95,38,False,surfna_v2_v3_ccdcomplete128_redocking_3rep_20260828
LeDock,ledock,All128,Ruiz;Chen,1lvj,RNA,,rep1,rep1,40,5.01317069,4.97617454,4.97617454,1.55276668,1.15558538,False,False,False,True,True,False,0.825,33,False,surfna_v2_v3_ccdcomplete128_redocking_3rep_20260828
LeDock,ledock,All128,Ruiz;Chen;Philips,1mwl,RNA,,rep1,rep1,40,2.67055004,2.67055004,2.67055004,2.12949936,2.0502588,False,False,False,False,False,True,1,40,False,surfna_v2_v3_ccdcomplete128_redocking_3rep_20260828
LeDock,ledock,All128,Philips,1nbk,RNA,,rep1,rep1,40,2.11794118,1.89300427,1.89300427,1.89300427,1.8612659,False,True,True,True,True,True,1,40,False,surfna_v2_v3_ccdcomplete128_redocking_3rep_20260828
LeDock,ledock,All128,Ruiz;Chen;Philips,1nem,RNA,,rep1,rep1,40,5.04584129,4.50498805,4.50498805,4.50498805,2.16071177,False,False,False,False,False,False,1,40,False,surfna_v2_v3_ccdcomplete128_redocking_3rep_20260828
LeDock,ledock,All128,Ruiz,1nta,RNA,,rep1,rep1,40,7.80247958,7.69211773,3.67188304,3.67188304,3.1863432,False,False,False,False,False,False,1,40,False,surfna_v2_v3_ccdcomplete128_redocking_3rep_20260828
LeDock,ledock,All128,Ruiz;Chen,1ntb,RNA,,rep1,rep1,40,2.76643858,2.53809372,2.40659324,2.40659324,2.25474394,False,False,False,False,False,True,1,40,False,surfna_v2_v3_ccdcomplete128_redocking_3rep_20260828
LeDock,ledock,All128,Yan,1nzm,DNA,,rep1,rep1,40,4.45585758,4.38589455,4.38589455,4.38589455,4.38589455,False,False,False,False,False,True,0.175,7,False,surfna_v2_v3_ccdcomplete128_redocking_3rep_20260828
LeDock,ledock,All128,Ruiz,1o15,RNA,,rep1,rep1,40,0.54264247,0.54264247,0.45003504,0.45003504,0.45003504,True,True,True,True,True,True,0.25,10,False,surfna_v2_v3_ccdcomplete128_redocking_3rep_20260828
LeDock,ledock,All128,Ruiz,1o9m,RNA,,rep1,rep1,40,2.58105691,2.55316564,2.19521051,1.94912371,1.83534206,False,False,False,True,True,True,1,40,False,surfna_v2_v3_ccdcomplete128_redocking_3rep_20260828
LeDock,ledock,All128,Yan,1p96,DNA,,rep1,rep1,40,6.45863034,6.36389813,6.34636886,2.36862913,2.24426994,False,False,False,False,False,False,0.7,28,False,surfna_v2_v3_ccdcomplete128_redocking_3rep_20260828
LeDock,ledock,All128,Ruiz;Chen;Philips,1pbr,RNA,,rep1,rep1,40,7.19696072,7.19696072,7.19696072,3.35201913,2.50744877,False,False,False,False,False,False,1,40,False,surfna_v2_v3_ccdcomplete128_redocking_3rep_20260828
LeDock,ledock,All128,Yan;Ruiz;Chen;Philips,1q8n,RNA,,rep1,rep1,40,0.89080757,0.89080757,0.79613976,0.73903064,0.73903064,True,True,True,True,True,True,0.4,16,False,surfna_v2_v3_ccdcomplete128_redocking_3rep_20260828
LeDock,ledock,All128,Yan;Ruiz;Chen,1qd3,RNA,,rep1,rep1,40,8.84618839,4.95964493,4.79628763,2.81501985,2.81501985,False,False,False,False,False,False,1,40,False,surfna_v2_v3_ccdcomplete128_redocking_3rep_20260828
LeDock,ledock,All128,Yan,1qv4,DNA,,rep1,rep1,40,0.94827993,0.94827993,0.61257394,0.61257394,0.61257394,True,True,True,True,True,True,0.5,20,False,surfna_v2_v3_ccdcomplete128_redocking_3rep_20260828
LeDock,ledock,All128,Yan,1qv8,DNA,,rep1,rep1,40,12.78665829,12.78665829,1.1083935,0.73940789,0.73940789,False,False,True,True,True,False,0.375,15,False,surfna_v2_v3_ccdcomplete128_redocking_3rep_20260828
LeDock,ledock,All128,Yan,1r4e,DNA,,rep1,rep1,40,4.47424378,4.26265907,4.22950245,3.99327684,1.80247175,False,False,False,False,True,True,0.725,29,False,surfna_v2_v3_ccdcomplete128_redocking_3rep_20260828
LeDock,ledock,All128,Ruiz;Chen;Philips,1tob,RNA,,rep1,rep1,40,7.56954768,7.29421487,7.29421487,4.0725823,2.54994308,False,False,False,False,False,False,1,40,False,surfna_v2_v3_ccdcomplete128_redocking_3rep_20260828
LeDock,ledock,All128,Ruiz;Chen,1u8d,RNA,,rep1,rep1,40,2.41833883,0.45171695,0.45171695,0.45171695,0.45171695,False,True,True,True,True,True,0.075,3,False,surfna_v2_v3_ccdcomplete128_redocking_3rep_20260828
LeDock,ledock,All128,Yan;Ruiz;Philips,1uts,RNA,,rep1,rep1,40,8.93505689,8.93505689,7.56772532,6.64084036,2.03438143,False,False,False,False,False,False,1,40,False,surfna_v2_v3_ccdcomplete128_redocking_3rep_20260828
LeDock,ledock,All128,Yan;Ruiz;Chen;Philips,1uud,RNA,,rep1,rep1,40,4.94358319,1.63159551,1.63159551,1.63159551,1.62402337,False,True,True,True,True,True,1,40,False,surfna_v2_v3_ccdcomplete128_redocking_3rep_20260828
LeDock,ledock,All128,Ruiz;Philips,1uui,RNA,,rep1,rep1,40,6.96891591,2.05330265,2.05330265,2.03208998,1.86449045,False,False,False,False,True,False,1,40,False,surfna_v2_v3_ccdcomplete128_redocking_3rep_20260828
LeDock,ledock,All128,Philips,1xbp,RNA,,rep1,rep1,40,4.34874031,4.00078542,4.00078542,2.46796061,2.25887406,False,False,False,False,False,True,1,40,False,surfna_v2_v3_ccdcomplete128_redocking_3rep_20260828
LeDock,ledock,All128,Ruiz;Philips,1xpf,RNA,,rep1,rep1,40,2.16810378,1.41037442,1.41037442,1.30680524,1.30680524,False,True,True,True,True,True,1,40,False,surfna_v2_v3_ccdcomplete128_redocking_3rep_20260828
LeDock,ledock,All128,Ruiz;Chen;Philips,1y26,RNA,,rep1,rep1,40,2.4148501,0.23214069,0.23214069,0.23214069,0.23214069,False,True,True,True,True,True,0.2,8,False,surfna_v2_v3_ccdcomplete128_redocking_3rep_20260828
LeDock,ledock,All128,Chen,1y27,RNA,,rep1,rep1,40,0.4032413,0.19967246,0.19967246,0.19967246,0.19967246,True,True,True,True,True,True,0.125,5,False,surfna_v2_v3_ccdcomplete128_redocking_3rep_20260828
LeDock,ledock,All128,Yan;Chen,1ykv,RNA,,rep1,rep1,40,0.90425149,0.80709355,0.80432936,0.70426606,0.67637688,True,True,True,True,True,True,0.575,23,False,surfna_v2_v3_ccdcomplete128_redocking_3rep_20260828
LeDock,ledock,All128,Yan;Ruiz;Chen,1yrj,RNA,,rep1,rep1,40,4.66195054,4.49852303,4.45912284,3.60035573,3.57656546,False,False,False,False,False,True,0.925,37,False,surfna_v2_v3_ccdcomplete128_redocking_3rep_20260828
LeDock,ledock,All128,Chen,1zz5,RNA,,rep1,rep1,40,7.9813726,7.94270344,7.93347139,7.7613256,3.26106342,False,False,False,False,False,False,0.9,36,False,surfna_v2_v3_ccdcomplete128_redocking_3rep_20260828
LeDock,ledock,All128,Yan;Ruiz,2au4,RNA,,rep1,rep1,40,1.97871156,1.85600677,1.53091809,1.53091809,1.52896726,True,True,True,True,True,True,1,40,False,surfna_v2_v3_ccdcomplete128_redocking_3rep_20260828
LeDock,ledock,All128,Yan,2b57,RNA,,rep1,rep1,40,2.7267929,2.7267929,2.7267929,0.52957745,0.52957745,False,False,False,True,True,True,0.25,10,False,surfna_v2_v3_ccdcomplete128_redocking_3rep_20260828
LeDock,ledock,All128,Yan;Ruiz;Chen;Philips,2be0,RNA,,rep1,rep1,40,8.9837838,7.73625871,4.80934465,4.80934465,4.80934465,False,False,False,False,False,False,1,40,False,surfna_v2_v3_ccdcomplete128_redocking_3rep_20260828
LeDock,ledock,All128,Yan;Ruiz;Philips,2bee,RNA,,rep1,rep1,40,8.71140762,7.66918564,7.66918564,7.28529518,4.20304582,False,False,False,False,False,False,1,40,False,surfna_v2_v3_ccdcomplete128_redocking_3rep_20260828
LeDock,ledock,All128,Yan,2d55,DNA,,rep1,rep1,40,5.74454873,5.70633799,5.70633799,4.53169789,4.53169789,False,False,False,False,False,False,0.9,36,False,surfna_v2_v3_ccdcomplete128_redocking_3rep_20260828
LeDock,ledock,All128,Chen,2esi,RNA,,rep1,rep1,40,1.43226512,1.43226512,1.43226512,1.43226512,1.43226512,True,True,True,True,True,True,0.975,39,False,surfna_v2_v3_ccdcomplete128_redocking_3rep_20260828
LeDock,ledock,All128,Ruiz,2esj,RNA,,rep1,rep1,40,8.25494967,7.44280827,3.37695703,3.37695703,3.37695703,False,False,False,False,False,False,1,40,False,surfna_v2_v3_ccdcomplete128_redocking_3rep_20260828
LeDock,ledock,All128,Ruiz,2et3,RNA,,rep1,rep1,40,2.17310326,2.17310326,2.17310326,2.16147468,2.0540287,False,False,False,False,False,True,0.975,39,False,surfna_v2_v3_ccdcomplete128_redocking_3rep_20260828
LeDock,ledock,All128,Ruiz,2et4,RNA,,rep1,rep1,40,8.09222277,5.92167056,5.50254845,5.38796547,3.53942276,False,False,False,False,False,False,1,40,False,surfna_v2_v3_ccdcomplete128_redocking_3rep_20260828
LeDock,ledock,All128,Ruiz;Chen;Philips,2et8,RNA,,rep1,rep1,40,0.88726172,0.88726172,0.88726172,0.88726172,0.68773978,True,True,True,True,True,True,1,40,False,surfna_v2_v3_ccdcomplete128_redocking_3rep_20260828
LeDock,ledock,All128,Ruiz,2f4s,RNA,,rep1,rep1,40,3.11749143,3.11749143,3.11749143,3.11749143,1.36688534,False,False,False,False,True,True,0.975,39,False,surfna_v2_v3_ccdcomplete128_redocking_3rep_20260828
LeDock,ledock,All128,Yan;Ruiz;Chen,2f4t,RNA,,rep1,rep1,40,7.96134465,7.75075596,7.75075596,4.38042504,3.73746453,False,False,False,False,False,False,1,40,False,surfna_v2_v3_ccdcomplete128_redocking_3rep_20260828
LeDock,ledock,All128,Yan;Ruiz;Philips,2f4u,RNA,,rep1,rep1,40,8.5634383,2.03729774,2.03729774,2.03729774,2.03729774,False,False,False,False,False,False,1,40,False,surfna_v2_v3_ccdcomplete128_redocking_3rep_20260828
LeDock,ledock,All128,Ruiz,2fcx,RNA,,rep1,rep1,40,3.42474469,3.41486216,3.41486216,1.91685685,1.73133594,False,False,False,True,True,True,1,40,False,surfna_v2_v3_ccdcomplete128_redocking_3rep_20260828
LeDock,ledock,All128,Ruiz,2fcy,RNA,,rep1,rep1,40,9.04653052,8.92875327,8.92875327,3.51197238,2.93516892,False,False,False,False,False,False,1,40,False,surfna_v2_v3_ccdcomplete128_redocking_3rep_20260828
LeDock,ledock,All128,Ruiz;Chen;Philips,2fcz,RNA,,rep1,rep1,40,6.24328554,2.85306019,2.85306019,2.85306019,2.51849893,False,False,False,False,False,False,1,40,False,surfna_v2_v3_ccdcomplete128_redocking_3rep_20260828
LeDock,ledock,All128,Ruiz;Chen;Philips,2fd0,RNA,,rep1,rep1,40,4.79759927,3.20617661,3.20617661,2.35422961,1.87897153,False,False,False,False,True,True,1,40,False,surfna_v2_v3_ccdcomplete128_redocking_3rep_20260828
LeDock,ledock,All128,Yan,2g5k,RNA,,rep1,rep1,40,10.06155588,2.23642009,2.23642009,2.23642009,2.23642009,False,False,False,False,False,False,0.975,39,False,surfna_v2_v3_ccdcomplete128_redocking_3rep_20260828
LeDock,ledock,All128,Ruiz;Chen;Philips,2g5q,RNA,,rep1,rep1,40,7.64200434,5.86588102,5.86588102,5.74530789,2.11226558,False,False,False,False,False,False,1,40,False,surfna_v2_v3_ccdcomplete128_redocking_3rep_20260828
LeDock,ledock,All128,Yan,2g9c,RNA,,rep1,rep1,40,0.46021191,0.46021191,0.46021191,0.45414976,0.42885351,True,True,True,True,True,True,0.525,21,False,surfna_v2_v3_ccdcomplete128_redocking_3rep_20260828
LeDock,ledock,All128,Chen;Philips,2gdi,RNA,,rep1,rep1,40,2.77738214,2.77738214,2.24657128,2.13490012,1.5677712,False,False,False,False,True,True,1,40,False,surfna_v2_v3_ccdcomplete128_redocking_3rep_20260828
LeDock,ledock,All128,Chen,2gis,RNA,,rep1,rep1,40,0.99633081,0.90003959,0.87756182,0.73555552,0.73555552,True,True,True,True,True,True,1,40,False,surfna_v2_v3_ccdcomplete128_redocking_3rep_20260828
LeDock,ledock,All128,Ruiz,2juk,RNA,,rep1,rep1,40,6.67462321,5.70073041,5.70073041,4.32359522,3.91591665,False,False,False,False,False,False,1,40,False,surfna_v2_v3_ccdcomplete128_redocking_3rep_20260828
LeDock,ledock,All128,Yan,2jwq,DNA,,rep1,rep1,40,1.17920075,1.17920075,1.11997201,0.96347942,0.70518942,True,True,True,True,True,True,0.8,32,False,surfna_v2_v3_ccdcomplete128_redocking_3rep_20260828
LeDock,ledock,All128,Yan;Chen,2kgp,RNA,,rep1,rep1,40,2.2459607,2.2459607,2.2459607,2.2459607,2.2459607,False,False,False,False,False,True,1,40,False,surfna_v2_v3_ccdcomplete128_redocking_3rep_20260828
LeDock,ledock,All128,Yan;Chen,2ktz,RNA,,rep1,rep1,40,6.60567545,6.60567545,5.58669868,5.58669868,1.2023016,False,False,False,False,True,False,0.95,38,False,surfna_v2_v3_ccdcomplete128_redocking_3rep_20260828
LeDock,ledock,All128,Yan;Chen,2ku0,RNA,,rep1,rep1,40,6.16131021,6.16131021,6.11831132,5.8555896,2.28932984,False,False,False,False,False,False,0.85,34,False,surfna_v2_v3_ccdcomplete128_redocking_3rep_20260828
LeDock,ledock,All128,Yan,2l94,RNA,,rep1,rep1,40,1.90905487,1.90905487,1.90905487,1.82664189,1.63570644,True,True,True,True,True,True,1,40,False,surfna_v2_v3_ccdcomplete128_redocking_3rep_20260828
LeDock,ledock,All128,Yan,2loa,DNA,,rep1,rep1,40,1.51412559,1.51412559,1.51412559,1.51412559,1.51412559,True,True,True,True,True,True,0.7,28,False,surfna_v2_v3_ccdcomplete128_redocking_3rep_20260828
LeDock,ledock,All128,Yan,2mb3,DNA,,rep1,rep1,40,4.80518556,4.80518556,4.78512924,4.3655476,4.34842252,False,False,False,False,False,True,0.925,37,False,surfna_v2_v3_ccdcomplete128_redocking_3rep_20260828
LeDock,ledock,All128,Ruiz;Chen,2o3v,RNA,,rep1,rep1,40,2.14621711,2.14621711,2.14621711,2.14621711,2.14621711,False,False,False,False,False,True,1,40,False,surfna_v2_v3_ccdcomplete128_redocking_3rep_20260828
LeDock,ledock,All128,Yan;Ruiz,2o3w,RNA,,rep1,rep1,40,6.15962505,5.25035438,3.73771379,3.73771379,3.73771379,False,False,False,False,False,False,1,40,False,surfna_v2_v3_ccdcomplete128_redocking_3rep_20260828
LeDock,ledock,All128,Yan;Ruiz;Philips,2o3x,RNA,,rep1,rep1,40,7.08678927,6.86091697,6.86091697,5.16862966,2.19130674,False,False,False,False,False,False,1,40,False,surfna_v2_v3_ccdcomplete128_redocking_3rep_20260828
LeDock,ledock,All128,Ruiz;Philips,2oe5,RNA,,rep1,rep1,40,9.08180277,8.919261,2.55132104,2.55132104,2.55132104,False,False,False,False,False,False,0.95,38,False,surfna_v2_v3_ccdcomplete128_redocking_3rep_20260828
LeDock,ledock,All128,Ruiz;Chen,2oe8,RNA,,rep1,rep1,40,8.88263636,8.88263636,3.10678329,2.65345487,2.49718023,False,False,False,False,False,False,0.975,39,False,surfna_v2_v3_ccdcomplete128_redocking_3rep_20260828
LeDock,ledock,All128,Philips,2ogn,RNA,,rep1,rep1,40,1.60178674,1.49134714,1.49134714,1.49134714,1.3168208,True,True,True,True,True,True,0.825,33,False,surfna_v2_v3_ccdcomplete128_redocking_3rep_20260828
LeDock,ledock,All128,Chen;Philips,2pwt,RNA,,rep1,rep1,40,9.64435871,8.48342841,7.52875101,6.69104226,6.46511457,False,False,False,False,False,False,1,40,False,surfna_v2_v3_ccdcomplete128_redocking_3rep_20260828
LeDock,ledock,All128,Ruiz;Chen;Philips,2tob,RNA,,rep1,rep1,40,3.05715376,2.15260578,2.15260578,2.14359614,1.7743947,False,False,False,False,True,True,1,40,False,surfna_v2_v3_ccdcomplete128_redocking_3rep_20260828
LeDock,ledock,All128,Yan,2xnw,RNA,,rep1,rep1,40,3.5228281,3.45555476,3.44512072,3.43576548,2.04027273,False,False,False,False,False,True,0.425,17,False,surfna_v2_v3_ccdcomplete128_redocking_3rep_20260828
LeDock,ledock,All128,Yan,2xnz,RNA,,rep1,rep1,40,0.77288694,0.77288694,0.74060178,0.7294552,0.59598443,True,True,True,True,True,True,0.575,23,False,surfna_v2_v3_ccdcomplete128_redocking_3rep_20260828
LeDock,ledock,All128,Yan,2xo0,RNA,,rep1,rep1,40,2.3004358,0.7643207,0.7643207,0.7643207,0.7643207,False,True,True,True,True,True,0.475,19,False,surfna_v2_v3_ccdcomplete128_redocking_3rep_20260828
LeDock,ledock,All128,Yan,2xo1,RNA,,rep1,rep1,40,3.1698927,3.15420768,2.92283535,0.59755555,0.59755555,False,False,False,True,True,True,0.15,6,False,surfna_v2_v3_ccdcomplete128_redocking_3rep_20260828
LeDock,ledock,All128,Yan,2ydh,RNA,,rep1,rep1,40,5.09061118,1.42754119,1.42754119,1.42754119,1.05733981,False,True,True,True,True,False,1,40,False,surfna_v2_v3_ccdcomplete128_redocking_3rep_20260828
LeDock,ledock,All128,Yan,2ygh,RNA,,rep1,rep1,40,1.05778056,1.03718929,1.03718929,0.95859822,0.94475576,True,True,True,True,True,True,1,40,False,surfna_v2_v3_ccdcomplete128_redocking_3rep_20260828
LeDock,ledock,All128,Yan,316d,DNA,,rep1,rep1,40,6.0247747,6.0247747,5.80334465,5.80334465,5.4745473,False,False,False,False,False,False,0.975,39,False,surfna_v2_v3_ccdcomplete128_redocking_3rep_20260828
LeDock,ledock,All128,Ruiz,3c44,RNA,,rep1,rep1,40,1.70924339,1.16222643,1.16222643,1.16222643,1.16222643,True,True,True,True,True,True,1,40,False,surfna_v2_v3_ccdcomplete128_redocking_3rep_20260828
LeDock,ledock,All128,Philips,3d2x,RNA,,rep1,rep1,40,2.71143689,2.14278167,1.87784746,1.82184612,1.45010774,False,False,True,True,True,True,1,40,False,surfna_v2_v3_ccdcomplete128_redocking_3rep_20260828
LeDock,ledock,All128,Chen,3dil,RNA,,rep1,rep1,40,1.38030978,1.25403026,1.10849456,1.07227991,1.07227991,True,True,True,True,True,True,0.95,38,False,surfna_v2_v3_ccdcomplete128_redocking_3rep_20260828
LeDock,ledock,All128,Yan,3ds7,RNA,,rep1,rep1,40,0.87482648,0.87482648,0.63944474,0.57536034,0.57536034,True,True,True,True,True,True,0.525,21,False,surfna_v2_v3_ccdcomplete128_redocking_3rep_20260828
LeDock,ledock,All128,Chen,3dvv,RNA,,rep1,rep1,40,6.00595406,5.57880689,5.57880689,5.57880689,2.87555031,False,False,False,False,False,False,0.975,39,False,surfna_v2_v3_ccdcomplete128_redocking_3rep_20260828
LeDock,ledock,All128,Yan,3e5c,RNA,,rep1,rep1,40,2.32240887,1.55177506,1.43389865,1.37123313,1.37123313,False,True,True,True,True,True,1,40,False,surfna_v2_v3_ccdcomplete128_redocking_3rep_20260828
LeDock,ledock,All128,Chen,3f2q,RNA,,rep1,rep1,40,1.24117049,1.24117049,0.84775816,0.84775816,0.84775816,True,True,True,True,True,True,0.975,39,False,surfna_v2_v3_ccdcomplete128_redocking_3rep_20260828
LeDock,ledock,All128,Yan,3fo4,RNA,,rep1,rep1,40,inf,inf,inf,inf,inf,False,False,False,False,False,False,0,0,True,surfna_v2_v3_ccdcomplete128_redocking_3rep_20260828
LeDock,ledock,All128,Yan,3fo6,RNA,,rep1,rep1,40,0.89855296,0.69093216,0.53474519,0.50713427,0.50713427,True,True,True,True,True,True,0.15,6,False,surfna_v2_v3_ccdcomplete128_redocking_3rep_20260828
LeDock,ledock,All128,Yan,3gao,RNA,,rep1,rep1,40,2.65718075,2.65718075,2.65718075,2.65718075,2.65718075,False,False,False,False,False,True,0.05,2,False,surfna_v2_v3_ccdcomplete128_redocking_3rep_20260828
LeDock,ledock,All128,Yan,3ger,RNA,,rep1,rep1,40,inf,inf,inf,inf,inf,False,False,False,False,False,False,0,0,True,surfna_v2_v3_ccdcomplete128_redocking_3rep_20260828
LeDock,ledock,All128,Yan,3ges,RNA,,rep1,rep1,40,0.97351751,0.97351751,0.97351751,0.97351751,0.97351751,True,True,True,True,True,True,0.175,7,False,surfna_v2_v3_ccdcomplete128_redocking_3rep_20260828
LeDock,ledock,All128,Yan,3gog,RNA,,rep1,rep1,40,inf,inf,inf,inf,inf,False,False,False,False,False,False,0,0,True,surfna_v2_v3_ccdcomplete128_redocking_3rep_20260828
LeDock,ledock,All128,Yan,3got,RNA,,rep1,rep1,40,0.28271685,0.19859049,0.176879,0.176879,0.176879,True,True,True,True,True,True,0.275,11,False,surfna_v2_v3_ccdcomplete128_redocking_3rep_20260828
LeDock,ledock,All128,Chen;Philips,3gx2,RNA,,rep1,rep1,40,0.74984863,0.74984863,0.68461032,0.68461032,0.68461032,True,True,True,True,True,True,1,40,False,surfna_v2_v3_ccdcomplete128_redocking_3rep_20260828
LeDock,ledock,All128,Chen,3gx3,RNA,,rep1,rep1,40,1.31625527,1.15085587,1.15085587,1.15085587,1.15085587,True,True,True,True,True,True,1,40,False,surfna_v2_v3_ccdcomplete128_redocking_3rep_20260828
LeDock,ledock,All128,Chen,3gx5,RNA,,rep1,rep1,40,1.54631206,1.36656973,1.29235261,1.08571373,1.08571373,True,True,True,True,True,True,0.95,38,False,surfna_v2_v3_ccdcomplete128_redocking_3rep_20260828
LeDock,ledock,All128,Chen,3gx7,RNA,,rep1,rep1,40,1.14742706,0.72947338,0.72947338,0.72947338,0.72947338,True,True,True,True,True,True,1,40,False,surfna_v2_v3_ccdcomplete128_redocking_3rep_20260828
LeDock,ledock,All128,Yan;Chen,3la5,RNA,,rep1,rep1,40,0.43606135,0.43606135,0.40302931,0.40302931,0.40302931,True,True,True,True,True,True,0.325,13,False,surfna_v2_v3_ccdcomplete128_redocking_3rep_20260828
LeDock,ledock,All128,Yan,3mum,RNA,,rep1,rep1,40,4.04641812,4.04463033,4.04463033,3.29227898,2.72161683,False,False,False,False,False,True,0.55,22,False,surfna_v2_v3_ccdcomplete128_redocking_3rep_20260828
LeDock,ledock,All128,Yan,3mur,RNA,,rep1,rep1,40,7.24644903,7.12748306,7.12748306,6.08669357,5.58644858,False,False,False,False,False,False,0.725,29,False,surfna_v2_v3_ccdcomplete128_redocking_3rep_20260828
LeDock,ledock,All128,Yan,3mxh,RNA,,rep1,rep1,40,2.41853273,1.83521259,1.83521259,1.82972321,1.82972321,False,True,True,True,True,True,0.375,15,False,surfna_v2_v3_ccdcomplete128_redocking_3rep_20260828
LeDock,ledock,All128,Yan,3npn,RNA,,rep1,rep1,40,1.29126882,1.28357255,1.28357255,0.85112591,0.75586853,True,True,True,True,True,True,1,40,False,surfna_v2_v3_ccdcomplete128_redocking_3rep_20260828
LeDock,ledock,All128,Chen,3npq,RNA,,rep1,rep1,40,1.9591941,0.99112178,0.85757175,0.85757175,0.75621754,True,True,True,True,True,True,1,40,False,surfna_v2_v3_ccdcomplete128_redocking_3rep_20260828
LeDock,ledock,All128,Yan,3owz,RNA,,rep1,rep1,40,2.18279234,0.96061928,0.96061928,0.89862395,0.47460931,False,True,True,True,True,True,0.9,36,False,surfna_v2_v3_ccdcomplete128_redocking_3rep_20260828
LeDock,ledock,All128,Yan;Chen,3q3z,RNA,,rep1,rep1,40,3.52101165,3.41755762,3.41755762,3.41261872,3.10333311,False,False,False,False,False,True,0.45,18,False,surfna_v2_v3_ccdcomplete128_redocking_3rep_20260828
LeDock,ledock,All128,Yan,3q50,RNA,,rep1,rep1,40,0.51414993,0.51414993,0.44706091,0.44095848,0.4002529,True,True,True,True,True,True,0.675,27,False,surfna_v2_v3_ccdcomplete128_redocking_3rep_20260828
LeDock,ledock,All128,Yan,3s4p,RNA,,rep1,rep1,40,6.70665833,6.70665833,4.56546697,4.56546697,3.8650405,False,False,False,False,False,False,1,40,False,surfna_v2_v3_ccdcomplete128_redocking_3rep_20260828
LeDock,ledock,All128,Yan,3slm,RNA,,rep1,rep1,40,1.30829725,1.30829725,1.29991456,1.27882174,0.87977519,True,True,True,True,True,True,0.8,32,False,surfna_v2_v3_ccdcomplete128_redocking_3rep_20260828
LeDock,ledock,All128,Yan,407d,DNA,,rep1,rep1,40,15.88110904,15.50786201,15.50786201,14.92395226,2.23014493,False,False,False,False,False,False,1,40,False,surfna_v2_v3_ccdcomplete128_redocking_3rep_20260828
LeDock,ledock,All128,Yan,408d,DNA,,rep1,rep1,40,2.28207818,2.28207818,2.28207818,2.28207818,2.23670086,False,False,False,False,False,True,1,40,False,surfna_v2_v3_ccdcomplete128_redocking_3rep_20260828
LeDock,ledock,All128,Yan,4aob,RNA,,rep1,rep1,40,4.82277223,4.74985615,1.97713632,1.76669134,1.76669134,False,False,True,True,True,True,1,40,False,surfna_v2_v3_ccdcomplete128_redocking_3rep_20260828
LeDock,ledock,All128,Yan,4erj,RNA,,rep1,rep1,40,4.91850995,4.76068207,1.80603255,0.8845643,0.8845643,False,False,True,True,True,True,1,40,False,surfna_v2_v3_ccdcomplete128_redocking_3rep_20260828
LeDock,ledock,All128,Yan,4fe5,RNA,,rep1,rep1,40,2.92088451,0.54179821,0.54179821,0.54179821,0.54179821,False,True,True,True,True,True,0.075,3,False,surfna_v2_v3_ccdcomplete128_redocking_3rep_20260828
LeDock,ledock,All128,Yan,4jf2,RNA,,rep1,rep1,40,0.60421086,0.2960317,0.28901597,0.28901597,0.28901597,True,True,True,True,True,True,0.2,8,False,surfna_v2_v3_ccdcomplete128_redocking_3rep_20260828
LeDock,ledock,All128,Yan,4kqy,RNA,,rep1,rep1,40,0.97964455,0.97964455,0.97964455,0.97964455,0.97964455,True,True,True,True,True,True,1,40,False,surfna_v2_v3_ccdcomplete128_redocking_3rep_20260828
LeDock,ledock,All128,Yan,4lvv,RNA,,rep1,rep1,40,3.08574947,2.2401035,2.11161152,2.07081041,1.57693241,False,False,False,False,True,True,1,40,False,surfna_v2_v3_ccdcomplete128_redocking_3rep_20260828
LeDock,ledock,All128,Ruiz;Chen;Philips,1am0,RNA,,rep2,rep2,40,3.98127351,1.63498677,1.62808375,1.62808375,1.31769504,False,True,True,True,True,True,0.975,39,False,surfna_v2_v3_ccdcomplete128_redocking_3rep_20260828
LeDock,ledock,All128,Yan,1arj,RNA,,rep2,rep2,40,2.96087839,2.25169764,2.07067563,2.07067563,1.78984329,False,False,False,False,True,True,1,40,False,surfna_v2_v3_ccdcomplete128_redocking_3rep_20260828
LeDock,ledock,All128,Yan;Ruiz;Chen;Philips,1byj,RNA,,rep2,rep2,40,1.9002311,1.79314053,1.79314053,1.79314053,1.79314053,True,True,True,True,True,True,0.975,39,False,surfna_v2_v3_ccdcomplete128_redocking_3rep_20260828
LeDock,ledock,All128,Yan,1cvx,DNA,,rep2,rep2,40,2.26262058,2.20223824,2.20223824,1.925346,1.57379991,False,False,False,True,True,True,1,40,False,surfna_v2_v3_ccdcomplete128_redocking_3rep_20260828
LeDock,ledock,All128,Yan,1cvy,DNA,,rep2,rep2,40,3.06556938,2.25169251,1.67118884,1.67118884,1.59763844,False,False,True,True,True,True,1,40,False,surfna_v2_v3_ccdcomplete128_redocking_3rep_20260828
LeDock,ledock,All128,Yan,1db6,DNA,,rep2,rep2,40,4.68571211,4.68571211,2.76978561,2.76978561,1.4109718,False,False,False,False,True,True,1,40,False,surfna_v2_v3_ccdcomplete128_redocking_3rep_20260828
LeDock,ledock,All128,Ruiz;Chen;Philips,1eht,RNA,,rep2,rep2,40,3.83683373,3.32779956,3.32779956,3.32779956,3.32779956,False,False,False,False,False,True,0.075,3,False,surfna_v2_v3_ccdcomplete128_redocking_3rep_20260828
LeDock,ledock,All128,Ruiz;Chen;Philips,1ei2,RNA,,rep2,rep2,40,7.28833909,4.86594029,3.92013107,3.92013107,3.8923328,False,False,False,False,False,False,1,40,False,surfna_v2_v3_ccdcomplete128_redocking_3rep_20260828
LeDock,ledock,All128,Yan;Ruiz;Chen;Philips,1f1t,RNA,,rep2,rep2,40,0.82338908,0.82338908,0.82338908,0.82338908,0.62173711,True,True,True,True,True,True,0.3,12,False,surfna_v2_v3_ccdcomplete128_redocking_3rep_20260828
LeDock,ledock,All128,Yan;Ruiz;Chen;Philips,1f27,RNA,,rep2,rep2,40,1.33121906,1.33121906,1.21308772,1.21308772,0.84664241,True,True,True,True,True,True,0.825,33,False,surfna_v2_v3_ccdcomplete128_redocking_3rep_20260828
LeDock,ledock,All128,Philips,1fjg,RNA,,rep2,rep2,40,6.55489769,6.55489769,3.51595106,3.05315177,2.50493676,False,False,False,False,False,False,1,40,False,surfna_v2_v3_ccdcomplete128_redocking_3rep_20260828
LeDock,ledock,All128,Ruiz;Chen;Philips,1fmn,RNA,,rep2,rep2,40,1.76510374,1.35720295,1.27098452,1.16200175,1.14203556,True,True,True,True,True,True,1,40,False,surfna_v2_v3_ccdcomplete128_redocking_3rep_20260828
LeDock,ledock,All128,Yan;Ruiz;Chen;Philips,1fyp,RNA,,rep2,rep2,40,8.00233103,2.97096708,2.97096708,2.97096708,2.59273058,False,False,False,False,False,False,1,40,False,surfna_v2_v3_ccdcomplete128_redocking_3rep_20260828
LeDock,ledock,All128,Philips,1hnw,RNA,,rep2,rep2,40,7.01916013,7.01916013,7.0137888,2.67512446,2.3652694,False,False,False,False,False,False,0.4,16,False,surfna_v2_v3_ccdcomplete128_redocking_3rep_20260828
LeDock,ledock,All128,Yan,1i9v,RNA,,rep2,rep2,40,9.42798149,5.80652167,5.80652167,3.95019551,2.879272,False,False,False,False,False,False,1,40,False,surfna_v2_v3_ccdcomplete128_redocking_3rep_20260828
LeDock,ledock,All128,Ruiz;Chen;Philips,1j7t,RNA,,rep2,rep2,40,8.42620415,8.03984867,5.30532157,2.83487145,2.83487145,False,False,False,False,False,False,1,40,False,surfna_v2_v3_ccdcomplete128_redocking_3rep_20260828
LeDock,ledock,All128,Ruiz;Chen;Philips,1koc,RNA,,rep2,rep2,40,2.29969185,1.78107512,1.78107512,1.78107512,1.63348311,False,True,True,True,True,True,1,40,False,surfna_v2_v3_ccdcomplete128_redocking_3rep_20260828
LeDock,ledock,All128,Ruiz;Chen,1lc4,RNA,,rep2,rep2,40,2.09273814,2.08480701,2.08480701,2.08480701,2.05214602,False,False,False,False,False,True,1,40,False,surfna_v2_v3_ccdcomplete128_redocking_3rep_20260828
LeDock,ledock,All128,Ruiz;Chen,1lvj,RNA,,rep2,rep2,40,2.06890233,1.90012703,1.82546817,1.82546817,0.94171287,False,True,True,True,True,True,0.95,38,False,surfna_v2_v3_ccdcomplete128_redocking_3rep_20260828
LeDock,ledock,All128,Ruiz;Chen;Philips,1mwl,RNA,,rep2,rep2,40,3.97247351,3.97247351,3.91062265,2.51860434,2.51860434,False,False,False,False,False,True,1,40,False,surfna_v2_v3_ccdcomplete128_redocking_3rep_20260828
LeDock,ledock,All128,Philips,1nbk,RNA,,rep2,rep2,40,1.96336991,1.96336991,1.96336991,1.96336991,1.69973444,True,True,True,True,True,True,1,40,False,surfna_v2_v3_ccdcomplete128_redocking_3rep_20260828
LeDock,ledock,All128,Ruiz;Chen;Philips,1nem,RNA,,rep2,rep2,40,5.04021801,4.7064212,4.7064212,4.7064212,2.30652668,False,False,False,False,False,False,1,40,False,surfna_v2_v3_ccdcomplete128_redocking_3rep_20260828
LeDock,ledock,All128,Ruiz,1nta,RNA,,rep2,rep2,40,4.60776874,2.36088416,1.83925791,1.83925791,1.64683049,False,False,True,True,True,True,1,40,False,surfna_v2_v3_ccdcomplete128_redocking_3rep_20260828
LeDock,ledock,All128,Ruiz;Chen,1ntb,RNA,,rep2,rep2,40,7.1290601,3.44361381,3.44361381,2.63383242,1.98375427,False,False,False,False,True,False,1,40,False,surfna_v2_v3_ccdcomplete128_redocking_3rep_20260828
LeDock,ledock,All128,Yan,1nzm,DNA,,rep2,rep2,40,0.86750671,0.86750671,0.86750671,0.86750671,0.86750671,True,True,True,True,True,True,0.15,6,False,surfna_v2_v3_ccdcomplete128_redocking_3rep_20260828
LeDock,ledock,All128,Ruiz,1o15,RNA,,rep2,rep2,40,3.89477985,0.4764107,0.4764107,0.4764107,0.4764107,False,True,True,True,True,True,0.275,11,False,surfna_v2_v3_ccdcomplete128_redocking_3rep_20260828
LeDock,ledock,All128,Ruiz,1o9m,RNA,,rep2,rep2,40,1.58932576,1.58932576,1.58932576,1.58932576,1.58932576,True,True,True,True,True,True,1,40,False,surfna_v2_v3_ccdcomplete128_redocking_3rep_20260828
LeDock,ledock,All128,Yan,1p96,DNA,,rep2,rep2,40,6.41797717,6.3734249,6.3734249,6.3734249,1.86873054,False,False,False,False,True,False,0.5,20,False,surfna_v2_v3_ccdcomplete128_redocking_3rep_20260828
LeDock,ledock,All128,Ruiz;Chen;Philips,1pbr,RNA,,rep2,rep2,40,8.73379579,3.05581025,3.05581025,3.05581025,2.58026407,False,False,False,False,False,False,1,40,False,surfna_v2_v3_ccdcomplete128_redocking_3rep_20260828
LeDock,ledock,All128,Yan;Ruiz;Chen;Philips,1q8n,RNA,,rep2,rep2,40,0.85270724,0.85270724,0.80384812,0.76190096,0.72842694,True,True,True,True,True,True,0.375,15,False,surfna_v2_v3_ccdcomplete128_redocking_3rep_20260828
LeDock,ledock,All128,Yan;Ruiz;Chen,1qd3,RNA,,rep2,rep2,40,4.71909182,4.5598489,4.5598489,4.5598489,2.47234611,False,False,False,False,False,True,1,40,False,surfna_v2_v3_ccdcomplete128_redocking_3rep_20260828
LeDock,ledock,All128,Yan,1qv4,DNA,,rep2,rep2,40,0.94873266,0.94873266,0.94873266,0.94873266,0.94873266,True,True,True,True,True,True,0.5,20,False,surfna_v2_v3_ccdcomplete128_redocking_3rep_20260828
LeDock,ledock,All128,Yan,1qv8,DNA,,rep2,rep2,40,1.31535233,1.31535233,1.2968057,1.19829897,1.04179051,True,True,True,True,True,True,0.35,14,False,surfna_v2_v3_ccdcomplete128_redocking_3rep_20260828
LeDock,ledock,All128,Yan,1r4e,DNA,,rep2,rep2,40,4.36674807,4.36674807,4.36674807,4.19720954,1.07110546,False,False,False,False,True,True,0.7,28,False,surfna_v2_v3_ccdcomplete128_redocking_3rep_20260828
LeDock,ledock,All128,Ruiz;Chen;Philips,1tob,RNA,,rep2,rep2,40,7.92647681,7.92647681,7.59744194,7.59744194,2.51602449,False,False,False,False,False,False,1,40,False,surfna_v2_v3_ccdcomplete128_redocking_3rep_20260828
LeDock,ledock,All128,Ruiz;Chen,1u8d,RNA,,rep2,rep2,40,2.42192506,0.45380932,0.45380932,0.45380932,0.45380932,False,True,True,True,True,True,0.075,3,False,surfna_v2_v3_ccdcomplete128_redocking_3rep_20260828
LeDock,ledock,All128,Yan;Ruiz;Philips,1uts,RNA,,rep2,rep2,40,9.35815756,9.12598064,9.12598064,2.17649288,2.17649288,False,False,False,False,False,False,1,40,False,surfna_v2_v3_ccdcomplete128_redocking_3rep_20260828
LeDock,ledock,All128,Yan;Ruiz;Chen;Philips,1uud,RNA,,rep2,rep2,40,4.12937537,4.12937537,4.12937537,1.95273413,1.88204527,False,False,False,True,True,True,1,40,False,surfna_v2_v3_ccdcomplete128_redocking_3rep_20260828
LeDock,ledock,All128,Ruiz;Philips,1uui,RNA,,rep2,rep2,40,4.91712626,4.91712626,4.86508563,2.22030682,1.89357603,False,False,False,False,True,True,1,40,False,surfna_v2_v3_ccdcomplete128_redocking_3rep_20260828
LeDock,ledock,All128,Philips,1xbp,RNA,,rep2,rep2,40,2.03317632,1.86716255,1.86716255,1.41222908,1.41222908,False,True,True,True,True,True,0.975,39,False,surfna_v2_v3_ccdcomplete128_redocking_3rep_20260828
LeDock,ledock,All128,Ruiz;Philips,1xpf,RNA,,rep2,rep2,40,2.53603217,2.46403582,2.46403582,2.40886197,1.82000942,False,False,False,False,True,True,1,40,False,surfna_v2_v3_ccdcomplete128_redocking_3rep_20260828
LeDock,ledock,All128,Ruiz;Chen;Philips,1y26,RNA,,rep2,rep2,40,0.3375223,0.3375223,0.3375223,0.3375223,0.3375223,True,True,True,True,True,True,0.225,9,False,surfna_v2_v3_ccdcomplete128_redocking_3rep_20260828
LeDock,ledock,All128,Chen,1y27,RNA,,rep2,rep2,40,0.20733022,0.20596889,0.20596889,0.20596889,0.20596889,True,True,True,True,True,True,0.125,5,False,surfna_v2_v3_ccdcomplete128_redocking_3rep_20260828
LeDock,ledock,All128,Yan;Chen,1ykv,RNA,,rep2,rep2,40,1.0693169,0.97843497,0.97843497,0.85878585,0.85878585,True,True,True,True,True,True,0.35,14,False,surfna_v2_v3_ccdcomplete128_redocking_3rep_20260828
LeDock,ledock,All128,Yan;Ruiz;Chen,1yrj,RNA,,rep2,rep2,40,2.31924182,2.30023714,2.30023714,2.30023714,1.90582044,False,False,False,False,True,True,1,40,False,surfna_v2_v3_ccdcomplete128_redocking_3rep_20260828
LeDock,ledock,All128,Chen,1zz5,RNA,,rep2,rep2,40,5.12538028,5.12538028,5.12538028,5.12538028,2.98744548,False,False,False,False,False,False,0.775,31,False,surfna_v2_v3_ccdcomplete128_redocking_3rep_20260828
LeDock,ledock,All128,Yan;Ruiz,2au4,RNA,,rep2,rep2,40,1.77878057,1.77878057,1.77878057,1.67056855,1.37083109,True,True,True,True,True,True,1,40,False,surfna_v2_v3_ccdcomplete128_redocking_3rep_20260828
LeDock,ledock,All128,Yan,2b57,RNA,,rep2,rep2,40,2.72724881,2.72516443,2.72211741,0.55462477,0.53660803,False,False,False,True,True,True,0.4,16,False,surfna_v2_v3_ccdcomplete128_redocking_3rep_20260828
LeDock,ledock,All128,Yan;Ruiz;Chen;Philips,2be0,RNA,,rep2,rep2,40,7.4687073,7.4687073,6.27971578,6.25318249,5.26814828,False,False,False,False,False,False,1,40,False,surfna_v2_v3_ccdcomplete128_redocking_3rep_20260828
LeDock,ledock,All128,Yan;Ruiz;Philips,2bee,RNA,,rep2,rep2,40,9.18397346,7.73695841,7.46132516,3.67624337,3.60003217,False,False,False,False,False,False,1,40,False,surfna_v2_v3_ccdcomplete128_redocking_3rep_20260828
LeDock,ledock,All128,Yan,2d55,DNA,,rep2,rep2,40,7.88019426,7.88019426,7.88019426,4.54869514,4.53998843,False,False,False,False,False,False,0.875,35,False,surfna_v2_v3_ccdcomplete128_redocking_3rep_20260828
LeDock,ledock,All128,Chen,2esi,RNA,,rep2,rep2,40,4.54131005,4.19059591,4.19059591,4.19059591,3.27738291,False,False,False,False,False,True,1,40,False,surfna_v2_v3_ccdcomplete128_redocking_3rep_20260828
LeDock,ledock,All128,Ruiz,2esj,RNA,,rep2,rep2,40,5.88760757,5.88760757,5.88760757,5.88760757,3.17105391,False,False,False,False,False,False,1,40,False,surfna_v2_v3_ccdcomplete128_redocking_3rep_20260828
LeDock,ledock,All128,Ruiz,2et3,RNA,,rep2,rep2,40,2.40493106,1.8960346,1.8960346,1.8960346,1.8960346,False,True,True,True,True,True,1,40,False,surfna_v2_v3_ccdcomplete128_redocking_3rep_20260828
LeDock,ledock,All128,Ruiz,2et4,RNA,,rep2,rep2,40,7.90906466,5.57262333,5.57262333,3.99171095,3.94201144,False,False,False,False,False,False,1,40,False,surfna_v2_v3_ccdcomplete128_redocking_3rep_20260828
LeDock,ledock,All128,Ruiz;Chen;Philips,2et8,RNA,,rep2,rep2,40,1.54435357,1.44456041,1.44456041,1.44456041,1.3260285,True,True,True,True,True,True,0.9,36,False,surfna_v2_v3_ccdcomplete128_redocking_3rep_20260828
LeDock,ledock,All128,Ruiz,2f4s,RNA,,rep2,rep2,40,6.41870286,3.25225061,3.24776827,3.24776827,1.8530045,False,False,False,False,True,False,1,40,False,surfna_v2_v3_ccdcomplete128_redocking_3rep_20260828
LeDock,ledock,All128,Yan;Ruiz;Chen,2f4t,RNA,,rep2,rep2,40,8.60037245,2.80643633,2.80643633,2.80643633,2.50896317,False,False,False,False,False,False,1,40,False,surfna_v2_v3_ccdcomplete128_redocking_3rep_20260828
LeDock,ledock,All128,Yan;Ruiz;Philips,2f4u,RNA,,rep2,rep2,40,7.98041604,2.55881835,2.55375732,2.55375732,1.71391491,False,False,False,False,True,False,1,40,False,surfna_v2_v3_ccdcomplete128_redocking_3rep_20260828
LeDock,ledock,All128,Ruiz,2fcx,RNA,,rep2,rep2,40,5.63965969,5.55395853,5.00023759,1.50619116,1.33216069,False,False,False,True,True,False,0.975,39,False,surfna_v2_v3_ccdcomplete128_redocking_3rep_20260828
LeDock,ledock,All128,Ruiz,2fcy,RNA,,rep2,rep2,40,8.07507366,7.67473327,7.67473327,4.68224724,2.73811365,False,False,False,False,False,False,1,40,False,surfna_v2_v3_ccdcomplete128_redocking_3rep_20260828
LeDock,ledock,All128,Ruiz;Chen;Philips,2fcz,RNA,,rep2,rep2,40,6.30388552,6.30388552,6.28939792,3.3424846,2.37432528,False,False,False,False,False,False,1,40,False,surfna_v2_v3_ccdcomplete128_redocking_3rep_20260828
LeDock,ledock,All128,Ruiz;Chen;Philips,2fd0,RNA,,rep2,rep2,40,4.22861632,4.22861632,4.22861632,2.32202394,2.32202394,False,False,False,False,False,True,1,40,False,surfna_v2_v3_ccdcomplete128_redocking_3rep_20260828
LeDock,ledock,All128,Yan,2g5k,RNA,,rep2,rep2,40,3.00601288,2.96362343,2.96362343,2.96362343,2.96362343,False,False,False,False,False,True,1,40,False,surfna_v2_v3_ccdcomplete128_redocking_3rep_20260828
LeDock,ledock,All128,Ruiz;Chen;Philips,2g5q,RNA,,rep2,rep2,40,8.13602971,3.02935914,3.02935914,3.02935914,2.64047978,False,False,False,False,False,False,1,40,False,surfna_v2_v3_ccdcomplete128_redocking_3rep_20260828
LeDock,ledock,All128,Yan,2g9c,RNA,,rep2,rep2,40,0.45903958,0.45903958,0.45903958,0.45628195,0.40372818,True,True,True,True,True,True,0.575,23,False,surfna_v2_v3_ccdcomplete128_redocking_3rep_20260828
LeDock,ledock,All128,Chen;Philips,2gdi,RNA,,rep2,rep2,40,1.97339874,1.77812064,1.0319124,1.0319124,1.0319124,True,True,True,True,True,True,1,40,False,surfna_v2_v3_ccdcomplete128_redocking_3rep_20260828
LeDock,ledock,All128,Chen,2gis,RNA,,rep2,rep2,40,0.94582604,0.94582604,0.86409314,0.86409314,0.86409314,True,True,True,True,True,True,1,40,False,surfna_v2_v3_ccdcomplete128_redocking_3rep_20260828
LeDock,ledock,All128,Ruiz,2juk,RNA,,rep2,rep2,40,7.24908787,6.53856648,6.53856648,4.04447683,3.8252849,False,False,False,False,False,False,1,40,False,surfna_v2_v3_ccdcomplete128_redocking_3rep_20260828
LeDock,ledock,All128,Yan,2jwq,DNA,,rep2,rep2,40,1.21151772,1.16227134,1.16227134,0.98359519,0.98359519,True,True,True,True,True,True,0.825,33,False,surfna_v2_v3_ccdcomplete128_redocking_3rep_20260828
LeDock,ledock,All128,Yan;Chen,2kgp,RNA,,rep2,rep2,40,2.65255011,2.59610687,2.20626521,2.00538174,2.00538174,False,False,False,False,False,True,1,40,False,surfna_v2_v3_ccdcomplete128_redocking_3rep_20260828
LeDock,ledock,All128,Yan;Chen,2ktz,RNA,,rep2,rep2,40,6.5892286,6.57570941,6.5752761,6.5752761,1.01623065,False,False,False,False,True,False,0.8,32,False,surfna_v2_v3_ccdcomplete128_redocking_3rep_20260828
LeDock,ledock,All128,Yan;Chen,2ku0,RNA,,rep2,rep2,40,6.18465485,6.00811245,5.89693052,5.89693052,4.57921008,False,False,False,False,False,False,0.775,31,False,surfna_v2_v3_ccdcomplete128_redocking_3rep_20260828
LeDock,ledock,All128,Yan,2l94,RNA,,rep2,rep2,40,2.05932371,2.05932371,2.03416395,1.63006181,1.63006181,False,False,False,True,True,True,1,40,False,surfna_v2_v3_ccdcomplete128_redocking_3rep_20260828
LeDock,ledock,All128,Yan,2loa,DNA,,rep2,rep2,40,2.46181674,2.20783131,2.20783131,2.20783131,1.94647731,False,False,False,False,True,True,0.65,26,False,surfna_v2_v3_ccdcomplete128_redocking_3rep_20260828
LeDock,ledock,All128,Yan,2mb3,DNA,,rep2,rep2,40,6.61359951,6.56442797,6.43647285,6.43647285,5.6988672,False,False,False,False,False,False,0.95,38,False,surfna_v2_v3_ccdcomplete128_redocking_3rep_20260828
LeDock,ledock,All128,Ruiz;Chen,2o3v,RNA,,rep2,rep2,40,2.93863409,2.93863409,2.93863409,2.66658226,2.27408614,False,False,False,False,False,True,1,40,False,surfna_v2_v3_ccdcomplete128_redocking_3rep_20260828
LeDock,ledock,All128,Yan;Ruiz,2o3w,RNA,,rep2,rep2,40,8.8427921,8.8427921,6.74235652,5.68197186,2.8054061,False,False,False,False,False,False,1,40,False,surfna_v2_v3_ccdcomplete128_redocking_3rep_20260828
LeDock,ledock,All128,Yan;Ruiz;Philips,2o3x,RNA,,rep2,rep2,40,5.28707077,3.0219667,3.0219667,2.98857936,1.6006216,False,False,False,False,True,False,1,40,False,surfna_v2_v3_ccdcomplete128_redocking_3rep_20260828
LeDock,ledock,All128,Ruiz;Philips,2oe5,RNA,,rep2,rep2,40,3.3983356,3.37544067,3.17561079,3.14445536,2.61204756,False,False,False,False,False,True,0.95,38,False,surfna_v2_v3_ccdcomplete128_redocking_3rep_20260828
LeDock,ledock,All128,Ruiz;Chen,2oe8,RNA,,rep2,rep2,40,9.82663228,8.98849562,8.98849562,8.98849562,1.84181049,False,False,False,False,True,False,0.975,39,False,surfna_v2_v3_ccdcomplete128_redocking_3rep_20260828
LeDock,ledock,All128,Philips,2ogn,RNA,,rep2,rep2,40,2.3843311,1.96087129,1.96087129,1.96087129,1.91795996,False,True,True,True,True,True,0.875,35,False,surfna_v2_v3_ccdcomplete128_redocking_3rep_20260828
LeDock,ledock,All128,Chen;Philips,2pwt,RNA,,rep2,rep2,40,8.68055156,6.83147517,6.83147517,5.33997309,3.75165224,False,False,False,False,False,False,1,40,False,surfna_v2_v3_ccdcomplete128_redocking_3rep_20260828
LeDock,ledock,All128,Ruiz;Chen;Philips,2tob,RNA,,rep2,rep2,40,2.14709944,2.14709944,2.14709944,2.14709944,2.14709944,False,False,False,False,False,True,1,40,False,surfna_v2_v3_ccdcomplete128_redocking_3rep_20260828
LeDock,ledock,All128,Yan,2xnw,RNA,,rep2,rep2,40,3.5210634,3.44097752,3.44097752,3.44097752,2.04485875,False,False,False,False,False,True,0.525,21,False,surfna_v2_v3_ccdcomplete128_redocking_3rep_20260828
LeDock,ledock,All128,Yan,2xnz,RNA,,rep2,rep2,40,2.82095921,0.71626741,0.71626741,0.71626741,0.57582067,False,True,True,True,True,True,0.725,29,False,surfna_v2_v3_ccdcomplete128_redocking_3rep_20260828
LeDock,ledock,All128,Yan,2xo0,RNA,,rep2,rep2,40,0.76946028,0.76946028,0.76946028,0.76946028,0.76946028,True,True,True,True,True,True,0.475,19,False,surfna_v2_v3_ccdcomplete128_redocking_3rep_20260828
LeDock,ledock,All128,Yan,2xo1,RNA,,rep2,rep2,40,3.11832668,3.11832668,2.9334634,0.34046385,0.34046385,False,False,False,True,True,True,0.25,10,False,surfna_v2_v3_ccdcomplete128_redocking_3rep_20260828
LeDock,ledock,All128,Yan,2ydh,RNA,,rep2,rep2,40,1.05605084,1.05605084,1.05605084,1.05605084,1.05605084,True,True,True,True,True,True,1,40,False,surfna_v2_v3_ccdcomplete128_redocking_3rep_20260828
LeDock,ledock,All128,Yan,2ygh,RNA,,rep2,rep2,40,1.54489181,1.09571178,0.78193689,0.78193689,0.78193689,True,True,True,True,True,True,1,40,False,surfna_v2_v3_ccdcomplete128_redocking_3rep_20260828
LeDock,ledock,All128,Yan,316d,DNA,,rep2,rep2,40,9.63181214,8.31899743,8.31899743,4.62823576,4.62823576,False,False,False,False,False,False,0.9,36,False,surfna_v2_v3_ccdcomplete128_redocking_3rep_20260828
LeDock,ledock,All128,Ruiz,3c44,RNA,,rep2,rep2,40,7.97318941,7.97318941,7.97318941,4.68138119,1.96095642,False,False,False,False,True,False,1,40,False,surfna_v2_v3_ccdcomplete128_redocking_3rep_20260828
LeDock,ledock,All128,Philips,3d2x,RNA,,rep2,rep2,40,1.99549855,1.4227912,1.4227912,1.4227912,1.4227912,True,True,True,True,True,True,1,40,False,surfna_v2_v3_ccdcomplete128_redocking_3rep_20260828
LeDock,ledock,All128,Chen,3dil,RNA,,rep2,rep2,40,0.767964,0.767964,0.767964,0.767964,0.767964,True,True,True,True,True,True,0.975,39,False,surfna_v2_v3_ccdcomplete128_redocking_3rep_20260828
LeDock,ledock,All128,Yan,3ds7,RNA,,rep2,rep2,40,0.87787309,0.87787309,0.87787309,0.87787309,0.76355205,True,True,True,True,True,True,0.75,30,False,surfna_v2_v3_ccdcomplete128_redocking_3rep_20260828
LeDock,ledock,All128,Chen,3dvv,RNA,,rep2,rep2,40,6.67351523,5.93987359,2.7302679,2.7302679,1.25616428,False,False,False,False,True,False,1,40,False,surfna_v2_v3_ccdcomplete128_redocking_3rep_20260828
LeDock,ledock,All128,Yan,3e5c,RNA,,rep2,rep2,40,1.47519985,1.27425622,1.27425622,1.20992196,1.16072053,True,True,True,True,True,True,1,40,False,surfna_v2_v3_ccdcomplete128_redocking_3rep_20260828
LeDock,ledock,All128,Chen,3f2q,RNA,,rep2,rep2,40,0.89811458,0.77676465,0.77676465,0.77676465,0.77676465,True,True,True,True,True,True,1,40,False,surfna_v2_v3_ccdcomplete128_redocking_3rep_20260828
LeDock,ledock,All128,Yan,3fo4,RNA,,rep2,rep2,40,inf,inf,inf,inf,inf,False,False,False,False,False,False,0,0,True,surfna_v2_v3_ccdcomplete128_redocking_3rep_20260828
LeDock,ledock,All128,Yan,3fo6,RNA,,rep2,rep2,40,0.72169736,0.70861579,0.31374273,0.31374273,0.31374273,True,True,True,True,True,True,0.2,8,False,surfna_v2_v3_ccdcomplete128_redocking_3rep_20260828
LeDock,ledock,All128,Yan,3gao,RNA,,rep2,rep2,40,2.65716506,2.65716506,2.65716506,2.65716506,2.65716506,False,False,False,False,False,True,0.05,2,False,surfna_v2_v3_ccdcomplete128_redocking_3rep_20260828
LeDock,ledock,All128,Yan,3ger,RNA,,rep2,rep2,40,inf,inf,inf,inf,inf,False,False,False,False,False,False,0,0,True,surfna_v2_v3_ccdcomplete128_redocking_3rep_20260828
LeDock,ledock,All128,Yan,3ges,RNA,,rep2,rep2,40,1.00020331,0.93900524,0.93900524,0.91383254,0.91383254,True,True,True,True,True,True,0.15,6,False,surfna_v2_v3_ccdcomplete128_redocking_3rep_20260828
LeDock,ledock,All128,Yan,3gog,RNA,,rep2,rep2,40,inf,inf,inf,inf,inf,False,False,False,False,False,False,0,0,True,surfna_v2_v3_ccdcomplete128_redocking_3rep_20260828
LeDock,ledock,All128,Yan,3got,RNA,,rep2,rep2,40,0.38059547,0.27772681,0.24842998,0.14320107,0.14320107,True,True,True,True,True,True,0.275,11,False,surfna_v2_v3_ccdcomplete128_redocking_3rep_20260828
LeDock,ledock,All128,Chen;Philips,3gx2,RNA,,rep2,rep2,40,1.16235,1.16235,1.16235,1.16235,1.02772889,True,True,True,True,True,True,1,40,False,surfna_v2_v3_ccdcomplete128_redocking_3rep_20260828
LeDock,ledock,All128,Chen,3gx3,RNA,,rep2,rep2,40,1.14216717,1.14216717,1.14216717,1.14216717,0.92125207,True,True,True,True,True,True,1,40,False,surfna_v2_v3_ccdcomplete128_redocking_3rep_20260828
LeDock,ledock,All128,Chen,3gx5,RNA,,rep2,rep2,40,4.4158839,4.4158839,1.14246781,1.14246781,1.14246781,False,False,True,True,True,True,1,40,False,surfna_v2_v3_ccdcomplete128_redocking_3rep_20260828
LeDock,ledock,All128,Chen,3gx7,RNA,,rep2,rep2,40,0.84379228,0.84379228,0.84379228,0.84379228,0.84379228,True,True,True,True,True,True,1,40,False,surfna_v2_v3_ccdcomplete128_redocking_3rep_20260828
LeDock,ledock,All128,Yan;Chen,3la5,RNA,,rep2,rep2,40,0.40531176,0.40531176,0.38586235,0.38586235,0.38586235,True,True,True,True,True,True,0.3,12,False,surfna_v2_v3_ccdcomplete128_redocking_3rep_20260828
LeDock,ledock,All128,Yan,3mum,RNA,,rep2,rep2,40,9.11850916,6.52542321,6.52096799,6.21449066,6.21449066,False,False,False,False,False,False,0.925,37,False,surfna_v2_v3_ccdcomplete128_redocking_3rep_20260828
LeDock,ledock,All128,Yan,3mur,RNA,,rep2,rep2,40,6.86146893,5.61983054,5.50960909,5.0381825,4.97825892,False,False,False,False,False,False,0.9,36,False,surfna_v2_v3_ccdcomplete128_redocking_3rep_20260828
LeDock,ledock,All128,Yan,3mxh,RNA,,rep2,rep2,40,4.61683136,4.61683136,4.61683136,4.61683136,4.24562926,False,False,False,False,False,True,0.775,31,False,surfna_v2_v3_ccdcomplete128_redocking_3rep_20260828
LeDock,ledock,All128,Yan,3npn,RNA,,rep2,rep2,40,2.09664207,1.25301536,1.25301536,1.06169292,0.87593791,False,True,True,True,True,True,1,40,False,surfna_v2_v3_ccdcomplete128_redocking_3rep_20260828
LeDock,ledock,All128,Chen,3npq,RNA,,rep2,rep2,40,1.87818539,1.87818539,0.94823287,0.77709771,0.77709771,True,True,True,True,True,True,1,40,False,surfna_v2_v3_ccdcomplete128_redocking_3rep_20260828
LeDock,ledock,All128,Yan,3owz,RNA,,rep2,rep2,40,2.07615288,2.00541492,2.00541492,2.00541492,0.67778463,False,False,False,False,True,True,0.875,35,False,surfna_v2_v3_ccdcomplete128_redocking_3rep_20260828
LeDock,ledock,All128,Yan;Chen,3q3z,RNA,,rep2,rep2,40,4.07570497,4.0430894,4.0430894,3.94922388,3.94922388,False,False,False,False,False,True,0.5,20,False,surfna_v2_v3_ccdcomplete128_redocking_3rep_20260828
LeDock,ledock,All128,Yan,3q50,RNA,,rep2,rep2,40,0.54701955,0.44899606,0.42231814,0.42231814,0.28002033,True,True,True,True,True,True,0.725,29,False,surfna_v2_v3_ccdcomplete128_redocking_3rep_20260828
LeDock,ledock,All128,Yan,3s4p,RNA,,rep2,rep2,40,5.08521431,5.08521431,5.08521431,5.08521431,4.79351108,False,False,False,False,False,False,1,40,False,surfna_v2_v3_ccdcomplete128_redocking_3rep_20260828
LeDock,ledock,All128,Yan,3slm,RNA,,rep2,rep2,40,1.03902753,1.03902753,0.94172723,0.94172723,0.77782607,True,True,True,True,True,True,0.8,32,False,surfna_v2_v3_ccdcomplete128_redocking_3rep_20260828
LeDock,ledock,All128,Yan,407d,DNA,,rep2,rep2,40,2.30010511,2.14451017,2.14451017,2.14451017,2.14451017,False,False,False,False,False,True,1,40,False,surfna_v2_v3_ccdcomplete128_redocking_3rep_20260828
LeDock,ledock,All128,Yan,408d,DNA,,rep2,rep2,40,2.50126165,2.50126165,2.50126165,2.50126165,2.26362226,False,False,False,False,False,True,1,40,False,surfna_v2_v3_ccdcomplete128_redocking_3rep_20260828
LeDock,ledock,All128,Yan,4aob,RNA,,rep2,rep2,40,4.66010757,4.66010757,2.03404536,1.85412812,1.85412812,False,False,False,True,True,True,1,40,False,surfna_v2_v3_ccdcomplete128_redocking_3rep_20260828
LeDock,ledock,All128,Yan,4erj,RNA,,rep2,rep2,40,1.13192128,1.13192128,1.13192128,0.79435648,0.79435648,True,True,True,True,True,True,0.95,38,False,surfna_v2_v3_ccdcomplete128_redocking_3rep_20260828
LeDock,ledock,All128,Yan,4fe5,RNA,,rep2,rep2,40,2.93412443,0.52723799,0.52723799,0.52723799,0.52723799,False,True,True,True,True,True,0.075,3,False,surfna_v2_v3_ccdcomplete128_redocking_3rep_20260828
LeDock,ledock,All128,Yan,4jf2,RNA,,rep2,rep2,40,0.61055391,0.29255571,0.29255571,0.29255571,0.29255571,True,True,True,True,True,True,0.175,7,False,surfna_v2_v3_ccdcomplete128_redocking_3rep_20260828
LeDock,ledock,All128,Yan,4kqy,RNA,,rep2,rep2,40,0.55509082,0.55509082,0.55509082,0.55509082,0.55509082,True,True,True,True,True,True,1,40,False,surfna_v2_v3_ccdcomplete128_redocking_3rep_20260828
LeDock,ledock,All128,Yan,4lvv,RNA,,rep2,rep2,40,2.59422898,2.59422898,1.88023632,1.88023632,1.70830937,False,False,True,True,True,True,1,40,False,surfna_v2_v3_ccdcomplete128_redocking_3rep_20260828
LeDock,ledock,All128,Ruiz;Chen;Philips,1am0,RNA,,rep3,rep3,40,3.74241371,3.74241371,3.7330764,3.62726917,1.34167818,False,False,False,False,True,True,0.95,38,False,surfna_v2_v3_ccdcomplete128_redocking_3rep_20260828
LeDock,ledock,All128,Yan,1arj,RNA,,rep3,rep3,40,4.61228864,2.41717509,1.89468082,1.89468082,1.65436773,False,False,True,True,True,True,1,40,False,surfna_v2_v3_ccdcomplete128_redocking_3rep_20260828
LeDock,ledock,All128,Yan;Ruiz;Chen;Philips,1byj,RNA,,rep3,rep3,40,3.04983294,2.01801488,2.01801488,1.81519548,1.81519548,False,False,False,True,True,True,1,40,False,surfna_v2_v3_ccdcomplete128_redocking_3rep_20260828
LeDock,ledock,All128,Yan,1cvx,DNA,,rep3,rep3,40,2.26299454,2.1286453,2.1286453,1.78144282,1.78144282,False,False,False,True,True,True,1,40,False,surfna_v2_v3_ccdcomplete128_redocking_3rep_20260828
LeDock,ledock,All128,Yan,1cvy,DNA,,rep3,rep3,40,3.38436001,3.38436001,3.38317053,2.91481728,2.20098001,False,False,False,False,False,True,1,40,False,surfna_v2_v3_ccdcomplete128_redocking_3rep_20260828
LeDock,ledock,All128,Yan,1db6,DNA,,rep3,rep3,40,2.2322381,1.82421399,1.82421399,1.82421399,1.35780552,False,True,True,True,True,True,1,40,False,surfna_v2_v3_ccdcomplete128_redocking_3rep_20260828
LeDock,ledock,All128,Ruiz;Chen;Philips,1eht,RNA,,rep3,rep3,40,3.87731902,3.30927962,3.30927962,3.30927962,3.30927962,False,False,False,False,False,True,0.075,3,False,surfna_v2_v3_ccdcomplete128_redocking_3rep_20260828
LeDock,ledock,All128,Ruiz;Chen;Philips,1ei2,RNA,,rep3,rep3,40,7.28222252,5.56546754,3.60554953,3.06072039,2.87530871,False,False,False,False,False,False,1,40,False,surfna_v2_v3_ccdcomplete128_redocking_3rep_20260828
LeDock,ledock,All128,Yan;Ruiz;Chen;Philips,1f1t,RNA,,rep3,rep3,40,1.01541606,0.99529159,0.83841951,0.77639141,0.53378107,True,True,True,True,True,True,0.325,13,False,surfna_v2_v3_ccdcomplete128_redocking_3rep_20260828
LeDock,ledock,All128,Yan;Ruiz;Chen;Philips,1f27,RNA,,rep3,rep3,40,1.35486824,1.22284975,1.1223817,1.1223817,1.01157606,True,True,True,True,True,True,0.925,37,False,surfna_v2_v3_ccdcomplete128_redocking_3rep_20260828
LeDock,ledock,All128,Philips,1fjg,RNA,,rep3,rep3,40,5.54898008,5.54898008,5.54898008,3.91824542,2.67682302,False,False,False,False,False,False,1,40,False,surfna_v2_v3_ccdcomplete128_redocking_3rep_20260828
LeDock,ledock,All128,Ruiz;Chen;Philips,1fmn,RNA,,rep3,rep3,40,1.33052277,1.33052277,1.33052277,1.33052277,1.03120026,True,True,True,True,True,True,1,40,False,surfna_v2_v3_ccdcomplete128_redocking_3rep_20260828
LeDock,ledock,All128,Yan;Ruiz;Chen;Philips,1fyp,RNA,,rep3,rep3,40,5.27757228,2.5814113,2.5814113,2.5814113,2.37193598,False,False,False,False,False,False,1,40,False,surfna_v2_v3_ccdcomplete128_redocking_3rep_20260828
LeDock,ledock,All128,Philips,1hnw,RNA,,rep3,rep3,40,6.82443192,6.79509393,6.79086457,6.79086457,6.79086457,False,False,False,False,False,False,0.175,7,False,surfna_v2_v3_ccdcomplete128_redocking_3rep_20260828
LeDock,ledock,All128,Yan,1i9v,RNA,,rep3,rep3,40,6.98225349,5.02022316,4.31121401,3.67914311,3.5285479,False,False,False,False,False,False,1,40,False,surfna_v2_v3_ccdcomplete128_redocking_3rep_20260828
LeDock,ledock,All128,Ruiz;Chen;Philips,1j7t,RNA,,rep3,rep3,40,9.55095959,8.1445996,8.06066478,4.83995133,3.90645153,False,False,False,False,False,False,1,40,False,surfna_v2_v3_ccdcomplete128_redocking_3rep_20260828
LeDock,ledock,All128,Ruiz;Chen;Philips,1koc,RNA,,rep3,rep3,40,2.61624992,1.92442439,1.92442439,1.9006078,1.6574099,False,True,True,True,True,True,0.975,39,False,surfna_v2_v3_ccdcomplete128_redocking_3rep_20260828
LeDock,ledock,All128,Ruiz;Chen,1lc4,RNA,,rep3,rep3,40,4.02334606,3.26887449,3.03320242,3.03320242,2.59515781,False,False,False,False,False,True,1,40,False,surfna_v2_v3_ccdcomplete128_redocking_3rep_20260828
LeDock,ledock,All128,Ruiz;Chen,1lvj,RNA,,rep3,rep3,40,2.14730502,2.14730502,2.14730502,2.14730502,2.14730502,False,False,False,False,False,True,0.975,39,False,surfna_v2_v3_ccdcomplete128_redocking_3rep_20260828
LeDock,ledock,All128,Ruiz;Chen;Philips,1mwl,RNA,,rep3,rep3,40,8.35577955,8.35577955,2.79026555,2.79026555,2.79026555,False,False,False,False,False,False,0.95,38,False,surfna_v2_v3_ccdcomplete128_redocking_3rep_20260828
LeDock,ledock,All128,Philips,1nbk,RNA,,rep3,rep3,40,1.77247901,1.77247901,1.77247901,1.77247901,1.77247901,True,True,True,True,True,True,1,40,False,surfna_v2_v3_ccdcomplete128_redocking_3rep_20260828
LeDock,ledock,All128,Ruiz;Chen;Philips,1nem,RNA,,rep3,rep3,40,3.25197625,2.04249382,2.04249382,2.04249382,2.04249382,False,False,False,False,False,True,1,40,False,surfna_v2_v3_ccdcomplete128_redocking_3rep_20260828
LeDock,ledock,All128,Ruiz,1nta,RNA,,rep3,rep3,40,4.27517829,3.38927343,3.25189754,2.51820847,2.39117525,False,False,False,False,False,True,1,40,False,surfna_v2_v3_ccdcomplete128_redocking_3rep_20260828
LeDock,ledock,All128,Ruiz;Chen,1ntb,RNA,,rep3,rep3,40,8.0981803,7.78507252,7.78507252,2.91962485,2.66332009,False,False,False,False,False,False,1,40,False,surfna_v2_v3_ccdcomplete128_redocking_3rep_20260828
LeDock,ledock,All128,Yan,1nzm,DNA,,rep3,rep3,40,1.48624759,1.48624759,1.48624759,1.48624759,1.48624759,True,True,True,True,True,True,0.075,3,False,surfna_v2_v3_ccdcomplete128_redocking_3rep_20260828
LeDock,ledock,All128,Ruiz,1o15,RNA,,rep3,rep3,40,0.52525408,0.52525408,0.49341744,0.49341744,0.49341744,True,True,True,True,True,True,0.2,8,False,surfna_v2_v3_ccdcomplete128_redocking_3rep_20260828
LeDock,ledock,All128,Ruiz,1o9m,RNA,,rep3,rep3,40,3.64182498,3.41254012,3.41254012,3.41254012,3.0436598,False,False,False,False,False,True,1,40,False,surfna_v2_v3_ccdcomplete128_redocking_3rep_20260828
LeDock,ledock,All128,Yan,1p96,DNA,,rep3,rep3,40,6.21345204,6.05133415,1.66183444,1.66183444,1.54918526,False,False,True,True,True,False,0.65,26,False,surfna_v2_v3_ccdcomplete128_redocking_3rep_20260828
LeDock,ledock,All128,Ruiz;Chen;Philips,1pbr,RNA,,rep3,rep3,40,8.24277148,8.24277148,8.03239042,3.25206122,2.83861038,False,False,False,False,False,False,1,40,False,surfna_v2_v3_ccdcomplete128_redocking_3rep_20260828
LeDock,ledock,All128,Yan;Ruiz;Chen;Philips,1q8n,RNA,,rep3,rep3,40,1.0055529,0.80061297,0.67571891,0.67571891,0.67571891,True,True,True,True,True,True,0.475,19,False,surfna_v2_v3_ccdcomplete128_redocking_3rep_20260828
LeDock,ledock,All128,Yan;Ruiz;Chen,1qd3,RNA,,rep3,rep3,40,3.80729302,2.13416721,2.13416721,2.13416721,2.13416721,False,False,False,False,False,True,1,40,False,surfna_v2_v3_ccdcomplete128_redocking_3rep_20260828
LeDock,ledock,All128,Yan,1qv4,DNA,,rep3,rep3,40,0.86361347,0.7934869,0.7934869,0.7934869,0.7934869,True,True,True,True,True,True,0.575,23,False,surfna_v2_v3_ccdcomplete128_redocking_3rep_20260828
LeDock,ledock,All128,Yan,1qv8,DNA,,rep3,rep3,40,1.35740158,1.35740158,1.35740158,1.07202841,1.07202841,True,True,True,True,True,True,0.425,17,False,surfna_v2_v3_ccdcomplete128_redocking_3rep_20260828
LeDock,ledock,All128,Yan,1r4e,DNA,,rep3,rep3,40,4.33771242,4.17462165,4.17462165,4.17462165,1.22991954,False,False,False,False,True,True,0.775,31,False,surfna_v2_v3_ccdcomplete128_redocking_3rep_20260828
LeDock,ledock,All128,Ruiz;Chen;Philips,1tob,RNA,,rep3,rep3,40,6.01267624,6.01267624,6.00799111,4.58950927,1.40061553,False,False,False,False,True,False,1,40,False,surfna_v2_v3_ccdcomplete128_redocking_3rep_20260828
LeDock,ledock,All128,Ruiz;Chen,1u8d,RNA,,rep3,rep3,40,2.4144897,0.48342683,0.48342683,0.48342683,0.48342683,False,True,True,True,True,True,0.1,4,False,surfna_v2_v3_ccdcomplete128_redocking_3rep_20260828
LeDock,ledock,All128,Yan;Ruiz;Philips,1uts,RNA,,rep3,rep3,40,7.69881701,7.69881701,7.69881701,7.47345409,2.44963297,False,False,False,False,False,False,1,40,False,surfna_v2_v3_ccdcomplete128_redocking_3rep_20260828
LeDock,ledock,All128,Yan;Ruiz;Chen;Philips,1uud,RNA,,rep3,rep3,40,7.30531522,5.77377487,5.36072432,2.02081705,1.94463987,False,False,False,False,True,False,1,40,False,surfna_v2_v3_ccdcomplete128_redocking_3rep_20260828
LeDock,ledock,All128,Ruiz;Philips,1uui,RNA,,rep3,rep3,40,5.00105321,2.00429406,2.00429406,2.00429406,2.00429406,False,False,False,False,False,False,1,40,False,surfna_v2_v3_ccdcomplete128_redocking_3rep_20260828
LeDock,ledock,All128,Philips,1xbp,RNA,,rep3,rep3,40,1.96303709,1.91757285,1.85811448,1.57177059,1.5190621,True,True,True,True,True,True,0.975,39,False,surfna_v2_v3_ccdcomplete128_redocking_3rep_20260828
LeDock,ledock,All128,Ruiz;Philips,1xpf,RNA,,rep3,rep3,40,2.3606426,2.3606426,2.20582642,1.80141197,1.80141197,False,False,False,True,True,True,1,40,False,surfna_v2_v3_ccdcomplete128_redocking_3rep_20260828
LeDock,ledock,All128,Ruiz;Chen;Philips,1y26,RNA,,rep3,rep3,40,0.34226291,0.24748374,0.24748374,0.24748374,0.24748374,True,True,True,True,True,True,0.25,10,False,surfna_v2_v3_ccdcomplete128_redocking_3rep_20260828
LeDock,ledock,All128,Chen,1y27,RNA,,rep3,rep3,40,0.20059117,0.20059117,0.20059117,0.20059117,0.20059117,True,True,True,True,True,True,0.15,6,False,surfna_v2_v3_ccdcomplete128_redocking_3rep_20260828
LeDock,ledock,All128,Yan;Chen,1ykv,RNA,,rep3,rep3,40,0.83284133,0.80419294,0.80419294,0.80419294,0.77348264,True,True,True,True,True,True,0.725,29,False,surfna_v2_v3_ccdcomplete128_redocking_3rep_20260828
LeDock,ledock,All128,Yan;Ruiz;Chen,1yrj,RNA,,rep3,rep3,40,4.59163522,3.60534132,3.60534132,3.60534132,3.60534132,False,False,False,False,False,True,1,40,False,surfna_v2_v3_ccdcomplete128_redocking_3rep_20260828
LeDock,ledock,All128,Chen,1zz5,RNA,,rep3,rep3,40,3.28906863,3.28622091,3.26780299,3.12076053,3.12076053,False,False,False,False,False,True,0.925,37,False,surfna_v2_v3_ccdcomplete128_redocking_3rep_20260828
LeDock,ledock,All128,Yan;Ruiz,2au4,RNA,,rep3,rep3,40,1.78965785,1.49132072,1.49132072,1.49132072,1.49132072,True,True,True,True,True,True,1,40,False,surfna_v2_v3_ccdcomplete128_redocking_3rep_20260828
LeDock,ledock,All128,Yan,2b57,RNA,,rep3,rep3,40,2.74270199,2.71984466,2.69860009,2.67787088,0.55426397,False,False,False,False,True,True,0.35,14,False,surfna_v2_v3_ccdcomplete128_redocking_3rep_20260828
LeDock,ledock,All128,Yan;Ruiz;Chen;Philips,2be0,RNA,,rep3,rep3,40,9.97366128,8.06963805,8.06963805,5.84506043,3.51119069,False,False,False,False,False,False,1,40,False,surfna_v2_v3_ccdcomplete128_redocking_3rep_20260828
LeDock,ledock,All128,Yan;Ruiz;Philips,2bee,RNA,,rep3,rep3,40,6.4265605,6.4265605,6.32781293,4.20051259,3.49621471,False,False,False,False,False,False,1,40,False,surfna_v2_v3_ccdcomplete128_redocking_3rep_20260828
LeDock,ledock,All128,Yan,2d55,DNA,,rep3,rep3,40,3.27041136,3.27041136,3.27041136,3.23733228,3.1723972,False,False,False,False,False,True,0.55,22,False,surfna_v2_v3_ccdcomplete128_redocking_3rep_20260828
LeDock,ledock,All128,Chen,2esi,RNA,,rep3,rep3,40,5.36673263,4.19346707,4.19346707,4.19346707,3.21951338,False,False,False,False,False,False,1,40,False,surfna_v2_v3_ccdcomplete128_redocking_3rep_20260828
LeDock,ledock,All128,Ruiz,2esj,RNA,,rep3,rep3,40,3.82010182,3.82010182,3.82010182,3.82010182,3.82010182,False,False,False,False,False,True,1,40,False,surfna_v2_v3_ccdcomplete128_redocking_3rep_20260828
LeDock,ledock,All128,Ruiz,2et3,RNA,,rep3,rep3,40,7.9127423,7.5487995,7.5487995,4.28780257,1.82641342,False,False,False,False,True,False,1,40,False,surfna_v2_v3_ccdcomplete128_redocking_3rep_20260828
LeDock,ledock,All128,Ruiz,2et4,RNA,,rep3,rep3,40,8.27752576,7.76818689,5.16857971,4.97095621,4.68537097,False,False,False,False,False,False,1,40,False,surfna_v2_v3_ccdcomplete128_redocking_3rep_20260828
LeDock,ledock,All128,Ruiz;Chen;Philips,2et8,RNA,,rep3,rep3,40,2.28847636,2.28847636,2.28847636,2.28847636,1.56068109,False,False,False,False,True,True,0.95,38,False,surfna_v2_v3_ccdcomplete128_redocking_3rep_20260828
LeDock,ledock,All128,Ruiz,2f4s,RNA,,rep3,rep3,40,5.87096254,5.87096254,5.87096254,5.82843786,1.75846171,False,False,False,False,True,False,0.95,38,False,surfna_v2_v3_ccdcomplete128_redocking_3rep_20260828
LeDock,ledock,All128,Yan;Ruiz;Chen,2f4t,RNA,,rep3,rep3,40,7.71313974,2.60450948,2.60450948,2.45212885,2.17679425,False,False,False,False,False,False,1,40,False,surfna_v2_v3_ccdcomplete128_redocking_3rep_20260828
LeDock,ledock,All128,Yan;Ruiz;Philips,2f4u,RNA,,rep3,rep3,40,8.49192579,4.78006923,4.78006923,2.4023658,2.4023658,False,False,False,False,False,False,1,40,False,surfna_v2_v3_ccdcomplete128_redocking_3rep_20260828
LeDock,ledock,All128,Ruiz,2fcx,RNA,,rep3,rep3,40,3.32212797,2.3094597,2.3094597,2.27118404,1.78464243,False,False,False,False,True,True,0.95,38,False,surfna_v2_v3_ccdcomplete128_redocking_3rep_20260828
LeDock,ledock,All128,Ruiz,2fcy,RNA,,rep3,rep3,40,8.67348821,5.27334262,2.91112963,2.91112963,2.35501227,False,False,False,False,False,False,1,40,False,surfna_v2_v3_ccdcomplete128_redocking_3rep_20260828
LeDock,ledock,All128,Ruiz;Chen;Philips,2fcz,RNA,,rep3,rep3,40,5.31927011,5.26238478,5.23553079,5.2081528,1.50742245,False,False,False,False,True,False,1,40,False,surfna_v2_v3_ccdcomplete128_redocking_3rep_20260828
LeDock,ledock,All128,Ruiz;Chen;Philips,2fd0,RNA,,rep3,rep3,40,6.25314597,4.40569476,4.2238838,3.54920737,2.74371981,False,False,False,False,False,False,1,40,False,surfna_v2_v3_ccdcomplete128_redocking_3rep_20260828
LeDock,ledock,All128,Yan,2g5k,RNA,,rep3,rep3,40,8.68084001,8.5693027,3.59842437,3.59842437,3.04192927,False,False,False,False,False,False,0.975,39,False,surfna_v2_v3_ccdcomplete128_redocking_3rep_20260828
LeDock,ledock,All128,Ruiz;Chen;Philips,2g5q,RNA,,rep3,rep3,40,7.41609436,7.41609436,5.21584347,4.70566687,3.1527243,False,False,False,False,False,False,1,40,False,surfna_v2_v3_ccdcomplete128_redocking_3rep_20260828
LeDock,ledock,All128,Yan,2g9c,RNA,,rep3,rep3,40,0.48208344,0.46857574,0.46083149,0.45588156,0.42301038,True,True,True,True,True,True,0.5,20,False,surfna_v2_v3_ccdcomplete128_redocking_3rep_20260828
LeDock,ledock,All128,Chen;Philips,2gdi,RNA,,rep3,rep3,40,2.28698475,1.51974764,1.51974764,1.51974764,0.85448968,False,True,True,True,True,True,1,40,False,surfna_v2_v3_ccdcomplete128_redocking_3rep_20260828
LeDock,ledock,All128,Chen,2gis,RNA,,rep3,rep3,40,5.6442745,5.6442745,1.33941528,1.33941528,0.78647653,False,False,True,True,True,False,1,40,False,surfna_v2_v3_ccdcomplete128_redocking_3rep_20260828
LeDock,ledock,All128,Ruiz,2juk,RNA,,rep3,rep3,40,5.47534658,5.16055482,5.16055482,4.54074489,4.51382157,False,False,False,False,False,False,1,40,False,surfna_v2_v3_ccdcomplete128_redocking_3rep_20260828
LeDock,ledock,All128,Yan,2jwq,DNA,,rep3,rep3,40,1.52402554,1.38190169,1.38190169,1.17959825,1.04358355,True,True,True,True,True,True,0.775,31,False,surfna_v2_v3_ccdcomplete128_redocking_3rep_20260828
LeDock,ledock,All128,Yan;Chen,2kgp,RNA,,rep3,rep3,40,5.95805051,2.42357726,2.42357726,2.42357726,2.21676049,False,False,False,False,False,False,1,40,False,surfna_v2_v3_ccdcomplete128_redocking_3rep_20260828
LeDock,ledock,All128,Yan;Chen,2ktz,RNA,,rep3,rep3,40,6.65398119,6.65398119,6.63256099,5.63625663,1.6838708,False,False,False,False,True,False,0.9,36,False,surfna_v2_v3_ccdcomplete128_redocking_3rep_20260828
LeDock,ledock,All128,Yan;Chen,2ku0,RNA,,rep3,rep3,40,5.9821581,5.9821581,5.75830184,5.75830184,4.8372187,False,False,False,False,False,False,0.8,32,False,surfna_v2_v3_ccdcomplete128_redocking_3rep_20260828
LeDock,ledock,All128,Yan,2l94,RNA,,rep3,rep3,40,2.85341296,1.50833421,1.50833421,1.50833421,1.50833421,False,True,True,True,True,True,1,40,False,surfna_v2_v3_ccdcomplete128_redocking_3rep_20260828
LeDock,ledock,All128,Yan,2loa,DNA,,rep3,rep3,40,3.2089814,1.79047403,1.69696691,1.69696691,1.44803465,False,True,True,True,True,True,0.45,18,False,surfna_v2_v3_ccdcomplete128_redocking_3rep_20260828
LeDock,ledock,All128,Yan,2mb3,DNA,,rep3,rep3,40,8.26064411,8.22457642,8.22457642,6.63622789,5.68807139,False,False,False,False,False,False,0.95,38,False,surfna_v2_v3_ccdcomplete128_redocking_3rep_20260828
LeDock,ledock,All128,Ruiz;Chen,2o3v,RNA,,rep3,rep3,40,2.92599439,2.84302543,2.67800884,2.67800884,1.99740717,False,False,False,False,True,True,1,40,False,surfna_v2_v3_ccdcomplete128_redocking_3rep_20260828
LeDock,ledock,All128,Yan;Ruiz,2o3w,RNA,,rep3,rep3,40,5.53202166,5.53202166,5.53202166,5.53202166,2.50061839,False,False,False,False,False,False,1,40,False,surfna_v2_v3_ccdcomplete128_redocking_3rep_20260828
LeDock,ledock,All128,Yan;Ruiz;Philips,2o3x,RNA,,rep3,rep3,40,2.79929301,2.71780865,2.71034399,2.71034399,2.56308724,False,False,False,False,False,True,0.925,37,False,surfna_v2_v3_ccdcomplete128_redocking_3rep_20260828
LeDock,ledock,All128,Ruiz;Philips,2oe5,RNA,,rep3,rep3,40,9.6139933,9.51249229,9.48802454,9.48802454,2.69703617,False,False,False,False,False,False,0.975,39,False,surfna_v2_v3_ccdcomplete128_redocking_3rep_20260828
LeDock,ledock,All128,Ruiz;Chen,2oe8,RNA,,rep3,rep3,40,2.74914562,2.74914562,2.60257266,2.60257266,2.20164137,False,False,False,False,False,True,1,40,False,surfna_v2_v3_ccdcomplete128_redocking_3rep_20260828
LeDock,ledock,All128,Philips,2ogn,RNA,,rep3,rep3,40,1.45433475,1.29930633,1.29930633,1.24599561,0.99262605,True,True,True,True,True,True,0.85,34,False,surfna_v2_v3_ccdcomplete128_redocking_3rep_20260828
LeDock,ledock,All128,Chen;Philips,2pwt,RNA,,rep3,rep3,40,8.69786099,6.91532572,6.91532572,6.85466416,6.80502349,False,False,False,False,False,False,1,40,False,surfna_v2_v3_ccdcomplete128_redocking_3rep_20260828
LeDock,ledock,All128,Ruiz;Chen;Philips,2tob,RNA,,rep3,rep3,40,2.86449598,2.8027928,2.79544946,2.68869122,2.21473555,False,False,False,False,False,True,1,40,False,surfna_v2_v3_ccdcomplete128_redocking_3rep_20260828
LeDock,ledock,All128,Yan,2xnw,RNA,,rep3,rep3,40,3.58944848,3.57910374,3.56564192,3.40393465,2.03678308,False,False,False,False,False,True,0.425,17,False,surfna_v2_v3_ccdcomplete128_redocking_3rep_20260828
LeDock,ledock,All128,Yan,2xnz,RNA,,rep3,rep3,40,2.81123099,0.63457107,0.63457107,0.63457107,0.60262758,False,True,True,True,True,True,0.725,29,False,surfna_v2_v3_ccdcomplete128_redocking_3rep_20260828
LeDock,ledock,All128,Yan,2xo0,RNA,,rep3,rep3,40,0.78052122,0.78052122,0.77846684,0.77846684,0.77033369,True,True,True,True,True,True,0.575,23,False,surfna_v2_v3_ccdcomplete128_redocking_3rep_20260828
LeDock,ledock,All128,Yan,2xo1,RNA,,rep3,rep3,40,3.29751661,2.92858323,2.92858323,0.38334283,0.38334283,False,False,False,True,True,True,0.25,10,False,surfna_v2_v3_ccdcomplete128_redocking_3rep_20260828
LeDock,ledock,All128,Yan,2ydh,RNA,,rep3,rep3,40,1.20873311,1.20873311,0.84435992,0.84435992,0.84435992,True,True,True,True,True,True,1,40,False,surfna_v2_v3_ccdcomplete128_redocking_3rep_20260828
LeDock,ledock,All128,Yan,2ygh,RNA,,rep3,rep3,40,1.4168847,0.99828752,0.99828752,0.99828752,0.99828752,True,True,True,True,True,True,1,40,False,surfna_v2_v3_ccdcomplete128_redocking_3rep_20260828
LeDock,ledock,All128,Yan,316d,DNA,,rep3,rep3,40,9.5986063,4.76499574,4.76499574,4.3355282,4.3355282,False,False,False,False,False,False,0.875,35,False,surfna_v2_v3_ccdcomplete128_redocking_3rep_20260828
LeDock,ledock,All128,Ruiz,3c44,RNA,,rep3,rep3,40,3.03812782,2.89949221,2.35826801,2.30612996,1.62222662,False,False,False,False,True,True,1,40,False,surfna_v2_v3_ccdcomplete128_redocking_3rep_20260828
LeDock,ledock,All128,Philips,3d2x,RNA,,rep3,rep3,40,2.56280524,2.04148242,1.92063009,1.92063009,1.75925312,False,False,True,True,True,True,1,40,False,surfna_v2_v3_ccdcomplete128_redocking_3rep_20260828
LeDock,ledock,All128,Chen,3dil,RNA,,rep3,rep3,40,1.3060508,1.04882344,1.04882344,1.04882344,0.92776225,True,True,True,True,True,True,1,40,False,surfna_v2_v3_ccdcomplete128_redocking_3rep_20260828
LeDock,ledock,All128,Yan,3ds7,RNA,,rep3,rep3,40,0.81320374,0.81320374,0.81320374,0.81320374,0.73917603,True,True,True,True,True,True,0.675,27,False,surfna_v2_v3_ccdcomplete128_redocking_3rep_20260828
LeDock,ledock,All128,Chen,3dvv,RNA,,rep3,rep3,40,6.56385883,5.96151137,5.96151137,5.02928274,2.78614238,False,False,False,False,False,False,1,40,False,surfna_v2_v3_ccdcomplete128_redocking_3rep_20260828
LeDock,ledock,All128,Yan,3e5c,RNA,,rep3,rep3,40,1.986617,1.61778934,1.56591353,1.56591353,0.91179877,True,True,True,True,True,True,1,40,False,surfna_v2_v3_ccdcomplete128_redocking_3rep_20260828
LeDock,ledock,All128,Chen,3f2q,RNA,,rep3,rep3,40,1.21915481,0.7069737,0.7069737,0.7069737,0.7069737,True,True,True,True,True,True,1,40,False,surfna_v2_v3_ccdcomplete128_redocking_3rep_20260828
LeDock,ledock,All128,Yan,3fo4,RNA,,rep3,rep3,40,inf,inf,inf,inf,inf,False,False,False,False,False,False,0,0,True,surfna_v2_v3_ccdcomplete128_redocking_3rep_20260828
LeDock,ledock,All128,Yan,3fo6,RNA,,rep3,rep3,40,0.91941906,0.72220923,0.34662287,0.34662287,0.34662287,True,True,True,True,True,True,0.175,7,False,surfna_v2_v3_ccdcomplete128_redocking_3rep_20260828
LeDock,ledock,All128,Yan,3gao,RNA,,rep3,rep3,40,2.65731772,0.38929774,0.38929774,0.38929774,0.38929774,False,True,True,True,True,True,0.075,3,False,surfna_v2_v3_ccdcomplete128_redocking_3rep_20260828
LeDock,ledock,All128,Yan,3ger,RNA,,rep3,rep3,40,inf,inf,inf,inf,inf,False,False,False,False,False,False,0,0,True,surfna_v2_v3_ccdcomplete128_redocking_3rep_20260828
LeDock,ledock,All128,Yan,3ges,RNA,,rep3,rep3,40,1.10657354,0.86553726,0.86553726,0.86553726,0.86553726,True,True,True,True,True,True,0.225,9,False,surfna_v2_v3_ccdcomplete128_redocking_3rep_20260828
LeDock,ledock,All128,Yan,3gog,RNA,,rep3,rep3,40,inf,inf,inf,inf,inf,False,False,False,False,False,False,0,0,True,surfna_v2_v3_ccdcomplete128_redocking_3rep_20260828
LeDock,ledock,All128,Yan,3got,RNA,,rep3,rep3,40,2.78726399,0.18712077,0.18055772,0.16387578,0.16387578,False,True,True,True,True,True,0.225,9,False,surfna_v2_v3_ccdcomplete128_redocking_3rep_20260828
LeDock,ledock,All128,Chen;Philips,3gx2,RNA,,rep3,rep3,40,6.32393165,5.09245232,2.00808767,2.00808767,1.42864961,False,False,False,False,True,False,1,40,False,surfna_v2_v3_ccdcomplete128_redocking_3rep_20260828
LeDock,ledock,All128,Chen,3gx3,RNA,,rep3,rep3,40,5.35998208,5.35998208,1.11098676,1.11098676,1.11098676,False,False,True,True,True,False,1,40,False,surfna_v2_v3_ccdcomplete128_redocking_3rep_20260828
LeDock,ledock,All128,Chen,3gx5,RNA,,rep3,rep3,40,4.74508308,1.4104416,1.4104416,1.37538533,1.37538533,False,True,True,True,True,True,1,40,False,surfna_v2_v3_ccdcomplete128_redocking_3rep_20260828
LeDock,ledock,All128,Chen,3gx7,RNA,,rep3,rep3,40,1.01832702,1.01832702,1.01832702,0.94406819,0.94406819,True,True,True,True,True,True,1,40,False,surfna_v2_v3_ccdcomplete128_redocking_3rep_20260828
LeDock,ledock,All128,Yan;Chen,3la5,RNA,,rep3,rep3,40,0.44836049,0.43913921,0.38750129,0.36131375,0.36131375,True,True,True,True,True,True,0.375,15,False,surfna_v2_v3_ccdcomplete128_redocking_3rep_20260828
LeDock,ledock,All128,Yan,3mum,RNA,,rep3,rep3,40,4.67094152,4.56530342,4.56530342,4.56530342,4.56530342,False,False,False,False,False,True,0.85,34,False,surfna_v2_v3_ccdcomplete128_redocking_3rep_20260828
LeDock,ledock,All128,Yan,3mur,RNA,,rep3,rep3,40,2.48845818,2.14527624,1.98301654,1.98301654,1.37970217,False,False,True,True,True,True,0.4,16,False,surfna_v2_v3_ccdcomplete128_redocking_3rep_20260828
LeDock,ledock,All128,Yan,3mxh,RNA,,rep3,rep3,40,5.24214033,5.24214033,5.01940641,4.62949625,4.50681299,False,False,False,False,False,False,0.775,31,False,surfna_v2_v3_ccdcomplete128_redocking_3rep_20260828
LeDock,ledock,All128,Yan,3npn,RNA,,rep3,rep3,40,1.30516869,1.30516869,1.23509575,1.13849808,0.65617478,True,True,True,True,True,True,0.975,39,False,surfna_v2_v3_ccdcomplete128_redocking_3rep_20260828
LeDock,ledock,All128,Chen,3npq,RNA,,rep3,rep3,40,2.08841594,1.25490662,1.25490662,1.09563048,0.77633416,False,True,True,True,True,True,1,40,False,surfna_v2_v3_ccdcomplete128_redocking_3rep_20260828
LeDock,ledock,All128,Yan,3owz,RNA,,rep3,rep3,40,2.18794205,0.87818096,0.87818096,0.87818096,0.79596658,False,True,True,True,True,True,0.875,35,False,surfna_v2_v3_ccdcomplete128_redocking_3rep_20260828
LeDock,ledock,All128,Yan;Chen,3q3z,RNA,,rep3,rep3,40,2.86829234,2.86829234,2.86829234,2.84050294,2.67040958,False,False,False,False,False,True,0.45,18,False,surfna_v2_v3_ccdcomplete128_redocking_3rep_20260828
LeDock,ledock,All128,Yan,3q50,RNA,,rep3,rep3,40,0.37612201,0.37612201,0.37612201,0.37612201,0.37612201,True,True,True,True,True,True,0.75,30,False,surfna_v2_v3_ccdcomplete128_redocking_3rep_20260828
LeDock,ledock,All128,Yan,3s4p,RNA,,rep3,rep3,40,8.51338376,7.53966161,5.91148207,5.57819271,4.19555291,False,False,False,False,False,False,1,40,False,surfna_v2_v3_ccdcomplete128_redocking_3rep_20260828
LeDock,ledock,All128,Yan,3slm,RNA,,rep3,rep3,40,1.43342663,1.29837909,0.92659078,0.80259094,0.80259094,True,True,True,True,True,True,0.925,37,False,surfna_v2_v3_ccdcomplete128_redocking_3rep_20260828
LeDock,ledock,All128,Yan,407d,DNA,,rep3,rep3,40,15.65240265,2.61364948,2.61364948,2.61364948,2.4518909,False,False,False,False,False,False,1,40,False,surfna_v2_v3_ccdcomplete128_redocking_3rep_20260828
LeDock,ledock,All128,Yan,408d,DNA,,rep3,rep3,40,2.51764397,2.51764397,2.51764397,2.26460046,1.69768273,False,False,False,False,True,True,1,40,False,surfna_v2_v3_ccdcomplete128_redocking_3rep_20260828
LeDock,ledock,All128,Yan,4aob,RNA,,rep3,rep3,40,4.69966678,1.87664927,1.87664927,1.74556098,1.39357761,False,True,True,True,True,True,1,40,False,surfna_v2_v3_ccdcomplete128_redocking_3rep_20260828
LeDock,ledock,All128,Yan,4erj,RNA,,rep3,rep3,40,4.85694862,1.73892745,1.47924527,0.91623553,0.76896467,False,True,True,True,True,True,0.975,39,False,surfna_v2_v3_ccdcomplete128_redocking_3rep_20260828
LeDock,ledock,All128,Yan,4fe5,RNA,,rep3,rep3,40,2.9131998,2.39375757,2.39375757,2.39375757,2.39375757,False,False,False,False,False,True,0.05,2,False,surfna_v2_v3_ccdcomplete128_redocking_3rep_20260828
LeDock,ledock,All128,Yan,4jf2,RNA,,rep3,rep3,40,0.42522546,0.26737528,0.26737528,0.26737528,0.26737528,True,True,True,True,True,True,0.2,8,False,surfna_v2_v3_ccdcomplete128_redocking_3rep_20260828
LeDock,ledock,All128,Yan,4kqy,RNA,,rep3,rep3,40,1.3515715,1.32921141,1.32921141,0.97520144,0.97520144,True,True,True,True,True,True,1,40,False,surfna_v2_v3_ccdcomplete128_redocking_3rep_20260828
LeDock,ledock,All128,Yan,4lvv,RNA,,rep3,rep3,40,3.45701779,2.78423994,2.78423994,2.18863408,1.88539384,False,False,False,False,True,True,1,40,False,surfna_v2_v3_ccdcomplete128_redocking_3rep_20260828
rDock,rdock,All128,Ruiz;Chen;Philips,1am0,RNA,,rep1,rep1,40,1.75182682,1.43221657,1.43221657,1.43221657,1.43221657,True,True,True,True,True,True,1,40,False,surfna_v2_v3_ccdcomplete128_redocking_3rep_20260828
rDock,rdock,All128,Yan,1arj,RNA,,rep1,rep1,40,5.34577371,4.64676507,4.64676507,3.31603555,2.73964898,False,False,False,False,False,False,1,40,False,surfna_v2_v3_ccdcomplete128_redocking_3rep_20260828
rDock,rdock,All128,Yan;Ruiz;Chen;Philips,1byj,RNA,,rep1,rep1,40,5.16312073,3.62022918,3.62022918,3.62022918,2.11675101,False,False,False,False,False,False,1,40,False,surfna_v2_v3_ccdcomplete128_redocking_3rep_20260828
rDock,rdock,All128,Yan,1cvx,DNA,,rep1,rep1,40,3.57371728,3.57371728,3.57371728,3.57371728,3.19195212,False,False,False,False,False,True,1,40,False,surfna_v2_v3_ccdcomplete128_redocking_3rep_20260828
rDock,rdock,All128,Yan,1cvy,DNA,,rep1,rep1,40,3.03838167,3.03838167,3.03838167,2.1461668,2.1461668,False,False,False,False,False,True,1,40,False,surfna_v2_v3_ccdcomplete128_redocking_3rep_20260828
rDock,rdock,All128,Yan,1db6,DNA,,rep1,rep1,40,1.58607756,1.49637314,1.49637314,1.49637314,1.46388546,True,True,True,True,True,True,1,40,False,surfna_v2_v3_ccdcomplete128_redocking_3rep_20260828
rDock,rdock,All128,Ruiz;Chen;Philips,1eht,RNA,,rep1,rep1,40,3.30821996,3.2941087,3.2941087,3.27591705,0.37792498,False,False,False,False,True,True,1,40,False,surfna_v2_v3_ccdcomplete128_redocking_3rep_20260828
rDock,rdock,All128,Ruiz;Chen;Philips,1ei2,RNA,,rep1,rep1,40,7.85154589,7.85154589,6.50082559,5.73314482,5.51224443,False,False,False,False,False,False,1,40,False,surfna_v2_v3_ccdcomplete128_redocking_3rep_20260828
rDock,rdock,All128,Yan;Ruiz;Chen;Philips,1f1t,RNA,,rep1,rep1,40,0.71261887,0.71261887,0.71261887,0.70393399,0.43040064,True,True,True,True,True,True,1,40,False,surfna_v2_v3_ccdcomplete128_redocking_3rep_20260828
rDock,rdock,All128,Yan;Ruiz;Chen;Philips,1f27,RNA,,rep1,rep1,40,6.11947308,2.07864126,2.07864126,1.77007863,1.77007863,False,False,False,True,True,False,1,40,False,surfna_v2_v3_ccdcomplete128_redocking_3rep_20260828
rDock,rdock,All128,Philips,1fjg,RNA,,rep1,rep1,40,9.14757153,6.9665504,5.15903614,3.99820121,3.99820121,False,False,False,False,False,False,1,40,False,surfna_v2_v3_ccdcomplete128_redocking_3rep_20260828
rDock,rdock,All128,Ruiz;Chen;Philips,1fmn,RNA,,rep1,rep1,40,2.55522263,2.24446274,1.91713199,1.54434521,1.51926827,False,False,True,True,True,True,1,40,False,surfna_v2_v3_ccdcomplete128_redocking_3rep_20260828
rDock,rdock,All128,Yan;Ruiz;Chen;Philips,1fyp,RNA,,rep1,rep1,40,9.82067047,4.51579297,4.51579297,4.51579297,2.78718797,False,False,False,False,False,False,1,40,False,surfna_v2_v3_ccdcomplete128_redocking_3rep_20260828
rDock,rdock,All128,Philips,1hnw,RNA,,rep1,rep1,40,7.12979632,6.99829096,3.75088482,3.75088482,1.25962096,False,False,False,False,True,False,1,40,False,surfna_v2_v3_ccdcomplete128_redocking_3rep_20260828
rDock,rdock,All128,Yan,1i9v,RNA,,rep1,rep1,40,10.77345505,8.74525546,7.26787133,4.17731318,4.17731318,False,False,False,False,False,False,1,40,False,surfna_v2_v3_ccdcomplete128_redocking_3rep_20260828
rDock,rdock,All128,Ruiz;Chen;Philips,1j7t,RNA,,rep1,rep1,40,9.52059272,8.66089984,2.45444636,2.45444636,2.45444636,False,False,False,False,False,False,1,40,False,surfna_v2_v3_ccdcomplete128_redocking_3rep_20260828
rDock,rdock,All128,Ruiz;Chen;Philips,1koc,RNA,,rep1,rep1,40,2.04278355,2.04278355,1.80173748,1.80173748,1.80173748,False,False,True,True,True,True,1,40,False,surfna_v2_v3_ccdcomplete128_redocking_3rep_20260828
rDock,rdock,All128,Ruiz;Chen,1lc4,RNA,,rep1,rep1,40,9.85226018,8.14990472,5.72167568,5.72167568,3.06545847,False,False,False,False,False,False,1,40,False,surfna_v2_v3_ccdcomplete128_redocking_3rep_20260828
rDock,rdock,All128,Ruiz;Chen,1lvj,RNA,,rep1,rep1,40,2.76664378,2.76664378,2.76664378,2.76664378,2.76664378,False,False,False,False,False,True,1,40,False,surfna_v2_v3_ccdcomplete128_redocking_3rep_20260828
rDock,rdock,All128,Ruiz;Chen;Philips,1mwl,RNA,,rep1,rep1,40,9.45527396,8.51115168,6.30402594,4.29473592,4.29473592,False,False,False,False,False,False,1,40,False,surfna_v2_v3_ccdcomplete128_redocking_3rep_20260828
rDock,rdock,All128,Philips,1nbk,RNA,,rep1,rep1,40,6.07165407,2.82456132,2.49913791,2.46237553,2.2685124,False,False,False,False,False,False,1,40,False,surfna_v2_v3_ccdcomplete128_redocking_3rep_20260828
rDock,rdock,All128,Ruiz;Chen;Philips,1nem,RNA,,rep1,rep1,40,3.92926785,3.92926785,3.92926785,2.81670503,2.81670503,False,False,False,False,False,True,1,40,False,surfna_v2_v3_ccdcomplete128_redocking_3rep_20260828
rDock,rdock,All128,Ruiz,1nta,RNA,,rep1,rep1,40,6.48962488,5.15765599,4.857161,3.7102249,3.62452786,False,False,False,False,False,False,1,40,False,surfna_v2_v3_ccdcomplete128_redocking_3rep_20260828
rDock,rdock,All128,Ruiz;Chen,1ntb,RNA,,rep1,rep1,40,1.55064211,1.55064211,1.55064211,1.55064211,1.55064211,True,True,True,True,True,True,1,40,False,surfna_v2_v3_ccdcomplete128_redocking_3rep_20260828
rDock,rdock,All128,Yan,1nzm,DNA,,rep1,rep1,40,5.25893288,5.24375428,4.45927989,4.45669361,2.55760219,False,False,False,False,False,False,1,40,False,surfna_v2_v3_ccdcomplete128_redocking_3rep_20260828
rDock,rdock,All128,Ruiz,1o15,RNA,,rep1,rep1,40,3.34053837,3.34053837,3.33860277,1.10972355,1.03124754,False,False,False,True,True,True,1,40,False,surfna_v2_v3_ccdcomplete128_redocking_3rep_20260828
rDock,rdock,All128,Ruiz,1o9m,RNA,,rep1,rep1,40,7.69740596,7.44639612,5.9284139,5.13058972,3.94349827,False,False,False,False,False,False,1,40,False,surfna_v2_v3_ccdcomplete128_redocking_3rep_20260828
rDock,rdock,All128,Yan,1p96,DNA,,rep1,rep1,40,3.45100298,3.45100298,3.45100298,3.45100298,2.49725916,False,False,False,False,False,True,1,40,False,surfna_v2_v3_ccdcomplete128_redocking_3rep_20260828
rDock,rdock,All128,Ruiz;Chen;Philips,1pbr,RNA,,rep1,rep1,40,8.23359573,2.85891671,2.85891671,2.85891671,2.85891671,False,False,False,False,False,False,1,40,False,surfna_v2_v3_ccdcomplete128_redocking_3rep_20260828
rDock,rdock,All128,Yan;Ruiz;Chen;Philips,1q8n,RNA,,rep1,rep1,40,0.71661338,0.70306595,0.70063983,0.65616544,0.60540328,True,True,True,True,True,True,1,40,False,surfna_v2_v3_ccdcomplete128_redocking_3rep_20260828
rDock,rdock,All128,Yan;Ruiz;Chen,1qd3,RNA,,rep1,rep1,40,5.44636912,5.37726782,5.37726782,5.16924871,3.70104499,False,False,False,False,False,False,1,40,False,surfna_v2_v3_ccdcomplete128_redocking_3rep_20260828
rDock,rdock,All128,Yan,1qv4,DNA,,rep1,rep1,40,0.85112114,0.84325695,0.84325695,0.74472826,0.74472826,True,True,True,True,True,True,1,40,False,surfna_v2_v3_ccdcomplete128_redocking_3rep_20260828
rDock,rdock,All128,Yan,1qv8,DNA,,rep1,rep1,40,2.21284541,2.21284541,2.21284541,2.21284541,1.17787871,False,False,False,False,True,True,1,40,False,surfna_v2_v3_ccdcomplete128_redocking_3rep_20260828
rDock,rdock,All128,Yan,1r4e,DNA,,rep1,rep1,40,6.82535592,6.72195643,6.08676995,6.03991262,2.96964948,False,False,False,False,False,False,1,40,False,surfna_v2_v3_ccdcomplete128_redocking_3rep_20260828
rDock,rdock,All128,Ruiz;Chen;Philips,1tob,RNA,,rep1,rep1,40,6.86135702,3.6444274,3.6444274,3.6444274,2.64856514,False,False,False,False,False,False,1,40,False,surfna_v2_v3_ccdcomplete128_redocking_3rep_20260828
rDock,rdock,All128,Ruiz;Chen,1u8d,RNA,,rep1,rep1,40,0.28926163,0.26174859,0.26142364,0.26142364,0.26142364,True,True,True,True,True,True,1,40,False,surfna_v2_v3_ccdcomplete128_redocking_3rep_20260828
rDock,rdock,All128,Yan;Ruiz;Philips,1uts,RNA,,rep1,rep1,40,8.57395426,8.4595841,8.4595841,4.81746194,3.13774347,False,False,False,False,False,False,1,40,False,surfna_v2_v3_ccdcomplete128_redocking_3rep_20260828
rDock,rdock,All128,Yan;Ruiz;Chen;Philips,1uud,RNA,,rep1,rep1,40,4.96323208,4.96323208,4.96323208,2.08161539,2.08161539,False,False,False,False,False,True,1,40,False,surfna_v2_v3_ccdcomplete128_redocking_3rep_20260828
rDock,rdock,All128,Ruiz;Philips,1uui,RNA,,rep1,rep1,40,7.15798358,7.15798358,6.11054373,5.88026395,2.41086747,False,False,False,False,False,False,1,40,False,surfna_v2_v3_ccdcomplete128_redocking_3rep_20260828
rDock,rdock,All128,Philips,1xbp,RNA,,rep1,rep1,40,2.83706027,2.83706027,2.72818296,2.70394922,2.69219746,False,False,False,False,False,True,1,40,False,surfna_v2_v3_ccdcomplete128_redocking_3rep_20260828
rDock,rdock,All128,Ruiz;Philips,1xpf,RNA,,rep1,rep1,40,5.04951584,4.96009466,4.64154877,4.02632422,3.38860644,False,False,False,False,False,False,1,40,False,surfna_v2_v3_ccdcomplete128_redocking_3rep_20260828
rDock,rdock,All128,Ruiz;Chen;Philips,1y26,RNA,,rep1,rep1,40,0.54333782,0.54333782,0.54333782,0.54206446,0.52465165,True,True,True,True,True,True,1,40,False,surfna_v2_v3_ccdcomplete128_redocking_3rep_20260828
rDock,rdock,All128,Chen,1y27,RNA,,rep1,rep1,40,0.35052647,0.34303425,0.34136734,0.27299764,0.27287238,True,True,True,True,True,True,1,40,False,surfna_v2_v3_ccdcomplete128_redocking_3rep_20260828
rDock,rdock,All128,Yan;Chen,1ykv,RNA,,rep1,rep1,40,0.86783995,0.77876902,0.77876902,0.70141523,0.70141523,True,True,True,True,True,True,1,40,False,surfna_v2_v3_ccdcomplete128_redocking_3rep_20260828
rDock,rdock,All128,Yan;Ruiz;Chen,1yrj,RNA,,rep1,rep1,40,6.94642451,4.21460064,4.21460064,4.21460064,4.21460064,False,False,False,False,False,False,1,40,False,surfna_v2_v3_ccdcomplete128_redocking_3rep_20260828
rDock,rdock,All128,Chen,1zz5,RNA,,rep1,rep1,40,8.99578617,8.2788113,8.2788113,5.8325093,3.73417978,False,False,False,False,False,False,1,40,False,surfna_v2_v3_ccdcomplete128_redocking_3rep_20260828
rDock,rdock,All128,Yan;Ruiz,2au4,RNA,,rep1,rep1,40,2.19082393,2.03405843,1.9332642,1.9332642,1.9332642,False,False,True,True,True,True,1,40,False,surfna_v2_v3_ccdcomplete128_redocking_3rep_20260828
rDock,rdock,All128,Yan,2b57,RNA,,rep1,rep1,40,0.21608746,0.20763721,0.20763721,0.20284725,0.20122889,True,True,True,True,True,True,1,40,False,surfna_v2_v3_ccdcomplete128_redocking_3rep_20260828
rDock,rdock,All128,Yan;Ruiz;Chen;Philips,2be0,RNA,,rep1,rep1,40,6.82506745,6.82506745,6.82506745,5.13603951,4.5273581,False,False,False,False,False,False,1,40,False,surfna_v2_v3_ccdcomplete128_redocking_3rep_20260828
rDock,rdock,All128,Yan;Ruiz;Philips,2bee,RNA,,rep1,rep1,40,8.71867479,8.12989677,5.80036972,5.80036972,4.87708224,False,False,False,False,False,False,1,40,False,surfna_v2_v3_ccdcomplete128_redocking_3rep_20260828
rDock,rdock,All128,Yan,2d55,DNA,,rep1,rep1,40,7.97351184,7.97351184,5.99151037,5.52085151,5.47915787,False,False,False,False,False,False,1,40,False,surfna_v2_v3_ccdcomplete128_redocking_3rep_20260828
rDock,rdock,All128,Chen,2esi,RNA,,rep1,rep1,40,5.61532357,4.79873334,4.79873334,4.79873334,4.06740621,False,False,False,False,False,False,1,40,False,surfna_v2_v3_ccdcomplete128_redocking_3rep_20260828
rDock,rdock,All128,Ruiz,2esj,RNA,,rep1,rep1,40,8.78343503,5.18271316,5.09231011,4.24767058,4.24767058,False,False,False,False,False,False,1,40,False,surfna_v2_v3_ccdcomplete128_redocking_3rep_20260828
rDock,rdock,All128,Ruiz,2et3,RNA,,rep1,rep1,40,6.14850542,2.89110268,2.89110268,2.89110268,2.89110268,False,False,False,False,False,False,1,40,False,surfna_v2_v3_ccdcomplete128_redocking_3rep_20260828
rDock,rdock,All128,Ruiz,2et4,RNA,,rep1,rep1,40,8.4689193,8.4689193,8.4689193,4.56918421,3.41460206,False,False,False,False,False,False,1,40,False,surfna_v2_v3_ccdcomplete128_redocking_3rep_20260828
rDock,rdock,All128,Ruiz;Chen;Philips,2et8,RNA,,rep1,rep1,40,7.14801156,0.95261222,0.95261222,0.95261222,0.46672187,False,True,True,True,True,False,1,40,False,surfna_v2_v3_ccdcomplete128_redocking_3rep_20260828
rDock,rdock,All128,Ruiz,2f4s,RNA,,rep1,rep1,40,1.37850497,1.37850497,1.37850497,1.37850497,1.37850497,True,True,True,True,True,True,1,40,False,surfna_v2_v3_ccdcomplete128_redocking_3rep_20260828
rDock,rdock,All128,Yan;Ruiz;Chen,2f4t,RNA,,rep1,rep1,40,6.32520349,6.32520349,6.32520349,5.11028217,3.92123785,False,False,False,False,False,False,1,40,False,surfna_v2_v3_ccdcomplete128_redocking_3rep_20260828
rDock,rdock,All128,Yan;Ruiz;Philips,2f4u,RNA,,rep1,rep1,40,10.18535625,7.85711792,6.51536199,6.14505551,2.18325946,False,False,False,False,False,False,1,40,False,surfna_v2_v3_ccdcomplete128_redocking_3rep_20260828
rDock,rdock,All128,Ruiz,2fcx,RNA,,rep1,rep1,40,8.39397638,7.84813998,4.69639493,4.69639493,3.13437355,False,False,False,False,False,False,1,40,False,surfna_v2_v3_ccdcomplete128_redocking_3rep_20260828
rDock,rdock,All128,Ruiz,2fcy,RNA,,rep1,rep1,40,7.14522792,7.14522792,7.14522792,4.52957786,3.41685337,False,False,False,False,False,False,1,40,False,surfna_v2_v3_ccdcomplete128_redocking_3rep_20260828
rDock,rdock,All128,Ruiz;Chen;Philips,2fcz,RNA,,rep1,rep1,40,6.53211808,4.69619447,4.69619447,4.69619447,3.58837768,False,False,False,False,False,False,1,40,False,surfna_v2_v3_ccdcomplete128_redocking_3rep_20260828
rDock,rdock,All128,Ruiz;Chen;Philips,2fd0,RNA,,rep1,rep1,40,2.51636933,2.51636933,2.51636933,2.51636933,2.51636933,False,False,False,False,False,True,1,40,False,surfna_v2_v3_ccdcomplete128_redocking_3rep_20260828
rDock,rdock,All128,Yan,2g5k,RNA,,rep1,rep1,40,4.81597362,4.81597362,4.81597362,3.4557964,3.29540917,False,False,False,False,False,True,1,40,False,surfna_v2_v3_ccdcomplete128_redocking_3rep_20260828
rDock,rdock,All128,Ruiz;Chen;Philips,2g5q,RNA,,rep1,rep1,40,8.34854356,8.34854356,3.68343389,3.23293182,2.44747837,False,False,False,False,False,False,1,40,False,surfna_v2_v3_ccdcomplete128_redocking_3rep_20260828
rDock,rdock,All128,Yan,2g9c,RNA,,rep1,rep1,40,0.28184783,0.28184783,0.27905903,0.27823698,0.26967601,True,True,True,True,True,True,1,40,False,surfna_v2_v3_ccdcomplete128_redocking_3rep_20260828
rDock,rdock,All128,Chen;Philips,2gdi,RNA,,rep1,rep1,40,8.4034308,8.4034308,8.4034308,3.46693655,2.27451059,False,False,False,False,False,False,1,40,False,surfna_v2_v3_ccdcomplete128_redocking_3rep_20260828
rDock,rdock,All128,Chen,2gis,RNA,,rep1,rep1,40,1.49243321,1.49243321,1.49243321,1.49243321,1.49243321,True,True,True,True,True,True,1,40,False,surfna_v2_v3_ccdcomplete128_redocking_3rep_20260828
rDock,rdock,All128,Ruiz,2juk,RNA,,rep1,rep1,40,8.75007625,7.11319216,7.11319216,5.94078906,4.68526304,False,False,False,False,False,False,1,40,False,surfna_v2_v3_ccdcomplete128_redocking_3rep_20260828
rDock,rdock,All128,Yan,2jwq,DNA,,rep1,rep1,40,1.4168368,1.4168368,1.4168368,0.8850616,0.8850616,True,True,True,True,True,True,1,40,False,surfna_v2_v3_ccdcomplete128_redocking_3rep_20260828
rDock,rdock,All128,Yan;Chen,2kgp,RNA,,rep1,rep1,40,6.22509801,2.86015372,2.86015372,2.86015372,2.47782579,False,False,False,False,False,False,1,40,False,surfna_v2_v3_ccdcomplete128_redocking_3rep_20260828
rDock,rdock,All128,Yan;Chen,2ktz,RNA,,rep1,rep1,40,5.48163869,5.405157,5.405157,5.405157,0.9841525,False,False,False,False,True,False,1,40,False,surfna_v2_v3_ccdcomplete128_redocking_3rep_20260828
rDock,rdock,All128,Yan;Chen,2ku0,RNA,,rep1,rep1,40,5.90145295,5.90145295,5.90145295,2.11389228,1.99943072,False,False,False,False,True,False,1,40,False,surfna_v2_v3_ccdcomplete128_redocking_3rep_20260828
rDock,rdock,All128,Yan,2l94,RNA,,rep1,rep1,40,5.65310517,4.90180794,4.90180794,4.90180794,3.25462935,False,False,False,False,False,False,1,40,False,surfna_v2_v3_ccdcomplete128_redocking_3rep_20260828
rDock,rdock,All128,Yan,2loa,DNA,,rep1,rep1,40,7.74771474,7.37529454,6.24617077,6.24617077,3.88244023,False,False,False,False,False,False,1,40,False,surfna_v2_v3_ccdcomplete128_redocking_3rep_20260828
rDock,rdock,All128,Yan,2mb3,DNA,,rep1,rep1,40,4.79070768,4.79070768,4.67744362,4.67744362,4.63588515,False,False,False,False,False,True,1,40,False,surfna_v2_v3_ccdcomplete128_redocking_3rep_20260828
rDock,rdock,All128,Ruiz;Chen,2o3v,RNA,,rep1,rep1,40,9.84425235,4.4982892,3.42646756,3.22955839,3.02774043,False,False,False,False,False,False,1,40,False,surfna_v2_v3_ccdcomplete128_redocking_3rep_20260828
rDock,rdock,All128,Yan;Ruiz,2o3w,RNA,,rep1,rep1,40,9.69876806,9.69876806,9.69876806,2.93871807,2.93871807,False,False,False,False,False,False,1,40,False,surfna_v2_v3_ccdcomplete128_redocking_3rep_20260828
rDock,rdock,All128,Yan;Ruiz;Philips,2o3x,RNA,,rep1,rep1,40,6.0508925,5.74549379,5.74549379,5.34085999,3.05094606,False,False,False,False,False,False,1,40,False,surfna_v2_v3_ccdcomplete128_redocking_3rep_20260828
rDock,rdock,All128,Ruiz;Philips,2oe5,RNA,,rep1,rep1,40,8.93795359,8.93795359,8.93795359,8.93795359,7.65463033,False,False,False,False,False,False,1,40,False,surfna_v2_v3_ccdcomplete128_redocking_3rep_20260828
rDock,rdock,All128,Ruiz;Chen,2oe8,RNA,,rep1,rep1,40,9.01670583,9.00839928,9.00839928,8.78911765,2.72104683,False,False,False,False,False,False,1,40,False,surfna_v2_v3_ccdcomplete128_redocking_3rep_20260828
rDock,rdock,All128,Philips,2ogn,RNA,,rep1,rep1,40,8.07247713,8.07247713,8.07247713,5.23920949,1.89087771,False,False,False,False,True,False,1,40,False,surfna_v2_v3_ccdcomplete128_redocking_3rep_20260828
rDock,rdock,All128,Chen;Philips,2pwt,RNA,,rep1,rep1,40,8.63883265,7.35800005,7.35800005,6.99876575,5.91367739,False,False,False,False,False,False,1,40,False,surfna_v2_v3_ccdcomplete128_redocking_3rep_20260828
rDock,rdock,All128,Ruiz;Chen;Philips,2tob,RNA,,rep1,rep1,40,4.25403715,3.1199734,3.1199734,2.91467971,2.91467971,False,False,False,False,False,True,1,40,False,surfna_v2_v3_ccdcomplete128_redocking_3rep_20260828
rDock,rdock,All128,Yan,2xnw,RNA,,rep1,rep1,40,3.64763023,3.64278644,3.64278644,3.64278644,0.4890069,False,False,False,False,True,True,1,40,False,surfna_v2_v3_ccdcomplete128_redocking_3rep_20260828
rDock,rdock,All128,Yan,2xnz,RNA,,rep1,rep1,40,0.32408738,0.32408738,0.32408738,0.32307153,0.32076626,True,True,True,True,True,True,1,40,False,surfna_v2_v3_ccdcomplete128_redocking_3rep_20260828
rDock,rdock,All128,Yan,2xo0,RNA,,rep1,rep1,40,2.30526186,2.30526186,2.30526186,2.30446919,0.38696727,False,False,False,False,True,True,1,40,False,surfna_v2_v3_ccdcomplete128_redocking_3rep_20260828
rDock,rdock,All128,Yan,2xo1,RNA,,rep1,rep1,40,0.85228576,0.83831526,0.83831526,0.83831526,0.21589556,True,True,True,True,True,True,1,40,False,surfna_v2_v3_ccdcomplete128_redocking_3rep_20260828
rDock,rdock,All128,Yan,2ydh,RNA,,rep1,rep1,40,7.99109428,1.50191644,1.50191644,1.50191644,1.50191644,False,True,True,True,True,False,1,40,False,surfna_v2_v3_ccdcomplete128_redocking_3rep_20260828
rDock,rdock,All128,Yan,2ygh,RNA,,rep1,rep1,40,3.74433192,2.3916885,2.3916885,2.3916885,2.3916885,False,False,False,False,False,True,1,40,False,surfna_v2_v3_ccdcomplete128_redocking_3rep_20260828
rDock,rdock,All128,Yan,316d,DNA,,rep1,rep1,40,6.23464168,6.23464168,6.23464168,6.22812965,6.22812965,False,False,False,False,False,False,1,40,False,surfna_v2_v3_ccdcomplete128_redocking_3rep_20260828
rDock,rdock,All128,Ruiz,3c44,RNA,,rep1,rep1,40,1.79168885,1.79168885,1.79168885,1.79168885,1.79168885,True,True,True,True,True,True,1,40,False,surfna_v2_v3_ccdcomplete128_redocking_3rep_20260828
rDock,rdock,All128,Philips,3d2x,RNA,,rep1,rep1,40,3.78207539,3.14075689,3.14075689,1.93500329,1.93500329,False,False,False,True,True,True,1,40,False,surfna_v2_v3_ccdcomplete128_redocking_3rep_20260828
rDock,rdock,All128,Chen,3dil,RNA,,rep1,rep1,40,1.01876801,0.79514472,0.32089918,0.32089918,0.32089918,True,True,True,True,True,True,1,40,False,surfna_v2_v3_ccdcomplete128_redocking_3rep_20260828
rDock,rdock,All128,Yan,3ds7,RNA,,rep1,rep1,40,2.08668263,0.70197338,0.70197338,0.67086996,0.62021201,False,True,True,True,True,True,1,40,False,surfna_v2_v3_ccdcomplete128_redocking_3rep_20260828
rDock,rdock,All128,Chen,3dvv,RNA,,rep1,rep1,40,5.04064056,5.04064056,5.04064056,5.04064056,3.16353605,False,False,False,False,False,False,1,40,False,surfna_v2_v3_ccdcomplete128_redocking_3rep_20260828
rDock,rdock,All128,Yan,3e5c,RNA,,rep1,rep1,40,4.947019,4.947019,4.85530859,4.77210614,2.52131902,False,False,False,False,False,True,1,40,False,surfna_v2_v3_ccdcomplete128_redocking_3rep_20260828
rDock,rdock,All128,Chen,3f2q,RNA,,rep1,rep1,40,0.79387289,0.79387289,0.79387289,0.79387289,0.76772669,True,True,True,True,True,True,1,40,False,surfna_v2_v3_ccdcomplete128_redocking_3rep_20260828
rDock,rdock,All128,Yan,3fo4,RNA,,rep1,rep1,40,0.31723143,0.26252289,0.26252289,0.26252289,0.26252289,True,True,True,True,True,True,1,40,False,surfna_v2_v3_ccdcomplete128_redocking_3rep_20260828
rDock,rdock,All128,Yan,3fo6,RNA,,rep1,rep1,40,0.30761982,0.30654253,0.29493084,0.29365424,0.27640539,True,True,True,True,True,True,1,40,False,surfna_v2_v3_ccdcomplete128_redocking_3rep_20260828
rDock,rdock,All128,Yan,3gao,RNA,,rep1,rep1,40,0.47145073,0.47069025,0.46520327,0.46234312,0.46234312,True,True,True,True,True,True,1,40,False,surfna_v2_v3_ccdcomplete128_redocking_3rep_20260828
rDock,rdock,All128,Yan,3ger,RNA,,rep1,rep1,40,0.58094419,0.58094419,0.57941247,0.57480756,0.12944272,True,True,True,True,True,True,1,40,False,surfna_v2_v3_ccdcomplete128_redocking_3rep_20260828
rDock,rdock,All128,Yan,3ges,RNA,,rep1,rep1,40,0.19543207,0.1926355,0.18878811,0.18617789,0.18585462,True,True,True,True,True,True,1,40,False,surfna_v2_v3_ccdcomplete128_redocking_3rep_20260828
rDock,rdock,All128,Yan,3gog,RNA,,rep1,rep1,40,0.42418764,0.42229526,0.41947682,0.41685872,0.38928752,True,True,True,True,True,True,1,40,False,surfna_v2_v3_ccdcomplete128_redocking_3rep_20260828
rDock,rdock,All128,Yan,3got,RNA,,rep1,rep1,40,0.45964008,0.45689969,0.45689969,0.45618666,0.45337229,True,True,True,True,True,True,1,40,False,surfna_v2_v3_ccdcomplete128_redocking_3rep_20260828
rDock,rdock,All128,Chen;Philips,3gx2,RNA,,rep1,rep1,40,1.84552539,1.84552539,1.84552539,1.84552539,1.84552539,True,True,True,True,True,True,1,40,False,surfna_v2_v3_ccdcomplete128_redocking_3rep_20260828
rDock,rdock,All128,Chen,3gx3,RNA,,rep1,rep1,40,6.38880832,3.31898553,1.56182294,1.56182294,1.56182294,False,False,True,True,True,False,1,40,False,surfna_v2_v3_ccdcomplete128_redocking_3rep_20260828
rDock,rdock,All128,Chen,3gx5,RNA,,rep1,rep1,40,1.49539546,1.49539546,1.49539546,1.49539546,1.49539546,True,True,True,True,True,True,1,40,False,surfna_v2_v3_ccdcomplete128_redocking_3rep_20260828
rDock,rdock,All128,Chen,3gx7,RNA,,rep1,rep1,40,1.7229412,0.70055655,0.70055655,0.70055655,0.70055655,True,True,True,True,True,True,1,40,False,surfna_v2_v3_ccdcomplete128_redocking_3rep_20260828
rDock,rdock,All128,Yan;Chen,3la5,RNA,,rep1,rep1,40,0.23018215,0.22968702,0.22612083,0.20844966,0.20210441,True,True,True,True,True,True,1,40,False,surfna_v2_v3_ccdcomplete128_redocking_3rep_20260828
rDock,rdock,All128,Yan,3mum,RNA,,rep1,rep1,40,5.01005913,5.01005913,5.01005913,5.01005913,4.11683485,False,False,False,False,False,False,1,40,False,surfna_v2_v3_ccdcomplete128_redocking_3rep_20260828
rDock,rdock,All128,Yan,3mur,RNA,,rep1,rep1,40,7.18286466,7.13206903,7.13206903,6.63369808,6.62935782,False,False,False,False,False,False,1,40,False,surfna_v2_v3_ccdcomplete128_redocking_3rep_20260828
rDock,rdock,All128,Yan,3mxh,RNA,,rep1,rep1,40,6.07414953,5.91957922,5.91957922,5.31396566,3.76433593,False,False,False,False,False,False,1,40,False,surfna_v2_v3_ccdcomplete128_redocking_3rep_20260828
rDock,rdock,All128,Yan,3npn,RNA,,rep1,rep1,40,1.34042484,1.06864371,1.06864371,1.06864371,1.06864371,True,True,True,True,True,True,1,40,False,surfna_v2_v3_ccdcomplete128_redocking_3rep_20260828
rDock,rdock,All128,Chen,3npq,RNA,,rep1,rep1,40,1.22667608,1.22667608,1.22667608,1.08590844,1.08590844,True,True,True,True,True,True,1,40,False,surfna_v2_v3_ccdcomplete128_redocking_3rep_20260828
rDock,rdock,All128,Yan,3owz,RNA,,rep1,rep1,40,inf,inf,inf,inf,inf,False,False,False,False,False,False,0,0,True,surfna_v2_v3_ccdcomplete128_redocking_3rep_20260828
rDock,rdock,All128,Yan;Chen,3q3z,RNA,,rep1,rep1,40,3.7057364,3.7057364,3.03470909,3.03470909,3.03470909,False,False,False,False,False,True,1,40,False,surfna_v2_v3_ccdcomplete128_redocking_3rep_20260828
rDock,rdock,All128,Yan,3q50,RNA,,rep1,rep1,40,0.5792107,0.39836539,0.38273196,0.37885036,0.36256418,True,True,True,True,True,True,1,40,False,surfna_v2_v3_ccdcomplete128_redocking_3rep_20260828
rDock,rdock,All128,Yan,3s4p,RNA,,rep1,rep1,40,4.71028168,4.71028168,4.71028168,4.71028168,4.71028168,False,False,False,False,False,True,1,40,False,surfna_v2_v3_ccdcomplete128_redocking_3rep_20260828
rDock,rdock,All128,Yan,3slm,RNA,,rep1,rep1,40,1.57385236,1.57385236,1.25428729,1.25428729,1.17905428,True,True,True,True,True,True,1,40,False,surfna_v2_v3_ccdcomplete128_redocking_3rep_20260828
rDock,rdock,All128,Yan,407d,DNA,,rep1,rep1,40,15.90618285,1.55816299,1.55816299,1.55816299,1.55816299,False,True,True,True,True,False,1,40,False,surfna_v2_v3_ccdcomplete128_redocking_3rep_20260828
rDock,rdock,All128,Yan,408d,DNA,,rep1,rep1,40,16.21270613,14.94131507,2.75479571,2.75479571,2.75479571,False,False,False,False,False,False,1,40,False,surfna_v2_v3_ccdcomplete128_redocking_3rep_20260828
rDock,rdock,All128,Yan,4aob,RNA,,rep1,rep1,40,2.24043009,2.24043009,2.24043009,2.24043009,1.54495269,False,False,False,False,True,True,1,40,False,surfna_v2_v3_ccdcomplete128_redocking_3rep_20260828
rDock,rdock,All128,Yan,4erj,RNA,,rep1,rep1,40,2.01542074,1.78381785,0.77332458,0.77332458,0.77332458,False,True,True,True,True,True,1,40,False,surfna_v2_v3_ccdcomplete128_redocking_3rep_20260828
rDock,rdock,All128,Yan,4fe5,RNA,,rep1,rep1,40,0.39664691,0.39664691,0.39664691,0.39664691,0.34808428,True,True,True,True,True,True,1,40,False,surfna_v2_v3_ccdcomplete128_redocking_3rep_20260828
rDock,rdock,All128,Yan,4jf2,RNA,,rep1,rep1,40,0.6296592,0.6296592,0.40838822,0.40065506,0.2789665,True,True,True,True,True,True,1,40,False,surfna_v2_v3_ccdcomplete128_redocking_3rep_20260828
rDock,rdock,All128,Yan,4kqy,RNA,,rep1,rep1,40,7.23059569,6.16033087,1.47830273,1.30451557,1.30451557,False,False,True,True,True,False,1,40,False,surfna_v2_v3_ccdcomplete128_redocking_3rep_20260828
rDock,rdock,All128,Yan,4lvv,RNA,,rep1,rep1,40,2.26756847,1.12946004,1.12946004,1.12946004,1.12946004,False,True,True,True,True,True,1,40,False,surfna_v2_v3_ccdcomplete128_redocking_3rep_20260828
rDock,rdock,All128,Ruiz;Chen;Philips,1am0,RNA,,rep2,rep2,40,3.23751551,2.05465129,1.30404571,1.30404571,1.30404571,False,False,True,True,True,True,1,40,False,surfna_v2_v3_ccdcomplete128_redocking_3rep_20260828
rDock,rdock,All128,Yan,1arj,RNA,,rep2,rep2,40,3.7761028,2.9223072,2.9223072,2.9223072,2.80821087,False,False,False,False,False,True,1,40,False,surfna_v2_v3_ccdcomplete128_redocking_3rep_20260828
rDock,rdock,All128,Yan;Ruiz;Chen;Philips,1byj,RNA,,rep2,rep2,40,7.59841766,4.71031822,4.6686392,3.92927731,2.81427138,False,False,False,False,False,False,1,40,False,surfna_v2_v3_ccdcomplete128_redocking_3rep_20260828
rDock,rdock,All128,Yan,1cvx,DNA,,rep2,rep2,40,1.43868853,1.36861406,1.36861406,1.36861406,1.36861406,True,True,True,True,True,True,1,40,False,surfna_v2_v3_ccdcomplete128_redocking_3rep_20260828
rDock,rdock,All128,Yan,1cvy,DNA,,rep2,rep2,40,4.97092781,3.25430815,3.25430815,3.25430815,3.25430815,False,False,False,False,False,True,1,40,False,surfna_v2_v3_ccdcomplete128_redocking_3rep_20260828
rDock,rdock,All128,Yan,1db6,DNA,,rep2,rep2,40,1.71733066,1.71733066,1.46667366,1.46667366,1.46667366,True,True,True,True,True,True,1,40,False,surfna_v2_v3_ccdcomplete128_redocking_3rep_20260828
rDock,rdock,All128,Ruiz;Chen;Philips,1eht,RNA,,rep2,rep2,40,3.25552512,3.25244286,3.25244286,3.25131775,0.38443738,False,False,False,False,True,True,1,40,False,surfna_v2_v3_ccdcomplete128_redocking_3rep_20260828
rDock,rdock,All128,Ruiz;Chen;Philips,1ei2,RNA,,rep2,rep2,40,6.41949613,6.41949613,5.22812148,5.22812148,3.57681484,False,False,False,False,False,False,1,40,False,surfna_v2_v3_ccdcomplete128_redocking_3rep_20260828
rDock,rdock,All128,Yan;Ruiz;Chen;Philips,1f1t,RNA,,rep2,rep2,40,0.71488794,0.7135793,0.7135793,0.71307514,0.47112761,True,True,True,True,True,True,1,40,False,surfna_v2_v3_ccdcomplete128_redocking_3rep_20260828
rDock,rdock,All128,Yan;Ruiz;Chen;Philips,1f27,RNA,,rep2,rep2,40,1.55626635,1.55626635,1.55626635,1.55058417,1.19417675,True,True,True,True,True,True,1,40,False,surfna_v2_v3_ccdcomplete128_redocking_3rep_20260828
rDock,rdock,All128,Philips,1fjg,RNA,,rep2,rep2,40,9.85523037,5.17458169,5.17458169,5.17458169,4.8515535,False,False,False,False,False,False,1,40,False,surfna_v2_v3_ccdcomplete128_redocking_3rep_20260828
rDock,rdock,All128,Ruiz;Chen;Philips,1fmn,RNA,,rep2,rep2,40,1.85660051,1.54008378,1.54008378,1.18426592,1.00238386,True,True,True,True,True,True,1,40,False,surfna_v2_v3_ccdcomplete128_redocking_3rep_20260828
rDock,rdock,All128,Yan;Ruiz;Chen;Philips,1fyp,RNA,,rep2,rep2,40,5.92816714,5.21603468,5.21603468,5.21603468,3.32430573,False,False,False,False,False,False,1,40,False,surfna_v2_v3_ccdcomplete128_redocking_3rep_20260828
rDock,rdock,All128,Philips,1hnw,RNA,,rep2,rep2,40,7.09972189,7.09475364,7.09475364,4.90944134,2.39394626,False,False,False,False,False,False,1,40,False,surfna_v2_v3_ccdcomplete128_redocking_3rep_20260828
rDock,rdock,All128,Yan,1i9v,RNA,,rep2,rep2,40,11.13561488,8.98245812,8.33050135,7.69456552,3.44421727,False,False,False,False,False,False,1,40,False,surfna_v2_v3_ccdcomplete128_redocking_3rep_20260828
rDock,rdock,All128,Ruiz;Chen;Philips,1j7t,RNA,,rep2,rep2,40,8.51708917,8.51708917,8.51708917,4.59201164,3.14561017,False,False,False,False,False,False,1,40,False,surfna_v2_v3_ccdcomplete128_redocking_3rep_20260828
rDock,rdock,All128,Ruiz;Chen;Philips,1koc,RNA,,rep2,rep2,40,2.36349157,2.30864175,2.03908641,1.94890445,1.78300088,False,False,False,True,True,True,1,40,False,surfna_v2_v3_ccdcomplete128_redocking_3rep_20260828
rDock,rdock,All128,Ruiz;Chen,1lc4,RNA,,rep2,rep2,40,7.66651266,7.66651266,4.71532018,2.93727794,2.93727794,False,False,False,False,False,False,1,40,False,surfna_v2_v3_ccdcomplete128_redocking_3rep_20260828
rDock,rdock,All128,Ruiz;Chen,1lvj,RNA,,rep2,rep2,40,7.11082039,7.02638965,6.5942621,5.86172199,2.49307025,False,False,False,False,False,False,1,40,False,surfna_v2_v3_ccdcomplete128_redocking_3rep_20260828
rDock,rdock,All128,Ruiz;Chen;Philips,1mwl,RNA,,rep2,rep2,40,4.88151308,4.88151308,4.88151308,4.88151308,4.21107065,False,False,False,False,False,True,1,40,False,surfna_v2_v3_ccdcomplete128_redocking_3rep_20260828
rDock,rdock,All128,Philips,1nbk,RNA,,rep2,rep2,40,2.26383165,2.26383165,2.26383165,2.25252505,2.25252505,False,False,False,False,False,True,1,40,False,surfna_v2_v3_ccdcomplete128_redocking_3rep_20260828
rDock,rdock,All128,Ruiz;Chen;Philips,1nem,RNA,,rep2,rep2,40,4.30175555,3.91384295,3.56213301,3.47551333,3.36177938,False,False,False,False,False,True,1,40,False,surfna_v2_v3_ccdcomplete128_redocking_3rep_20260828
rDock,rdock,All128,Ruiz,1nta,RNA,,rep2,rep2,40,1.91469738,1.91469738,1.91469738,1.91469738,1.91469738,True,True,True,True,True,True,1,40,False,surfna_v2_v3_ccdcomplete128_redocking_3rep_20260828
rDock,rdock,All128,Ruiz;Chen,1ntb,RNA,,rep2,rep2,40,6.36929758,6.29285957,5.64776386,5.64776386,3.52954669,False,False,False,False,False,False,1,40,False,surfna_v2_v3_ccdcomplete128_redocking_3rep_20260828
rDock,rdock,All128,Yan,1nzm,DNA,,rep2,rep2,40,7.2906366,7.28619284,7.28619284,1.79552165,1.77904462,False,False,False,True,True,False,1,40,False,surfna_v2_v3_ccdcomplete128_redocking_3rep_20260828
rDock,rdock,All128,Ruiz,1o15,RNA,,rep2,rep2,40,1.15533813,1.13427804,1.1076204,1.0961714,1.03546394,True,True,True,True,True,True,1,40,False,surfna_v2_v3_ccdcomplete128_redocking_3rep_20260828
rDock,rdock,All128,Ruiz,1o9m,RNA,,rep2,rep2,40,1.39345047,1.39345047,1.39345047,1.39345047,1.39345047,True,True,True,True,True,True,1,40,False,surfna_v2_v3_ccdcomplete128_redocking_3rep_20260828
rDock,rdock,All128,Yan,1p96,DNA,,rep2,rep2,40,3.29510816,3.29510816,3.29293102,3.16488572,2.06915101,False,False,False,False,False,True,1,40,False,surfna_v2_v3_ccdcomplete128_redocking_3rep_20260828
rDock,rdock,All128,Ruiz;Chen;Philips,1pbr,RNA,,rep2,rep2,40,2.5530934,2.5530934,2.5530934,2.5530934,2.5530934,False,False,False,False,False,True,1,40,False,surfna_v2_v3_ccdcomplete128_redocking_3rep_20260828
rDock,rdock,All128,Yan;Ruiz;Chen;Philips,1q8n,RNA,,rep2,rep2,40,0.69810382,0.68505851,0.68505851,0.66217033,0.61914333,True,True,True,True,True,True,1,40,False,surfna_v2_v3_ccdcomplete128_redocking_3rep_20260828
rDock,rdock,All128,Yan;Ruiz;Chen,1qd3,RNA,,rep2,rep2,40,4.99411223,4.99411223,4.99411223,2.7778442,2.7778442,False,False,False,False,False,True,1,40,False,surfna_v2_v3_ccdcomplete128_redocking_3rep_20260828
rDock,rdock,All128,Yan,1qv4,DNA,,rep2,rep2,40,1.54360342,1.54360342,0.81392264,0.81392264,0.81392264,True,True,True,True,True,True,1,40,False,surfna_v2_v3_ccdcomplete128_redocking_3rep_20260828
rDock,rdock,All128,Yan,1qv8,DNA,,rep2,rep2,40,12.97665307,1.5528384,1.5528384,1.5528384,1.5528384,False,True,True,True,True,False,1,40,False,surfna_v2_v3_ccdcomplete128_redocking_3rep_20260828
rDock,rdock,All128,Yan,1r4e,DNA,,rep2,rep2,40,6.64715239,6.52013156,6.52013156,6.52013156,2.39991578,False,False,False,False,False,False,1,40,False,surfna_v2_v3_ccdcomplete128_redocking_3rep_20260828
rDock,rdock,All128,Ruiz;Chen;Philips,1tob,RNA,,rep2,rep2,40,8.61855709,8.61855709,8.61855709,8.61855709,3.76128571,False,False,False,False,False,False,1,40,False,surfna_v2_v3_ccdcomplete128_redocking_3rep_20260828
rDock,rdock,All128,Ruiz;Chen,1u8d,RNA,,rep2,rep2,40,0.26346271,0.26346271,0.26346271,0.26346271,0.25530024,True,True,True,True,True,True,1,40,False,surfna_v2_v3_ccdcomplete128_redocking_3rep_20260828
rDock,rdock,All128,Yan;Ruiz;Philips,1uts,RNA,,rep2,rep2,40,8.70133464,8.70133464,5.75492943,5.23624447,3.17475864,False,False,False,False,False,False,1,40,False,surfna_v2_v3_ccdcomplete128_redocking_3rep_20260828
rDock,rdock,All128,Yan;Ruiz;Chen;Philips,1uud,RNA,,rep2,rep2,40,5.22623353,5.22623353,2.78498003,2.78498003,2.78498003,False,False,False,False,False,False,1,40,False,surfna_v2_v3_ccdcomplete128_redocking_3rep_20260828
rDock,rdock,All128,Ruiz;Philips,1uui,RNA,,rep2,rep2,40,4.76165744,2.34749342,2.34749342,2.34749342,2.17794307,False,False,False,False,False,True,1,40,False,surfna_v2_v3_ccdcomplete128_redocking_3rep_20260828
rDock,rdock,All128,Philips,1xbp,RNA,,rep2,rep2,40,3.28943023,2.04613088,1.6036564,1.6036564,1.6036564,False,False,True,True,True,True,1,40,False,surfna_v2_v3_ccdcomplete128_redocking_3rep_20260828
rDock,rdock,All128,Ruiz;Philips,1xpf,RNA,,rep2,rep2,40,6.28910496,4.1781549,4.1781549,3.90905432,2.94032339,False,False,False,False,False,False,1,40,False,surfna_v2_v3_ccdcomplete128_redocking_3rep_20260828
rDock,rdock,All128,Ruiz;Chen;Philips,1y26,RNA,,rep2,rep2,40,0.54202276,0.54202276,0.54202276,0.53826882,0.52741355,True,True,True,True,True,True,1,40,False,surfna_v2_v3_ccdcomplete128_redocking_3rep_20260828
rDock,rdock,All128,Chen,1y27,RNA,,rep2,rep2,40,0.35268584,0.33563457,0.33391671,0.27836747,0.27006495,True,True,True,True,True,True,1,40,False,surfna_v2_v3_ccdcomplete128_redocking_3rep_20260828
rDock,rdock,All128,Yan;Chen,1ykv,RNA,,rep2,rep2,40,0.71182662,0.71182662,0.71182662,0.71182662,0.66545962,True,True,True,True,True,True,1,40,False,surfna_v2_v3_ccdcomplete128_redocking_3rep_20260828
rDock,rdock,All128,Yan;Ruiz;Chen,1yrj,RNA,,rep2,rep2,40,8.58878826,8.58878826,2.15823998,2.15823998,2.14957503,False,False,False,False,False,False,1,40,False,surfna_v2_v3_ccdcomplete128_redocking_3rep_20260828
rDock,rdock,All128,Chen,1zz5,RNA,,rep2,rep2,40,5.25463103,5.14474249,3.37346055,3.37346055,2.19564502,False,False,False,False,False,False,1,40,False,surfna_v2_v3_ccdcomplete128_redocking_3rep_20260828
rDock,rdock,All128,Yan;Ruiz,2au4,RNA,,rep2,rep2,40,2.53025509,1.99049183,1.99049183,1.99049183,1.99049183,False,True,True,True,True,True,1,40,False,surfna_v2_v3_ccdcomplete128_redocking_3rep_20260828
rDock,rdock,All128,Yan,2b57,RNA,,rep2,rep2,40,0.2157178,0.20527877,0.20402011,0.20402011,0.20091383,True,True,True,True,True,True,1,40,False,surfna_v2_v3_ccdcomplete128_redocking_3rep_20260828
rDock,rdock,All128,Yan;Ruiz;Chen;Philips,2be0,RNA,,rep2,rep2,40,9.46639417,9.46639417,8.36604805,5.32107245,3.61913955,False,False,False,False,False,False,1,40,False,surfna_v2_v3_ccdcomplete128_redocking_3rep_20260828
rDock,rdock,All128,Yan;Ruiz;Philips,2bee,RNA,,rep2,rep2,40,8.35456665,8.06217856,5.21168705,5.21168705,4.45206104,False,False,False,False,False,False,1,40,False,surfna_v2_v3_ccdcomplete128_redocking_3rep_20260828
rDock,rdock,All128,Yan,2d55,DNA,,rep2,rep2,40,8.95711067,8.95711067,7.89198452,7.73073323,7.73073323,False,False,False,False,False,False,1,40,False,surfna_v2_v3_ccdcomplete128_redocking_3rep_20260828
rDock,rdock,All128,Chen,2esi,RNA,,rep2,rep2,40,9.32462042,6.23544068,6.23544068,5.12533468,3.9468792,False,False,False,False,False,False,1,40,False,surfna_v2_v3_ccdcomplete128_redocking_3rep_20260828
rDock,rdock,All128,Ruiz,2esj,RNA,,rep2,rep2,40,11.71014801,3.75223712,3.75223712,3.62816698,3.26170037,False,False,False,False,False,False,1,40,False,surfna_v2_v3_ccdcomplete128_redocking_3rep_20260828
rDock,rdock,All128,Ruiz,2et3,RNA,,rep2,rep2,40,3.88897336,3.88897336,3.88897336,3.88897336,2.3747251,False,False,False,False,False,True,1,40,False,surfna_v2_v3_ccdcomplete128_redocking_3rep_20260828
rDock,rdock,All128,Ruiz,2et4,RNA,,rep2,rep2,40,3.69687826,3.69687826,3.69687826,3.69687826,3.69687826,False,False,False,False,False,True,1,40,False,surfna_v2_v3_ccdcomplete128_redocking_3rep_20260828
rDock,rdock,All128,Ruiz;Chen;Philips,2et8,RNA,,rep2,rep2,40,1.69676965,1.69676965,1.50489408,1.50489408,1.50489408,True,True,True,True,True,True,1,40,False,surfna_v2_v3_ccdcomplete128_redocking_3rep_20260828
rDock,rdock,All128,Ruiz,2f4s,RNA,,rep2,rep2,40,6.40168109,5.13384118,5.13384118,5.13384118,2.44175588,False,False,False,False,False,False,1,40,False,surfna_v2_v3_ccdcomplete128_redocking_3rep_20260828
rDock,rdock,All128,Yan;Ruiz;Chen,2f4t,RNA,,rep2,rep2,40,6.65569487,5.96540038,5.82180717,5.45213499,4.26757333,False,False,False,False,False,False,1,40,False,surfna_v2_v3_ccdcomplete128_redocking_3rep_20260828
rDock,rdock,All128,Yan;Ruiz;Philips,2f4u,RNA,,rep2,rep2,40,7.27041254,7.27041254,7.27041254,3.78758205,2.81731065,False,False,False,False,False,False,1,40,False,surfna_v2_v3_ccdcomplete128_redocking_3rep_20260828
rDock,rdock,All128,Ruiz,2fcx,RNA,,rep2,rep2,40,8.48523344,8.40918753,6.3138814,6.3138814,1.41762741,False,False,False,False,True,False,1,40,False,surfna_v2_v3_ccdcomplete128_redocking_3rep_20260828
rDock,rdock,All128,Ruiz,2fcy,RNA,,rep2,rep2,40,5.49401935,5.43781511,4.86047724,4.86047724,4.39589278,False,False,False,False,False,False,1,40,False,surfna_v2_v3_ccdcomplete128_redocking_3rep_20260828
rDock,rdock,All128,Ruiz;Chen;Philips,2fcz,RNA,,rep2,rep2,40,6.55601798,5.30454926,4.72396142,4.72396142,4.31721074,False,False,False,False,False,False,1,40,False,surfna_v2_v3_ccdcomplete128_redocking_3rep_20260828
rDock,rdock,All128,Ruiz;Chen;Philips,2fd0,RNA,,rep2,rep2,40,3.06806629,3.06806629,3.06806629,3.06806629,2.80673611,False,False,False,False,False,True,1,40,False,surfna_v2_v3_ccdcomplete128_redocking_3rep_20260828
rDock,rdock,All128,Yan,2g5k,RNA,,rep2,rep2,40,10.1046185,10.10262299,9.3947378,4.90229011,2.94243986,False,False,False,False,False,False,1,40,False,surfna_v2_v3_ccdcomplete128_redocking_3rep_20260828
rDock,rdock,All128,Ruiz;Chen;Philips,2g5q,RNA,,rep2,rep2,40,3.40296522,3.24229478,3.24229478,3.24229478,3.01779145,False,False,False,False,False,True,1,40,False,surfna_v2_v3_ccdcomplete128_redocking_3rep_20260828
rDock,rdock,All128,Yan,2g9c,RNA,,rep2,rep2,40,0.28211497,0.28211497,0.28211497,0.28068371,0.27676652,True,True,True,True,True,True,1,40,False,surfna_v2_v3_ccdcomplete128_redocking_3rep_20260828
rDock,rdock,All128,Chen;Philips,2gdi,RNA,,rep2,rep2,40,9.6174346,9.30266713,8.90023175,8.90023175,3.74238055,False,False,False,False,False,False,1,40,False,surfna_v2_v3_ccdcomplete128_redocking_3rep_20260828
rDock,rdock,All128,Chen,2gis,RNA,,rep2,rep2,40,1.36345953,1.36345953,1.36345953,1.36345953,1.36345953,True,True,True,True,True,True,1,40,False,surfna_v2_v3_ccdcomplete128_redocking_3rep_20260828
rDock,rdock,All128,Ruiz,2juk,RNA,,rep2,rep2,40,9.40841689,8.50731916,6.43112406,6.2478047,4.95078556,False,False,False,False,False,False,1,40,False,surfna_v2_v3_ccdcomplete128_redocking_3rep_20260828
rDock,rdock,All128,Yan,2jwq,DNA,,rep2,rep2,40,2.31153811,1.75853804,1.75853804,1.05294715,0.75154895,False,True,True,True,True,True,1,40,False,surfna_v2_v3_ccdcomplete128_redocking_3rep_20260828
rDock,rdock,All128,Yan;Chen,2kgp,RNA,,rep2,rep2,40,2.85036501,2.85036501,2.85036501,2.85036501,2.30464209,False,False,False,False,False,True,1,40,False,surfna_v2_v3_ccdcomplete128_redocking_3rep_20260828
rDock,rdock,All128,Yan;Chen,2ktz,RNA,,rep2,rep2,40,5.83268869,5.70346925,5.2103375,5.2103375,0.87377361,False,False,False,False,True,False,1,40,False,surfna_v2_v3_ccdcomplete128_redocking_3rep_20260828
rDock,rdock,All128,Yan;Chen,2ku0,RNA,,rep2,rep2,40,5.93385302,5.93385302,5.7282816,4.54393492,0.82507768,False,False,False,False,True,False,1,40,False,surfna_v2_v3_ccdcomplete128_redocking_3rep_20260828
rDock,rdock,All128,Yan,2l94,RNA,,rep2,rep2,40,4.86061761,4.8335077,4.66921155,2.92982737,2.45592791,False,False,False,False,False,True,1,40,False,surfna_v2_v3_ccdcomplete128_redocking_3rep_20260828
rDock,rdock,All128,Yan,2loa,DNA,,rep2,rep2,40,7.86029191,6.74999901,6.74999901,6.74999901,5.36034141,False,False,False,False,False,False,1,40,False,surfna_v2_v3_ccdcomplete128_redocking_3rep_20260828
rDock,rdock,All128,Yan,2mb3,DNA,,rep2,rep2,40,9.36587674,9.12326169,7.02407247,7.02407247,6.24545261,False,False,False,False,False,False,1,40,False,surfna_v2_v3_ccdcomplete128_redocking_3rep_20260828
rDock,rdock,All128,Ruiz;Chen,2o3v,RNA,,rep2,rep2,40,4.69418566,4.69418566,3.77567239,3.77567239,3.37950595,False,False,False,False,False,True,1,40,False,surfna_v2_v3_ccdcomplete128_redocking_3rep_20260828
rDock,rdock,All128,Yan;Ruiz,2o3w,RNA,,rep2,rep2,40,9.36215366,9.22116292,9.22116292,6.57809064,3.12454475,False,False,False,False,False,False,1,40,False,surfna_v2_v3_ccdcomplete128_redocking_3rep_20260828
rDock,rdock,All128,Yan;Ruiz;Philips,2o3x,RNA,,rep2,rep2,40,2.96025026,2.96025026,2.96025026,2.96025026,2.96025026,False,False,False,False,False,True,1,40,False,surfna_v2_v3_ccdcomplete128_redocking_3rep_20260828
rDock,rdock,All128,Ruiz;Philips,2oe5,RNA,,rep2,rep2,40,2.69036639,2.69036639,2.69036639,2.69036639,2.2986143,False,False,False,False,False,True,1,40,False,surfna_v2_v3_ccdcomplete128_redocking_3rep_20260828
rDock,rdock,All128,Ruiz;Chen,2oe8,RNA,,rep2,rep2,40,10.36964503,9.61344162,9.61344162,2.85454305,2.85454305,False,False,False,False,False,False,1,40,False,surfna_v2_v3_ccdcomplete128_redocking_3rep_20260828
rDock,rdock,All128,Philips,2ogn,RNA,,rep2,rep2,40,4.52703493,4.52703493,4.52703493,4.19807846,2.30118888,False,False,False,False,False,True,1,40,False,surfna_v2_v3_ccdcomplete128_redocking_3rep_20260828
rDock,rdock,All128,Chen;Philips,2pwt,RNA,,rep2,rep2,40,9.99070062,8.22688659,8.22688659,6.53614721,4.09723881,False,False,False,False,False,False,1,40,False,surfna_v2_v3_ccdcomplete128_redocking_3rep_20260828
rDock,rdock,All128,Ruiz;Chen;Philips,2tob,RNA,,rep2,rep2,40,4.49246179,4.45612442,3.27371767,2.69981143,2.69981143,False,False,False,False,False,True,1,40,False,surfna_v2_v3_ccdcomplete128_redocking_3rep_20260828
rDock,rdock,All128,Yan,2xnw,RNA,,rep2,rep2,40,3.64763019,3.64763019,3.64207554,3.64207554,0.48340484,False,False,False,False,True,True,1,40,False,surfna_v2_v3_ccdcomplete128_redocking_3rep_20260828
rDock,rdock,All128,Yan,2xnz,RNA,,rep2,rep2,40,0.32649278,0.32649278,0.32649278,0.32573631,0.31804638,True,True,True,True,True,True,1,40,False,surfna_v2_v3_ccdcomplete128_redocking_3rep_20260828
rDock,rdock,All128,Yan,2xo0,RNA,,rep2,rep2,40,2.30369665,2.30369665,2.30369665,2.30286832,0.39890613,False,False,False,False,True,True,1,40,False,surfna_v2_v3_ccdcomplete128_redocking_3rep_20260828
rDock,rdock,All128,Yan,2xo1,RNA,,rep2,rep2,40,0.83830714,0.82837653,0.82837653,0.82159713,0.21787306,True,True,True,True,True,True,1,40,False,surfna_v2_v3_ccdcomplete128_redocking_3rep_20260828
rDock,rdock,All128,Yan,2ydh,RNA,,rep2,rep2,40,5.37995374,5.30195925,5.30195925,1.78238439,1.61019541,False,False,False,True,True,False,1,40,False,surfna_v2_v3_ccdcomplete128_redocking_3rep_20260828
rDock,rdock,All128,Yan,2ygh,RNA,,rep2,rep2,40,6.10451977,1.50745987,1.50745987,1.50745987,1.50745987,False,True,True,True,True,False,1,40,False,surfna_v2_v3_ccdcomplete128_redocking_3rep_20260828
rDock,rdock,All128,Yan,316d,DNA,,rep2,rep2,40,5.11188339,5.08073582,4.98639711,4.88525144,3.99675434,False,False,False,False,False,False,1,40,False,surfna_v2_v3_ccdcomplete128_redocking_3rep_20260828
rDock,rdock,All128,Ruiz,3c44,RNA,,rep2,rep2,40,4.93600696,4.40204139,3.0826744,3.0826744,3.0826744,False,False,False,False,False,True,1,40,False,surfna_v2_v3_ccdcomplete128_redocking_3rep_20260828
rDock,rdock,All128,Philips,3d2x,RNA,,rep2,rep2,40,8.91599657,3.38029655,3.38029655,2.90596337,2.90596337,False,False,False,False,False,False,1,40,False,surfna_v2_v3_ccdcomplete128_redocking_3rep_20260828
rDock,rdock,All128,Chen,3dil,RNA,,rep2,rep2,40,0.98696518,0.77678879,0.77678879,0.77678879,0.76652527,True,True,True,True,True,True,1,40,False,surfna_v2_v3_ccdcomplete128_redocking_3rep_20260828
rDock,rdock,All128,Yan,3ds7,RNA,,rep2,rep2,40,1.57596326,0.84444194,0.83246615,0.83246615,0.83246615,True,True,True,True,True,True,1,40,False,surfna_v2_v3_ccdcomplete128_redocking_3rep_20260828
rDock,rdock,All128,Chen,3dvv,RNA,,rep2,rep2,40,5.82292414,5.82292414,5.61255619,2.25425778,2.25425778,False,False,False,False,False,False,1,40,False,surfna_v2_v3_ccdcomplete128_redocking_3rep_20260828
rDock,rdock,All128,Yan,3e5c,RNA,,rep2,rep2,40,6.09506071,2.60216035,2.60216035,2.60216035,2.60216035,False,False,False,False,False,False,1,40,False,surfna_v2_v3_ccdcomplete128_redocking_3rep_20260828
rDock,rdock,All128,Chen,3f2q,RNA,,rep2,rep2,40,2.59229839,1.46235173,0.84455562,0.84455562,0.84455562,False,True,True,True,True,True,1,40,False,surfna_v2_v3_ccdcomplete128_redocking_3rep_20260828
rDock,rdock,All128,Yan,3fo4,RNA,,rep2,rep2,40,0.31809721,0.25739474,0.25739474,0.25739474,0.25739474,True,True,True,True,True,True,1,40,False,surfna_v2_v3_ccdcomplete128_redocking_3rep_20260828
rDock,rdock,All128,Yan,3fo6,RNA,,rep2,rep2,40,0.32550673,0.306783,0.306783,0.29729462,0.27862055,True,True,True,True,True,True,1,40,False,surfna_v2_v3_ccdcomplete128_redocking_3rep_20260828
rDock,rdock,All128,Yan,3gao,RNA,,rep2,rep2,40,0.48413308,0.46417976,0.46159471,0.41816644,0.41816644,True,True,True,True,True,True,1,40,False,surfna_v2_v3_ccdcomplete128_redocking_3rep_20260828
rDock,rdock,All128,Yan,3ger,RNA,,rep2,rep2,40,0.58449588,0.58162372,0.58035837,0.57049626,0.13826517,True,True,True,True,True,True,1,40,False,surfna_v2_v3_ccdcomplete128_redocking_3rep_20260828
rDock,rdock,All128,Yan,3ges,RNA,,rep2,rep2,40,0.20482054,0.20295844,0.19877833,0.18531236,0.18531236,True,True,True,True,True,True,1,40,False,surfna_v2_v3_ccdcomplete128_redocking_3rep_20260828
rDock,rdock,All128,Yan,3gog,RNA,,rep2,rep2,40,0.4231842,0.41866706,0.41866706,0.41450668,0.38421901,True,True,True,True,True,True,1,40,False,surfna_v2_v3_ccdcomplete128_redocking_3rep_20260828
rDock,rdock,All128,Yan,3got,RNA,,rep2,rep2,40,0.46077524,0.46057504,0.45920932,0.45128269,0.33794181,True,True,True,True,True,True,1,40,False,surfna_v2_v3_ccdcomplete128_redocking_3rep_20260828
rDock,rdock,All128,Chen;Philips,3gx2,RNA,,rep2,rep2,40,6.92981463,5.46779782,3.2241935,3.2241935,2.00146051,False,False,False,False,False,False,1,40,False,surfna_v2_v3_ccdcomplete128_redocking_3rep_20260828
rDock,rdock,All128,Chen,3gx3,RNA,,rep2,rep2,40,2.93288174,2.93288174,1.96822958,1.96822958,1.96822958,False,False,True,True,True,True,1,40,False,surfna_v2_v3_ccdcomplete128_redocking_3rep_20260828
rDock,rdock,All128,Chen,3gx5,RNA,,rep2,rep2,40,7.75893146,2.40200995,2.40200995,1.50448245,1.50448245,False,False,False,True,True,False,1,40,False,surfna_v2_v3_ccdcomplete128_redocking_3rep_20260828
rDock,rdock,All128,Chen,3gx7,RNA,,rep2,rep2,40,1.31698556,1.31698556,1.31698556,1.31698556,1.31698556,True,True,True,True,True,True,1,40,False,surfna_v2_v3_ccdcomplete128_redocking_3rep_20260828
rDock,rdock,All128,Yan;Chen,3la5,RNA,,rep2,rep2,40,0.22921474,0.22921474,0.22921474,0.22550403,0.20660202,True,True,True,True,True,True,1,40,False,surfna_v2_v3_ccdcomplete128_redocking_3rep_20260828
rDock,rdock,All128,Yan,3mum,RNA,,rep2,rep2,40,8.05669031,7.12793156,7.12793156,6.89959143,6.89959143,False,False,False,False,False,False,1,40,False,surfna_v2_v3_ccdcomplete128_redocking_3rep_20260828
rDock,rdock,All128,Yan,3mur,RNA,,rep2,rep2,40,7.28372117,7.2720866,7.2720866,6.82157606,6.82157606,False,False,False,False,False,False,1,40,False,surfna_v2_v3_ccdcomplete128_redocking_3rep_20260828
rDock,rdock,All128,Yan,3mxh,RNA,,rep2,rep2,40,7.53096349,7.45747437,7.45747437,7.45747437,5.48505267,False,False,False,False,False,False,1,40,False,surfna_v2_v3_ccdcomplete128_redocking_3rep_20260828
rDock,rdock,All128,Yan,3npn,RNA,,rep2,rep2,40,1.32063859,1.26104873,1.13184391,1.13184391,1.13184391,True,True,True,True,True,True,1,40,False,surfna_v2_v3_ccdcomplete128_redocking_3rep_20260828
rDock,rdock,All128,Chen,3npq,RNA,,rep2,rep2,40,1.57458547,1.57458547,1.57458547,1.20144504,1.20144504,True,True,True,True,True,True,1,40,False,surfna_v2_v3_ccdcomplete128_redocking_3rep_20260828
rDock,rdock,All128,Yan,3owz,RNA,,rep2,rep2,40,inf,inf,inf,inf,inf,False,False,False,False,False,False,0,0,True,surfna_v2_v3_ccdcomplete128_redocking_3rep_20260828
rDock,rdock,All128,Yan;Chen,3q3z,RNA,,rep2,rep2,40,4.53594455,4.5266455,4.5266455,4.15803926,4.12011724,False,False,False,False,False,True,1,40,False,surfna_v2_v3_ccdcomplete128_redocking_3rep_20260828
rDock,rdock,All128,Yan,3q50,RNA,,rep2,rep2,40,0.55739321,0.55739321,0.31720749,0.31720749,0.31720749,True,True,True,True,True,True,1,40,False,surfna_v2_v3_ccdcomplete128_redocking_3rep_20260828
rDock,rdock,All128,Yan,3s4p,RNA,,rep2,rep2,40,4.62089233,4.62089233,4.62089233,4.62089233,4.62089233,False,False,False,False,False,True,1,40,False,surfna_v2_v3_ccdcomplete128_redocking_3rep_20260828
rDock,rdock,All128,Yan,3slm,RNA,,rep2,rep2,40,3.0824143,1.34882896,1.00777951,1.00777951,0.97210417,False,True,True,True,True,True,1,40,False,surfna_v2_v3_ccdcomplete128_redocking_3rep_20260828
rDock,rdock,All128,Yan,407d,DNA,,rep2,rep2,40,2.79735868,2.79735868,2.79735868,2.79735868,2.79735868,False,False,False,False,False,True,1,40,False,surfna_v2_v3_ccdcomplete128_redocking_3rep_20260828
rDock,rdock,All128,Yan,408d,DNA,,rep2,rep2,40,3.07607196,2.0547718,2.0547718,2.0547718,2.0547718,False,False,False,False,False,True,1,40,False,surfna_v2_v3_ccdcomplete128_redocking_3rep_20260828
rDock,rdock,All128,Yan,4aob,RNA,,rep2,rep2,40,1.8581153,1.8581153,1.8581153,1.8581153,1.8581153,True,True,True,True,True,True,1,40,False,surfna_v2_v3_ccdcomplete128_redocking_3rep_20260828
rDock,rdock,All128,Yan,4erj,RNA,,rep2,rep2,40,1.94491529,1.70952805,1.60068744,1.13549168,1.07890913,True,True,True,True,True,True,1,40,False,surfna_v2_v3_ccdcomplete128_redocking_3rep_20260828
rDock,rdock,All128,Yan,4fe5,RNA,,rep2,rep2,40,0.40724662,0.40098801,0.40098801,0.40098801,0.37964105,True,True,True,True,True,True,1,40,False,surfna_v2_v3_ccdcomplete128_redocking_3rep_20260828
rDock,rdock,All128,Yan,4jf2,RNA,,rep2,rep2,40,0.43825301,0.42562242,0.42440382,0.39217745,0.38716116,True,True,True,True,True,True,1,40,False,surfna_v2_v3_ccdcomplete128_redocking_3rep_20260828
rDock,rdock,All128,Yan,4kqy,RNA,,rep2,rep2,40,7.91398815,6.09462632,6.09462632,2.82503311,2.26642537,False,False,False,False,False,False,1,40,False,surfna_v2_v3_ccdcomplete128_redocking_3rep_20260828
rDock,rdock,All128,Yan,4lvv,RNA,,rep2,rep2,40,1.28593695,1.28593695,1.28593695,1.28593695,1.28593695,True,True,True,True,True,True,1,40,False,surfna_v2_v3_ccdcomplete128_redocking_3rep_20260828
rDock,rdock,All128,Ruiz;Chen;Philips,1am0,RNA,,rep3,rep3,40,3.17068153,1.91796603,1.91796603,1.91796603,1.86655958,False,True,True,True,True,True,1,40,False,surfna_v2_v3_ccdcomplete128_redocking_3rep_20260828
rDock,rdock,All128,Yan,1arj,RNA,,rep3,rep3,40,3.34751138,3.34751138,3.34751138,3.34751138,3.34751138,False,False,False,False,False,True,1,40,False,surfna_v2_v3_ccdcomplete128_redocking_3rep_20260828
rDock,rdock,All128,Yan;Ruiz;Chen;Philips,1byj,RNA,,rep3,rep3,40,3.01592243,3.01592243,3.01592243,2.82908252,2.15256887,False,False,False,False,False,True,1,40,False,surfna_v2_v3_ccdcomplete128_redocking_3rep_20260828
rDock,rdock,All128,Yan,1cvx,DNA,,rep3,rep3,40,2.91010523,2.91010523,2.91010523,2.91010523,2.91010523,False,False,False,False,False,True,1,40,False,surfna_v2_v3_ccdcomplete128_redocking_3rep_20260828
rDock,rdock,All128,Yan,1cvy,DNA,,rep3,rep3,40,16.36139982,4.34386975,4.34386975,4.34386975,3.42458885,False,False,False,False,False,False,1,40,False,surfna_v2_v3_ccdcomplete128_redocking_3rep_20260828
rDock,rdock,All128,Yan,1db6,DNA,,rep3,rep3,40,1.63315629,1.63315629,1.63315629,1.63315629,1.63315629,True,True,True,True,True,True,1,40,False,surfna_v2_v3_ccdcomplete128_redocking_3rep_20260828
rDock,rdock,All128,Ruiz;Chen;Philips,1eht,RNA,,rep3,rep3,40,3.27946183,3.27734346,3.27734346,3.27734346,0.38012279,False,False,False,False,True,True,1,40,False,surfna_v2_v3_ccdcomplete128_redocking_3rep_20260828
rDock,rdock,All128,Ruiz;Chen;Philips,1ei2,RNA,,rep3,rep3,40,7.3773987,7.25216893,6.34539073,4.88836634,4.67543071,False,False,False,False,False,False,1,40,False,surfna_v2_v3_ccdcomplete128_redocking_3rep_20260828
rDock,rdock,All128,Yan;Ruiz;Chen;Philips,1f1t,RNA,,rep3,rep3,40,0.71481005,0.71481005,0.71481005,0.71159401,0.47466102,True,True,True,True,True,True,1,40,False,surfna_v2_v3_ccdcomplete128_redocking_3rep_20260828
rDock,rdock,All128,Yan;Ruiz;Chen;Philips,1f27,RNA,,rep3,rep3,40,1.65691162,1.65691162,1.65691162,1.65691162,1.11364841,True,True,True,True,True,True,1,40,False,surfna_v2_v3_ccdcomplete128_redocking_3rep_20260828
rDock,rdock,All128,Philips,1fjg,RNA,,rep3,rep3,40,9.11261876,4.55812974,4.55812974,4.42143022,3.62474593,False,False,False,False,False,False,1,40,False,surfna_v2_v3_ccdcomplete128_redocking_3rep_20260828
rDock,rdock,All128,Ruiz;Chen;Philips,1fmn,RNA,,rep3,rep3,40,1.67941392,1.66301272,1.66301272,1.64240311,1.49711834,True,True,True,True,True,True,1,40,False,surfna_v2_v3_ccdcomplete128_redocking_3rep_20260828
rDock,rdock,All128,Yan;Ruiz;Chen;Philips,1fyp,RNA,,rep3,rep3,40,5.72957847,4.78690688,4.78690688,3.43353289,2.70791339,False,False,False,False,False,False,1,40,False,surfna_v2_v3_ccdcomplete128_redocking_3rep_20260828
rDock,rdock,All128,Philips,1hnw,RNA,,rep3,rep3,40,7.20879571,6.55284639,6.55284639,4.12047397,3.03165687,False,False,False,False,False,False,1,40,False,surfna_v2_v3_ccdcomplete128_redocking_3rep_20260828
rDock,rdock,All128,Yan,1i9v,RNA,,rep3,rep3,40,11.1499648,3.8150265,3.8150265,3.8150265,3.79064968,False,False,False,False,False,False,1,40,False,surfna_v2_v3_ccdcomplete128_redocking_3rep_20260828
rDock,rdock,All128,Ruiz;Chen;Philips,1j7t,RNA,,rep3,rep3,40,9.23452745,7.99479035,5.05304364,2.55013737,2.55013737,False,False,False,False,False,False,1,40,False,surfna_v2_v3_ccdcomplete128_redocking_3rep_20260828
rDock,rdock,All128,Ruiz;Chen;Philips,1koc,RNA,,rep3,rep3,40,2.20098316,2.14352623,2.0347908,1.94882497,1.22786615,False,False,False,True,True,True,1,40,False,surfna_v2_v3_ccdcomplete128_redocking_3rep_20260828
rDock,rdock,All128,Ruiz;Chen,1lc4,RNA,,rep3,rep3,40,6.56429175,6.50606468,6.50606468,6.43525856,3.52211026,False,False,False,False,False,False,1,40,False,surfna_v2_v3_ccdcomplete128_redocking_3rep_20260828
rDock,rdock,All128,Ruiz;Chen,1lvj,RNA,,rep3,rep3,40,5.23823663,5.23056232,5.23056232,4.90377916,2.46796347,False,False,False,False,False,False,1,40,False,surfna_v2_v3_ccdcomplete128_redocking_3rep_20260828
rDock,rdock,All128,Ruiz;Chen;Philips,1mwl,RNA,,rep3,rep3,40,6.08325981,3.29492325,3.29492325,3.29492325,3.29492325,False,False,False,False,False,False,1,40,False,surfna_v2_v3_ccdcomplete128_redocking_3rep_20260828
rDock,rdock,All128,Philips,1nbk,RNA,,rep3,rep3,40,2.44597069,2.30893981,2.02893521,1.98185131,1.98185131,False,False,False,True,True,True,1,40,False,surfna_v2_v3_ccdcomplete128_redocking_3rep_20260828
rDock,rdock,All128,Ruiz;Chen;Philips,1nem,RNA,,rep3,rep3,40,3.21046766,3.21046766,3.21046766,3.1649471,2.50105205,False,False,False,False,False,True,1,40,False,surfna_v2_v3_ccdcomplete128_redocking_3rep_20260828
rDock,rdock,All128,Ruiz,1nta,RNA,,rep3,rep3,40,5.8716218,4.86176806,4.86176806,4.86176806,3.26485547,False,False,False,False,False,False,1,40,False,surfna_v2_v3_ccdcomplete128_redocking_3rep_20260828
rDock,rdock,All128,Ruiz;Chen,1ntb,RNA,,rep3,rep3,40,6.8763331,3.44155163,3.44155163,3.44155163,3.15948171,False,False,False,False,False,False,1,40,False,surfna_v2_v3_ccdcomplete128_redocking_3rep_20260828
rDock,rdock,All128,Yan,1nzm,DNA,,rep3,rep3,40,1.66833064,1.62367666,1.60071785,1.60071785,0.78944294,True,True,True,True,True,True,1,40,False,surfna_v2_v3_ccdcomplete128_redocking_3rep_20260828
rDock,rdock,All128,Ruiz,1o15,RNA,,rep3,rep3,40,3.34693718,3.34693718,3.32854368,1.1004437,1.04468854,False,False,False,True,True,True,1,40,False,surfna_v2_v3_ccdcomplete128_redocking_3rep_20260828
rDock,rdock,All128,Ruiz,1o9m,RNA,,rep3,rep3,40,5.9132648,5.9132648,5.9132648,5.9132648,5.54669874,False,False,False,False,False,False,1,40,False,surfna_v2_v3_ccdcomplete128_redocking_3rep_20260828
rDock,rdock,All128,Yan,1p96,DNA,,rep3,rep3,40,2.98819291,2.80173882,2.80173882,2.17367031,2.03750644,False,False,False,False,False,True,1,40,False,surfna_v2_v3_ccdcomplete128_redocking_3rep_20260828
rDock,rdock,All128,Ruiz;Chen;Philips,1pbr,RNA,,rep3,rep3,40,8.47806921,8.47806921,3.729629,3.729629,3.31661705,False,False,False,False,False,False,1,40,False,surfna_v2_v3_ccdcomplete128_redocking_3rep_20260828
rDock,rdock,All128,Yan;Ruiz;Chen;Philips,1q8n,RNA,,rep3,rep3,40,0.69357621,0.68144362,0.68144362,0.66572726,0.61961011,True,True,True,True,True,True,1,40,False,surfna_v2_v3_ccdcomplete128_redocking_3rep_20260828
rDock,rdock,All128,Yan;Ruiz;Chen,1qd3,RNA,,rep3,rep3,40,5.40133444,5.40133444,5.3637938,5.14469751,2.75363161,False,False,False,False,False,False,1,40,False,surfna_v2_v3_ccdcomplete128_redocking_3rep_20260828
rDock,rdock,All128,Yan,1qv4,DNA,,rep3,rep3,40,0.81056682,0.79782539,0.79782539,0.58743064,0.58743064,True,True,True,True,True,True,1,40,False,surfna_v2_v3_ccdcomplete128_redocking_3rep_20260828
rDock,rdock,All128,Yan,1qv8,DNA,,rep3,rep3,40,12.9415426,2.18894747,2.17982795,1.53291402,1.53291402,False,False,False,True,True,False,1,40,False,surfna_v2_v3_ccdcomplete128_redocking_3rep_20260828
rDock,rdock,All128,Yan,1r4e,DNA,,rep3,rep3,40,6.63781156,6.53550205,6.53550205,6.05413586,1.73657627,False,False,False,False,True,False,1,40,False,surfna_v2_v3_ccdcomplete128_redocking_3rep_20260828
rDock,rdock,All128,Ruiz;Chen;Philips,1tob,RNA,,rep3,rep3,40,4.804943,4.804943,4.804943,4.54353654,2.84738039,False,False,False,False,False,True,1,40,False,surfna_v2_v3_ccdcomplete128_redocking_3rep_20260828
rDock,rdock,All128,Ruiz;Chen,1u8d,RNA,,rep3,rep3,40,0.2894858,0.28216062,0.27991699,0.27991699,0.2608837,True,True,True,True,True,True,1,40,False,surfna_v2_v3_ccdcomplete128_redocking_3rep_20260828
rDock,rdock,All128,Yan;Ruiz;Philips,1uts,RNA,,rep3,rep3,40,3.88919714,3.88919714,3.88919714,3.88919714,2.61451256,False,False,False,False,False,True,1,40,False,surfna_v2_v3_ccdcomplete128_redocking_3rep_20260828
rDock,rdock,All128,Yan;Ruiz;Chen;Philips,1uud,RNA,,rep3,rep3,40,6.88160658,5.19424854,5.19424854,2.15579849,2.15579849,False,False,False,False,False,False,1,40,False,surfna_v2_v3_ccdcomplete128_redocking_3rep_20260828
rDock,rdock,All128,Ruiz;Philips,1uui,RNA,,rep3,rep3,40,6.41697081,6.34757878,6.34757878,6.07908194,4.85578649,False,False,False,False,False,False,1,40,False,surfna_v2_v3_ccdcomplete128_redocking_3rep_20260828
rDock,rdock,All128,Philips,1xbp,RNA,,rep3,rep3,40,2.24886773,1.92553004,1.92553004,1.58263917,1.58263917,False,True,True,True,True,True,1,40,False,surfna_v2_v3_ccdcomplete128_redocking_3rep_20260828
rDock,rdock,All128,Ruiz;Philips,1xpf,RNA,,rep3,rep3,40,6.31588116,4.15062926,4.15062926,3.53397664,3.22377367,False,False,False,False,False,False,1,40,False,surfna_v2_v3_ccdcomplete128_redocking_3rep_20260828
rDock,rdock,All128,Ruiz;Chen;Philips,1y26,RNA,,rep3,rep3,40,0.54444551,0.54368202,0.54368202,0.54181796,0.51815541,True,True,True,True,True,True,1,40,False,surfna_v2_v3_ccdcomplete128_redocking_3rep_20260828
rDock,rdock,All128,Chen,1y27,RNA,,rep3,rep3,40,0.34216568,0.34126251,0.34126251,0.34125791,0.27054903,True,True,True,True,True,True,1,40,False,surfna_v2_v3_ccdcomplete128_redocking_3rep_20260828
rDock,rdock,All128,Yan;Chen,1ykv,RNA,,rep3,rep3,40,0.65991278,0.65991278,0.65991278,0.65991278,0.65991278,True,True,True,True,True,True,1,40,False,surfna_v2_v3_ccdcomplete128_redocking_3rep_20260828
rDock,rdock,All128,Yan;Ruiz;Chen,1yrj,RNA,,rep3,rep3,40,6.8463021,4.94610665,4.94610665,4.94610665,3.57890364,False,False,False,False,False,False,1,40,False,surfna_v2_v3_ccdcomplete128_redocking_3rep_20260828
rDock,rdock,All128,Chen,1zz5,RNA,,rep3,rep3,40,9.30521922,7.91611688,4.62373734,4.53641035,4.20537565,False,False,False,False,False,False,1,40,False,surfna_v2_v3_ccdcomplete128_redocking_3rep_20260828
rDock,rdock,All128,Yan;Ruiz,2au4,RNA,,rep3,rep3,40,3.61195493,3.04525571,2.93154974,2.93154974,2.93154974,False,False,False,False,False,True,1,40,False,surfna_v2_v3_ccdcomplete128_redocking_3rep_20260828
rDock,rdock,All128,Yan,2b57,RNA,,rep3,rep3,40,0.21569516,0.20763363,0.20763363,0.20150628,0.19604689,True,True,True,True,True,True,1,40,False,surfna_v2_v3_ccdcomplete128_redocking_3rep_20260828
rDock,rdock,All128,Yan;Ruiz;Chen;Philips,2be0,RNA,,rep3,rep3,40,10.99340106,5.58999075,5.58999075,5.58999075,4.55741138,False,False,False,False,False,False,1,40,False,surfna_v2_v3_ccdcomplete128_redocking_3rep_20260828
rDock,rdock,All128,Yan;Ruiz;Philips,2bee,RNA,,rep3,rep3,40,9.58685096,5.56210123,5.56210123,5.56210123,4.3311959,False,False,False,False,False,False,1,40,False,surfna_v2_v3_ccdcomplete128_redocking_3rep_20260828
rDock,rdock,All128,Yan,2d55,DNA,,rep3,rep3,40,11.29256347,6.71316085,6.71316085,6.71316085,6.71316085,False,False,False,False,False,False,1,40,False,surfna_v2_v3_ccdcomplete128_redocking_3rep_20260828
rDock,rdock,All128,Chen,2esi,RNA,,rep3,rep3,40,10.0442036,4.67843053,4.67843053,4.32723492,4.32723492,False,False,False,False,False,False,1,40,False,surfna_v2_v3_ccdcomplete128_redocking_3rep_20260828
rDock,rdock,All128,Ruiz,2esj,RNA,,rep3,rep3,40,11.67977049,11.0742378,11.0742378,10.11415051,3.6388128,False,False,False,False,False,False,1,40,False,surfna_v2_v3_ccdcomplete128_redocking_3rep_20260828
rDock,rdock,All128,Ruiz,2et3,RNA,,rep3,rep3,40,9.41555472,5.09639961,3.5686351,3.5686351,2.83161112,False,False,False,False,False,False,1,40,False,surfna_v2_v3_ccdcomplete128_redocking_3rep_20260828
rDock,rdock,All128,Ruiz,2et4,RNA,,rep3,rep3,40,4.48826741,4.48826741,4.48826741,4.19719284,4.00804756,False,False,False,False,False,True,1,40,False,surfna_v2_v3_ccdcomplete128_redocking_3rep_20260828
rDock,rdock,All128,Ruiz;Chen;Philips,2et8,RNA,,rep3,rep3,40,6.65040378,5.46294712,5.46294712,5.33133794,2.27803788,False,False,False,False,False,False,1,40,False,surfna_v2_v3_ccdcomplete128_redocking_3rep_20260828
rDock,rdock,All128,Ruiz,2f4s,RNA,,rep3,rep3,40,5.94695482,5.26470316,5.26470316,5.02289356,2.14462543,False,False,False,False,False,False,1,40,False,surfna_v2_v3_ccdcomplete128_redocking_3rep_20260828
rDock,rdock,All128,Yan;Ruiz;Chen,2f4t,RNA,,rep3,rep3,40,8.97748517,3.40963445,2.56349404,2.56349404,2.56349404,False,False,False,False,False,False,1,40,False,surfna_v2_v3_ccdcomplete128_redocking_3rep_20260828
rDock,rdock,All128,Yan;Ruiz;Philips,2f4u,RNA,,rep3,rep3,40,6.30295607,6.30295607,5.93700836,3.97180382,3.64734677,False,False,False,False,False,False,1,40,False,surfna_v2_v3_ccdcomplete128_redocking_3rep_20260828
rDock,rdock,All128,Ruiz,2fcx,RNA,,rep3,rep3,40,7.17706666,6.25961559,6.25961559,3.99225232,3.30406873,False,False,False,False,False,False,1,40,False,surfna_v2_v3_ccdcomplete128_redocking_3rep_20260828
rDock,rdock,All128,Ruiz,2fcy,RNA,,rep3,rep3,40,10.28612658,4.40960749,4.40960749,2.13201523,2.13201523,False,False,False,False,False,False,1,40,False,surfna_v2_v3_ccdcomplete128_redocking_3rep_20260828
rDock,rdock,All128,Ruiz;Chen;Philips,2fcz,RNA,,rep3,rep3,40,6.72704192,5.70673008,4.39958922,4.39958922,3.27007259,False,False,False,False,False,False,1,40,False,surfna_v2_v3_ccdcomplete128_redocking_3rep_20260828
rDock,rdock,All128,Ruiz;Chen;Philips,2fd0,RNA,,rep3,rep3,40,5.09377006,5.09377006,5.09377006,4.39871106,3.92882413,False,False,False,False,False,False,1,40,False,surfna_v2_v3_ccdcomplete128_redocking_3rep_20260828
rDock,rdock,All128,Yan,2g5k,RNA,,rep3,rep3,40,7.08640845,7.08640845,7.08640845,4.61492947,3.35436709,False,False,False,False,False,False,1,40,False,surfna_v2_v3_ccdcomplete128_redocking_3rep_20260828
rDock,rdock,All128,Ruiz;Chen;Philips,2g5q,RNA,,rep3,rep3,40,2.97306904,2.97306904,2.97306904,2.97306904,2.97306904,False,False,False,False,False,True,1,40,False,surfna_v2_v3_ccdcomplete128_redocking_3rep_20260828
rDock,rdock,All128,Yan,2g9c,RNA,,rep3,rep3,40,0.28198688,0.28198688,0.28198688,0.27834875,0.27202367,True,True,True,True,True,True,1,40,False,surfna_v2_v3_ccdcomplete128_redocking_3rep_20260828
rDock,rdock,All128,Chen;Philips,2gdi,RNA,,rep3,rep3,40,9.42180335,8.15982275,8.15982275,3.14053697,2.91367567,False,False,False,False,False,False,1,40,False,surfna_v2_v3_ccdcomplete128_redocking_3rep_20260828
rDock,rdock,All128,Chen,2gis,RNA,,rep3,rep3,40,7.17803115,5.67154613,4.31530368,2.53049377,2.53049377,False,False,False,False,False,False,1,40,False,surfna_v2_v3_ccdcomplete128_redocking_3rep_20260828
rDock,rdock,All128,Ruiz,2juk,RNA,,rep3,rep3,40,8.15875919,6.82406203,6.47966162,5.74979143,5.55306243,False,False,False,False,False,False,1,40,False,surfna_v2_v3_ccdcomplete128_redocking_3rep_20260828
rDock,rdock,All128,Yan,2jwq,DNA,,rep3,rep3,40,1.72720013,1.0370682,1.0370682,1.0370682,1.0370682,True,True,True,True,True,True,1,40,False,surfna_v2_v3_ccdcomplete128_redocking_3rep_20260828
rDock,rdock,All128,Yan;Chen,2kgp,RNA,,rep3,rep3,40,5.45990619,2.61896487,2.57341714,2.57341714,2.10922216,False,False,False,False,False,False,1,40,False,surfna_v2_v3_ccdcomplete128_redocking_3rep_20260828
rDock,rdock,All128,Yan;Chen,2ktz,RNA,,rep3,rep3,40,6.40876077,5.6978879,5.6978879,5.6978879,1.0877866,False,False,False,False,True,False,1,40,False,surfna_v2_v3_ccdcomplete128_redocking_3rep_20260828
rDock,rdock,All128,Yan;Chen,2ku0,RNA,,rep3,rep3,40,6.72661754,5.63605655,4.71780337,4.71780337,1.30632981,False,False,False,False,True,False,1,40,False,surfna_v2_v3_ccdcomplete128_redocking_3rep_20260828
rDock,rdock,All128,Yan,2l94,RNA,,rep3,rep3,40,4.84467483,4.84467483,4.84467483,4.17834892,2.39624781,False,False,False,False,False,True,1,40,False,surfna_v2_v3_ccdcomplete128_redocking_3rep_20260828
rDock,rdock,All128,Yan,2loa,DNA,,rep3,rep3,40,7.18144328,7.18144328,7.18144328,6.89676408,6.6429963,False,False,False,False,False,False,1,40,False,surfna_v2_v3_ccdcomplete128_redocking_3rep_20260828
rDock,rdock,All128,Yan,2mb3,DNA,,rep3,rep3,40,6.65046142,6.65046142,6.65046142,6.52524138,6.52524138,False,False,False,False,False,False,1,40,False,surfna_v2_v3_ccdcomplete128_redocking_3rep_20260828
rDock,rdock,All128,Ruiz;Chen,2o3v,RNA,,rep3,rep3,40,5.6003939,5.36996505,4.22761305,3.62999222,2.79884759,False,False,False,False,False,False,1,40,False,surfna_v2_v3_ccdcomplete128_redocking_3rep_20260828
rDock,rdock,All128,Yan;Ruiz,2o3w,RNA,,rep3,rep3,40,5.58415326,5.53037012,5.53037012,5.53037012,3.09808751,False,False,False,False,False,False,1,40,False,surfna_v2_v3_ccdcomplete128_redocking_3rep_20260828
rDock,rdock,All128,Yan;Ruiz;Philips,2o3x,RNA,,rep3,rep3,40,3.69457185,3.69457185,3.34180757,3.34180757,2.54984231,False,False,False,False,False,True,1,40,False,surfna_v2_v3_ccdcomplete128_redocking_3rep_20260828
rDock,rdock,All128,Ruiz;Philips,2oe5,RNA,,rep3,rep3,40,9.41145468,8.90612892,8.90612892,8.90612892,2.92769948,False,False,False,False,False,False,1,40,False,surfna_v2_v3_ccdcomplete128_redocking_3rep_20260828
rDock,rdock,All128,Ruiz;Chen,2oe8,RNA,,rep3,rep3,40,3.99988915,2.64182819,2.64182819,2.15638558,2.15638558,False,False,False,False,False,True,1,40,False,surfna_v2_v3_ccdcomplete128_redocking_3rep_20260828
rDock,rdock,All128,Philips,2ogn,RNA,,rep3,rep3,40,1.60270604,1.55513229,1.55513229,1.22853694,1.22853694,True,True,True,True,True,True,1,40,False,surfna_v2_v3_ccdcomplete128_redocking_3rep_20260828
rDock,rdock,All128,Chen;Philips,2pwt,RNA,,rep3,rep3,40,11.21255208,10.01718667,9.72644134,6.5868973,6.5868973,False,False,False,False,False,False,1,40,False,surfna_v2_v3_ccdcomplete128_redocking_3rep_20260828
rDock,rdock,All128,Ruiz;Chen;Philips,2tob,RNA,,rep3,rep3,40,2.61579529,2.61579529,2.61579529,2.61579529,2.61579529,False,False,False,False,False,True,1,40,False,surfna_v2_v3_ccdcomplete128_redocking_3rep_20260828
rDock,rdock,All128,Yan,2xnw,RNA,,rep3,rep3,40,3.64740129,3.647209,3.64193239,3.64155953,0.4814844,False,False,False,False,True,True,1,40,False,surfna_v2_v3_ccdcomplete128_redocking_3rep_20260828
rDock,rdock,All128,Yan,2xnz,RNA,,rep3,rep3,40,0.37860313,0.32541492,0.32541492,0.32541492,0.29939625,True,True,True,True,True,True,1,40,False,surfna_v2_v3_ccdcomplete128_redocking_3rep_20260828
rDock,rdock,All128,Yan,2xo0,RNA,,rep3,rep3,40,2.30422524,2.30422524,2.30174928,2.30174928,0.3583393,False,False,False,False,True,True,1,40,False,surfna_v2_v3_ccdcomplete128_redocking_3rep_20260828
rDock,rdock,All128,Yan,2xo1,RNA,,rep3,rep3,40,0.83642586,0.83235719,0.83235719,0.83235719,0.22299285,True,True,True,True,True,True,1,40,False,surfna_v2_v3_ccdcomplete128_redocking_3rep_20260828
rDock,rdock,All128,Yan,2ydh,RNA,,rep3,rep3,40,5.20125424,5.20125424,5.20125424,5.20125424,1.74973516,False,False,False,False,True,False,1,40,False,surfna_v2_v3_ccdcomplete128_redocking_3rep_20260828
rDock,rdock,All128,Yan,2ygh,RNA,,rep3,rep3,40,5.12785012,5.12785012,5.12785012,3.26322708,2.7172577,False,False,False,False,False,False,1,40,False,surfna_v2_v3_ccdcomplete128_redocking_3rep_20260828
rDock,rdock,All128,Yan,316d,DNA,,rep3,rep3,40,4.17135692,4.17135692,4.17135692,4.17135692,4.17135692,False,False,False,False,False,True,1,40,False,surfna_v2_v3_ccdcomplete128_redocking_3rep_20260828
rDock,rdock,All128,Ruiz,3c44,RNA,,rep3,rep3,40,5.00930709,4.91829487,4.91829487,3.13524709,2.47222664,False,False,False,False,False,False,1,40,False,surfna_v2_v3_ccdcomplete128_redocking_3rep_20260828
rDock,rdock,All128,Philips,3d2x,RNA,,rep3,rep3,40,4.05246022,2.13526521,2.13526521,2.13526521,2.13526521,False,False,False,False,False,True,1,40,False,surfna_v2_v3_ccdcomplete128_redocking_3rep_20260828
rDock,rdock,All128,Chen,3dil,RNA,,rep3,rep3,40,0.81600113,0.78600453,0.78600453,0.57120453,0.41134728,True,True,True,True,True,True,1,40,False,surfna_v2_v3_ccdcomplete128_redocking_3rep_20260828
rDock,rdock,All128,Yan,3ds7,RNA,,rep3,rep3,40,1.57108735,1.56757344,1.51519841,0.83345277,0.83345277,True,True,True,True,True,True,1,40,False,surfna_v2_v3_ccdcomplete128_redocking_3rep_20260828
rDock,rdock,All128,Chen,3dvv,RNA,,rep3,rep3,40,6.9194849,4.50263488,4.50263488,4.50263488,4.05735533,False,False,False,False,False,False,1,40,False,surfna_v2_v3_ccdcomplete128_redocking_3rep_20260828
rDock,rdock,All128,Yan,3e5c,RNA,,rep3,rep3,40,6.10629743,4.55442578,4.55442578,2.35063625,0.80430154,False,False,False,False,True,False,1,40,False,surfna_v2_v3_ccdcomplete128_redocking_3rep_20260828
rDock,rdock,All128,Chen,3f2q,RNA,,rep3,rep3,40,1.74288575,0.67125677,0.67125677,0.67125677,0.67125677,True,True,True,True,True,True,1,40,False,surfna_v2_v3_ccdcomplete128_redocking_3rep_20260828
rDock,rdock,All128,Yan,3fo4,RNA,,rep3,rep3,40,0.2889354,0.26863422,0.26863422,0.26531618,0.26531618,True,True,True,True,True,True,1,40,False,surfna_v2_v3_ccdcomplete128_redocking_3rep_20260828
rDock,rdock,All128,Yan,3fo6,RNA,,rep3,rep3,40,0.30849251,0.3039255,0.3039255,0.29876997,0.27859807,True,True,True,True,True,True,1,40,False,surfna_v2_v3_ccdcomplete128_redocking_3rep_20260828
rDock,rdock,All128,Yan,3gao,RNA,,rep3,rep3,40,0.48468165,0.46901799,0.46398626,0.45713354,0.45713354,True,True,True,True,True,True,1,40,False,surfna_v2_v3_ccdcomplete128_redocking_3rep_20260828
rDock,rdock,All128,Yan,3ger,RNA,,rep3,rep3,40,0.58036777,0.57857343,0.5784242,0.24474682,0.1312662,True,True,True,True,True,True,1,40,False,surfna_v2_v3_ccdcomplete128_redocking_3rep_20260828
rDock,rdock,All128,Yan,3ges,RNA,,rep3,rep3,40,0.20396713,0.19909498,0.19909498,0.19095571,0.17888062,True,True,True,True,True,True,1,40,False,surfna_v2_v3_ccdcomplete128_redocking_3rep_20260828
rDock,rdock,All128,Yan,3gog,RNA,,rep3,rep3,40,0.42794002,0.42437046,0.42437046,0.41925043,0.38519458,True,True,True,True,True,True,1,40,False,surfna_v2_v3_ccdcomplete128_redocking_3rep_20260828
rDock,rdock,All128,Yan,3got,RNA,,rep3,rep3,40,0.45916567,0.45875381,0.45875381,0.45459527,0.40406155,True,True,True,True,True,True,1,40,False,surfna_v2_v3_ccdcomplete128_redocking_3rep_20260828
rDock,rdock,All128,Chen;Philips,3gx2,RNA,,rep3,rep3,40,2.7103763,2.7103763,2.7103763,2.7103763,2.16072992,False,False,False,False,False,True,1,40,False,surfna_v2_v3_ccdcomplete128_redocking_3rep_20260828
rDock,rdock,All128,Chen,3gx3,RNA,,rep3,rep3,40,2.24440876,2.15207139,2.15207139,2.15207139,2.15207139,False,False,False,False,False,True,1,40,False,surfna_v2_v3_ccdcomplete128_redocking_3rep_20260828
rDock,rdock,All128,Chen,3gx5,RNA,,rep3,rep3,40,1.74659123,1.74659123,1.67189902,1.67189902,1.67189902,True,True,True,True,True,True,1,40,False,surfna_v2_v3_ccdcomplete128_redocking_3rep_20260828
rDock,rdock,All128,Chen,3gx7,RNA,,rep3,rep3,40,1.51721878,1.51721878,1.51721878,1.33044148,1.33044148,True,True,True,True,True,True,1,40,False,surfna_v2_v3_ccdcomplete128_redocking_3rep_20260828
rDock,rdock,All128,Yan;Chen,3la5,RNA,,rep3,rep3,40,0.23520825,0.23181117,0.22814135,0.20912968,0.20912968,True,True,True,True,True,True,1,40,False,surfna_v2_v3_ccdcomplete128_redocking_3rep_20260828
rDock,rdock,All128,Yan,3mum,RNA,,rep3,rep3,40,4.96923969,4.96923969,4.96923969,4.96923969,4.96923969,False,False,False,False,False,True,1,40,False,surfna_v2_v3_ccdcomplete128_redocking_3rep_20260828
rDock,rdock,All128,Yan,3mur,RNA,,rep3,rep3,40,2.37989909,2.36648444,2.36648444,1.63064344,1.58515544,False,False,False,True,True,True,1,40,False,surfna_v2_v3_ccdcomplete128_redocking_3rep_20260828
rDock,rdock,All128,Yan,3mxh,RNA,,rep3,rep3,40,6.77646471,6.3934649,6.3934649,6.19458015,6.19402755,False,False,False,False,False,False,1,40,False,surfna_v2_v3_ccdcomplete128_redocking_3rep_20260828
rDock,rdock,All128,Yan,3npn,RNA,,rep3,rep3,40,1.36754322,1.21818727,1.21818727,1.21818727,1.21818727,True,True,True,True,True,True,1,40,False,surfna_v2_v3_ccdcomplete128_redocking_3rep_20260828
rDock,rdock,All128,Chen,3npq,RNA,,rep3,rep3,40,1.87492538,1.71257319,1.59228998,1.59228998,1.59228998,True,True,True,True,True,True,1,40,False,surfna_v2_v3_ccdcomplete128_redocking_3rep_20260828
rDock,rdock,All128,Yan,3owz,RNA,,rep3,rep3,40,inf,inf,inf,inf,inf,False,False,False,False,False,False,0,0,True,surfna_v2_v3_ccdcomplete128_redocking_3rep_20260828
rDock,rdock,All128,Yan;Chen,3q3z,RNA,,rep3,rep3,40,6.06302509,3.31982823,3.31982823,3.31982823,3.18446158,False,False,False,False,False,False,1,40,False,surfna_v2_v3_ccdcomplete128_redocking_3rep_20260828
rDock,rdock,All128,Yan,3q50,RNA,,rep3,rep3,40,0.57886524,0.38432217,0.38432217,0.35706532,0.2953417,True,True,True,True,True,True,1,40,False,surfna_v2_v3_ccdcomplete128_redocking_3rep_20260828
rDock,rdock,All128,Yan,3s4p,RNA,,rep3,rep3,40,8.38636361,7.5904531,7.22743184,5.04333197,4.88875535,False,False,False,False,False,False,1,40,False,surfna_v2_v3_ccdcomplete128_redocking_3rep_20260828
rDock,rdock,All128,Yan,3slm,RNA,,rep3,rep3,40,1.43461087,1.43461087,1.43461087,1.39495649,0.98960047,True,True,True,True,True,True,1,40,False,surfna_v2_v3_ccdcomplete128_redocking_3rep_20260828
rDock,rdock,All128,Yan,407d,DNA,,rep3,rep3,40,4.02239961,2.68038108,2.68038108,2.58832344,2.58832344,False,False,False,False,False,True,1,40,False,surfna_v2_v3_ccdcomplete128_redocking_3rep_20260828
rDock,rdock,All128,Yan,408d,DNA,,rep3,rep3,40,15.4624666,3.29040145,2.94256685,2.94256685,2.94256685,False,False,False,False,False,False,1,40,False,surfna_v2_v3_ccdcomplete128_redocking_3rep_20260828
rDock,rdock,All128,Yan,4aob,RNA,,rep3,rep3,40,4.94806546,4.94806546,1.90618388,1.90618388,1.90618388,False,False,True,True,True,True,1,40,False,surfna_v2_v3_ccdcomplete128_redocking_3rep_20260828
rDock,rdock,All128,Yan,4erj,RNA,,rep3,rep3,40,2.01497539,1.85458989,1.1509256,1.1509256,0.86112894,False,True,True,True,True,True,1,40,False,surfna_v2_v3_ccdcomplete128_redocking_3rep_20260828
rDock,rdock,All128,Yan,4fe5,RNA,,rep3,rep3,40,0.45688211,0.40486657,0.40328025,0.40328025,0.38293623,True,True,True,True,True,True,1,40,False,surfna_v2_v3_ccdcomplete128_redocking_3rep_20260828
rDock,rdock,All128,Yan,4jf2,RNA,,rep3,rep3,40,0.41434986,0.41434986,0.40710509,0.40602773,0.31065841,True,True,True,True,True,True,1,40,False,surfna_v2_v3_ccdcomplete128_redocking_3rep_20260828
rDock,rdock,All128,Yan,4kqy,RNA,,rep3,rep3,40,6.03212722,6.03212722,6.03212722,5.74166712,2.52180867,False,False,False,False,False,False,1,40,False,surfna_v2_v3_ccdcomplete128_redocking_3rep_20260828
rDock,rdock,All128,Yan,4lvv,RNA,,rep3,rep3,40,3.11625455,1.88210013,1.81603347,1.81603347,1.81603347,False,True,True,True,True,True,1,40,False,surfna_v2_v3_ccdcomplete128_redocking_3rep_20260828
AutoDock Vina,vina,All128,Ruiz;Chen;Philips,1am0,RNA,,rep1,rep1,40,2.95135761,2.27805819,2.27805819,2.27805819,2.22360623,False,False,False,False,False,True,1,40,False,surfna_v2_v3_ccdcomplete128_redocking_3rep_20260828
AutoDock Vina,vina,All128,Yan,1arj,RNA,,rep1,rep1,40,3.47380135,3.47380135,3.47380135,3.47380135,2.96576619,False,False,False,False,False,True,0.975,39,False,surfna_v2_v3_ccdcomplete128_redocking_3rep_20260828
AutoDock Vina,vina,All128,Yan;Ruiz;Chen;Philips,1byj,RNA,,rep1,rep1,40,6.55085657,6.41433504,4.91850939,2.51261421,2.51261421,False,False,False,False,False,False,1,40,False,surfna_v2_v3_ccdcomplete128_redocking_3rep_20260828
AutoDock Vina,vina,All128,Yan,1cvx,DNA,,rep1,rep1,40,15.30877165,15.30877165,5.47653454,2.57831216,2.57831216,False,False,False,False,False,False,1,40,False,surfna_v2_v3_ccdcomplete128_redocking_3rep_20260828
AutoDock Vina,vina,All128,Yan,1cvy,DNA,,rep1,rep1,40,15.98911019,15.68950528,15.68950528,2.29338902,2.29338902,False,False,False,False,False,False,1,40,False,surfna_v2_v3_ccdcomplete128_redocking_3rep_20260828
AutoDock Vina,vina,All128,Yan,1db6,DNA,,rep1,rep1,40,3.24786523,3.24786523,3.24786523,3.24786523,1.54851391,False,False,False,False,True,True,0.95,38,False,surfna_v2_v3_ccdcomplete128_redocking_3rep_20260828
AutoDock Vina,vina,All128,Ruiz;Chen;Philips,1eht,RNA,,rep1,rep1,40,1.19871322,1.19871322,1.19871322,0.45430429,0.45430429,True,True,True,True,True,True,0.675,27,False,surfna_v2_v3_ccdcomplete128_redocking_3rep_20260828
AutoDock Vina,vina,All128,Ruiz;Chen;Philips,1ei2,RNA,,rep1,rep1,40,inf,inf,inf,inf,inf,False,False,False,False,False,False,0,0,True,surfna_v2_v3_ccdcomplete128_redocking_3rep_20260828
AutoDock Vina,vina,All128,Yan;Ruiz;Chen;Philips,1f1t,RNA,,rep1,rep1,40,0.27718558,0.27718558,0.27718558,0.27718558,0.27718558,True,True,True,True,True,True,0.825,33,False,surfna_v2_v3_ccdcomplete128_redocking_3rep_20260828
AutoDock Vina,vina,All128,Yan;Ruiz;Chen;Philips,1f27,RNA,,rep1,rep1,40,2.1829726,2.1829726,2.1829726,2.1829726,2.00027489,False,False,False,False,False,True,0.95,38,False,surfna_v2_v3_ccdcomplete128_redocking_3rep_20260828
AutoDock Vina,vina,All128,Philips,1fjg,RNA,,rep1,rep1,40,inf,inf,inf,inf,inf,False,False,False,False,False,False,0,0,True,surfna_v2_v3_ccdcomplete128_redocking_3rep_20260828
AutoDock Vina,vina,All128,Ruiz;Chen;Philips,1fmn,RNA,,rep1,rep1,40,7.60405449,1.6194126,1.45739672,1.33182118,1.33182118,False,True,True,True,True,False,1,40,False,surfna_v2_v3_ccdcomplete128_redocking_3rep_20260828
AutoDock Vina,vina,All128,Yan;Ruiz;Chen;Philips,1fyp,RNA,,rep1,rep1,40,9.48563322,5.65894683,5.53529403,5.53529403,2.83529822,False,False,False,False,False,False,1,40,False,surfna_v2_v3_ccdcomplete128_redocking_3rep_20260828
AutoDock Vina,vina,All128,Philips,1hnw,RNA,,rep1,rep1,40,5.19690104,4.07875111,4.07875111,3.47768966,0.86702664,False,False,False,False,True,False,0.875,35,False,surfna_v2_v3_ccdcomplete128_redocking_3rep_20260828
AutoDock Vina,vina,All128,Yan,1i9v,RNA,,rep1,rep1,40,inf,inf,inf,inf,inf,False,False,False,False,False,False,0,0,True,surfna_v2_v3_ccdcomplete128_redocking_3rep_20260828
AutoDock Vina,vina,All128,Ruiz;Chen;Philips,1j7t,RNA,,rep1,rep1,40,inf,inf,inf,inf,inf,False,False,False,False,False,False,0,0,True,surfna_v2_v3_ccdcomplete128_redocking_3rep_20260828
AutoDock Vina,vina,All128,Ruiz;Chen;Philips,1koc,RNA,,rep1,rep1,40,3.88945413,3.76510516,2.23423481,2.23423481,2.23423481,False,False,False,False,False,True,1,40,False,surfna_v2_v3_ccdcomplete128_redocking_3rep_20260828
AutoDock Vina,vina,All128,Ruiz;Chen,1lc4,RNA,,rep1,rep1,40,8.42420415,4.60899554,4.60899554,4.60899554,2.67561965,False,False,False,False,False,False,0.975,39,False,surfna_v2_v3_ccdcomplete128_redocking_3rep_20260828
AutoDock Vina,vina,All128,Ruiz;Chen,1lvj,RNA,,rep1,rep1,40,6.95735461,6.91318254,6.91318254,6.91318254,6.74438955,False,False,False,False,False,False,0.95,38,False,surfna_v2_v3_ccdcomplete128_redocking_3rep_20260828
AutoDock Vina,vina,All128,Ruiz;Chen;Philips,1mwl,RNA,,rep1,rep1,40,inf,inf,inf,inf,inf,False,False,False,False,False,False,0,0,True,surfna_v2_v3_ccdcomplete128_redocking_3rep_20260828
AutoDock Vina,vina,All128,Philips,1nbk,RNA,,rep1,rep1,40,3.40486386,3.40486386,2.74336291,2.74336291,2.74336291,False,False,False,False,False,True,1,40,False,surfna_v2_v3_ccdcomplete128_redocking_3rep_20260828
AutoDock Vina,vina,All128,Ruiz;Chen;Philips,1nem,RNA,,rep1,rep1,40,inf,inf,inf,inf,inf,False,False,False,False,False,False,0,0,True,surfna_v2_v3_ccdcomplete128_redocking_3rep_20260828
AutoDock Vina,vina,All128,Ruiz,1nta,RNA,,rep1,rep1,40,4.00363296,4.00363296,4.00363296,4.00363296,4.00363296,False,False,False,False,False,True,1,40,False,surfna_v2_v3_ccdcomplete128_redocking_3rep_20260828
AutoDock Vina,vina,All128,Ruiz;Chen,1ntb,RNA,,rep1,rep1,40,1.51927263,1.51927263,1.51927263,1.51927263,1.51927263,True,True,True,True,True,True,1,40,False,surfna_v2_v3_ccdcomplete128_redocking_3rep_20260828
AutoDock Vina,vina,All128,Yan,1nzm,DNA,,rep1,rep1,40,5.69983466,4.58885557,4.58885557,4.47061295,3.22478081,False,False,False,False,False,False,0.75,30,False,surfna_v2_v3_ccdcomplete128_redocking_3rep_20260828
AutoDock Vina,vina,All128,Ruiz,1o15,RNA,,rep1,rep1,40,1.3479138,1.3479138,1.3479138,0.50231104,0.50231104,True,True,True,True,True,True,0.55,22,False,surfna_v2_v3_ccdcomplete128_redocking_3rep_20260828
AutoDock Vina,vina,All128,Ruiz,1o9m,RNA,,rep1,rep1,40,inf,inf,inf,inf,inf,False,False,False,False,False,False,0,0,True,surfna_v2_v3_ccdcomplete128_redocking_3rep_20260828
AutoDock Vina,vina,All128,Yan,1p96,DNA,,rep1,rep1,40,2.65396573,2.47613793,2.47613793,2.08296902,2.08296902,False,False,False,False,False,True,0.9,36,False,surfna_v2_v3_ccdcomplete128_redocking_3rep_20260828
AutoDock Vina,vina,All128,Ruiz;Chen;Philips,1pbr,RNA,,rep1,rep1,40,inf,inf,inf,inf,inf,False,False,False,False,False,False,0,0,True,surfna_v2_v3_ccdcomplete128_redocking_3rep_20260828
AutoDock Vina,vina,All128,Yan;Ruiz;Chen;Philips,1q8n,RNA,,rep1,rep1,40,8.18399749,7.04715134,7.04715134,6.25945041,1.34497383,False,False,False,False,True,False,0.775,31,False,surfna_v2_v3_ccdcomplete128_redocking_3rep_20260828
AutoDock Vina,vina,All128,Yan;Ruiz;Chen,1qd3,RNA,,rep1,rep1,40,inf,inf,inf,inf,inf,False,False,False,False,False,False,0,0,True,surfna_v2_v3_ccdcomplete128_redocking_3rep_20260828
AutoDock Vina,vina,All128,Yan,1qv4,DNA,,rep1,rep1,40,13.35100824,2.84336767,2.84336767,2.84336767,0.91496454,False,False,False,False,True,False,0.925,37,False,surfna_v2_v3_ccdcomplete128_redocking_3rep_20260828
AutoDock Vina,vina,All128,Yan,1qv8,DNA,,rep1,rep1,40,13.01090553,0.95259696,0.95259696,0.95259696,0.95259696,False,True,True,True,True,False,0.95,38,False,surfna_v2_v3_ccdcomplete128_redocking_3rep_20260828
AutoDock Vina,vina,All128,Yan,1r4e,DNA,,rep1,rep1,40,8.37901204,6.8684398,5.01205755,3.68653286,2.05579724,False,False,False,False,False,False,0.95,38,False,surfna_v2_v3_ccdcomplete128_redocking_3rep_20260828
AutoDock Vina,vina,All128,Ruiz;Chen;Philips,1tob,RNA,,rep1,rep1,40,5.17472662,3.68406166,3.68406166,3.68406166,2.58198744,False,False,False,False,False,False,0.95,38,False,surfna_v2_v3_ccdcomplete128_redocking_3rep_20260828
AutoDock Vina,vina,All128,Ruiz;Chen,1u8d,RNA,,rep1,rep1,40,2.41482848,0.4372218,0.4372218,0.4372218,0.4372218,False,True,True,True,True,True,0.85,34,False,surfna_v2_v3_ccdcomplete128_redocking_3rep_20260828
AutoDock Vina,vina,All128,Yan;Ruiz;Philips,1uts,RNA,,rep1,rep1,40,8.62462445,8.52038067,8.52038067,4.11941114,3.27295175,False,False,False,False,False,False,1,40,False,surfna_v2_v3_ccdcomplete128_redocking_3rep_20260828
AutoDock Vina,vina,All128,Yan;Ruiz;Chen;Philips,1uud,RNA,,rep1,rep1,40,7.69380605,7.69380605,7.02999063,4.24318397,2.67783567,False,False,False,False,False,False,1,40,False,surfna_v2_v3_ccdcomplete128_redocking_3rep_20260828
AutoDock Vina,vina,All128,Ruiz;Philips,1uui,RNA,,rep1,rep1,40,7.46599182,6.25826094,6.25826094,5.87565755,5.63118506,False,False,False,False,False,False,1,40,False,surfna_v2_v3_ccdcomplete128_redocking_3rep_20260828
AutoDock Vina,vina,All128,Philips,1xbp,RNA,,rep1,rep1,40,7.87432989,7.055502,7.055502,2.97840458,2.97840458,False,False,False,False,False,False,1,40,False,surfna_v2_v3_ccdcomplete128_redocking_3rep_20260828
AutoDock Vina,vina,All128,Ruiz;Philips,1xpf,RNA,,rep1,rep1,40,4.65428156,4.4434323,4.36633678,4.36633678,3.38459951,False,False,False,False,False,True,1,40,False,surfna_v2_v3_ccdcomplete128_redocking_3rep_20260828
AutoDock Vina,vina,All128,Ruiz;Chen;Philips,1y26,RNA,,rep1,rep1,40,0.50274805,0.50274805,0.50274805,0.50274805,0.50274805,True,True,True,True,True,True,0.9,36,False,surfna_v2_v3_ccdcomplete128_redocking_3rep_20260828
AutoDock Vina,vina,All128,Chen,1y27,RNA,,rep1,rep1,40,0.37383176,0.37383176,0.37383176,0.37383176,0.37383176,True,True,True,True,True,True,0.95,38,False,surfna_v2_v3_ccdcomplete128_redocking_3rep_20260828
AutoDock Vina,vina,All128,Yan;Chen,1ykv,RNA,,rep1,rep1,40,1.11560224,1.11560224,1.11560224,1.11560224,1.11560224,True,True,True,True,True,True,0.95,38,False,surfna_v2_v3_ccdcomplete128_redocking_3rep_20260828
AutoDock Vina,vina,All128,Yan;Ruiz;Chen,1yrj,RNA,,rep1,rep1,40,9.57497458,7.60437037,6.91811778,5.79471861,5.52488335,False,False,False,False,False,False,1,40,False,surfna_v2_v3_ccdcomplete128_redocking_3rep_20260828
AutoDock Vina,vina,All128,Chen,1zz5,RNA,,rep1,rep1,40,8.71262997,8.71262997,8.71262997,6.60098462,4.93434863,False,False,False,False,False,False,1,40,False,surfna_v2_v3_ccdcomplete128_redocking_3rep_20260828
AutoDock Vina,vina,All128,Yan;Ruiz,2au4,RNA,,rep1,rep1,40,7.51981943,3.8130213,3.73330521,3.73330521,3.71079744,False,False,False,False,False,False,1,40,False,surfna_v2_v3_ccdcomplete128_redocking_3rep_20260828
AutoDock Vina,vina,All128,Yan,2b57,RNA,,rep1,rep1,40,0.17216958,0.17216958,0.17216958,0.17216958,0.17216958,True,True,True,True,True,True,1,40,False,surfna_v2_v3_ccdcomplete128_redocking_3rep_20260828
AutoDock Vina,vina,All128,Yan;Ruiz;Chen;Philips,2be0,RNA,,rep1,rep1,40,inf,inf,inf,inf,inf,False,False,False,False,False,False,0,0,True,surfna_v2_v3_ccdcomplete128_redocking_3rep_20260828
AutoDock Vina,vina,All128,Yan;Ruiz;Philips,2bee,RNA,,rep1,rep1,40,inf,inf,inf,inf,inf,False,False,False,False,False,False,0,0,True,surfna_v2_v3_ccdcomplete128_redocking_3rep_20260828
AutoDock Vina,vina,All128,Yan,2d55,DNA,,rep1,rep1,40,inf,inf,inf,inf,inf,False,False,False,False,False,False,0,0,True,surfna_v2_v3_ccdcomplete128_redocking_3rep_20260828
AutoDock Vina,vina,All128,Chen,2esi,RNA,,rep1,rep1,40,4.8595332,4.13500679,4.13500679,4.13500679,2.69571765,False,False,False,False,False,True,1,40,False,surfna_v2_v3_ccdcomplete128_redocking_3rep_20260828
AutoDock Vina,vina,All128,Ruiz,2esj,RNA,,rep1,rep1,40,inf,inf,inf,inf,inf,False,False,False,False,False,False,0,0,True,surfna_v2_v3_ccdcomplete128_redocking_3rep_20260828
AutoDock Vina,vina,All128,Ruiz,2et3,RNA,,rep1,rep1,40,5.54081181,5.54081181,4.17210362,4.17210362,2.48765734,False,False,False,False,False,False,1,40,False,surfna_v2_v3_ccdcomplete128_redocking_3rep_20260828
AutoDock Vina,vina,All128,Ruiz,2et4,RNA,,rep1,rep1,40,inf,inf,inf,inf,inf,False,False,False,False,False,False,0,0,True,surfna_v2_v3_ccdcomplete128_redocking_3rep_20260828
AutoDock Vina,vina,All128,Ruiz;Chen;Philips,2et8,RNA,,rep1,rep1,40,0.75733483,0.75733483,0.75733483,0.75733483,0.75733483,True,True,True,True,True,True,1,40,False,surfna_v2_v3_ccdcomplete128_redocking_3rep_20260828
AutoDock Vina,vina,All128,Ruiz,2f4s,RNA,,rep1,rep1,40,6.38659909,6.17887719,5.51082257,5.51082257,3.66684769,False,False,False,False,False,False,1,40,False,surfna_v2_v3_ccdcomplete128_redocking_3rep_20260828
AutoDock Vina,vina,All128,Yan;Ruiz;Chen,2f4t,RNA,,rep1,rep1,40,8.85960757,8.28688354,8.24488457,8.21974437,6.85934285,False,False,False,False,False,False,1,40,False,surfna_v2_v3_ccdcomplete128_redocking_3rep_20260828
AutoDock Vina,vina,All128,Yan;Ruiz;Philips,2f4u,RNA,,rep1,rep1,40,9.34696858,7.93335717,7.5028362,7.19879932,2.25161842,False,False,False,False,False,False,1,40,False,surfna_v2_v3_ccdcomplete128_redocking_3rep_20260828
AutoDock Vina,vina,All128,Ruiz,2fcx,RNA,,rep1,rep1,40,7.11936932,7.11936932,5.49063931,5.25830409,2.91012076,False,False,False,False,False,False,1,40,False,surfna_v2_v3_ccdcomplete128_redocking_3rep_20260828
AutoDock Vina,vina,All128,Ruiz,2fcy,RNA,,rep1,rep1,40,inf,inf,inf,inf,inf,False,False,False,False,False,False,0,0,True,surfna_v2_v3_ccdcomplete128_redocking_3rep_20260828
AutoDock Vina,vina,All128,Ruiz;Chen;Philips,2fcz,RNA,,rep1,rep1,40,5.03782068,5.03782068,5.03782068,5.03782068,4.83784338,False,False,False,False,False,False,1,40,False,surfna_v2_v3_ccdcomplete128_redocking_3rep_20260828
AutoDock Vina,vina,All128,Ruiz;Chen;Philips,2fd0,RNA,,rep1,rep1,40,inf,inf,inf,inf,inf,False,False,False,False,False,False,0,0,True,surfna_v2_v3_ccdcomplete128_redocking_3rep_20260828
AutoDock Vina,vina,All128,Yan,2g5k,RNA,,rep1,rep1,40,6.35430522,5.98140133,5.38273741,4.83163479,3.52895265,False,False,False,False,False,False,1,40,False,surfna_v2_v3_ccdcomplete128_redocking_3rep_20260828
AutoDock Vina,vina,All128,Ruiz;Chen;Philips,2g5q,RNA,,rep1,rep1,40,7.87196868,7.87196868,7.5931164,6.65535495,5.18998341,False,False,False,False,False,False,0.975,39,False,surfna_v2_v3_ccdcomplete128_redocking_3rep_20260828
AutoDock Vina,vina,All128,Yan,2g9c,RNA,,rep1,rep1,40,0.29682262,0.29682262,0.29682262,0.29682262,0.29682262,True,True,True,True,True,True,0.925,37,False,surfna_v2_v3_ccdcomplete128_redocking_3rep_20260828
AutoDock Vina,vina,All128,Chen;Philips,2gdi,RNA,,rep1,rep1,40,3.65140004,3.49325914,3.49325914,3.36162259,2.64146117,False,False,False,False,False,True,1,40,False,surfna_v2_v3_ccdcomplete128_redocking_3rep_20260828
AutoDock Vina,vina,All128,Chen,2gis,RNA,,rep1,rep1,40,5.44328504,5.0217144,0.9955072,0.9955072,0.9955072,False,False,True,True,True,False,1,40,False,surfna_v2_v3_ccdcomplete128_redocking_3rep_20260828
AutoDock Vina,vina,All128,Ruiz,2juk,RNA,,rep1,rep1,40,inf,inf,inf,inf,inf,False,False,False,False,False,False,0,0,True,surfna_v2_v3_ccdcomplete128_redocking_3rep_20260828
AutoDock Vina,vina,All128,Yan,2jwq,DNA,,rep1,rep1,40,9.99082481,9.49137827,9.49137827,1.45400992,1.45400992,False,False,False,True,True,False,0.975,39,False,surfna_v2_v3_ccdcomplete128_redocking_3rep_20260828
AutoDock Vina,vina,All128,Yan;Chen,2kgp,RNA,,rep1,rep1,40,5.16522636,5.16522636,4.60759186,4.60759186,4.60759186,False,False,False,False,False,False,1,40,False,surfna_v2_v3_ccdcomplete128_redocking_3rep_20260828
AutoDock Vina,vina,All128,Yan;Chen,2ktz,RNA,,rep1,rep1,40,6.38458204,5.09663467,1.82682141,1.82682141,1.78826545,False,False,True,True,True,False,0.925,37,False,surfna_v2_v3_ccdcomplete128_redocking_3rep_20260828
AutoDock Vina,vina,All128,Yan;Chen,2ku0,RNA,,rep1,rep1,40,6.27254104,6.27254104,4.87956269,3.07681199,2.16065627,False,False,False,False,False,False,0.95,38,False,surfna_v2_v3_ccdcomplete128_redocking_3rep_20260828
AutoDock Vina,vina,All128,Yan,2l94,RNA,,rep1,rep1,40,3.08827749,2.82509523,2.82509523,2.82509523,2.49682251,False,False,False,False,False,True,1,40,False,surfna_v2_v3_ccdcomplete128_redocking_3rep_20260828
AutoDock Vina,vina,All128,Yan,2loa,DNA,,rep1,rep1,40,6.93483732,6.93483732,5.57698923,5.1793115,5.01350918,False,False,False,False,False,False,1,40,False,surfna_v2_v3_ccdcomplete128_redocking_3rep_20260828
AutoDock Vina,vina,All128,Yan,2mb3,DNA,,rep1,rep1,40,10.34041314,9.97242393,6.89905925,4.55563993,4.13537961,False,False,False,False,False,False,0.975,39,False,surfna_v2_v3_ccdcomplete128_redocking_3rep_20260828
AutoDock Vina,vina,All128,Ruiz;Chen,2o3v,RNA,,rep1,rep1,40,9.67879032,9.49948312,6.32771192,5.29529782,5.29529782,False,False,False,False,False,False,1,40,False,surfna_v2_v3_ccdcomplete128_redocking_3rep_20260828
AutoDock Vina,vina,All128,Yan;Ruiz,2o3w,RNA,,rep1,rep1,40,inf,inf,inf,inf,inf,False,False,False,False,False,False,0,0,True,surfna_v2_v3_ccdcomplete128_redocking_3rep_20260828
AutoDock Vina,vina,All128,Yan;Ruiz;Philips,2o3x,RNA,,rep1,rep1,40,5.67497811,5.58645406,5.58645406,5.13304736,3.31792136,False,False,False,False,False,False,1,40,False,surfna_v2_v3_ccdcomplete128_redocking_3rep_20260828
AutoDock Vina,vina,All128,Ruiz;Philips,2oe5,RNA,,rep1,rep1,40,5.98372343,5.98372343,5.98372343,3.48751514,2.32140734,False,False,False,False,False,False,0.925,37,False,surfna_v2_v3_ccdcomplete128_redocking_3rep_20260828
AutoDock Vina,vina,All128,Ruiz;Chen,2oe8,RNA,,rep1,rep1,40,9.76036975,9.52045301,6.31766984,2.95571075,2.49297496,False,False,False,False,False,False,0.95,38,False,surfna_v2_v3_ccdcomplete128_redocking_3rep_20260828
AutoDock Vina,vina,All128,Philips,2ogn,RNA,,rep1,rep1,40,2.21502668,2.21502668,2.10220602,2.10220602,2.10220602,False,False,False,False,False,True,1,40,False,surfna_v2_v3_ccdcomplete128_redocking_3rep_20260828
AutoDock Vina,vina,All128,Chen;Philips,2pwt,RNA,,rep1,rep1,40,inf,inf,inf,inf,inf,False,False,False,False,False,False,0,0,True,surfna_v2_v3_ccdcomplete128_redocking_3rep_20260828
AutoDock Vina,vina,All128,Ruiz;Chen;Philips,2tob,RNA,,rep1,rep1,40,7.69972437,3.74501203,3.44524839,3.44524839,2.85451269,False,False,False,False,False,False,0.925,37,False,surfna_v2_v3_ccdcomplete128_redocking_3rep_20260828
AutoDock Vina,vina,All128,Yan,2xnw,RNA,,rep1,rep1,40,3.01751825,3.01751825,2.91209955,0.36363663,0.36363663,False,False,False,True,True,True,0.975,39,False,surfna_v2_v3_ccdcomplete128_redocking_3rep_20260828
AutoDock Vina,vina,All128,Yan,2xnz,RNA,,rep1,rep1,40,0.32507127,0.31634668,0.31634668,0.31634668,0.31634668,True,True,True,True,True,True,0.925,37,False,surfna_v2_v3_ccdcomplete128_redocking_3rep_20260828
AutoDock Vina,vina,All128,Yan,2xo0,RNA,,rep1,rep1,40,2.2517652,2.2517652,2.24887689,0.56241177,0.56241177,False,False,False,True,True,True,0.9,36,False,surfna_v2_v3_ccdcomplete128_redocking_3rep_20260828
AutoDock Vina,vina,All128,Yan,2xo1,RNA,,rep1,rep1,40,0.79228714,0.79228714,0.79228714,0.79228714,0.79228714,True,True,True,True,True,True,0.8,32,False,surfna_v2_v3_ccdcomplete128_redocking_3rep_20260828
AutoDock Vina,vina,All128,Yan,2ydh,RNA,,rep1,rep1,40,4.25141153,3.90484624,3.90484624,1.48915242,1.48915242,False,False,False,True,True,True,0.95,38,False,surfna_v2_v3_ccdcomplete128_redocking_3rep_20260828
AutoDock Vina,vina,All128,Yan,2ygh,RNA,,rep1,rep1,40,0.99957641,0.99957641,0.99957641,0.99957641,0.99957641,True,True,True,True,True,True,1,40,False,surfna_v2_v3_ccdcomplete128_redocking_3rep_20260828
AutoDock Vina,vina,All128,Yan,316d,DNA,,rep1,rep1,40,inf,inf,inf,inf,inf,False,False,False,False,False,False,0,0,True,surfna_v2_v3_ccdcomplete128_redocking_3rep_20260828
AutoDock Vina,vina,All128,Ruiz,3c44,RNA,,rep1,rep1,40,inf,inf,inf,inf,inf,False,False,False,False,False,False,0,0,True,surfna_v2_v3_ccdcomplete128_redocking_3rep_20260828
AutoDock Vina,vina,All128,Philips,3d2x,RNA,,rep1,rep1,40,2.33170569,2.22775395,2.22775395,2.22775395,1.76434944,False,False,False,False,True,True,1,40,False,surfna_v2_v3_ccdcomplete128_redocking_3rep_20260828
AutoDock Vina,vina,All128,Chen,3dil,RNA,,rep1,rep1,40,5.46120247,1.11681489,1.11681489,1.11681489,1.11681489,False,True,True,True,True,False,0.95,38,False,surfna_v2_v3_ccdcomplete128_redocking_3rep_20260828
AutoDock Vina,vina,All128,Yan,3ds7,RNA,,rep1,rep1,40,0.70848229,0.70848229,0.70848229,0.70848229,0.70848229,True,True,True,True,True,True,0.95,38,False,surfna_v2_v3_ccdcomplete128_redocking_3rep_20260828
AutoDock Vina,vina,All128,Chen,3dvv,RNA,,rep1,rep1,40,7.0495502,5.92452691,5.92452691,4.51929561,3.23568991,False,False,False,False,False,False,1,40,False,surfna_v2_v3_ccdcomplete128_redocking_3rep_20260828
AutoDock Vina,vina,All128,Yan,3e5c,RNA,,rep1,rep1,40,7.03677449,2.17995171,2.17995171,1.87115273,1.87115273,False,False,False,True,True,False,0.975,39,False,surfna_v2_v3_ccdcomplete128_redocking_3rep_20260828
AutoDock Vina,vina,All128,Chen,3f2q,RNA,,rep1,rep1,40,1.2822195,1.2822195,1.2822195,1.2822195,1.2822195,True,True,True,True,True,True,0.975,39,False,surfna_v2_v3_ccdcomplete128_redocking_3rep_20260828
AutoDock Vina,vina,All128,Yan,3fo4,RNA,,rep1,rep1,40,0.14734067,0.14734067,0.14734067,0.14734067,0.14734067,True,True,True,True,True,True,0.975,39,False,surfna_v2_v3_ccdcomplete128_redocking_3rep_20260828
AutoDock Vina,vina,All128,Yan,3fo6,RNA,,rep1,rep1,40,0.65942342,0.65942342,0.65942342,0.65942342,0.65942342,True,True,True,True,True,True,0.925,37,False,surfna_v2_v3_ccdcomplete128_redocking_3rep_20260828
AutoDock Vina,vina,All128,Yan,3gao,RNA,,rep1,rep1,40,0.48481646,0.48481646,0.48481646,0.48481646,0.48481646,True,True,True,True,True,True,0.95,38,False,surfna_v2_v3_ccdcomplete128_redocking_3rep_20260828
AutoDock Vina,vina,All128,Yan,3ger,RNA,,rep1,rep1,40,0.22900655,0.22900655,0.22900655,0.22900655,0.22900655,True,True,True,True,True,True,0.975,39,False,surfna_v2_v3_ccdcomplete128_redocking_3rep_20260828
AutoDock Vina,vina,All128,Yan,3ges,RNA,,rep1,rep1,40,0.55384407,0.55384407,0.55384407,0.55384407,0.55384407,True,True,True,True,True,True,0.95,38,False,surfna_v2_v3_ccdcomplete128_redocking_3rep_20260828
AutoDock Vina,vina,All128,Yan,3gog,RNA,,rep1,rep1,40,0.11278177,0.11278177,0.11278177,0.11278177,0.11278177,True,True,True,True,True,True,0.925,37,False,surfna_v2_v3_ccdcomplete128_redocking_3rep_20260828
AutoDock Vina,vina,All128,Yan,3got,RNA,,rep1,rep1,40,0.16357511,0.16357511,0.16357511,0.16357511,0.16357511,True,True,True,True,True,True,0.95,38,False,surfna_v2_v3_ccdcomplete128_redocking_3rep_20260828
AutoDock Vina,vina,All128,Chen;Philips,3gx2,RNA,,rep1,rep1,40,5.40978173,3.05778273,3.05778273,1.12991442,1.12991442,False,False,False,True,True,False,1,40,False,surfna_v2_v3_ccdcomplete128_redocking_3rep_20260828
AutoDock Vina,vina,All128,Chen,3gx3,RNA,,rep1,rep1,40,1.43920228,1.43920228,1.43920228,1.43920228,1.43920228,True,True,True,True,True,True,1,40,False,surfna_v2_v3_ccdcomplete128_redocking_3rep_20260828
AutoDock Vina,vina,All128,Chen,3gx5,RNA,,rep1,rep1,40,1.17430518,1.17430518,1.17430518,1.17430518,1.17430518,True,True,True,True,True,True,1,40,False,surfna_v2_v3_ccdcomplete128_redocking_3rep_20260828
AutoDock Vina,vina,All128,Chen,3gx7,RNA,,rep1,rep1,40,5.7273363,4.6256383,3.09894094,3.09894094,1.10694934,False,False,False,False,True,False,1,40,False,surfna_v2_v3_ccdcomplete128_redocking_3rep_20260828
AutoDock Vina,vina,All128,Yan;Chen,3la5,RNA,,rep1,rep1,40,3.25940796,2.29009593,0.36771932,0.36771932,0.36771932,False,False,True,True,True,True,0.85,34,False,surfna_v2_v3_ccdcomplete128_redocking_3rep_20260828
AutoDock Vina,vina,All128,Yan,3mum,RNA,,rep1,rep1,40,6.88023084,6.88023084,6.82386455,6.82386455,5.99595673,False,False,False,False,False,False,0.95,38,False,surfna_v2_v3_ccdcomplete128_redocking_3rep_20260828
AutoDock Vina,vina,All128,Yan,3mur,RNA,,rep1,rep1,40,7.56852672,7.31734741,7.31734741,7.31734741,7.21262893,False,False,False,False,False,False,0.975,39,False,surfna_v2_v3_ccdcomplete128_redocking_3rep_20260828
AutoDock Vina,vina,All128,Yan,3mxh,RNA,,rep1,rep1,40,6.2193403,5.16784247,5.16784247,5.06650571,5.06650571,False,False,False,False,False,False,0.975,39,False,surfna_v2_v3_ccdcomplete128_redocking_3rep_20260828
AutoDock Vina,vina,All128,Yan,3npn,RNA,,rep1,rep1,40,1.42279312,1.17640551,1.17640551,1.17640551,1.17640551,True,True,True,True,True,True,1,40,False,surfna_v2_v3_ccdcomplete128_redocking_3rep_20260828
AutoDock Vina,vina,All128,Chen,3npq,RNA,,rep1,rep1,40,7.14103674,7.14103674,2.16131344,1.60953425,1.60953425,False,False,False,True,True,False,1,40,False,surfna_v2_v3_ccdcomplete128_redocking_3rep_20260828
AutoDock Vina,vina,All128,Yan,3owz,RNA,,rep1,rep1,40,inf,inf,inf,inf,inf,False,False,False,False,False,False,0,0,True,surfna_v2_v3_ccdcomplete128_redocking_3rep_20260828
AutoDock Vina,vina,All128,Yan;Chen,3q3z,RNA,,rep1,rep1,40,4.31292636,3.33439633,3.33439633,3.33439633,3.33439633,False,False,False,False,False,True,1,40,False,surfna_v2_v3_ccdcomplete128_redocking_3rep_20260828
AutoDock Vina,vina,All128,Yan,3q50,RNA,,rep1,rep1,40,3.63061799,1.01903725,1.01903725,1.01903725,1.01903725,False,True,True,True,True,True,0.625,25,False,surfna_v2_v3_ccdcomplete128_redocking_3rep_20260828
AutoDock Vina,vina,All128,Yan,3s4p,RNA,,rep1,rep1,40,inf,inf,inf,inf,inf,False,False,False,False,False,False,0,0,True,surfna_v2_v3_ccdcomplete128_redocking_3rep_20260828
AutoDock Vina,vina,All128,Yan,3slm,RNA,,rep1,rep1,40,1.17739373,1.17739373,1.17739373,1.17739373,1.17739373,True,True,True,True,True,True,0.85,34,False,surfna_v2_v3_ccdcomplete128_redocking_3rep_20260828
AutoDock Vina,vina,All128,Yan,407d,DNA,,rep1,rep1,40,15.60488348,2.7390473,2.7390473,2.7390473,2.57967311,False,False,False,False,False,False,1,40,False,surfna_v2_v3_ccdcomplete128_redocking_3rep_20260828
AutoDock Vina,vina,All128,Yan,408d,DNA,,rep1,rep1,40,15.09831327,15.09831327,15.03069546,4.05458403,2.44398713,False,False,False,False,False,False,1,40,False,surfna_v2_v3_ccdcomplete128_redocking_3rep_20260828
AutoDock Vina,vina,All128,Yan,4aob,RNA,,rep1,rep1,40,1.81052576,1.81052576,1.81052576,1.81052576,1.81052576,True,True,True,True,True,True,0.975,39,False,surfna_v2_v3_ccdcomplete128_redocking_3rep_20260828
AutoDock Vina,vina,All128,Yan,4erj,RNA,,rep1,rep1,40,1.44075378,1.44075378,1.43978405,0.82335324,0.82335324,True,True,True,True,True,True,0.925,37,False,surfna_v2_v3_ccdcomplete128_redocking_3rep_20260828
AutoDock Vina,vina,All128,Yan,4fe5,RNA,,rep1,rep1,40,2.93816402,0.41047265,0.41047265,0.41047265,0.41047265,False,True,True,True,True,True,0.875,35,False,surfna_v2_v3_ccdcomplete128_redocking_3rep_20260828
AutoDock Vina,vina,All128,Yan,4jf2,RNA,,rep1,rep1,40,0.34578328,0.34578328,0.34578328,0.34578328,0.34578328,True,True,True,True,True,True,0.85,34,False,surfna_v2_v3_ccdcomplete128_redocking_3rep_20260828
AutoDock Vina,vina,All128,Yan,4kqy,RNA,,rep1,rep1,40,1.32228296,1.32228296,1.32228296,1.32228296,1.32228296,True,True,True,True,True,True,1,40,False,surfna_v2_v3_ccdcomplete128_redocking_3rep_20260828
AutoDock Vina,vina,All128,Yan,4lvv,RNA,,rep1,rep1,40,8.18839076,8.18839076,7.67484821,6.81936075,5.91674494,False,False,False,False,False,False,1,40,False,surfna_v2_v3_ccdcomplete128_redocking_3rep_20260828
AutoDock Vina,vina,All128,Ruiz;Chen;Philips,1am0,RNA,,rep2,rep2,40,2.24690461,2.24690461,2.24690461,2.24690461,1.91556791,False,False,False,False,True,True,1,40,False,surfna_v2_v3_ccdcomplete128_redocking_3rep_20260828
AutoDock Vina,vina,All128,Yan,1arj,RNA,,rep2,rep2,40,3.82030024,3.82030024,3.65392884,3.65392884,2.96832385,False,False,False,False,False,True,0.975,39,False,surfna_v2_v3_ccdcomplete128_redocking_3rep_20260828
AutoDock Vina,vina,All128,Yan;Ruiz;Chen;Philips,1byj,RNA,,rep2,rep2,40,2.0572439,2.0572439,2.0572439,2.0572439,2.0572439,False,False,False,False,False,True,0.975,39,False,surfna_v2_v3_ccdcomplete128_redocking_3rep_20260828
AutoDock Vina,vina,All128,Yan,1cvx,DNA,,rep2,rep2,40,15.52530231,5.73183122,5.36788272,4.53098183,2.24241042,False,False,False,False,False,False,1,40,False,surfna_v2_v3_ccdcomplete128_redocking_3rep_20260828
AutoDock Vina,vina,All128,Yan,1cvy,DNA,,rep2,rep2,40,15.64242088,15.64242088,15.6248429,3.33408863,1.860743,False,False,False,False,True,False,1,40,False,surfna_v2_v3_ccdcomplete128_redocking_3rep_20260828
AutoDock Vina,vina,All128,Yan,1db6,DNA,,rep2,rep2,40,3.00982095,3.00982095,3.00982095,3.00982095,1.42163067,False,False,False,False,True,True,0.975,39,False,surfna_v2_v3_ccdcomplete128_redocking_3rep_20260828
AutoDock Vina,vina,All128,Ruiz;Chen;Philips,1eht,RNA,,rep2,rep2,40,1.57866085,0.25063028,0.25063028,0.25063028,0.25063028,True,True,True,True,True,True,0.775,31,False,surfna_v2_v3_ccdcomplete128_redocking_3rep_20260828
AutoDock Vina,vina,All128,Ruiz;Chen;Philips,1ei2,RNA,,rep2,rep2,40,inf,inf,inf,inf,inf,False,False,False,False,False,False,0,0,True,surfna_v2_v3_ccdcomplete128_redocking_3rep_20260828
AutoDock Vina,vina,All128,Yan;Ruiz;Chen;Philips,1f1t,RNA,,rep2,rep2,40,0.28291906,0.26374004,0.26374004,0.26374004,0.26374004,True,True,True,True,True,True,0.825,33,False,surfna_v2_v3_ccdcomplete128_redocking_3rep_20260828
AutoDock Vina,vina,All128,Yan;Ruiz;Chen;Philips,1f27,RNA,,rep2,rep2,40,1.86689443,1.86689443,1.86689443,1.14469783,1.14469783,True,True,True,True,True,True,0.95,38,False,surfna_v2_v3_ccdcomplete128_redocking_3rep_20260828
AutoDock Vina,vina,All128,Philips,1fjg,RNA,,rep2,rep2,40,inf,inf,inf,inf,inf,False,False,False,False,False,False,0,0,True,surfna_v2_v3_ccdcomplete128_redocking_3rep_20260828
AutoDock Vina,vina,All128,Ruiz;Chen;Philips,1fmn,RNA,,rep2,rep2,40,7.59829104,2.8754572,1.47148594,1.37668564,1.37668564,False,False,True,True,True,False,1,40,False,surfna_v2_v3_ccdcomplete128_redocking_3rep_20260828
AutoDock Vina,vina,All128,Yan;Ruiz;Chen;Philips,1fyp,RNA,,rep2,rep2,40,inf,inf,inf,inf,inf,False,False,False,False,False,False,0,0,True,surfna_v2_v3_ccdcomplete128_redocking_3rep_20260828
AutoDock Vina,vina,All128,Philips,1hnw,RNA,,rep2,rep2,40,4.96807864,4.96807864,4.96807864,3.99770007,2.76755999,False,False,False,False,False,True,0.925,37,False,surfna_v2_v3_ccdcomplete128_redocking_3rep_20260828
AutoDock Vina,vina,All128,Yan,1i9v,RNA,,rep2,rep2,40,inf,inf,inf,inf,inf,False,False,False,False,False,False,0,0,True,surfna_v2_v3_ccdcomplete128_redocking_3rep_20260828
AutoDock Vina,vina,All128,Ruiz;Chen;Philips,1j7t,RNA,,rep2,rep2,40,inf,inf,inf,inf,inf,False,False,False,False,False,False,0,0,True,surfna_v2_v3_ccdcomplete128_redocking_3rep_20260828
AutoDock Vina,vina,All128,Ruiz;Chen;Philips,1koc,RNA,,rep2,rep2,40,2.63034399,2.63034399,2.26099685,2.26099685,2.26099685,False,False,False,False,False,True,1,40,False,surfna_v2_v3_ccdcomplete128_redocking_3rep_20260828
AutoDock Vina,vina,All128,Ruiz;Chen,1lc4,RNA,,rep2,rep2,40,5.08906645,4.91171626,4.91171626,4.57291511,3.14827235,False,False,False,False,False,False,1,40,False,surfna_v2_v3_ccdcomplete128_redocking_3rep_20260828
AutoDock Vina,vina,All128,Ruiz;Chen,1lvj,RNA,,rep2,rep2,40,7.06750305,7.04709974,6.71565646,6.71565646,6.71565646,False,False,False,False,False,False,1,40,False,surfna_v2_v3_ccdcomplete128_redocking_3rep_20260828
AutoDock Vina,vina,All128,Ruiz;Chen;Philips,1mwl,RNA,,rep2,rep2,40,inf,inf,inf,inf,inf,False,False,False,False,False,False,0,0,True,surfna_v2_v3_ccdcomplete128_redocking_3rep_20260828
AutoDock Vina,vina,All128,Philips,1nbk,RNA,,rep2,rep2,40,3.49339212,3.25917277,3.0109059,3.0109059,3.0109059,False,False,False,False,False,True,1,40,False,surfna_v2_v3_ccdcomplete128_redocking_3rep_20260828
AutoDock Vina,vina,All128,Ruiz;Chen;Philips,1nem,RNA,,rep2,rep2,40,inf,inf,inf,inf,inf,False,False,False,False,False,False,0,0,True,surfna_v2_v3_ccdcomplete128_redocking_3rep_20260828
AutoDock Vina,vina,All128,Ruiz,1nta,RNA,,rep2,rep2,40,4.08913922,3.09406043,2.84460558,1.8617432,1.8617432,False,False,False,True,True,True,1,40,False,surfna_v2_v3_ccdcomplete128_redocking_3rep_20260828
AutoDock Vina,vina,All128,Ruiz;Chen,1ntb,RNA,,rep2,rep2,40,7.40522203,6.28195379,6.28195379,3.14372982,3.14372982,False,False,False,False,False,False,0.975,39,False,surfna_v2_v3_ccdcomplete128_redocking_3rep_20260828
AutoDock Vina,vina,All128,Yan,1nzm,DNA,,rep2,rep2,40,5.02113091,4.69532923,4.69532923,0.61469849,0.61469849,False,False,False,True,True,False,0.8,32,False,surfna_v2_v3_ccdcomplete128_redocking_3rep_20260828
AutoDock Vina,vina,All128,Ruiz,1o15,RNA,,rep2,rep2,40,1.34315702,1.34315702,1.34315702,0.47998437,0.47998437,True,True,True,True,True,True,0.625,25,False,surfna_v2_v3_ccdcomplete128_redocking_3rep_20260828
AutoDock Vina,vina,All128,Ruiz,1o9m,RNA,,rep2,rep2,40,inf,inf,inf,inf,inf,False,False,False,False,False,False,0,0,True,surfna_v2_v3_ccdcomplete128_redocking_3rep_20260828
AutoDock Vina,vina,All128,Yan,1p96,DNA,,rep2,rep2,40,2.55793185,2.55793185,2.40393452,2.19986963,2.19986963,False,False,False,False,False,True,0.975,39,False,surfna_v2_v3_ccdcomplete128_redocking_3rep_20260828
AutoDock Vina,vina,All128,Ruiz;Chen;Philips,1pbr,RNA,,rep2,rep2,40,4.94130759,4.85642489,4.85642489,2.92042743,2.29215476,False,False,False,False,False,True,0.975,39,False,surfna_v2_v3_ccdcomplete128_redocking_3rep_20260828
AutoDock Vina,vina,All128,Yan;Ruiz;Chen;Philips,1q8n,RNA,,rep2,rep2,40,8.16349737,7.02149227,7.02149227,6.26406848,0.70534003,False,False,False,False,True,False,0.825,33,False,surfna_v2_v3_ccdcomplete128_redocking_3rep_20260828
AutoDock Vina,vina,All128,Yan;Ruiz;Chen,1qd3,RNA,,rep2,rep2,40,inf,inf,inf,inf,inf,False,False,False,False,False,False,0,0,True,surfna_v2_v3_ccdcomplete128_redocking_3rep_20260828
AutoDock Vina,vina,All128,Yan,1qv4,DNA,,rep2,rep2,40,5.69733082,3.36007684,1.14005521,1.14005521,1.08386147,False,False,True,True,True,False,0.975,39,False,surfna_v2_v3_ccdcomplete128_redocking_3rep_20260828
AutoDock Vina,vina,All128,Yan,1qv8,DNA,,rep2,rep2,40,5.8384378,2.18131327,2.18131327,2.18131327,1.08207926,False,False,False,False,True,False,0.95,38,False,surfna_v2_v3_ccdcomplete128_redocking_3rep_20260828
AutoDock Vina,vina,All128,Yan,1r4e,DNA,,rep2,rep2,40,8.13978968,7.17507016,7.17507016,4.32508623,1.94721219,False,False,False,False,True,False,1,40,False,surfna_v2_v3_ccdcomplete128_redocking_3rep_20260828
AutoDock Vina,vina,All128,Ruiz;Chen;Philips,1tob,RNA,,rep2,rep2,40,9.02617765,9.02617765,4.6169643,4.34417567,2.28021281,False,False,False,False,False,False,0.975,39,False,surfna_v2_v3_ccdcomplete128_redocking_3rep_20260828
AutoDock Vina,vina,All128,Ruiz;Chen,1u8d,RNA,,rep2,rep2,40,2.41460386,2.41460386,0.43780155,0.43780155,0.43780155,False,False,True,True,True,True,0.825,33,False,surfna_v2_v3_ccdcomplete128_redocking_3rep_20260828
AutoDock Vina,vina,All128,Yan;Ruiz;Philips,1uts,RNA,,rep2,rep2,40,8.42095236,8.37477066,7.72759617,3.82004587,3.42994382,False,False,False,False,False,False,1,40,False,surfna_v2_v3_ccdcomplete128_redocking_3rep_20260828
AutoDock Vina,vina,All128,Yan;Ruiz;Chen;Philips,1uud,RNA,,rep2,rep2,40,7.91712962,5.93049262,5.93049262,2.87562692,2.87562692,False,False,False,False,False,False,1,40,False,surfna_v2_v3_ccdcomplete128_redocking_3rep_20260828
AutoDock Vina,vina,All128,Ruiz;Philips,1uui,RNA,,rep2,rep2,40,7.67481858,7.236572,6.80098308,4.76270175,4.56067056,False,False,False,False,False,False,1,40,False,surfna_v2_v3_ccdcomplete128_redocking_3rep_20260828
AutoDock Vina,vina,All128,Philips,1xbp,RNA,,rep2,rep2,40,1.7379907,1.73122122,1.73122122,1.73122122,0.88520322,True,True,True,True,True,True,1,40,False,surfna_v2_v3_ccdcomplete128_redocking_3rep_20260828
AutoDock Vina,vina,All128,Ruiz;Philips,1xpf,RNA,,rep2,rep2,40,4.78964979,4.78964979,4.41132984,4.41132984,3.54406786,False,False,False,False,False,True,1,40,False,surfna_v2_v3_ccdcomplete128_redocking_3rep_20260828
AutoDock Vina,vina,All128,Ruiz;Chen;Philips,1y26,RNA,,rep2,rep2,40,0.53454121,0.53454121,0.53454121,0.53454121,0.53454121,True,True,True,True,True,True,0.9,36,False,surfna_v2_v3_ccdcomplete128_redocking_3rep_20260828
AutoDock Vina,vina,All128,Chen,1y27,RNA,,rep2,rep2,40,0.37749991,0.37749991,0.37749991,0.37749991,0.37749991,True,True,True,True,True,True,0.975,39,False,surfna_v2_v3_ccdcomplete128_redocking_3rep_20260828
AutoDock Vina,vina,All128,Yan;Chen,1ykv,RNA,,rep2,rep2,40,1.26159109,1.26159109,1.26159109,1.26159109,1.26159109,True,True,True,True,True,True,0.925,37,False,surfna_v2_v3_ccdcomplete128_redocking_3rep_20260828
AutoDock Vina,vina,All128,Yan;Ruiz;Chen,1yrj,RNA,,rep2,rep2,40,10.25322358,5.31426403,5.31426403,3.61048008,3.48281121,False,False,False,False,False,False,1,40,False,surfna_v2_v3_ccdcomplete128_redocking_3rep_20260828
AutoDock Vina,vina,All128,Chen,1zz5,RNA,,rep2,rep2,40,7.17826424,7.17826424,7.10372249,6.77604719,6.14470456,False,False,False,False,False,False,0.95,38,False,surfna_v2_v3_ccdcomplete128_redocking_3rep_20260828
AutoDock Vina,vina,All128,Yan;Ruiz,2au4,RNA,,rep2,rep2,40,4.97117702,3.7811979,3.7811979,3.7811979,3.7811979,False,False,False,False,False,True,1,40,False,surfna_v2_v3_ccdcomplete128_redocking_3rep_20260828
AutoDock Vina,vina,All128,Yan,2b57,RNA,,rep2,rep2,40,0.15969004,0.15969004,0.15969004,0.15969004,0.15969004,True,True,True,True,True,True,0.975,39,False,surfna_v2_v3_ccdcomplete128_redocking_3rep_20260828
AutoDock Vina,vina,All128,Yan;Ruiz;Chen;Philips,2be0,RNA,,rep2,rep2,40,inf,inf,inf,inf,inf,False,False,False,False,False,False,0,0,True,surfna_v2_v3_ccdcomplete128_redocking_3rep_20260828
AutoDock Vina,vina,All128,Yan;Ruiz;Philips,2bee,RNA,,rep2,rep2,40,inf,inf,inf,inf,inf,False,False,False,False,False,False,0,0,True,surfna_v2_v3_ccdcomplete128_redocking_3rep_20260828
AutoDock Vina,vina,All128,Yan,2d55,DNA,,rep2,rep2,40,inf,inf,inf,inf,inf,False,False,False,False,False,False,0,0,True,surfna_v2_v3_ccdcomplete128_redocking_3rep_20260828
AutoDock Vina,vina,All128,Chen,2esi,RNA,,rep2,rep2,40,6.83468025,5.48025285,5.48025285,3.19632229,3.19632229,False,False,False,False,False,False,1,40,False,surfna_v2_v3_ccdcomplete128_redocking_3rep_20260828
AutoDock Vina,vina,All128,Ruiz,2esj,RNA,,rep2,rep2,40,inf,inf,inf,inf,inf,False,False,False,False,False,False,0,0,True,surfna_v2_v3_ccdcomplete128_redocking_3rep_20260828
AutoDock Vina,vina,All128,Ruiz,2et3,RNA,,rep2,rep2,40,4.95104031,4.95104031,4.95104031,4.95104031,3.471868,False,False,False,False,False,True,1,40,False,surfna_v2_v3_ccdcomplete128_redocking_3rep_20260828
AutoDock Vina,vina,All128,Ruiz,2et4,RNA,,rep2,rep2,40,7.00323182,6.4193887,6.4193887,6.30260779,4.77860215,False,False,False,False,False,False,1,40,False,surfna_v2_v3_ccdcomplete128_redocking_3rep_20260828
AutoDock Vina,vina,All128,Ruiz;Chen;Philips,2et8,RNA,,rep2,rep2,40,1.81109824,1.75063875,1.75063875,1.75063875,1.75063875,True,True,True,True,True,True,1,40,False,surfna_v2_v3_ccdcomplete128_redocking_3rep_20260828
AutoDock Vina,vina,All128,Ruiz,2f4s,RNA,,rep2,rep2,40,5.94812158,5.09211347,5.09211347,5.09211347,3.68256013,False,False,False,False,False,False,0.975,39,False,surfna_v2_v3_ccdcomplete128_redocking_3rep_20260828
AutoDock Vina,vina,All128,Yan;Ruiz;Chen,2f4t,RNA,,rep2,rep2,40,11.15576157,9.33743455,8.57947039,7.29530593,3.27013298,False,False,False,False,False,False,1,40,False,surfna_v2_v3_ccdcomplete128_redocking_3rep_20260828
AutoDock Vina,vina,All128,Yan;Ruiz;Philips,2f4u,RNA,,rep2,rep2,40,8.96460336,8.27792974,7.28530406,2.20012837,2.20012837,False,False,False,False,False,False,1,40,False,surfna_v2_v3_ccdcomplete128_redocking_3rep_20260828
AutoDock Vina,vina,All128,Ruiz,2fcx,RNA,,rep2,rep2,40,7.235046,6.00517523,5.80131773,5.80131773,1.96732783,False,False,False,False,True,False,1,40,False,surfna_v2_v3_ccdcomplete128_redocking_3rep_20260828
AutoDock Vina,vina,All128,Ruiz,2fcy,RNA,,rep2,rep2,40,inf,inf,inf,inf,inf,False,False,False,False,False,False,0,0,True,surfna_v2_v3_ccdcomplete128_redocking_3rep_20260828
AutoDock Vina,vina,All128,Ruiz;Chen;Philips,2fcz,RNA,,rep2,rep2,40,6.66329558,6.35987693,6.35987693,4.87129717,4.87129717,False,False,False,False,False,False,1,40,False,surfna_v2_v3_ccdcomplete128_redocking_3rep_20260828
AutoDock Vina,vina,All128,Ruiz;Chen;Philips,2fd0,RNA,,rep2,rep2,40,inf,inf,inf,inf,inf,False,False,False,False,False,False,0,0,True,surfna_v2_v3_ccdcomplete128_redocking_3rep_20260828
AutoDock Vina,vina,All128,Yan,2g5k,RNA,,rep2,rep2,40,5.75673021,5.75673021,4.87944729,4.81953416,2.85502848,False,False,False,False,False,False,1,40,False,surfna_v2_v3_ccdcomplete128_redocking_3rep_20260828
AutoDock Vina,vina,All128,Ruiz;Chen;Philips,2g5q,RNA,,rep2,rep2,40,8.10773416,8.10773416,8.10773416,6.93044356,3.18011854,False,False,False,False,False,False,1,40,False,surfna_v2_v3_ccdcomplete128_redocking_3rep_20260828
AutoDock Vina,vina,All128,Yan,2g9c,RNA,,rep2,rep2,40,0.31464795,0.31464795,0.31464795,0.31464795,0.31464795,True,True,True,True,True,True,1,40,False,surfna_v2_v3_ccdcomplete128_redocking_3rep_20260828
AutoDock Vina,vina,All128,Chen;Philips,2gdi,RNA,,rep2,rep2,40,3.49432319,3.49432319,3.41526317,3.41526317,1.70778068,False,False,False,False,True,True,1,40,False,surfna_v2_v3_ccdcomplete128_redocking_3rep_20260828
AutoDock Vina,vina,All128,Chen,2gis,RNA,,rep2,rep2,40,5.46107794,4.8101268,1.22483382,1.22483382,1.22483382,False,False,True,True,True,False,1,40,False,surfna_v2_v3_ccdcomplete128_redocking_3rep_20260828
AutoDock Vina,vina,All128,Ruiz,2juk,RNA,,rep2,rep2,40,inf,inf,inf,inf,inf,False,False,False,False,False,False,0,0,True,surfna_v2_v3_ccdcomplete128_redocking_3rep_20260828
AutoDock Vina,vina,All128,Yan,2jwq,DNA,,rep2,rep2,40,9.99819132,9.54468358,5.28066047,5.28066047,1.32677037,False,False,False,False,True,False,1,40,False,surfna_v2_v3_ccdcomplete128_redocking_3rep_20260828
AutoDock Vina,vina,All128,Yan;Chen,2kgp,RNA,,rep2,rep2,40,5.35149913,4.90274453,4.90274453,4.90274453,4.58405612,False,False,False,False,False,False,0.975,39,False,surfna_v2_v3_ccdcomplete128_redocking_3rep_20260828
AutoDock Vina,vina,All128,Yan;Chen,2ktz,RNA,,rep2,rep2,40,6.44513324,5.11936261,5.11936261,3.75580278,1.92341339,False,False,False,False,True,False,0.95,38,False,surfna_v2_v3_ccdcomplete128_redocking_3rep_20260828
AutoDock Vina,vina,All128,Yan;Chen,2ku0,RNA,,rep2,rep2,40,6.3038314,4.78919824,4.78919824,4.57487186,2.14075222,False,False,False,False,False,False,0.975,39,False,surfna_v2_v3_ccdcomplete128_redocking_3rep_20260828
AutoDock Vina,vina,All128,Yan,2l94,RNA,,rep2,rep2,40,2.9133751,2.9133751,2.9133751,2.9133751,2.3762466,False,False,False,False,False,True,1,40,False,surfna_v2_v3_ccdcomplete128_redocking_3rep_20260828
AutoDock Vina,vina,All128,Yan,2loa,DNA,,rep2,rep2,40,7.55678544,7.55678544,7.45143541,6.71419628,4.87734525,False,False,False,False,False,False,0.975,39,False,surfna_v2_v3_ccdcomplete128_redocking_3rep_20260828
AutoDock Vina,vina,All128,Yan,2mb3,DNA,,rep2,rep2,40,6.74221512,6.29523352,6.29523352,6.29523352,2.75759912,False,False,False,False,False,False,0.95,38,False,surfna_v2_v3_ccdcomplete128_redocking_3rep_20260828
AutoDock Vina,vina,All128,Ruiz;Chen,2o3v,RNA,,rep2,rep2,40,10.05599099,7.94167193,7.94167193,7.94167193,5.41738591,False,False,False,False,False,False,1,40,False,surfna_v2_v3_ccdcomplete128_redocking_3rep_20260828
AutoDock Vina,vina,All128,Yan;Ruiz,2o3w,RNA,,rep2,rep2,40,inf,inf,inf,inf,inf,False,False,False,False,False,False,0,0,True,surfna_v2_v3_ccdcomplete128_redocking_3rep_20260828
AutoDock Vina,vina,All128,Yan;Ruiz;Philips,2o3x,RNA,,rep2,rep2,40,6.29441299,6.29441299,6.29441299,2.40966895,2.40966895,False,False,False,False,False,False,1,40,False,surfna_v2_v3_ccdcomplete128_redocking_3rep_20260828
AutoDock Vina,vina,All128,Ruiz;Philips,2oe5,RNA,,rep2,rep2,40,10.73887405,7.25367968,4.0914395,4.0914395,2.47504225,False,False,False,False,False,False,1,40,False,surfna_v2_v3_ccdcomplete128_redocking_3rep_20260828
AutoDock Vina,vina,All128,Ruiz;Chen,2oe8,RNA,,rep2,rep2,40,5.13086958,5.13086958,2.05854071,2.05854071,2.05854071,False,False,False,False,False,False,0.975,39,False,surfna_v2_v3_ccdcomplete128_redocking_3rep_20260828
AutoDock Vina,vina,All128,Philips,2ogn,RNA,,rep2,rep2,40,7.11042112,5.07741615,5.07741615,4.57252707,4.00367233,False,False,False,False,False,False,0.975,39,False,surfna_v2_v3_ccdcomplete128_redocking_3rep_20260828
AutoDock Vina,vina,All128,Chen;Philips,2pwt,RNA,,rep2,rep2,40,inf,inf,inf,inf,inf,False,False,False,False,False,False,0,0,True,surfna_v2_v3_ccdcomplete128_redocking_3rep_20260828
AutoDock Vina,vina,All128,Ruiz;Chen;Philips,2tob,RNA,,rep2,rep2,40,3.87490288,3.87490288,3.87490288,3.54368407,2.94940699,False,False,False,False,False,True,1,40,False,surfna_v2_v3_ccdcomplete128_redocking_3rep_20260828
AutoDock Vina,vina,All128,Yan,2xnw,RNA,,rep2,rep2,40,3.0208895,2.99609691,2.99609691,0.38669846,0.38669846,False,False,False,True,True,True,0.975,39,False,surfna_v2_v3_ccdcomplete128_redocking_3rep_20260828
AutoDock Vina,vina,All128,Yan,2xnz,RNA,,rep2,rep2,40,0.36945891,0.35217388,0.35217388,0.35217388,0.35217388,True,True,True,True,True,True,0.925,37,False,surfna_v2_v3_ccdcomplete128_redocking_3rep_20260828
AutoDock Vina,vina,All128,Yan,2xo0,RNA,,rep2,rep2,40,2.25593332,2.25032384,0.61595454,0.60325109,0.60325109,False,False,True,True,True,True,0.925,37,False,surfna_v2_v3_ccdcomplete128_redocking_3rep_20260828
AutoDock Vina,vina,All128,Yan,2xo1,RNA,,rep2,rep2,40,0.76626716,0.76626716,0.76626716,0.76626716,0.76626716,True,True,True,True,True,True,0.8,32,False,surfna_v2_v3_ccdcomplete128_redocking_3rep_20260828
AutoDock Vina,vina,All128,Yan,2ydh,RNA,,rep2,rep2,40,4.14990525,4.14990525,3.54907963,1.39543401,1.39543401,False,False,False,True,True,True,1,40,False,surfna_v2_v3_ccdcomplete128_redocking_3rep_20260828
AutoDock Vina,vina,All128,Yan,2ygh,RNA,,rep2,rep2,40,1.11532002,1.11532002,1.11532002,1.11532002,1.11532002,True,True,True,True,True,True,1,40,False,surfna_v2_v3_ccdcomplete128_redocking_3rep_20260828
AutoDock Vina,vina,All128,Yan,316d,DNA,,rep2,rep2,40,inf,inf,inf,inf,inf,False,False,False,False,False,False,0,0,True,surfna_v2_v3_ccdcomplete128_redocking_3rep_20260828
AutoDock Vina,vina,All128,Ruiz,3c44,RNA,,rep2,rep2,40,inf,inf,inf,inf,inf,False,False,False,False,False,False,0,0,True,surfna_v2_v3_ccdcomplete128_redocking_3rep_20260828
AutoDock Vina,vina,All128,Philips,3d2x,RNA,,rep2,rep2,40,2.02300675,2.02300675,1.83461822,1.83461822,1.83461822,False,False,True,True,True,True,1,40,False,surfna_v2_v3_ccdcomplete128_redocking_3rep_20260828
AutoDock Vina,vina,All128,Chen,3dil,RNA,,rep2,rep2,40,1.12011383,1.12011383,1.12011383,1.12011383,1.12011383,True,True,True,True,True,True,0.9,36,False,surfna_v2_v3_ccdcomplete128_redocking_3rep_20260828
AutoDock Vina,vina,All128,Yan,3ds7,RNA,,rep2,rep2,40,0.88248256,0.88248256,0.88248256,0.88248256,0.88248256,True,True,True,True,True,True,0.95,38,False,surfna_v2_v3_ccdcomplete128_redocking_3rep_20260828
AutoDock Vina,vina,All128,Chen,3dvv,RNA,,rep2,rep2,40,6.6544603,4.09357185,4.09357185,4.09357185,3.69715403,False,False,False,False,False,False,1,40,False,surfna_v2_v3_ccdcomplete128_redocking_3rep_20260828
AutoDock Vina,vina,All128,Yan,3e5c,RNA,,rep2,rep2,40,5.30740342,5.2742989,5.2742989,4.390396,4.17680166,False,False,False,False,False,False,1,40,False,surfna_v2_v3_ccdcomplete128_redocking_3rep_20260828
AutoDock Vina,vina,All128,Chen,3f2q,RNA,,rep2,rep2,40,4.98183299,1.37881718,1.37881718,1.37881718,1.37881718,False,True,True,True,True,True,0.975,39,False,surfna_v2_v3_ccdcomplete128_redocking_3rep_20260828
AutoDock Vina,vina,All128,Yan,3fo4,RNA,,rep2,rep2,40,0.13550646,0.13550646,0.13550646,0.13550646,0.13550646,True,True,True,True,True,True,1,40,False,surfna_v2_v3_ccdcomplete128_redocking_3rep_20260828
AutoDock Vina,vina,All128,Yan,3fo6,RNA,,rep2,rep2,40,0.65304198,0.65304198,0.65304198,0.65304198,0.65304198,True,True,True,True,True,True,0.95,38,False,surfna_v2_v3_ccdcomplete128_redocking_3rep_20260828
AutoDock Vina,vina,All128,Yan,3gao,RNA,,rep2,rep2,40,0.49978959,0.49978959,0.49978959,0.49978959,0.49978959,True,True,True,True,True,True,0.975,39,False,surfna_v2_v3_ccdcomplete128_redocking_3rep_20260828
AutoDock Vina,vina,All128,Yan,3ger,RNA,,rep2,rep2,40,0.22696475,0.22696475,0.22696475,0.22696475,0.22696475,True,True,True,True,True,True,0.95,38,False,surfna_v2_v3_ccdcomplete128_redocking_3rep_20260828
AutoDock Vina,vina,All128,Yan,3ges,RNA,,rep2,rep2,40,0.56917762,0.56917762,0.56917762,0.56917762,0.56917762,True,True,True,True,True,True,0.95,38,False,surfna_v2_v3_ccdcomplete128_redocking_3rep_20260828
AutoDock Vina,vina,All128,Yan,3gog,RNA,,rep2,rep2,40,0.11204991,0.11204991,0.11204991,0.11204991,0.11204991,True,True,True,True,True,True,0.95,38,False,surfna_v2_v3_ccdcomplete128_redocking_3rep_20260828
AutoDock Vina,vina,All128,Yan,3got,RNA,,rep2,rep2,40,0.16583946,0.16583946,0.16583946,0.16583946,0.16583946,True,True,True,True,True,True,0.975,39,False,surfna_v2_v3_ccdcomplete128_redocking_3rep_20260828
AutoDock Vina,vina,All128,Chen;Philips,3gx2,RNA,,rep2,rep2,40,1.22505424,1.22505424,1.22505424,1.22505424,1.22505424,True,True,True,True,True,True,1,40,False,surfna_v2_v3_ccdcomplete128_redocking_3rep_20260828
AutoDock Vina,vina,All128,Chen,3gx3,RNA,,rep2,rep2,40,1.32818964,1.32818964,1.32818964,1.32818964,1.32818964,True,True,True,True,True,True,1,40,False,surfna_v2_v3_ccdcomplete128_redocking_3rep_20260828
AutoDock Vina,vina,All128,Chen,3gx5,RNA,,rep2,rep2,40,4.70087129,1.27014336,1.27014336,1.27014336,1.27014336,False,True,True,True,True,True,1,40,False,surfna_v2_v3_ccdcomplete128_redocking_3rep_20260828
AutoDock Vina,vina,All128,Chen,3gx7,RNA,,rep2,rep2,40,5.79347406,4.24528033,0.88481693,0.88481693,0.88481693,False,False,True,True,True,False,1,40,False,surfna_v2_v3_ccdcomplete128_redocking_3rep_20260828
AutoDock Vina,vina,All128,Yan;Chen,3la5,RNA,,rep2,rep2,40,3.25173636,2.31814861,0.37791715,0.37791715,0.37791715,False,False,True,True,True,True,0.775,31,False,surfna_v2_v3_ccdcomplete128_redocking_3rep_20260828
AutoDock Vina,vina,All128,Yan,3mum,RNA,,rep2,rep2,40,8.13210398,7.78929783,7.44011791,7.44011791,7.44011791,False,False,False,False,False,False,0.925,37,False,surfna_v2_v3_ccdcomplete128_redocking_3rep_20260828
AutoDock Vina,vina,All128,Yan,3mur,RNA,,rep2,rep2,40,7.39813669,7.39813669,7.39813669,7.39813669,7.37139841,False,False,False,False,False,False,0.925,37,False,surfna_v2_v3_ccdcomplete128_redocking_3rep_20260828
AutoDock Vina,vina,All128,Yan,3mxh,RNA,,rep2,rep2,40,7.78492199,7.70871865,7.70871865,7.64417972,7.53407026,False,False,False,False,False,False,0.95,38,False,surfna_v2_v3_ccdcomplete128_redocking_3rep_20260828
AutoDock Vina,vina,All128,Yan,3npn,RNA,,rep2,rep2,40,1.34454319,1.34454319,1.34454319,1.34454319,1.34454319,True,True,True,True,True,True,1,40,False,surfna_v2_v3_ccdcomplete128_redocking_3rep_20260828
AutoDock Vina,vina,All128,Chen,3npq,RNA,,rep2,rep2,40,8.5843267,1.34532092,1.34532092,1.34532092,1.34532092,False,True,True,True,True,False,1,40,False,surfna_v2_v3_ccdcomplete128_redocking_3rep_20260828
AutoDock Vina,vina,All128,Yan,3owz,RNA,,rep2,rep2,40,inf,inf,inf,inf,inf,False,False,False,False,False,False,0,0,True,surfna_v2_v3_ccdcomplete128_redocking_3rep_20260828
AutoDock Vina,vina,All128,Yan;Chen,3q3z,RNA,,rep2,rep2,40,4.40591179,4.40591179,4.40591179,4.40591179,4.40591179,False,False,False,False,False,True,0.95,38,False,surfna_v2_v3_ccdcomplete128_redocking_3rep_20260828
AutoDock Vina,vina,All128,Yan,3q50,RNA,,rep2,rep2,40,3.6237725,0.99276979,0.99276979,0.99276979,0.99276979,False,True,True,True,True,True,0.6,24,False,surfna_v2_v3_ccdcomplete128_redocking_3rep_20260828
AutoDock Vina,vina,All128,Yan,3s4p,RNA,,rep2,rep2,40,inf,inf,inf,inf,inf,False,False,False,False,False,False,0,0,True,surfna_v2_v3_ccdcomplete128_redocking_3rep_20260828
AutoDock Vina,vina,All128,Yan,3slm,RNA,,rep2,rep2,40,1.27588007,1.0792183,1.0792183,1.0792183,1.0792183,True,True,True,True,True,True,0.925,37,False,surfna_v2_v3_ccdcomplete128_redocking_3rep_20260828
AutoDock Vina,vina,All128,Yan,407d,DNA,,rep2,rep2,40,14.91135597,14.91135597,14.91135597,14.49657529,3.803566,False,False,False,False,False,False,1,40,False,surfna_v2_v3_ccdcomplete128_redocking_3rep_20260828
AutoDock Vina,vina,All128,Yan,408d,DNA,,rep2,rep2,40,14.99067482,14.99067482,14.99067482,4.48320831,1.67227203,False,False,False,False,True,False,1,40,False,surfna_v2_v3_ccdcomplete128_redocking_3rep_20260828
AutoDock Vina,vina,All128,Yan,4aob,RNA,,rep2,rep2,40,1.78903089,1.78903089,1.78903089,1.78903089,1.78903089,True,True,True,True,True,True,1,40,False,surfna_v2_v3_ccdcomplete128_redocking_3rep_20260828
AutoDock Vina,vina,All128,Yan,4erj,RNA,,rep2,rep2,40,5.47536983,1.46747675,1.2968131,1.2968131,1.2968131,False,True,True,True,True,False,0.925,37,False,surfna_v2_v3_ccdcomplete128_redocking_3rep_20260828
AutoDock Vina,vina,All128,Yan,4fe5,RNA,,rep2,rep2,40,2.93814504,0.39831696,0.39831696,0.39831696,0.39831696,False,True,True,True,True,True,0.825,33,False,surfna_v2_v3_ccdcomplete128_redocking_3rep_20260828
AutoDock Vina,vina,All128,Yan,4jf2,RNA,,rep2,rep2,40,0.35028779,0.35028779,0.35028779,0.35028779,0.35028779,True,True,True,True,True,True,0.825,33,False,surfna_v2_v3_ccdcomplete128_redocking_3rep_20260828
AutoDock Vina,vina,All128,Yan,4kqy,RNA,,rep2,rep2,40,5.49144794,5.37747163,1.20855419,1.20855419,1.20855419,False,False,True,True,True,False,0.975,39,False,surfna_v2_v3_ccdcomplete128_redocking_3rep_20260828
AutoDock Vina,vina,All128,Yan,4lvv,RNA,,rep2,rep2,40,9.16758508,8.12564264,7.69433071,7.69433071,6.11191414,False,False,False,False,False,False,1,40,False,surfna_v2_v3_ccdcomplete128_redocking_3rep_20260828
AutoDock Vina,vina,All128,Ruiz;Chen;Philips,1am0,RNA,,rep3,rep3,40,2.12072057,2.12072057,2.12072057,2.12072057,2.12072057,False,False,False,False,False,True,0.925,37,False,surfna_v2_v3_ccdcomplete128_redocking_3rep_20260828
AutoDock Vina,vina,All128,Yan,1arj,RNA,,rep3,rep3,40,3.55214116,3.55214116,3.55214116,3.55214116,2.83845764,False,False,False,False,False,True,0.975,39,False,surfna_v2_v3_ccdcomplete128_redocking_3rep_20260828
AutoDock Vina,vina,All128,Yan;Ruiz;Chen;Philips,1byj,RNA,,rep3,rep3,40,6.11923951,2.48328183,2.48328183,1.91304232,1.91304232,False,False,False,True,True,False,1,40,False,surfna_v2_v3_ccdcomplete128_redocking_3rep_20260828
AutoDock Vina,vina,All128,Yan,1cvx,DNA,,rep3,rep3,40,15.39875898,5.31480072,5.31480072,2.40328221,2.40328221,False,False,False,False,False,False,1,40,False,surfna_v2_v3_ccdcomplete128_redocking_3rep_20260828
AutoDock Vina,vina,All128,Yan,1cvy,DNA,,rep3,rep3,40,16.0093904,15.76317624,15.65525978,3.0883763,2.36054639,False,False,False,False,False,False,1,40,False,surfna_v2_v3_ccdcomplete128_redocking_3rep_20260828
AutoDock Vina,vina,All128,Yan,1db6,DNA,,rep3,rep3,40,3.32503847,3.32503847,3.32503847,3.32503847,1.48427589,False,False,False,False,True,True,1,40,False,surfna_v2_v3_ccdcomplete128_redocking_3rep_20260828
AutoDock Vina,vina,All128,Ruiz;Chen;Philips,1eht,RNA,,rep3,rep3,40,1.62899084,1.62899084,1.62899084,1.62899084,1.62899084,True,True,True,True,True,True,0.725,29,False,surfna_v2_v3_ccdcomplete128_redocking_3rep_20260828
AutoDock Vina,vina,All128,Ruiz;Chen;Philips,1ei2,RNA,,rep3,rep3,40,inf,inf,inf,inf,inf,False,False,False,False,False,False,0,0,True,surfna_v2_v3_ccdcomplete128_redocking_3rep_20260828
AutoDock Vina,vina,All128,Yan;Ruiz;Chen;Philips,1f1t,RNA,,rep3,rep3,40,0.28809147,0.27012091,0.27012091,0.27012091,0.27012091,True,True,True,True,True,True,0.85,34,False,surfna_v2_v3_ccdcomplete128_redocking_3rep_20260828
AutoDock Vina,vina,All128,Yan;Ruiz;Chen;Philips,1f27,RNA,,rep3,rep3,40,1.84059639,1.84059639,1.20655115,1.04009789,1.04009789,True,True,True,True,True,True,0.925,37,False,surfna_v2_v3_ccdcomplete128_redocking_3rep_20260828
AutoDock Vina,vina,All128,Philips,1fjg,RNA,,rep3,rep3,40,inf,inf,inf,inf,inf,False,False,False,False,False,False,0,0,True,surfna_v2_v3_ccdcomplete128_redocking_3rep_20260828
AutoDock Vina,vina,All128,Ruiz;Chen;Philips,1fmn,RNA,,rep3,rep3,40,7.58118595,2.01558134,1.4530563,1.4530563,1.4530563,False,False,True,True,True,False,1,40,False,surfna_v2_v3_ccdcomplete128_redocking_3rep_20260828
AutoDock Vina,vina,All128,Yan;Ruiz;Chen;Philips,1fyp,RNA,,rep3,rep3,40,10.47975209,5.09006266,5.09006266,5.09006266,3.63452327,False,False,False,False,False,False,0.975,39,False,surfna_v2_v3_ccdcomplete128_redocking_3rep_20260828
AutoDock Vina,vina,All128,Philips,1hnw,RNA,,rep3,rep3,40,6.69609265,6.69609265,6.69609265,6.6053363,2.69525594,False,False,False,False,False,False,0.975,39,False,surfna_v2_v3_ccdcomplete128_redocking_3rep_20260828
AutoDock Vina,vina,All128,Yan,1i9v,RNA,,rep3,rep3,40,inf,inf,inf,inf,inf,False,False,False,False,False,False,0,0,True,surfna_v2_v3_ccdcomplete128_redocking_3rep_20260828
AutoDock Vina,vina,All128,Ruiz;Chen;Philips,1j7t,RNA,,rep3,rep3,40,inf,inf,inf,inf,inf,False,False,False,False,False,False,0,0,True,surfna_v2_v3_ccdcomplete128_redocking_3rep_20260828
AutoDock Vina,vina,All128,Ruiz;Chen;Philips,1koc,RNA,,rep3,rep3,40,2.67393949,2.24672376,2.24672376,2.19016367,2.19016367,False,False,False,False,False,True,1,40,False,surfna_v2_v3_ccdcomplete128_redocking_3rep_20260828
AutoDock Vina,vina,All128,Ruiz;Chen,1lc4,RNA,,rep3,rep3,40,8.45998907,7.97980565,3.99930482,3.99930482,2.50706549,False,False,False,False,False,False,1,40,False,surfna_v2_v3_ccdcomplete128_redocking_3rep_20260828
AutoDock Vina,vina,All128,Ruiz;Chen,1lvj,RNA,,rep3,rep3,40,7.08069765,7.08069765,7.03259093,7.03259093,7.03259093,False,False,False,False,False,False,1,40,False,surfna_v2_v3_ccdcomplete128_redocking_3rep_20260828
AutoDock Vina,vina,All128,Ruiz;Chen;Philips,1mwl,RNA,,rep3,rep3,40,inf,inf,inf,inf,inf,False,False,False,False,False,False,0,0,True,surfna_v2_v3_ccdcomplete128_redocking_3rep_20260828
AutoDock Vina,vina,All128,Philips,1nbk,RNA,,rep3,rep3,40,3.27535618,2.99325785,2.88685639,2.88685639,2.88685639,False,False,False,False,False,True,0.975,39,False,surfna_v2_v3_ccdcomplete128_redocking_3rep_20260828
AutoDock Vina,vina,All128,Ruiz;Chen;Philips,1nem,RNA,,rep3,rep3,40,inf,inf,inf,inf,inf,False,False,False,False,False,False,0,0,True,surfna_v2_v3_ccdcomplete128_redocking_3rep_20260828
AutoDock Vina,vina,All128,Ruiz,1nta,RNA,,rep3,rep3,40,6.4601802,2.47760764,2.47760764,2.47760764,2.47760764,False,False,False,False,False,False,1,40,False,surfna_v2_v3_ccdcomplete128_redocking_3rep_20260828
AutoDock Vina,vina,All128,Ruiz;Chen,1ntb,RNA,,rep3,rep3,40,7.22840348,3.48247513,3.48247513,3.48247513,3.48247513,False,False,False,False,False,False,1,40,False,surfna_v2_v3_ccdcomplete128_redocking_3rep_20260828
AutoDock Vina,vina,All128,Yan,1nzm,DNA,,rep3,rep3,40,1.24137439,1.24137439,1.12539103,1.12539103,1.12539103,True,True,True,True,True,True,0.8,32,False,surfna_v2_v3_ccdcomplete128_redocking_3rep_20260828
AutoDock Vina,vina,All128,Ruiz,1o15,RNA,,rep3,rep3,40,1.31561372,1.31561372,1.31561372,0.43883429,0.43883429,True,True,True,True,True,True,0.55,22,False,surfna_v2_v3_ccdcomplete128_redocking_3rep_20260828
AutoDock Vina,vina,All128,Ruiz,1o9m,RNA,,rep3,rep3,40,12.13565789,8.42428298,8.42428298,7.2284142,4.49196341,False,False,False,False,False,False,1,40,False,surfna_v2_v3_ccdcomplete128_redocking_3rep_20260828
AutoDock Vina,vina,All128,Yan,1p96,DNA,,rep3,rep3,40,2.84731888,2.11008155,2.11008155,2.11008155,1.53666665,False,False,False,False,True,True,0.925,37,False,surfna_v2_v3_ccdcomplete128_redocking_3rep_20260828
AutoDock Vina,vina,All128,Ruiz;Chen;Philips,1pbr,RNA,,rep3,rep3,40,8.48161208,5.6797293,4.98507741,4.98507741,4.01204239,False,False,False,False,False,False,1,40,False,surfna_v2_v3_ccdcomplete128_redocking_3rep_20260828
AutoDock Vina,vina,All128,Yan;Ruiz;Chen;Philips,1q8n,RNA,,rep3,rep3,40,8.17899266,7.03670223,7.03670223,6.28895009,0.90825976,False,False,False,False,True,False,0.925,37,False,surfna_v2_v3_ccdcomplete128_redocking_3rep_20260828
AutoDock Vina,vina,All128,Yan;Ruiz;Chen,1qd3,RNA,,rep3,rep3,40,inf,inf,inf,inf,inf,False,False,False,False,False,False,0,0,True,surfna_v2_v3_ccdcomplete128_redocking_3rep_20260828
AutoDock Vina,vina,All128,Yan,1qv4,DNA,,rep3,rep3,40,2.37419561,1.15269658,0.99177103,0.99177103,0.99177103,False,True,True,True,True,True,0.925,37,False,surfna_v2_v3_ccdcomplete128_redocking_3rep_20260828
AutoDock Vina,vina,All128,Yan,1qv8,DNA,,rep3,rep3,40,6.09486272,6.09486272,6.09486272,2.12750846,1.30203518,False,False,False,False,True,False,0.9,36,False,surfna_v2_v3_ccdcomplete128_redocking_3rep_20260828
AutoDock Vina,vina,All128,Yan,1r4e,DNA,,rep3,rep3,40,8.1388451,7.06388721,4.30633941,2.03725106,2.03725106,False,False,False,False,False,False,0.95,38,False,surfna_v2_v3_ccdcomplete128_redocking_3rep_20260828
AutoDock Vina,vina,All128,Ruiz;Chen;Philips,1tob,RNA,,rep3,rep3,40,7.80237476,4.63175038,4.63175038,2.740883,2.740883,False,False,False,False,False,False,1,40,False,surfna_v2_v3_ccdcomplete128_redocking_3rep_20260828
AutoDock Vina,vina,All128,Ruiz;Chen,1u8d,RNA,,rep3,rep3,40,2.4151042,0.43838248,0.43838248,0.43838248,0.43838248,False,True,True,True,True,True,0.875,35,False,surfna_v2_v3_ccdcomplete128_redocking_3rep_20260828
AutoDock Vina,vina,All128,Yan;Ruiz;Philips,1uts,RNA,,rep3,rep3,40,8.65278956,8.51979156,8.51979156,4.073265,3.31195402,False,False,False,False,False,False,1,40,False,surfna_v2_v3_ccdcomplete128_redocking_3rep_20260828
AutoDock Vina,vina,All128,Yan;Ruiz;Chen;Philips,1uud,RNA,,rep3,rep3,40,8.24226582,5.59911608,5.59911608,5.59911608,2.47813707,False,False,False,False,False,False,1,40,False,surfna_v2_v3_ccdcomplete128_redocking_3rep_20260828
AutoDock Vina,vina,All128,Ruiz;Philips,1uui,RNA,,rep3,rep3,40,5.7459173,5.7459173,5.7459173,5.26645327,4.60164404,False,False,False,False,False,False,1,40,False,surfna_v2_v3_ccdcomplete128_redocking_3rep_20260828
AutoDock Vina,vina,All128,Philips,1xbp,RNA,,rep3,rep3,40,2.20204089,1.82366972,1.69807126,1.69807126,1.67524572,False,True,True,True,True,True,1,40,False,surfna_v2_v3_ccdcomplete128_redocking_3rep_20260828
AutoDock Vina,vina,All128,Ruiz;Philips,1xpf,RNA,,rep3,rep3,40,4.96735677,4.96735677,4.96735677,4.3407952,3.59115581,False,False,False,False,False,True,1,40,False,surfna_v2_v3_ccdcomplete128_redocking_3rep_20260828
AutoDock Vina,vina,All128,Ruiz;Chen;Philips,1y26,RNA,,rep3,rep3,40,0.53520202,0.53520202,0.53520202,0.53520202,0.53520202,True,True,True,True,True,True,0.825,33,False,surfna_v2_v3_ccdcomplete128_redocking_3rep_20260828
AutoDock Vina,vina,All128,Chen,1y27,RNA,,rep3,rep3,40,0.36227476,0.36227476,0.36227476,0.36227476,0.36227476,True,True,True,True,True,True,0.95,38,False,surfna_v2_v3_ccdcomplete128_redocking_3rep_20260828
AutoDock Vina,vina,All128,Yan;Chen,1ykv,RNA,,rep3,rep3,40,2.36582344,1.19464267,1.19464267,1.19464267,1.19464267,False,True,True,True,True,True,0.875,35,False,surfna_v2_v3_ccdcomplete128_redocking_3rep_20260828
AutoDock Vina,vina,All128,Yan;Ruiz;Chen,1yrj,RNA,,rep3,rep3,40,7.0272265,6.92809151,5.6389868,5.6389868,5.6389868,False,False,False,False,False,False,1,40,False,surfna_v2_v3_ccdcomplete128_redocking_3rep_20260828
AutoDock Vina,vina,All128,Chen,1zz5,RNA,,rep3,rep3,40,9.15035687,5.99956426,5.99956426,5.30166033,4.68607771,False,False,False,False,False,False,1,40,False,surfna_v2_v3_ccdcomplete128_redocking_3rep_20260828
AutoDock Vina,vina,All128,Yan;Ruiz,2au4,RNA,,rep3,rep3,40,3.65925409,3.65925409,3.65925409,3.65925409,3.65925409,False,False,False,False,False,True,1,40,False,surfna_v2_v3_ccdcomplete128_redocking_3rep_20260828
AutoDock Vina,vina,All128,Yan,2b57,RNA,,rep3,rep3,40,0.17523543,0.17523543,0.17523543,0.17523543,0.17523543,True,True,True,True,True,True,1,40,False,surfna_v2_v3_ccdcomplete128_redocking_3rep_20260828
AutoDock Vina,vina,All128,Yan;Ruiz;Chen;Philips,2be0,RNA,,rep3,rep3,40,inf,inf,inf,inf,inf,False,False,False,False,False,False,0,0,True,surfna_v2_v3_ccdcomplete128_redocking_3rep_20260828
AutoDock Vina,vina,All128,Yan;Ruiz;Philips,2bee,RNA,,rep3,rep3,40,inf,inf,inf,inf,inf,False,False,False,False,False,False,0,0,True,surfna_v2_v3_ccdcomplete128_redocking_3rep_20260828
AutoDock Vina,vina,All128,Yan,2d55,DNA,,rep3,rep3,40,inf,inf,inf,inf,inf,False,False,False,False,False,False,0,0,True,surfna_v2_v3_ccdcomplete128_redocking_3rep_20260828
AutoDock Vina,vina,All128,Chen,2esi,RNA,,rep3,rep3,40,5.38983747,5.38983747,5.38983747,3.28162584,3.03889727,False,False,False,False,False,False,1,40,False,surfna_v2_v3_ccdcomplete128_redocking_3rep_20260828
AutoDock Vina,vina,All128,Ruiz,2esj,RNA,,rep3,rep3,40,inf,inf,inf,inf,inf,False,False,False,False,False,False,0,0,True,surfna_v2_v3_ccdcomplete128_redocking_3rep_20260828
AutoDock Vina,vina,All128,Ruiz,2et3,RNA,,rep3,rep3,40,4.72290171,4.72290171,2.90339396,2.90339396,2.90339396,False,False,False,False,False,True,1,40,False,surfna_v2_v3_ccdcomplete128_redocking_3rep_20260828
AutoDock Vina,vina,All128,Ruiz,2et4,RNA,,rep3,rep3,40,inf,inf,inf,inf,inf,False,False,False,False,False,False,0,0,True,surfna_v2_v3_ccdcomplete128_redocking_3rep_20260828
AutoDock Vina,vina,All128,Ruiz;Chen;Philips,2et8,RNA,,rep3,rep3,40,4.50698146,4.50698146,4.50698146,1.62976568,1.62976568,False,False,False,True,True,True,1,40,False,surfna_v2_v3_ccdcomplete128_redocking_3rep_20260828
AutoDock Vina,vina,All128,Ruiz,2f4s,RNA,,rep3,rep3,40,4.4953423,1.95760618,1.95760618,1.95760618,1.95760618,False,True,True,True,True,True,1,40,False,surfna_v2_v3_ccdcomplete128_redocking_3rep_20260828
AutoDock Vina,vina,All128,Yan;Ruiz;Chen,2f4t,RNA,,rep3,rep3,40,7.32024743,3.41904015,3.41904015,3.41904015,3.34909413,False,False,False,False,False,False,1,40,False,surfna_v2_v3_ccdcomplete128_redocking_3rep_20260828
AutoDock Vina,vina,All128,Yan;Ruiz;Philips,2f4u,RNA,,rep3,rep3,40,9.01955369,8.05326332,8.05326332,8.05326332,6.83289153,False,False,False,False,False,False,1,40,False,surfna_v2_v3_ccdcomplete128_redocking_3rep_20260828
AutoDock Vina,vina,All128,Ruiz,2fcx,RNA,,rep3,rep3,40,7.5559183,6.69830556,6.2495364,4.82094991,3.02184643,False,False,False,False,False,False,1,40,False,surfna_v2_v3_ccdcomplete128_redocking_3rep_20260828
AutoDock Vina,vina,All128,Ruiz,2fcy,RNA,,rep3,rep3,40,inf,inf,inf,inf,inf,False,False,False,False,False,False,0,0,True,surfna_v2_v3_ccdcomplete128_redocking_3rep_20260828
AutoDock Vina,vina,All128,Ruiz;Chen;Philips,2fcz,RNA,,rep3,rep3,40,7.43676006,7.06704549,6.92846513,5.50103691,2.05624338,False,False,False,False,False,False,1,40,False,surfna_v2_v3_ccdcomplete128_redocking_3rep_20260828
AutoDock Vina,vina,All128,Ruiz;Chen;Philips,2fd0,RNA,,rep3,rep3,40,inf,inf,inf,inf,inf,False,False,False,False,False,False,0,0,True,surfna_v2_v3_ccdcomplete128_redocking_3rep_20260828
AutoDock Vina,vina,All128,Yan,2g5k,RNA,,rep3,rep3,40,3.76625097,3.52867112,3.52867112,3.52867112,3.52867112,False,False,False,False,False,True,0.975,39,False,surfna_v2_v3_ccdcomplete128_redocking_3rep_20260828
AutoDock Vina,vina,All128,Ruiz;Chen;Philips,2g5q,RNA,,rep3,rep3,40,8.10408082,4.07733038,4.07733038,4.07733038,3.89532164,False,False,False,False,False,False,1,40,False,surfna_v2_v3_ccdcomplete128_redocking_3rep_20260828
AutoDock Vina,vina,All128,Yan,2g9c,RNA,,rep3,rep3,40,0.29663539,0.29663539,0.29663539,0.29663539,0.29663539,True,True,True,True,True,True,0.925,37,False,surfna_v2_v3_ccdcomplete128_redocking_3rep_20260828
AutoDock Vina,vina,All128,Chen;Philips,2gdi,RNA,,rep3,rep3,40,3.73542471,3.50477587,3.50477587,1.99786712,1.99786712,False,False,False,True,True,True,1,40,False,surfna_v2_v3_ccdcomplete128_redocking_3rep_20260828
AutoDock Vina,vina,All128,Chen,2gis,RNA,,rep3,rep3,40,2.9421095,1.32104885,1.32104885,1.32104885,1.32104885,False,True,True,True,True,True,1,40,False,surfna_v2_v3_ccdcomplete128_redocking_3rep_20260828
AutoDock Vina,vina,All128,Ruiz,2juk,RNA,,rep3,rep3,40,inf,inf,inf,inf,inf,False,False,False,False,False,False,0,0,True,surfna_v2_v3_ccdcomplete128_redocking_3rep_20260828
AutoDock Vina,vina,All128,Yan,2jwq,DNA,,rep3,rep3,40,9.99517947,9.50949035,5.28690877,1.48128028,1.48128028,False,False,False,True,True,False,1,40,False,surfna_v2_v3_ccdcomplete128_redocking_3rep_20260828
AutoDock Vina,vina,All128,Yan;Chen,2kgp,RNA,,rep3,rep3,40,5.67312425,5.21524663,4.92687119,4.85479903,4.85479903,False,False,False,False,False,False,1,40,False,surfna_v2_v3_ccdcomplete128_redocking_3rep_20260828
AutoDock Vina,vina,All128,Yan;Chen,2ktz,RNA,,rep3,rep3,40,6.40962166,6.40962166,5.09360251,3.71782836,1.41830081,False,False,False,False,True,False,1,40,False,surfna_v2_v3_ccdcomplete128_redocking_3rep_20260828
AutoDock Vina,vina,All128,Yan;Chen,2ku0,RNA,,rep3,rep3,40,6.46947846,4.64257434,4.64257434,2.74317589,1.57128316,False,False,False,False,True,False,0.975,39,False,surfna_v2_v3_ccdcomplete128_redocking_3rep_20260828
AutoDock Vina,vina,All128,Yan,2l94,RNA,,rep3,rep3,40,3.06298414,2.87962388,2.87962388,2.87962388,2.66726305,False,False,False,False,False,True,1,40,False,surfna_v2_v3_ccdcomplete128_redocking_3rep_20260828
AutoDock Vina,vina,All128,Yan,2loa,DNA,,rep3,rep3,40,7.52430033,6.64365258,6.64365258,6.64365258,5.98679063,False,False,False,False,False,False,1,40,False,surfna_v2_v3_ccdcomplete128_redocking_3rep_20260828
AutoDock Vina,vina,All128,Yan,2mb3,DNA,,rep3,rep3,40,6.75968988,6.66465836,6.66465836,6.20352977,3.81619101,False,False,False,False,False,False,1,40,False,surfna_v2_v3_ccdcomplete128_redocking_3rep_20260828
AutoDock Vina,vina,All128,Ruiz;Chen,2o3v,RNA,,rep3,rep3,40,7.93052399,7.79302411,7.79302411,7.30777853,6.38042545,False,False,False,False,False,False,1,40,False,surfna_v2_v3_ccdcomplete128_redocking_3rep_20260828
AutoDock Vina,vina,All128,Yan;Ruiz,2o3w,RNA,,rep3,rep3,40,inf,inf,inf,inf,inf,False,False,False,False,False,False,0,0,True,surfna_v2_v3_ccdcomplete128_redocking_3rep_20260828
AutoDock Vina,vina,All128,Yan;Ruiz;Philips,2o3x,RNA,,rep3,rep3,40,6.71128132,6.12167378,6.12167378,4.99398595,3.63856938,False,False,False,False,False,False,1,40,False,surfna_v2_v3_ccdcomplete128_redocking_3rep_20260828
AutoDock Vina,vina,All128,Ruiz;Philips,2oe5,RNA,,rep3,rep3,40,10.43691543,9.05631476,7.10536317,3.35309873,2.78848989,False,False,False,False,False,False,1,40,False,surfna_v2_v3_ccdcomplete128_redocking_3rep_20260828
AutoDock Vina,vina,All128,Ruiz;Chen,2oe8,RNA,,rep3,rep3,40,11.03208142,3.38307826,3.38307826,3.19891505,2.53703981,False,False,False,False,False,False,1,40,False,surfna_v2_v3_ccdcomplete128_redocking_3rep_20260828
AutoDock Vina,vina,All128,Philips,2ogn,RNA,,rep3,rep3,40,1.25814641,0.98816595,0.98816595,0.98816595,0.98816595,True,True,True,True,True,True,1,40,False,surfna_v2_v3_ccdcomplete128_redocking_3rep_20260828
AutoDock Vina,vina,All128,Chen;Philips,2pwt,RNA,,rep3,rep3,40,inf,inf,inf,inf,inf,False,False,False,False,False,False,0,0,True,surfna_v2_v3_ccdcomplete128_redocking_3rep_20260828
AutoDock Vina,vina,All128,Ruiz;Chen;Philips,2tob,RNA,,rep3,rep3,40,3.84988402,3.52655585,3.31684553,3.24492894,2.71240764,False,False,False,False,False,True,1,40,False,surfna_v2_v3_ccdcomplete128_redocking_3rep_20260828
AutoDock Vina,vina,All128,Yan,2xnw,RNA,,rep3,rep3,40,3.0226689,2.92870915,2.92870915,0.38731279,0.38731279,False,False,False,True,True,True,0.925,37,False,surfna_v2_v3_ccdcomplete128_redocking_3rep_20260828
AutoDock Vina,vina,All128,Yan,2xnz,RNA,,rep3,rep3,40,0.32668214,0.32668214,0.32668214,0.32668214,0.32668214,True,True,True,True,True,True,0.875,35,False,surfna_v2_v3_ccdcomplete128_redocking_3rep_20260828
AutoDock Vina,vina,All128,Yan,2xo0,RNA,,rep3,rep3,40,2.25143746,2.25143746,0.57668276,0.57668276,0.57668276,False,False,True,True,True,True,0.925,37,False,surfna_v2_v3_ccdcomplete128_redocking_3rep_20260828
AutoDock Vina,vina,All128,Yan,2xo1,RNA,,rep3,rep3,40,0.75481894,0.75481894,0.75481894,0.75481894,0.75481894,True,True,True,True,True,True,0.875,35,False,surfna_v2_v3_ccdcomplete128_redocking_3rep_20260828
AutoDock Vina,vina,All128,Yan,2ydh,RNA,,rep3,rep3,40,6.93083591,3.51953259,3.51953259,3.51953259,1.39719412,False,False,False,False,True,False,1,40,False,surfna_v2_v3_ccdcomplete128_redocking_3rep_20260828
AutoDock Vina,vina,All128,Yan,2ygh,RNA,,rep3,rep3,40,1.2209113,1.2209113,1.2209113,1.2209113,1.2209113,True,True,True,True,True,True,1,40,False,surfna_v2_v3_ccdcomplete128_redocking_3rep_20260828
AutoDock Vina,vina,All128,Yan,316d,DNA,,rep3,rep3,40,inf,inf,inf,inf,inf,False,False,False,False,False,False,0,0,True,surfna_v2_v3_ccdcomplete128_redocking_3rep_20260828
AutoDock Vina,vina,All128,Ruiz,3c44,RNA,,rep3,rep3,40,inf,inf,inf,inf,inf,False,False,False,False,False,False,0,0,True,surfna_v2_v3_ccdcomplete128_redocking_3rep_20260828
AutoDock Vina,vina,All128,Philips,3d2x,RNA,,rep3,rep3,40,2.21453365,2.21453365,2.01795518,2.01795518,1.76710703,False,False,False,False,True,True,1,40,False,surfna_v2_v3_ccdcomplete128_redocking_3rep_20260828
AutoDock Vina,vina,All128,Chen,3dil,RNA,,rep3,rep3,40,1.12838571,1.12838571,1.12838571,1.12838571,1.12838571,True,True,True,True,True,True,0.925,37,False,surfna_v2_v3_ccdcomplete128_redocking_3rep_20260828
AutoDock Vina,vina,All128,Yan,3ds7,RNA,,rep3,rep3,40,0.80154138,0.80154138,0.80154138,0.80154138,0.80154138,True,True,True,True,True,True,0.9,36,False,surfna_v2_v3_ccdcomplete128_redocking_3rep_20260828
AutoDock Vina,vina,All128,Chen,3dvv,RNA,,rep3,rep3,40,7.73676559,4.25218771,4.25218771,4.25218771,4.25218771,False,False,False,False,False,False,1,40,False,surfna_v2_v3_ccdcomplete128_redocking_3rep_20260828
AutoDock Vina,vina,All128,Yan,3e5c,RNA,,rep3,rep3,40,8.03207783,5.64400713,2.11274657,2.11274657,2.11274657,False,False,False,False,False,False,0.975,39,False,surfna_v2_v3_ccdcomplete128_redocking_3rep_20260828
AutoDock Vina,vina,All128,Chen,3f2q,RNA,,rep3,rep3,40,4.97916988,1.44872328,1.12438601,1.12438601,1.12438601,False,True,True,True,True,True,1,40,False,surfna_v2_v3_ccdcomplete128_redocking_3rep_20260828
AutoDock Vina,vina,All128,Yan,3fo4,RNA,,rep3,rep3,40,0.1425865,0.1425865,0.1425865,0.1425865,0.1425865,True,True,True,True,True,True,0.975,39,False,surfna_v2_v3_ccdcomplete128_redocking_3rep_20260828
AutoDock Vina,vina,All128,Yan,3fo6,RNA,,rep3,rep3,40,0.6536866,0.6536866,0.6536866,0.6536866,0.6536866,True,True,True,True,True,True,0.925,37,False,surfna_v2_v3_ccdcomplete128_redocking_3rep_20260828
AutoDock Vina,vina,All128,Yan,3gao,RNA,,rep3,rep3,40,0.49396144,0.49396144,0.49396144,0.49396144,0.49396144,True,True,True,True,True,True,0.925,37,False,surfna_v2_v3_ccdcomplete128_redocking_3rep_20260828
AutoDock Vina,vina,All128,Yan,3ger,RNA,,rep3,rep3,40,0.22997095,0.22997095,0.22997095,0.22997095,0.22997095,True,True,True,True,True,True,0.975,39,False,surfna_v2_v3_ccdcomplete128_redocking_3rep_20260828
AutoDock Vina,vina,All128,Yan,3ges,RNA,,rep3,rep3,40,0.50997222,0.50997222,0.50997222,0.50997222,0.50997222,True,True,True,True,True,True,0.975,39,False,surfna_v2_v3_ccdcomplete128_redocking_3rep_20260828
AutoDock Vina,vina,All128,Yan,3gog,RNA,,rep3,rep3,40,0.11725729,0.11725729,0.11725729,0.11725729,0.11725729,True,True,True,True,True,True,0.975,39,False,surfna_v2_v3_ccdcomplete128_redocking_3rep_20260828
AutoDock Vina,vina,All128,Yan,3got,RNA,,rep3,rep3,40,0.16376924,0.16376924,0.16376924,0.16376924,0.16376924,True,True,True,True,True,True,0.95,38,False,surfna_v2_v3_ccdcomplete128_redocking_3rep_20260828
AutoDock Vina,vina,All128,Chen;Philips,3gx2,RNA,,rep3,rep3,40,1.28028786,1.28028786,1.28028786,1.28028786,1.28028786,True,True,True,True,True,True,0.975,39,False,surfna_v2_v3_ccdcomplete128_redocking_3rep_20260828
AutoDock Vina,vina,All128,Chen,3gx3,RNA,,rep3,rep3,40,4.0890843,3.8299195,1.3308397,1.3308397,1.3308397,False,False,True,True,True,True,1,40,False,surfna_v2_v3_ccdcomplete128_redocking_3rep_20260828
AutoDock Vina,vina,All128,Chen,3gx5,RNA,,rep3,rep3,40,4.6899962,4.25952756,4.25952756,0.95674322,0.95674322,False,False,False,True,True,True,1,40,False,surfna_v2_v3_ccdcomplete128_redocking_3rep_20260828
AutoDock Vina,vina,All128,Chen,3gx7,RNA,,rep3,rep3,40,5.70563613,3.0513309,3.0513309,0.83208317,0.83208317,False,False,False,True,True,False,1,40,False,surfna_v2_v3_ccdcomplete128_redocking_3rep_20260828
AutoDock Vina,vina,All128,Yan;Chen,3la5,RNA,,rep3,rep3,40,3.25630335,2.32005727,0.36937972,0.36937972,0.36937972,False,False,True,True,True,True,0.85,34,False,surfna_v2_v3_ccdcomplete128_redocking_3rep_20260828
AutoDock Vina,vina,All128,Yan,3mum,RNA,,rep3,rep3,40,5.34153862,5.34153862,5.34153862,5.34153862,5.34153862,False,False,False,False,False,False,0.975,39,False,surfna_v2_v3_ccdcomplete128_redocking_3rep_20260828
AutoDock Vina,vina,All128,Yan,3mur,RNA,,rep3,rep3,40,3.2530586,3.2530586,3.2530586,2.20483053,2.20483053,False,False,False,False,False,True,0.95,38,False,surfna_v2_v3_ccdcomplete128_redocking_3rep_20260828
AutoDock Vina,vina,All128,Yan,3mxh,RNA,,rep3,rep3,40,7.37187407,7.37187407,7.37187407,7.37187407,6.72672256,False,False,False,False,False,False,0.95,38,False,surfna_v2_v3_ccdcomplete128_redocking_3rep_20260828
AutoDock Vina,vina,All128,Yan,3npn,RNA,,rep3,rep3,40,1.5806064,1.5806064,1.5806064,1.5806064,1.5806064,True,True,True,True,True,True,1,40,False,surfna_v2_v3_ccdcomplete128_redocking_3rep_20260828
AutoDock Vina,vina,All128,Chen,3npq,RNA,,rep3,rep3,40,1.27300985,1.27300985,1.27300985,1.27300985,1.27300985,True,True,True,True,True,True,1,40,False,surfna_v2_v3_ccdcomplete128_redocking_3rep_20260828
AutoDock Vina,vina,All128,Yan,3owz,RNA,,rep3,rep3,40,inf,inf,inf,inf,inf,False,False,False,False,False,False,0,0,True,surfna_v2_v3_ccdcomplete128_redocking_3rep_20260828
AutoDock Vina,vina,All128,Yan;Chen,3q3z,RNA,,rep3,rep3,40,8.33288024,5.79271975,5.79271975,3.8052863,3.35374172,False,False,False,False,False,False,0.975,39,False,surfna_v2_v3_ccdcomplete128_redocking_3rep_20260828
AutoDock Vina,vina,All128,Yan,3q50,RNA,,rep3,rep3,40,3.63162945,0.99323314,0.99323314,0.99323314,0.99323314,False,True,True,True,True,True,0.7,28,False,surfna_v2_v3_ccdcomplete128_redocking_3rep_20260828
AutoDock Vina,vina,All128,Yan,3s4p,RNA,,rep3,rep3,40,inf,inf,inf,inf,inf,False,False,False,False,False,False,0,0,True,surfna_v2_v3_ccdcomplete128_redocking_3rep_20260828
AutoDock Vina,vina,All128,Yan,3slm,RNA,,rep3,rep3,40,1.11670879,1.11670879,1.11670879,1.11670879,1.11670879,True,True,True,True,True,True,0.9,36,False,surfna_v2_v3_ccdcomplete128_redocking_3rep_20260828
AutoDock Vina,vina,All128,Yan,407d,DNA,,rep3,rep3,40,15.56859631,15.39680046,15.05036279,2.2262418,2.2262418,False,False,False,False,False,False,1,40,False,surfna_v2_v3_ccdcomplete128_redocking_3rep_20260828
AutoDock Vina,vina,All128,Yan,408d,DNA,,rep3,rep3,40,15.17429002,4.53001146,4.53001146,2.91480739,2.28059645,False,False,False,False,False,False,1,40,False,surfna_v2_v3_ccdcomplete128_redocking_3rep_20260828
AutoDock Vina,vina,All128,Yan,4aob,RNA,,rep3,rep3,40,1.82770858,1.82770858,1.82770858,1.82770858,1.82770858,True,True,True,True,True,True,1,40,False,surfna_v2_v3_ccdcomplete128_redocking_3rep_20260828
AutoDock Vina,vina,All128,Yan,4erj,RNA,,rep3,rep3,40,1.4316163,1.4316163,1.4316163,1.22938824,1.22938824,True,True,True,True,True,True,0.925,37,False,surfna_v2_v3_ccdcomplete128_redocking_3rep_20260828
AutoDock Vina,vina,All128,Yan,4fe5,RNA,,rep3,rep3,40,2.39372549,2.38744424,0.38603044,0.38603044,0.38603044,False,False,True,True,True,True,0.85,34,False,surfna_v2_v3_ccdcomplete128_redocking_3rep_20260828
AutoDock Vina,vina,All128,Yan,4jf2,RNA,,rep3,rep3,40,0.31527412,0.31527412,0.31527412,0.31527412,0.31527412,True,True,True,True,True,True,0.75,30,False,surfna_v2_v3_ccdcomplete128_redocking_3rep_20260828
AutoDock Vina,vina,All128,Yan,4kqy,RNA,,rep3,rep3,40,0.94378405,0.94378405,0.94378405,0.94378405,0.94378405,True,True,True,True,True,True,1,40,False,surfna_v2_v3_ccdcomplete128_redocking_3rep_20260828
AutoDock Vina,vina,All128,Yan,4lvv,RNA,,rep3,rep3,40,9.3778268,9.11529937,9.03443997,7.05532502,4.10786364,False,False,False,False,False,False,1,40,False,surfna_v2_v3_ccdcomplete128_redocking_3rep_20260828
PLANTS,plants,All128,Ruiz;Chen;Philips,1am0,RNA,,rep1,rep1,40,2.11853116,1.96774778,1.96774778,1.96774778,1.64953799,False,True,True,True,True,True,1,40,False,surfna_v2_v3_ccdcomplete128_redocking_3rep_20260828
PLANTS,plants,All128,Yan,1arj,RNA,,rep1,rep1,40,6.02481912,5.0655508,5.0655508,4.16982863,3.5896343,False,False,False,False,False,False,1,40,False,surfna_v2_v3_ccdcomplete128_redocking_3rep_20260828
PLANTS,plants,All128,Yan;Ruiz;Chen;Philips,1byj,RNA,,rep1,rep1,40,4.9797368,4.9797368,4.52069063,4.52069063,2.1342775,False,False,False,False,False,True,1,40,False,surfna_v2_v3_ccdcomplete128_redocking_3rep_20260828
PLANTS,plants,All128,Yan,1cvx,DNA,,rep1,rep1,40,3.16978967,3.16978967,3.16978967,3.16978967,2.58576611,False,False,False,False,False,True,1,40,False,surfna_v2_v3_ccdcomplete128_redocking_3rep_20260828
PLANTS,plants,All128,Yan,1cvy,DNA,,rep1,rep1,40,16.67112873,4.04265788,4.04265788,4.04265788,4.04265788,False,False,False,False,False,False,1,40,False,surfna_v2_v3_ccdcomplete128_redocking_3rep_20260828
PLANTS,plants,All128,Yan,1db6,DNA,,rep1,rep1,40,4.87305689,4.50924179,4.20184622,3.07325649,1.59694258,False,False,False,False,True,True,1,40,False,surfna_v2_v3_ccdcomplete128_redocking_3rep_20260828
PLANTS,plants,All128,Ruiz;Chen;Philips,1eht,RNA,,rep1,rep1,40,2.09498598,2.09498598,1.41263982,1.41263982,1.38445061,False,False,True,True,True,True,1,40,False,surfna_v2_v3_ccdcomplete128_redocking_3rep_20260828
PLANTS,plants,All128,Ruiz;Chen;Philips,1ei2,RNA,,rep1,rep1,40,8.72421312,7.01955098,7.01955098,6.96678195,5.01799585,False,False,False,False,False,False,1,40,False,surfna_v2_v3_ccdcomplete128_redocking_3rep_20260828
PLANTS,plants,All128,Yan;Ruiz;Chen;Philips,1f1t,RNA,,rep1,rep1,40,0.50152042,0.49716975,0.49716975,0.49716975,0.49716975,True,True,True,True,True,True,1,40,False,surfna_v2_v3_ccdcomplete128_redocking_3rep_20260828
PLANTS,plants,All128,Yan;Ruiz;Chen;Philips,1f27,RNA,,rep1,rep1,40,2.11464787,1.63528385,1.48943363,1.48943363,1.48943363,False,True,True,True,True,True,1,40,False,surfna_v2_v3_ccdcomplete128_redocking_3rep_20260828
PLANTS,plants,All128,Philips,1fjg,RNA,,rep1,rep1,40,inf,inf,inf,inf,inf,False,False,False,False,False,False,0,0,True,surfna_v2_v3_ccdcomplete128_redocking_3rep_20260828
PLANTS,plants,All128,Ruiz;Chen;Philips,1fmn,RNA,,rep1,rep1,40,1.69869499,1.13244549,1.13244549,1.13244549,1.13244549,True,True,True,True,True,True,1,40,False,surfna_v2_v3_ccdcomplete128_redocking_3rep_20260828
PLANTS,plants,All128,Yan;Ruiz;Chen;Philips,1fyp,RNA,,rep1,rep1,40,5.47204264,4.56423238,4.56423238,3.93938965,3.2403956,False,False,False,False,False,False,1,40,False,surfna_v2_v3_ccdcomplete128_redocking_3rep_20260828
PLANTS,plants,All128,Philips,1hnw,RNA,,rep1,rep1,40,inf,inf,inf,inf,inf,False,False,False,False,False,False,0,0,True,surfna_v2_v3_ccdcomplete128_redocking_3rep_20260828
PLANTS,plants,All128,Yan,1i9v,RNA,,rep1,rep1,40,7.95299106,7.95299106,7.95299106,7.5772633,6.21004953,False,False,False,False,False,False,1,40,False,surfna_v2_v3_ccdcomplete128_redocking_3rep_20260828
PLANTS,plants,All128,Ruiz;Chen;Philips,1j7t,RNA,,rep1,rep1,40,9.01025838,8.08150798,8.08150798,4.5614838,4.50012678,False,False,False,False,False,False,1,40,False,surfna_v2_v3_ccdcomplete128_redocking_3rep_20260828
PLANTS,plants,All128,Ruiz;Chen;Philips,1koc,RNA,,rep1,rep1,40,2.03304358,2.03304358,2.03304358,2.03304358,1.66091262,False,False,False,False,True,True,1,40,False,surfna_v2_v3_ccdcomplete128_redocking_3rep_20260828
PLANTS,plants,All128,Ruiz;Chen,1lc4,RNA,,rep1,rep1,40,8.31601434,7.71959562,6.65545911,3.50437414,3.50437414,False,False,False,False,False,False,1,40,False,surfna_v2_v3_ccdcomplete128_redocking_3rep_20260828
PLANTS,plants,All128,Ruiz;Chen,1lvj,RNA,,rep1,rep1,40,7.90178937,6.94021051,2.52171445,2.52171445,2.52171445,False,False,False,False,False,False,1,40,False,surfna_v2_v3_ccdcomplete128_redocking_3rep_20260828
PLANTS,plants,All128,Ruiz;Chen;Philips,1mwl,RNA,,rep1,rep1,40,5.68600051,5.68600051,5.68600051,5.68600051,5.0149517,False,False,False,False,False,False,1,40,False,surfna_v2_v3_ccdcomplete128_redocking_3rep_20260828
PLANTS,plants,All128,Philips,1nbk,RNA,,rep1,rep1,40,3.8079954,3.8079954,3.50126582,3.50126582,3.50126582,False,False,False,False,False,True,1,40,False,surfna_v2_v3_ccdcomplete128_redocking_3rep_20260828
PLANTS,plants,All128,Ruiz;Chen;Philips,1nem,RNA,,rep1,rep1,40,8.18755275,3.31053841,3.31053841,2.70434076,2.37500065,False,False,False,False,False,False,1,40,False,surfna_v2_v3_ccdcomplete128_redocking_3rep_20260828
PLANTS,plants,All128,Ruiz,1nta,RNA,,rep1,rep1,40,6.25690495,6.25690495,6.25690495,3.76707077,3.76707077,False,False,False,False,False,False,1,40,False,surfna_v2_v3_ccdcomplete128_redocking_3rep_20260828
PLANTS,plants,All128,Ruiz;Chen,1ntb,RNA,,rep1,rep1,40,inf,inf,inf,inf,inf,False,False,False,False,False,False,0,0,True,surfna_v2_v3_ccdcomplete128_redocking_3rep_20260828
PLANTS,plants,All128,Yan,1nzm,DNA,,rep1,rep1,40,inf,inf,inf,inf,inf,False,False,False,False,False,False,0,0,True,surfna_v2_v3_ccdcomplete128_redocking_3rep_20260828
PLANTS,plants,All128,Ruiz,1o15,RNA,,rep1,rep1,40,3.62064405,0.68247662,0.68247662,0.68247662,0.68247662,False,True,True,True,True,True,1,40,False,surfna_v2_v3_ccdcomplete128_redocking_3rep_20260828
PLANTS,plants,All128,Ruiz,1o9m,RNA,,rep1,rep1,40,8.07876108,8.07876108,3.20276311,3.20276311,1.97728823,False,False,False,False,True,False,1,40,False,surfna_v2_v3_ccdcomplete128_redocking_3rep_20260828
PLANTS,plants,All128,Yan,1p96,DNA,,rep1,rep1,40,2.75969406,2.12854582,2.12854582,2.12854582,1.38658454,False,False,False,False,True,True,1,40,False,surfna_v2_v3_ccdcomplete128_redocking_3rep_20260828
PLANTS,plants,All128,Ruiz;Chen;Philips,1pbr,RNA,,rep1,rep1,40,7.86048911,6.60220193,5.38068664,4.03082242,4.03082242,False,False,False,False,False,False,1,40,False,surfna_v2_v3_ccdcomplete128_redocking_3rep_20260828
PLANTS,plants,All128,Yan;Ruiz;Chen;Philips,1q8n,RNA,,rep1,rep1,40,0.59059082,0.5314508,0.5314508,0.5314508,0.5314508,True,True,True,True,True,True,1,40,False,surfna_v2_v3_ccdcomplete128_redocking_3rep_20260828
PLANTS,plants,All128,Yan;Ruiz;Chen,1qd3,RNA,,rep1,rep1,40,4.06771641,4.06771641,4.06771641,4.06771641,4.06771641,False,False,False,False,False,True,1,40,False,surfna_v2_v3_ccdcomplete128_redocking_3rep_20260828
PLANTS,plants,All128,Yan,1qv4,DNA,,rep1,rep1,40,0.83808846,0.83808846,0.83808846,0.83808846,0.83808846,True,True,True,True,True,True,1,40,False,surfna_v2_v3_ccdcomplete128_redocking_3rep_20260828
PLANTS,plants,All128,Yan,1qv8,DNA,,rep1,rep1,40,12.91792356,0.9982103,0.9982103,0.9982103,0.9982103,False,True,True,True,True,False,1,40,False,surfna_v2_v3_ccdcomplete128_redocking_3rep_20260828
PLANTS,plants,All128,Yan,1r4e,DNA,,rep1,rep1,40,6.70604423,6.6510726,5.9066985,4.82940813,2.00981054,False,False,False,False,False,False,1,40,False,surfna_v2_v3_ccdcomplete128_redocking_3rep_20260828
PLANTS,plants,All128,Ruiz;Chen;Philips,1tob,RNA,,rep1,rep1,40,7.75089553,5.25051572,4.39006579,4.34154851,3.16044559,False,False,False,False,False,False,1,40,False,surfna_v2_v3_ccdcomplete128_redocking_3rep_20260828
PLANTS,plants,All128,Ruiz;Chen,1u8d,RNA,,rep1,rep1,40,0.31148986,0.31148986,0.31148986,0.31148986,0.31148986,True,True,True,True,True,True,1,40,False,surfna_v2_v3_ccdcomplete128_redocking_3rep_20260828
PLANTS,plants,All128,Yan;Ruiz;Philips,1uts,RNA,,rep1,rep1,40,8.30287935,4.44039635,4.44039635,3.73718724,3.54288961,False,False,False,False,False,False,1,40,False,surfna_v2_v3_ccdcomplete128_redocking_3rep_20260828
PLANTS,plants,All128,Yan;Ruiz;Chen;Philips,1uud,RNA,,rep1,rep1,40,8.37596765,6.51543808,6.51543808,6.16230144,5.91545122,False,False,False,False,False,False,1,40,False,surfna_v2_v3_ccdcomplete128_redocking_3rep_20260828
PLANTS,plants,All128,Ruiz;Philips,1uui,RNA,,rep1,rep1,40,6.79518929,6.79518929,6.37535841,5.90297611,5.17505368,False,False,False,False,False,False,1,40,False,surfna_v2_v3_ccdcomplete128_redocking_3rep_20260828
PLANTS,plants,All128,Philips,1xbp,RNA,,rep1,rep1,40,inf,inf,inf,inf,inf,False,False,False,False,False,False,0,0,True,surfna_v2_v3_ccdcomplete128_redocking_3rep_20260828
PLANTS,plants,All128,Ruiz;Philips,1xpf,RNA,,rep1,rep1,40,5.6733267,4.52527286,4.52527286,3.81991517,3.38459575,False,False,False,False,False,False,1,40,False,surfna_v2_v3_ccdcomplete128_redocking_3rep_20260828
PLANTS,plants,All128,Ruiz;Chen;Philips,1y26,RNA,,rep1,rep1,40,0.1763462,0.1763462,0.1763462,0.1763462,0.1763462,True,True,True,True,True,True,1,40,False,surfna_v2_v3_ccdcomplete128_redocking_3rep_20260828
PLANTS,plants,All128,Chen,1y27,RNA,,rep1,rep1,40,inf,inf,inf,inf,inf,False,False,False,False,False,False,0,0,True,surfna_v2_v3_ccdcomplete128_redocking_3rep_20260828
PLANTS,plants,All128,Yan;Chen,1ykv,RNA,,rep1,rep1,40,0.76900124,0.76900124,0.76900124,0.76900124,0.76900124,True,True,True,True,True,True,1,40,False,surfna_v2_v3_ccdcomplete128_redocking_3rep_20260828
PLANTS,plants,All128,Yan;Ruiz;Chen,1yrj,RNA,,rep1,rep1,40,6.47766237,6.47766237,6.47766237,6.47766237,6.38738077,False,False,False,False,False,False,1,40,False,surfna_v2_v3_ccdcomplete128_redocking_3rep_20260828
PLANTS,plants,All128,Chen,1zz5,RNA,,rep1,rep1,40,8.78413447,8.78413447,8.78413447,7.90056793,4.36982016,False,False,False,False,False,False,1,40,False,surfna_v2_v3_ccdcomplete128_redocking_3rep_20260828
PLANTS,plants,All128,Yan;Ruiz,2au4,RNA,,rep1,rep1,40,5.91037345,3.74090817,3.74090817,3.21286297,2.96076192,False,False,False,False,False,False,1,40,False,surfna_v2_v3_ccdcomplete128_redocking_3rep_20260828
PLANTS,plants,All128,Yan,2b57,RNA,,rep1,rep1,40,0.28430723,0.28430723,0.28430723,0.28430723,0.28430723,True,True,True,True,True,True,1,40,False,surfna_v2_v3_ccdcomplete128_redocking_3rep_20260828
PLANTS,plants,All128,Yan;Ruiz;Chen;Philips,2be0,RNA,,rep1,rep1,40,5.84430459,5.84430459,5.84430459,5.84430459,5.61436747,False,False,False,False,False,False,1,40,False,surfna_v2_v3_ccdcomplete128_redocking_3rep_20260828
PLANTS,plants,All128,Yan;Ruiz;Philips,2bee,RNA,,rep1,rep1,40,inf,inf,inf,inf,inf,False,False,False,False,False,False,0,0,True,surfna_v2_v3_ccdcomplete128_redocking_3rep_20260828
PLANTS,plants,All128,Yan,2d55,DNA,,rep1,rep1,40,7.92167417,7.92167417,7.32709144,5.3503037,4.97036686,False,False,False,False,False,False,1,40,False,surfna_v2_v3_ccdcomplete128_redocking_3rep_20260828
PLANTS,plants,All128,Chen,2esi,RNA,,rep1,rep1,40,7.1119375,5.652578,5.652578,5.13374638,3.21748415,False,False,False,False,False,False,1,40,False,surfna_v2_v3_ccdcomplete128_redocking_3rep_20260828
PLANTS,plants,All128,Ruiz,2esj,RNA,,rep1,rep1,40,8.80707616,8.80707616,8.18394603,6.98416095,5.4654398,False,False,False,False,False,False,1,40,False,surfna_v2_v3_ccdcomplete128_redocking_3rep_20260828
PLANTS,plants,All128,Ruiz,2et3,RNA,,rep1,rep1,40,3.22621047,3.22621047,3.22621047,3.22621047,2.06013799,False,False,False,False,False,True,1,40,False,surfna_v2_v3_ccdcomplete128_redocking_3rep_20260828
PLANTS,plants,All128,Ruiz,2et4,RNA,,rep1,rep1,40,8.31326132,6.86817646,6.86817646,6.35233459,4.21690567,False,False,False,False,False,False,1,40,False,surfna_v2_v3_ccdcomplete128_redocking_3rep_20260828
PLANTS,plants,All128,Ruiz;Chen;Philips,2et8,RNA,,rep1,rep1,40,0.60377719,0.60377719,0.60377719,0.60377719,0.60377719,True,True,True,True,True,True,1,40,False,surfna_v2_v3_ccdcomplete128_redocking_3rep_20260828
PLANTS,plants,All128,Ruiz,2f4s,RNA,,rep1,rep1,40,5.67874163,2.91300248,2.91300248,2.91300248,2.79853218,False,False,False,False,False,False,1,40,False,surfna_v2_v3_ccdcomplete128_redocking_3rep_20260828
PLANTS,plants,All128,Yan;Ruiz;Chen,2f4t,RNA,,rep1,rep1,40,7.28621572,7.28621572,7.28621572,7.28621572,6.54849832,False,False,False,False,False,False,1,40,False,surfna_v2_v3_ccdcomplete128_redocking_3rep_20260828
PLANTS,plants,All128,Yan;Ruiz;Philips,2f4u,RNA,,rep1,rep1,40,7.70389509,7.70389509,6.14736284,6.14736284,5.64700951,False,False,False,False,False,False,1,40,False,surfna_v2_v3_ccdcomplete128_redocking_3rep_20260828
PLANTS,plants,All128,Ruiz,2fcx,RNA,,rep1,rep1,40,7.25862119,4.69055107,4.69055107,4.69055107,2.72965811,False,False,False,False,False,False,1,40,False,surfna_v2_v3_ccdcomplete128_redocking_3rep_20260828
PLANTS,plants,All128,Ruiz,2fcy,RNA,,rep1,rep1,40,6.13908191,6.13908191,5.62270725,5.62270725,4.96053877,False,False,False,False,False,False,1,40,False,surfna_v2_v3_ccdcomplete128_redocking_3rep_20260828
PLANTS,plants,All128,Ruiz;Chen;Philips,2fcz,RNA,,rep1,rep1,40,6.42758395,5.14713313,5.14713313,4.69897586,4.18373379,False,False,False,False,False,False,1,40,False,surfna_v2_v3_ccdcomplete128_redocking_3rep_20260828
PLANTS,plants,All128,Ruiz;Chen;Philips,2fd0,RNA,,rep1,rep1,40,6.47358525,6.47358525,6.47358525,3.6215521,2.94881898,False,False,False,False,False,False,1,40,False,surfna_v2_v3_ccdcomplete128_redocking_3rep_20260828
PLANTS,plants,All128,Yan,2g5k,RNA,,rep1,rep1,40,9.59104802,5.03265703,4.09057292,4.09057292,3.85151238,False,False,False,False,False,False,1,40,False,surfna_v2_v3_ccdcomplete128_redocking_3rep_20260828
PLANTS,plants,All128,Ruiz;Chen;Philips,2g5q,RNA,,rep1,rep1,40,9.68396221,8.56501682,8.00609466,3.45932343,3.45932343,False,False,False,False,False,False,1,40,False,surfna_v2_v3_ccdcomplete128_redocking_3rep_20260828
PLANTS,plants,All128,Yan,2g9c,RNA,,rep1,rep1,40,0.24538563,0.24538563,0.24538563,0.24538563,0.24538563,True,True,True,True,True,True,1,40,False,surfna_v2_v3_ccdcomplete128_redocking_3rep_20260828
PLANTS,plants,All128,Chen;Philips,2gdi,RNA,,rep1,rep1,40,7.78802969,7.78802969,7.78802969,5.62734465,5.62734465,False,False,False,False,False,False,1,40,False,surfna_v2_v3_ccdcomplete128_redocking_3rep_20260828
PLANTS,plants,All128,Chen,2gis,RNA,,rep1,rep1,40,inf,inf,inf,inf,inf,False,False,False,False,False,False,0,0,True,surfna_v2_v3_ccdcomplete128_redocking_3rep_20260828
PLANTS,plants,All128,Ruiz,2juk,RNA,,rep1,rep1,40,9.29826168,8.28308771,5.73647986,5.73647986,5.73647986,False,False,False,False,False,False,1,40,False,surfna_v2_v3_ccdcomplete128_redocking_3rep_20260828
PLANTS,plants,All128,Yan,2jwq,DNA,,rep1,rep1,40,1.97837906,1.37288437,1.37288437,1.37288437,1.37288437,True,True,True,True,True,True,1,40,False,surfna_v2_v3_ccdcomplete128_redocking_3rep_20260828
PLANTS,plants,All128,Yan;Chen,2kgp,RNA,,rep1,rep1,40,5.35677088,5.35677088,5.35677088,5.34028731,5.08858223,False,False,False,False,False,False,1,40,False,surfna_v2_v3_ccdcomplete128_redocking_3rep_20260828
PLANTS,plants,All128,Yan;Chen,2ktz,RNA,,rep1,rep1,40,1.08618713,1.08618713,1.08618713,1.08618713,1.08618713,True,True,True,True,True,True,1,40,False,surfna_v2_v3_ccdcomplete128_redocking_3rep_20260828
PLANTS,plants,All128,Yan;Chen,2ku0,RNA,,rep1,rep1,40,6.64881254,1.75483148,1.75483148,1.75483148,0.61497061,False,True,True,True,True,False,1,40,False,surfna_v2_v3_ccdcomplete128_redocking_3rep_20260828
PLANTS,plants,All128,Yan,2l94,RNA,,rep1,rep1,40,4.93522255,4.7171383,4.7171383,4.7171383,3.69142777,False,False,False,False,False,True,1,40,False,surfna_v2_v3_ccdcomplete128_redocking_3rep_20260828
PLANTS,plants,All128,Yan,2loa,DNA,,rep1,rep1,40,6.01092222,5.93977581,5.86054898,5.66854834,3.72106222,False,False,False,False,False,False,1,40,False,surfna_v2_v3_ccdcomplete128_redocking_3rep_20260828
PLANTS,plants,All128,Yan,2mb3,DNA,,rep1,rep1,40,10.70909612,7.02096788,4.84357563,4.84357563,4.70069674,False,False,False,False,False,False,1,40,False,surfna_v2_v3_ccdcomplete128_redocking_3rep_20260828
PLANTS,plants,All128,Ruiz;Chen,2o3v,RNA,,rep1,rep1,40,9.76032579,8.83097286,7.03010378,7.03010378,3.97126742,False,False,False,False,False,False,1,40,False,surfna_v2_v3_ccdcomplete128_redocking_3rep_20260828
PLANTS,plants,All128,Yan;Ruiz,2o3w,RNA,,rep1,rep1,40,8.52307642,6.32969023,6.32969023,6.32969023,3.87188347,False,False,False,False,False,False,1,40,False,surfna_v2_v3_ccdcomplete128_redocking_3rep_20260828
PLANTS,plants,All128,Yan;Ruiz;Philips,2o3x,RNA,,rep1,rep1,40,3.47333115,3.10055455,3.10055455,3.10055455,3.10055455,False,False,False,False,False,True,1,40,False,surfna_v2_v3_ccdcomplete128_redocking_3rep_20260828
PLANTS,plants,All128,Ruiz;Philips,2oe5,RNA,,rep1,rep1,40,8.91230094,8.87150837,3.38600225,3.38600225,2.45115885,False,False,False,False,False,False,1,40,False,surfna_v2_v3_ccdcomplete128_redocking_3rep_20260828
PLANTS,plants,All128,Ruiz;Chen,2oe8,RNA,,rep1,rep1,40,6.80754721,6.17663485,6.17663485,2.75188029,2.75188029,False,False,False,False,False,False,1,40,False,surfna_v2_v3_ccdcomplete128_redocking_3rep_20260828
PLANTS,plants,All128,Philips,2ogn,RNA,,rep1,rep1,40,inf,inf,inf,inf,inf,False,False,False,False,False,False,0,0,True,surfna_v2_v3_ccdcomplete128_redocking_3rep_20260828
PLANTS,plants,All128,Chen;Philips,2pwt,RNA,,rep1,rep1,40,7.91376015,7.91376015,6.59328434,6.52005396,6.52005396,False,False,False,False,False,False,1,40,False,surfna_v2_v3_ccdcomplete128_redocking_3rep_20260828
PLANTS,plants,All128,Ruiz;Chen;Philips,2tob,RNA,,rep1,rep1,40,7.28363087,4.24327394,3.30822627,3.30822627,3.30822627,False,False,False,False,False,False,1,40,False,surfna_v2_v3_ccdcomplete128_redocking_3rep_20260828
PLANTS,plants,All128,Yan,2xnw,RNA,,rep1,rep1,40,3.6962211,0.37902536,0.37902536,0.37902536,0.37902536,False,True,True,True,True,True,1,40,False,surfna_v2_v3_ccdcomplete128_redocking_3rep_20260828
PLANTS,plants,All128,Yan,2xnz,RNA,,rep1,rep1,40,0.2698117,0.2698117,0.2698117,0.2698117,0.2698117,True,True,True,True,True,True,1,40,False,surfna_v2_v3_ccdcomplete128_redocking_3rep_20260828
PLANTS,plants,All128,Yan,2xo0,RNA,,rep1,rep1,40,2.26173397,0.43017252,0.43017252,0.43017252,0.43017252,False,True,True,True,True,True,1,40,False,surfna_v2_v3_ccdcomplete128_redocking_3rep_20260828
PLANTS,plants,All128,Yan,2xo1,RNA,,rep1,rep1,40,0.30646329,0.30646329,0.30646329,0.30646329,0.30646329,True,True,True,True,True,True,1,40,False,surfna_v2_v3_ccdcomplete128_redocking_3rep_20260828
PLANTS,plants,All128,Yan,2ydh,RNA,,rep1,rep1,40,3.51121714,2.67731227,1.69374722,1.69374722,1.69374722,False,False,True,True,True,True,1,40,False,surfna_v2_v3_ccdcomplete128_redocking_3rep_20260828
PLANTS,plants,All128,Yan,2ygh,RNA,,rep1,rep1,40,0.7553343,0.7553343,0.7553343,0.7553343,0.7553343,True,True,True,True,True,True,1,40,False,surfna_v2_v3_ccdcomplete128_redocking_3rep_20260828
PLANTS,plants,All128,Yan,316d,DNA,,rep1,rep1,40,6.27078547,6.27078547,6.27078547,6.27078547,6.27078547,False,False,False,False,False,False,1,40,False,surfna_v2_v3_ccdcomplete128_redocking_3rep_20260828
PLANTS,plants,All128,Ruiz,3c44,RNA,,rep1,rep1,40,2.89025017,2.89025017,2.89025017,2.89025017,2.89025017,False,False,False,False,False,True,1,40,False,surfna_v2_v3_ccdcomplete128_redocking_3rep_20260828
PLANTS,plants,All128,Philips,3d2x,RNA,,rep1,rep1,40,inf,inf,inf,inf,inf,False,False,False,False,False,False,0,0,True,surfna_v2_v3_ccdcomplete128_redocking_3rep_20260828
PLANTS,plants,All128,Chen,3dil,RNA,,rep1,rep1,40,1.67474983,0.91062019,0.91062019,0.91062019,0.91062019,True,True,True,True,True,True,1,40,False,surfna_v2_v3_ccdcomplete128_redocking_3rep_20260828
PLANTS,plants,All128,Yan,3ds7,RNA,,rep1,rep1,40,inf,inf,inf,inf,inf,False,False,False,False,False,False,0,0,True,surfna_v2_v3_ccdcomplete128_redocking_3rep_20260828
PLANTS,plants,All128,Chen,3dvv,RNA,,rep1,rep1,40,5.7281222,4.76002728,4.76002728,4.76002728,4.76002728,False,False,False,False,False,False,1,40,False,surfna_v2_v3_ccdcomplete128_redocking_3rep_20260828
PLANTS,plants,All128,Yan,3e5c,RNA,,rep1,rep1,40,3.79370237,1.56330607,1.08221015,1.08221015,1.08221015,False,True,True,True,True,True,1,40,False,surfna_v2_v3_ccdcomplete128_redocking_3rep_20260828
PLANTS,plants,All128,Chen,3f2q,RNA,,rep1,rep1,40,0.49681697,0.49681697,0.49681697,0.49681697,0.49681697,True,True,True,True,True,True,1,40,False,surfna_v2_v3_ccdcomplete128_redocking_3rep_20260828
PLANTS,plants,All128,Yan,3fo4,RNA,,rep1,rep1,40,0.30810781,0.30810781,0.30810781,0.30810781,0.30810781,True,True,True,True,True,True,1,40,False,surfna_v2_v3_ccdcomplete128_redocking_3rep_20260828
PLANTS,plants,All128,Yan,3fo6,RNA,,rep1,rep1,40,0.21235776,0.21235776,0.21235776,0.21235776,0.21235776,True,True,True,True,True,True,1,40,False,surfna_v2_v3_ccdcomplete128_redocking_3rep_20260828
PLANTS,plants,All128,Yan,3gao,RNA,,rep1,rep1,40,2.81264659,0.2838819,0.2838819,0.2838819,0.2838819,False,True,True,True,True,True,1,40,False,surfna_v2_v3_ccdcomplete128_redocking_3rep_20260828
PLANTS,plants,All128,Yan,3ger,RNA,,rep1,rep1,40,0.30406684,0.30406684,0.30406684,0.30406684,0.30406684,True,True,True,True,True,True,1,40,False,surfna_v2_v3_ccdcomplete128_redocking_3rep_20260828
PLANTS,plants,All128,Yan,3ges,RNA,,rep1,rep1,40,0.81534798,0.81534798,0.81534798,0.81534798,0.81534798,True,True,True,True,True,True,1,40,False,surfna_v2_v3_ccdcomplete128_redocking_3rep_20260828
PLANTS,plants,All128,Yan,3gog,RNA,,rep1,rep1,40,0.12167393,0.12167393,0.12167393,0.12167393,0.12167393,True,True,True,True,True,True,1,40,False,surfna_v2_v3_ccdcomplete128_redocking_3rep_20260828
PLANTS,plants,All128,Yan,3got,RNA,,rep1,rep1,40,0.17279678,0.17279678,0.17279678,0.17279678,0.17279678,True,True,True,True,True,True,1,40,False,surfna_v2_v3_ccdcomplete128_redocking_3rep_20260828
PLANTS,plants,All128,Chen;Philips,3gx2,RNA,,rep1,rep1,40,1.03163326,1.03163326,1.03163326,1.03163326,1.03163326,True,True,True,True,True,True,1,40,False,surfna_v2_v3_ccdcomplete128_redocking_3rep_20260828
PLANTS,plants,All128,Chen,3gx3,RNA,,rep1,rep1,40,2.58479035,2.58479035,2.58479035,1.31731968,1.31731968,False,False,False,True,True,True,1,40,False,surfna_v2_v3_ccdcomplete128_redocking_3rep_20260828
PLANTS,plants,All128,Chen,3gx5,RNA,,rep1,rep1,40,0.67484209,0.67484209,0.67484209,0.67484209,0.67484209,True,True,True,True,True,True,1,40,False,surfna_v2_v3_ccdcomplete128_redocking_3rep_20260828
PLANTS,plants,All128,Chen,3gx7,RNA,,rep1,rep1,40,0.75547365,0.75547365,0.75547365,0.75547365,0.75547365,True,True,True,True,True,True,1,40,False,surfna_v2_v3_ccdcomplete128_redocking_3rep_20260828
PLANTS,plants,All128,Yan;Chen,3la5,RNA,,rep1,rep1,40,2.36077849,2.30544481,2.30544481,0.43622146,0.43622146,False,False,False,True,True,True,1,40,False,surfna_v2_v3_ccdcomplete128_redocking_3rep_20260828
PLANTS,plants,All128,Yan,3mum,RNA,,rep1,rep1,40,5.20858057,5.20858057,4.76025868,4.76025868,4.76025868,False,False,False,False,False,False,1,40,False,surfna_v2_v3_ccdcomplete128_redocking_3rep_20260828
PLANTS,plants,All128,Yan,3mur,RNA,,rep1,rep1,40,7.27958911,7.27958911,7.27958911,7.11340544,7.02229648,False,False,False,False,False,False,1,40,False,surfna_v2_v3_ccdcomplete128_redocking_3rep_20260828
PLANTS,plants,All128,Yan,3mxh,RNA,,rep1,rep1,40,6.3466224,6.28481354,4.35050229,4.35050229,4.35050229,False,False,False,False,False,False,1,40,False,surfna_v2_v3_ccdcomplete128_redocking_3rep_20260828
PLANTS,plants,All128,Yan,3npn,RNA,,rep1,rep1,40,7.62673759,4.48812338,4.48812338,2.30315082,2.30315082,False,False,False,False,False,False,1,40,False,surfna_v2_v3_ccdcomplete128_redocking_3rep_20260828
PLANTS,plants,All128,Chen,3npq,RNA,,rep1,rep1,40,0.4988815,0.4988815,0.4988815,0.4988815,0.4988815,True,True,True,True,True,True,1,40,False,surfna_v2_v3_ccdcomplete128_redocking_3rep_20260828
PLANTS,plants,All128,Yan,3owz,RNA,,rep1,rep1,40,inf,inf,inf,inf,inf,False,False,False,False,False,False,0,0,True,surfna_v2_v3_ccdcomplete128_redocking_3rep_20260828
PLANTS,plants,All128,Yan;Chen,3q3z,RNA,,rep1,rep1,40,4.36168775,4.36168775,3.44281148,3.44281148,3.44281148,False,False,False,False,False,True,1,40,False,surfna_v2_v3_ccdcomplete128_redocking_3rep_20260828
PLANTS,plants,All128,Yan,3q50,RNA,,rep1,rep1,40,0.68990061,0.68990061,0.68990061,0.68990061,0.68990061,True,True,True,True,True,True,1,40,False,surfna_v2_v3_ccdcomplete128_redocking_3rep_20260828
PLANTS,plants,All128,Yan,3s4p,RNA,,rep1,rep1,40,8.05486592,8.05486592,7.652091,7.31794633,7.15735422,False,False,False,False,False,False,1,40,False,surfna_v2_v3_ccdcomplete128_redocking_3rep_20260828
PLANTS,plants,All128,Yan,3slm,RNA,,rep1,rep1,40,1.49188816,1.15540672,1.15540672,1.15540672,1.15540672,True,True,True,True,True,True,1,40,False,surfna_v2_v3_ccdcomplete128_redocking_3rep_20260828
PLANTS,plants,All128,Yan,407d,DNA,,rep1,rep1,40,inf,inf,inf,inf,inf,False,False,False,False,False,False,0,0,True,surfna_v2_v3_ccdcomplete128_redocking_3rep_20260828
PLANTS,plants,All128,Yan,408d,DNA,,rep1,rep1,40,15.79873345,6.77012682,6.77012682,6.77012682,6.77012682,False,False,False,False,False,False,1,40,False,surfna_v2_v3_ccdcomplete128_redocking_3rep_20260828
PLANTS,plants,All128,Yan,4aob,RNA,,rep1,rep1,40,1.97267061,1.97267061,1.97267061,1.97267061,1.25675504,True,True,True,True,True,True,1,40,False,surfna_v2_v3_ccdcomplete128_redocking_3rep_20260828
PLANTS,plants,All128,Yan,4erj,RNA,,rep1,rep1,40,1.56173607,1.54301359,1.05912776,1.05912776,1.05912776,True,True,True,True,True,True,1,40,False,surfna_v2_v3_ccdcomplete128_redocking_3rep_20260828
PLANTS,plants,All128,Yan,4fe5,RNA,,rep1,rep1,40,0.27787633,0.27787633,0.27787633,0.27787633,0.27787633,True,True,True,True,True,True,1,40,False,surfna_v2_v3_ccdcomplete128_redocking_3rep_20260828
PLANTS,plants,All128,Yan,4jf2,RNA,,rep1,rep1,40,0.28773978,0.28773978,0.28773978,0.28773978,0.28773978,True,True,True,True,True,True,1,40,False,surfna_v2_v3_ccdcomplete128_redocking_3rep_20260828
PLANTS,plants,All128,Yan,4kqy,RNA,,rep1,rep1,40,1.37253257,1.37253257,1.37253257,1.37253257,1.37253257,True,True,True,True,True,True,1,40,False,surfna_v2_v3_ccdcomplete128_redocking_3rep_20260828
PLANTS,plants,All128,Yan,4lvv,RNA,,rep1,rep1,40,6.06037821,6.06037821,2.87367366,2.59185352,2.56405129,False,False,False,False,False,False,1,40,False,surfna_v2_v3_ccdcomplete128_redocking_3rep_20260828
PLANTS,plants,All128,Ruiz;Chen;Philips,1am0,RNA,,rep2,rep2,40,2.06355179,2.06355179,2.06355179,1.65749982,1.65749982,False,False,False,True,True,True,1,40,False,surfna_v2_v3_ccdcomplete128_redocking_3rep_20260828
PLANTS,plants,All128,Yan,1arj,RNA,,rep2,rep2,40,4.49279796,4.49279796,4.49279796,4.06842426,3.9000619,False,False,False,False,False,True,1,40,False,surfna_v2_v3_ccdcomplete128_redocking_3rep_20260828
PLANTS,plants,All128,Yan;Ruiz;Chen;Philips,1byj,RNA,,rep2,rep2,40,4.91631219,4.1153676,4.1153676,3.74190338,2.71749165,False,False,False,False,False,True,1,40,False,surfna_v2_v3_ccdcomplete128_redocking_3rep_20260828
PLANTS,plants,All128,Yan,1cvx,DNA,,rep2,rep2,40,15.59198056,4.52156296,4.52156296,3.89242758,2.62255601,False,False,False,False,False,False,1,40,False,surfna_v2_v3_ccdcomplete128_redocking_3rep_20260828
PLANTS,plants,All128,Yan,1cvy,DNA,,rep2,rep2,40,9.6522625,5.94825698,3.42462545,3.08805032,3.08805032,False,False,False,False,False,False,1,40,False,surfna_v2_v3_ccdcomplete128_redocking_3rep_20260828
PLANTS,plants,All128,Yan,1db6,DNA,,rep2,rep2,40,4.7815478,4.53424604,3.46524879,3.45694475,1.66131645,False,False,False,False,True,True,1,40,False,surfna_v2_v3_ccdcomplete128_redocking_3rep_20260828
PLANTS,plants,All128,Ruiz;Chen;Philips,1eht,RNA,,rep2,rep2,40,2.10332851,1.19320539,1.19320539,1.19320539,1.19320539,False,True,True,True,True,True,1,40,False,surfna_v2_v3_ccdcomplete128_redocking_3rep_20260828
PLANTS,plants,All128,Ruiz;Chen;Philips,1ei2,RNA,,rep2,rep2,40,7.40591979,3.60943156,3.60943156,3.60943156,3.60943156,False,False,False,False,False,False,1,40,False,surfna_v2_v3_ccdcomplete128_redocking_3rep_20260828
PLANTS,plants,All128,Yan;Ruiz;Chen;Philips,1f1t,RNA,,rep2,rep2,40,0.49730177,0.43348239,0.43348239,0.43348239,0.43348239,True,True,True,True,True,True,1,40,False,surfna_v2_v3_ccdcomplete128_redocking_3rep_20260828
PLANTS,plants,All128,Yan;Ruiz;Chen;Philips,1f27,RNA,,rep2,rep2,40,1.9566382,1.14703189,1.14703189,1.14703189,1.14703189,True,True,True,True,True,True,1,40,False,surfna_v2_v3_ccdcomplete128_redocking_3rep_20260828
PLANTS,plants,All128,Philips,1fjg,RNA,,rep2,rep2,40,inf,inf,inf,inf,inf,False,False,False,False,False,False,0,0,True,surfna_v2_v3_ccdcomplete128_redocking_3rep_20260828
PLANTS,plants,All128,Ruiz;Chen;Philips,1fmn,RNA,,rep2,rep2,40,1.16427026,1.16427026,1.16427026,1.16427026,1.16427026,True,True,True,True,True,True,1,40,False,surfna_v2_v3_ccdcomplete128_redocking_3rep_20260828
PLANTS,plants,All128,Yan;Ruiz;Chen;Philips,1fyp,RNA,,rep2,rep2,40,5.66560531,5.26793935,5.26793935,5.25632648,3.82150442,False,False,False,False,False,False,1,40,False,surfna_v2_v3_ccdcomplete128_redocking_3rep_20260828
PLANTS,plants,All128,Philips,1hnw,RNA,,rep2,rep2,40,inf,inf,inf,inf,inf,False,False,False,False,False,False,0,0,True,surfna_v2_v3_ccdcomplete128_redocking_3rep_20260828
PLANTS,plants,All128,Yan,1i9v,RNA,,rep2,rep2,40,8.38623752,8.38623752,7.9200522,6.46863234,6.46863234,False,False,False,False,False,False,1,40,False,surfna_v2_v3_ccdcomplete128_redocking_3rep_20260828
PLANTS,plants,All128,Ruiz;Chen;Philips,1j7t,RNA,,rep2,rep2,40,8.30127061,7.32391355,5.46535811,5.15931713,4.79966354,False,False,False,False,False,False,1,40,False,surfna_v2_v3_ccdcomplete128_redocking_3rep_20260828
PLANTS,plants,All128,Ruiz;Chen;Philips,1koc,RNA,,rep2,rep2,40,1.96816007,1.96816007,1.96816007,1.82953364,1.82953364,True,True,True,True,True,True,1,40,False,surfna_v2_v3_ccdcomplete128_redocking_3rep_20260828
PLANTS,plants,All128,Ruiz;Chen,1lc4,RNA,,rep2,rep2,40,2.88937778,2.88937778,2.88937778,2.88937778,2.88937778,False,False,False,False,False,True,1,40,False,surfna_v2_v3_ccdcomplete128_redocking_3rep_20260828
PLANTS,plants,All128,Ruiz;Chen,1lvj,RNA,,rep2,rep2,40,2.60658678,2.60658678,2.60658678,2.60658678,2.60658678,False,False,False,False,False,True,1,40,False,surfna_v2_v3_ccdcomplete128_redocking_3rep_20260828
PLANTS,plants,All128,Ruiz;Chen;Philips,1mwl,RNA,,rep2,rep2,40,5.55711796,5.37758684,5.37758684,4.88402877,3.17389938,False,False,False,False,False,False,1,40,False,surfna_v2_v3_ccdcomplete128_redocking_3rep_20260828
PLANTS,plants,All128,Philips,1nbk,RNA,,rep2,rep2,40,3.87731372,3.87731372,3.87731372,3.36970586,3.36970586,False,False,False,False,False,True,1,40,False,surfna_v2_v3_ccdcomplete128_redocking_3rep_20260828
PLANTS,plants,All128,Ruiz;Chen;Philips,1nem,RNA,,rep2,rep2,40,4.81778618,4.81778618,4.354665,4.354665,4.354665,False,False,False,False,False,True,1,40,False,surfna_v2_v3_ccdcomplete128_redocking_3rep_20260828
PLANTS,plants,All128,Ruiz,1nta,RNA,,rep2,rep2,40,2.95195474,1.85580326,1.85580326,1.85580326,1.85580326,False,True,True,True,True,True,1,40,False,surfna_v2_v3_ccdcomplete128_redocking_3rep_20260828
PLANTS,plants,All128,Ruiz;Chen,1ntb,RNA,,rep2,rep2,40,inf,inf,inf,inf,inf,False,False,False,False,False,False,0,0,True,surfna_v2_v3_ccdcomplete128_redocking_3rep_20260828
PLANTS,plants,All128,Yan,1nzm,DNA,,rep2,rep2,40,inf,inf,inf,inf,inf,False,False,False,False,False,False,0,0,True,surfna_v2_v3_ccdcomplete128_redocking_3rep_20260828
PLANTS,plants,All128,Ruiz,1o15,RNA,,rep2,rep2,40,3.61962608,0.69128682,0.69128682,0.69128682,0.69128682,False,True,True,True,True,True,1,40,False,surfna_v2_v3_ccdcomplete128_redocking_3rep_20260828
PLANTS,plants,All128,Ruiz,1o9m,RNA,,rep2,rep2,40,8.51566752,7.91700913,7.91700913,7.91700913,7.79839669,False,False,False,False,False,False,1,40,False,surfna_v2_v3_ccdcomplete128_redocking_3rep_20260828
PLANTS,plants,All128,Yan,1p96,DNA,,rep2,rep2,40,2.88421421,2.07692389,2.07692389,1.86338368,1.86338368,False,False,False,True,True,True,1,40,False,surfna_v2_v3_ccdcomplete128_redocking_3rep_20260828
PLANTS,plants,All128,Ruiz;Chen;Philips,1pbr,RNA,,rep2,rep2,40,4.29101859,4.29101859,4.29101859,3.03400994,3.03400994,False,False,False,False,False,True,1,40,False,surfna_v2_v3_ccdcomplete128_redocking_3rep_20260828
PLANTS,plants,All128,Yan;Ruiz;Chen;Philips,1q8n,RNA,,rep2,rep2,40,0.58097814,0.53686426,0.53686426,0.53686426,0.53686426,True,True,True,True,True,True,1,40,False,surfna_v2_v3_ccdcomplete128_redocking_3rep_20260828
PLANTS,plants,All128,Yan;Ruiz;Chen,1qd3,RNA,,rep2,rep2,40,4.66095032,4.66095032,4.66095032,4.66095032,4.66095032,False,False,False,False,False,True,1,40,False,surfna_v2_v3_ccdcomplete128_redocking_3rep_20260828
PLANTS,plants,All128,Yan,1qv4,DNA,,rep2,rep2,40,12.9113802,1.25884309,1.04096085,1.04096085,1.04096085,False,True,True,True,True,False,1,40,False,surfna_v2_v3_ccdcomplete128_redocking_3rep_20260828
PLANTS,plants,All128,Yan,1qv8,DNA,,rep2,rep2,40,2.63409597,1.38825612,1.38825612,1.38825612,1.3025751,False,True,True,True,True,True,1,40,False,surfna_v2_v3_ccdcomplete128_redocking_3rep_20260828
PLANTS,plants,All128,Yan,1r4e,DNA,,rep2,rep2,40,6.56706025,6.56706025,6.56706025,4.46642774,1.75299336,False,False,False,False,True,False,1,40,False,surfna_v2_v3_ccdcomplete128_redocking_3rep_20260828
PLANTS,plants,All128,Ruiz;Chen;Philips,1tob,RNA,,rep2,rep2,40,4.38627539,4.20559158,2.51346696,2.51346696,2.2600741,False,False,False,False,False,True,1,40,False,surfna_v2_v3_ccdcomplete128_redocking_3rep_20260828
PLANTS,plants,All128,Ruiz;Chen,1u8d,RNA,,rep2,rep2,40,0.34853835,0.34853835,0.34853835,0.34853835,0.34853835,True,True,True,True,True,True,1,40,False,surfna_v2_v3_ccdcomplete128_redocking_3rep_20260828
PLANTS,plants,All128,Yan;Ruiz;Philips,1uts,RNA,,rep2,rep2,40,7.84965133,4.12852014,4.06246674,3.58449359,3.03362597,False,False,False,False,False,False,1,40,False,surfna_v2_v3_ccdcomplete128_redocking_3rep_20260828
PLANTS,plants,All128,Yan;Ruiz;Chen;Philips,1uud,RNA,,rep2,rep2,40,6.94547481,6.94547481,6.94547481,6.94547481,6.02338991,False,False,False,False,False,False,1,40,False,surfna_v2_v3_ccdcomplete128_redocking_3rep_20260828
PLANTS,plants,All128,Ruiz;Philips,1uui,RNA,,rep2,rep2,40,6.85468788,6.66625276,6.02240294,6.02240294,5.30816704,False,False,False,False,False,False,1,40,False,surfna_v2_v3_ccdcomplete128_redocking_3rep_20260828
PLANTS,plants,All128,Philips,1xbp,RNA,,rep2,rep2,40,inf,inf,inf,inf,inf,False,False,False,False,False,False,0,0,True,surfna_v2_v3_ccdcomplete128_redocking_3rep_20260828
PLANTS,plants,All128,Ruiz;Philips,1xpf,RNA,,rep2,rep2,40,5.0562153,5.05085467,5.05085467,3.98924526,3.88251504,False,False,False,False,False,False,1,40,False,surfna_v2_v3_ccdcomplete128_redocking_3rep_20260828
PLANTS,plants,All128,Ruiz;Chen;Philips,1y26,RNA,,rep2,rep2,40,0.17401954,0.17401954,0.17401954,0.17401954,0.17401954,True,True,True,True,True,True,1,40,False,surfna_v2_v3_ccdcomplete128_redocking_3rep_20260828
PLANTS,plants,All128,Chen,1y27,RNA,,rep2,rep2,40,inf,inf,inf,inf,inf,False,False,False,False,False,False,0,0,True,surfna_v2_v3_ccdcomplete128_redocking_3rep_20260828
PLANTS,plants,All128,Yan;Chen,1ykv,RNA,,rep2,rep2,40,1.02683682,1.02683682,1.02683682,1.02683682,1.02683682,True,True,True,True,True,True,1,40,False,surfna_v2_v3_ccdcomplete128_redocking_3rep_20260828
PLANTS,plants,All128,Yan;Ruiz;Chen,1yrj,RNA,,rep2,rep2,40,9.40004124,5.71953268,5.71953268,5.71953268,3.59040986,False,False,False,False,False,False,1,40,False,surfna_v2_v3_ccdcomplete128_redocking_3rep_20260828
PLANTS,plants,All128,Chen,1zz5,RNA,,rep2,rep2,40,4.67999311,4.67999311,4.67999311,4.67999311,4.67999311,False,False,False,False,False,True,1,40,False,surfna_v2_v3_ccdcomplete128_redocking_3rep_20260828
PLANTS,plants,All128,Yan;Ruiz,2au4,RNA,,rep2,rep2,40,3.56747323,3.56747323,3.56747323,3.56747323,3.05462271,False,False,False,False,False,True,1,40,False,surfna_v2_v3_ccdcomplete128_redocking_3rep_20260828
PLANTS,plants,All128,Yan,2b57,RNA,,rep2,rep2,40,0.28339399,0.28339399,0.28339399,0.28339399,0.28339399,True,True,True,True,True,True,1,40,False,surfna_v2_v3_ccdcomplete128_redocking_3rep_20260828
PLANTS,plants,All128,Yan;Ruiz;Chen;Philips,2be0,RNA,,rep2,rep2,40,8.54841056,8.54841056,6.92921964,6.92921964,6.75626875,False,False,False,False,False,False,1,40,False,surfna_v2_v3_ccdcomplete128_redocking_3rep_20260828
PLANTS,plants,All128,Yan;Ruiz;Philips,2bee,RNA,,rep2,rep2,40,inf,inf,inf,inf,inf,False,False,False,False,False,False,0,0,True,surfna_v2_v3_ccdcomplete128_redocking_3rep_20260828
PLANTS,plants,All128,Yan,2d55,DNA,,rep2,rep2,40,9.06729077,4.50491169,4.50491169,4.50491169,4.50491169,False,False,False,False,False,False,1,40,False,surfna_v2_v3_ccdcomplete128_redocking_3rep_20260828
PLANTS,plants,All128,Chen,2esi,RNA,,rep2,rep2,40,8.23403526,5.62468429,5.62468429,5.62468429,5.28203023,False,False,False,False,False,False,1,40,False,surfna_v2_v3_ccdcomplete128_redocking_3rep_20260828
PLANTS,plants,All128,Ruiz,2esj,RNA,,rep2,rep2,40,7.27377029,7.27377029,7.27377029,7.27377029,5.60512671,False,False,False,False,False,False,1,40,False,surfna_v2_v3_ccdcomplete128_redocking_3rep_20260828
PLANTS,plants,All128,Ruiz,2et3,RNA,,rep2,rep2,40,5.82170274,5.82170274,5.82170274,5.82170274,5.30285869,False,False,False,False,False,False,1,40,False,surfna_v2_v3_ccdcomplete128_redocking_3rep_20260828
PLANTS,plants,All128,Ruiz,2et4,RNA,,rep2,rep2,40,6.94371433,6.94371433,6.44883648,6.44883648,2.98991892,False,False,False,False,False,False,1,40,False,surfna_v2_v3_ccdcomplete128_redocking_3rep_20260828
PLANTS,plants,All128,Ruiz;Chen;Philips,2et8,RNA,,rep2,rep2,40,1.48369174,1.48369174,1.48369174,1.48369174,1.48369174,True,True,True,True,True,True,1,40,False,surfna_v2_v3_ccdcomplete128_redocking_3rep_20260828
PLANTS,plants,All128,Ruiz,2f4s,RNA,,rep2,rep2,40,5.70125446,5.36330014,5.36330014,5.36330014,3.10796398,False,False,False,False,False,False,1,40,False,surfna_v2_v3_ccdcomplete128_redocking_3rep_20260828
PLANTS,plants,All128,Yan;Ruiz;Chen,2f4t,RNA,,rep2,rep2,40,8.52610191,8.25608879,4.31375215,4.31375215,3.38473706,False,False,False,False,False,False,1,40,False,surfna_v2_v3_ccdcomplete128_redocking_3rep_20260828
PLANTS,plants,All128,Yan;Ruiz;Philips,2f4u,RNA,,rep2,rep2,40,3.52716833,3.52716833,3.52716833,3.52716833,2.03404626,False,False,False,False,False,True,1,40,False,surfna_v2_v3_ccdcomplete128_redocking_3rep_20260828
PLANTS,plants,All128,Ruiz,2fcx,RNA,,rep2,rep2,40,8.24477582,6.39992446,5.94943637,5.54195304,1.46541986,False,False,False,False,True,False,1,40,False,surfna_v2_v3_ccdcomplete128_redocking_3rep_20260828
PLANTS,plants,All128,Ruiz,2fcy,RNA,,rep2,rep2,40,4.50530744,4.50530744,4.50530744,4.50530744,4.20023047,False,False,False,False,False,True,1,40,False,surfna_v2_v3_ccdcomplete128_redocking_3rep_20260828
PLANTS,plants,All128,Ruiz;Chen;Philips,2fcz,RNA,,rep2,rep2,40,6.37183955,6.26303084,6.26303084,5.47496409,4.55523686,False,False,False,False,False,False,1,40,False,surfna_v2_v3_ccdcomplete128_redocking_3rep_20260828
PLANTS,plants,All128,Ruiz;Chen;Philips,2fd0,RNA,,rep2,rep2,40,10.12395559,7.22194952,3.98105354,3.98105354,3.30177461,False,False,False,False,False,False,1,40,False,surfna_v2_v3_ccdcomplete128_redocking_3rep_20260828
PLANTS,plants,All128,Yan,2g5k,RNA,,rep2,rep2,40,10.31426968,7.08038293,3.09202476,3.09202476,3.09202476,False,False,False,False,False,False,1,40,False,surfna_v2_v3_ccdcomplete128_redocking_3rep_20260828
PLANTS,plants,All128,Ruiz;Chen;Philips,2g5q,RNA,,rep2,rep2,40,6.95896887,3.79956118,3.79956118,3.79956118,3.79956118,False,False,False,False,False,False,1,40,False,surfna_v2_v3_ccdcomplete128_redocking_3rep_20260828
PLANTS,plants,All128,Yan,2g9c,RNA,,rep2,rep2,40,0.24339023,0.24339023,0.24339023,0.24339023,0.24339023,True,True,True,True,True,True,1,40,False,surfna_v2_v3_ccdcomplete128_redocking_3rep_20260828
PLANTS,plants,All128,Chen;Philips,2gdi,RNA,,rep2,rep2,40,1.97801321,1.37742961,1.37742961,1.37742961,1.37742961,True,True,True,True,True,True,1,40,False,surfna_v2_v3_ccdcomplete128_redocking_3rep_20260828
PLANTS,plants,All128,Chen,2gis,RNA,,rep2,rep2,40,inf,inf,inf,inf,inf,False,False,False,False,False,False,0,0,True,surfna_v2_v3_ccdcomplete128_redocking_3rep_20260828
PLANTS,plants,All128,Ruiz,2juk,RNA,,rep2,rep2,40,8.52842477,7.6376076,7.6376076,7.44122802,5.4187258,False,False,False,False,False,False,1,40,False,surfna_v2_v3_ccdcomplete128_redocking_3rep_20260828
PLANTS,plants,All128,Yan,2jwq,DNA,,rep2,rep2,40,1.69310845,1.5296446,1.5296446,1.5296446,1.5296446,True,True,True,True,True,True,1,40,False,surfna_v2_v3_ccdcomplete128_redocking_3rep_20260828
PLANTS,plants,All128,Yan;Chen,2kgp,RNA,,rep2,rep2,40,5.8184007,5.38771867,5.38771867,5.38771867,5.08888872,False,False,False,False,False,False,1,40,False,surfna_v2_v3_ccdcomplete128_redocking_3rep_20260828
PLANTS,plants,All128,Yan;Chen,2ktz,RNA,,rep2,rep2,40,1.3962403,1.3962403,1.3962403,1.3962403,1.2005672,True,True,True,True,True,True,1,40,False,surfna_v2_v3_ccdcomplete128_redocking_3rep_20260828
PLANTS,plants,All128,Yan;Chen,2ku0,RNA,,rep2,rep2,40,6.64308434,2.39502518,1.01750153,1.01750153,1.01750153,False,False,True,True,True,False,1,40,False,surfna_v2_v3_ccdcomplete128_redocking_3rep_20260828
PLANTS,plants,All128,Yan,2l94,RNA,,rep2,rep2,40,4.81743967,4.81743967,4.81743967,4.12623154,2.95839569,False,False,False,False,False,True,1,40,False,surfna_v2_v3_ccdcomplete128_redocking_3rep_20260828
PLANTS,plants,All128,Yan,2loa,DNA,,rep2,rep2,40,7.22929508,7.22929508,5.98862559,5.85130509,3.70195585,False,False,False,False,False,False,1,40,False,surfna_v2_v3_ccdcomplete128_redocking_3rep_20260828
PLANTS,plants,All128,Yan,2mb3,DNA,,rep2,rep2,40,6.20143452,6.02442937,6.02442937,6.02442937,5.58173413,False,False,False,False,False,False,1,40,False,surfna_v2_v3_ccdcomplete128_redocking_3rep_20260828
PLANTS,plants,All128,Ruiz;Chen,2o3v,RNA,,rep2,rep2,40,8.35946076,4.99077063,4.99077063,3.52431504,3.09936614,False,False,False,False,False,False,1,40,False,surfna_v2_v3_ccdcomplete128_redocking_3rep_20260828
PLANTS,plants,All128,Yan;Ruiz,2o3w,RNA,,rep2,rep2,40,7.79307018,7.79307018,7.79307018,4.79882609,4.23220288,False,False,False,False,False,False,1,40,False,surfna_v2_v3_ccdcomplete128_redocking_3rep_20260828
PLANTS,plants,All128,Yan;Ruiz;Philips,2o3x,RNA,,rep2,rep2,40,7.1899551,6.3313228,6.08875588,5.49668233,3.60788938,False,False,False,False,False,False,1,40,False,surfna_v2_v3_ccdcomplete128_redocking_3rep_20260828
PLANTS,plants,All128,Ruiz;Philips,2oe5,RNA,,rep2,rep2,40,9.47855168,5.09965888,4.34402316,4.2020239,3.42135252,False,False,False,False,False,False,1,40,False,surfna_v2_v3_ccdcomplete128_redocking_3rep_20260828
PLANTS,plants,All128,Ruiz;Chen,2oe8,RNA,,rep2,rep2,40,9.43400537,5.18680486,2.48913178,2.48913178,2.48913178,False,False,False,False,False,False,1,40,False,surfna_v2_v3_ccdcomplete128_redocking_3rep_20260828
PLANTS,plants,All128,Philips,2ogn,RNA,,rep2,rep2,40,inf,inf,inf,inf,inf,False,False,False,False,False,False,0,0,True,surfna_v2_v3_ccdcomplete128_redocking_3rep_20260828
PLANTS,plants,All128,Chen;Philips,2pwt,RNA,,rep2,rep2,40,10.24280878,9.69893679,4.33506308,4.33506308,4.33506308,False,False,False,False,False,False,1,40,False,surfna_v2_v3_ccdcomplete128_redocking_3rep_20260828
PLANTS,plants,All128,Ruiz;Chen;Philips,2tob,RNA,,rep2,rep2,40,4.21755888,4.21755888,3.74980505,3.74980505,3.74980505,False,False,False,False,False,True,1,40,False,surfna_v2_v3_ccdcomplete128_redocking_3rep_20260828
PLANTS,plants,All128,Yan,2xnw,RNA,,rep2,rep2,40,3.69598862,0.39235743,0.39235743,0.39235743,0.39235743,False,True,True,True,True,True,1,40,False,surfna_v2_v3_ccdcomplete128_redocking_3rep_20260828
PLANTS,plants,All128,Yan,2xnz,RNA,,rep2,rep2,40,0.26921539,0.26921539,0.26921539,0.26921539,0.26921539,True,True,True,True,True,True,1,40,False,surfna_v2_v3_ccdcomplete128_redocking_3rep_20260828
PLANTS,plants,All128,Yan,2xo0,RNA,,rep2,rep2,40,2.26254706,0.43476931,0.43476931,0.43476931,0.43476931,False,True,True,True,True,True,1,40,False,surfna_v2_v3_ccdcomplete128_redocking_3rep_20260828
PLANTS,plants,All128,Yan,2xo1,RNA,,rep2,rep2,40,0.30115896,0.30115896,0.30115896,0.30115896,0.30115896,True,True,True,True,True,True,1,40,False,surfna_v2_v3_ccdcomplete128_redocking_3rep_20260828
PLANTS,plants,All128,Yan,2ydh,RNA,,rep2,rep2,40,1.43833944,1.43833944,1.43833944,1.43833944,1.23742432,True,True,True,True,True,True,1,40,False,surfna_v2_v3_ccdcomplete128_redocking_3rep_20260828
PLANTS,plants,All128,Yan,2ygh,RNA,,rep2,rep2,40,1.05770268,1.05770268,1.05770268,1.05770268,1.05770268,True,True,True,True,True,True,1,40,False,surfna_v2_v3_ccdcomplete128_redocking_3rep_20260828
PLANTS,plants,All128,Yan,316d,DNA,,rep2,rep2,40,7.09182302,6.64369696,5.88458283,5.84188645,4.83587507,False,False,False,False,False,False,1,40,False,surfna_v2_v3_ccdcomplete128_redocking_3rep_20260828
PLANTS,plants,All128,Ruiz,3c44,RNA,,rep2,rep2,40,5.61046727,5.61046727,5.61046727,5.61046727,3.28695664,False,False,False,False,False,False,1,40,False,surfna_v2_v3_ccdcomplete128_redocking_3rep_20260828
PLANTS,plants,All128,Philips,3d2x,RNA,,rep2,rep2,40,inf,inf,inf,inf,inf,False,False,False,False,False,False,0,0,True,surfna_v2_v3_ccdcomplete128_redocking_3rep_20260828
PLANTS,plants,All128,Chen,3dil,RNA,,rep2,rep2,40,1.64104882,0.9402404,0.9402404,0.9402404,0.9402404,True,True,True,True,True,True,1,40,False,surfna_v2_v3_ccdcomplete128_redocking_3rep_20260828
PLANTS,plants,All128,Yan,3ds7,RNA,,rep2,rep2,40,inf,inf,inf,inf,inf,False,False,False,False,False,False,0,0,True,surfna_v2_v3_ccdcomplete128_redocking_3rep_20260828
PLANTS,plants,All128,Chen,3dvv,RNA,,rep2,rep2,40,7.47938366,5.4138471,4.12615801,3.71980651,3.29705928,False,False,False,False,False,False,1,40,False,surfna_v2_v3_ccdcomplete128_redocking_3rep_20260828
PLANTS,plants,All128,Yan,3e5c,RNA,,rep2,rep2,40,2.08413695,1.10922401,1.10922401,1.10922401,1.10922401,False,True,True,True,True,True,1,40,False,surfna_v2_v3_ccdcomplete128_redocking_3rep_20260828
PLANTS,plants,All128,Chen,3f2q,RNA,,rep2,rep2,40,0.42370716,0.42370716,0.42370716,0.42370716,0.42370716,True,True,True,True,True,True,1,40,False,surfna_v2_v3_ccdcomplete128_redocking_3rep_20260828
PLANTS,plants,All128,Yan,3fo4,RNA,,rep2,rep2,40,0.31369626,0.31369626,0.31369626,0.31369626,0.31369626,True,True,True,True,True,True,1,40,False,surfna_v2_v3_ccdcomplete128_redocking_3rep_20260828
PLANTS,plants,All128,Yan,3fo6,RNA,,rep2,rep2,40,0.22154773,0.22154773,0.22154773,0.22154773,0.22154773,True,True,True,True,True,True,1,40,False,surfna_v2_v3_ccdcomplete128_redocking_3rep_20260828
PLANTS,plants,All128,Yan,3gao,RNA,,rep2,rep2,40,2.81386744,0.28863374,0.28863374,0.28863374,0.28863374,False,True,True,True,True,True,1,40,False,surfna_v2_v3_ccdcomplete128_redocking_3rep_20260828
PLANTS,plants,All128,Yan,3ger,RNA,,rep2,rep2,40,0.30522255,0.30522255,0.30522255,0.30522255,0.30522255,True,True,True,True,True,True,1,40,False,surfna_v2_v3_ccdcomplete128_redocking_3rep_20260828
PLANTS,plants,All128,Yan,3ges,RNA,,rep2,rep2,40,0.86555354,0.86555354,0.86555354,0.86555354,0.86555354,True,True,True,True,True,True,1,40,False,surfna_v2_v3_ccdcomplete128_redocking_3rep_20260828
PLANTS,plants,All128,Yan,3gog,RNA,,rep2,rep2,40,0.12247445,0.12247445,0.12247445,0.12247445,0.12247445,True,True,True,True,True,True,1,40,False,surfna_v2_v3_ccdcomplete128_redocking_3rep_20260828
PLANTS,plants,All128,Yan,3got,RNA,,rep2,rep2,40,0.1666564,0.1666564,0.1666564,0.1666564,0.1666564,True,True,True,True,True,True,1,40,False,surfna_v2_v3_ccdcomplete128_redocking_3rep_20260828
PLANTS,plants,All128,Chen;Philips,3gx2,RNA,,rep2,rep2,40,1.13205454,1.13205454,1.13205454,1.13205454,1.13205454,True,True,True,True,True,True,1,40,False,surfna_v2_v3_ccdcomplete128_redocking_3rep_20260828
PLANTS,plants,All128,Chen,3gx3,RNA,,rep2,rep2,40,1.60962166,1.60962166,1.60962166,1.60962166,0.66000477,True,True,True,True,True,True,1,40,False,surfna_v2_v3_ccdcomplete128_redocking_3rep_20260828
PLANTS,plants,All128,Chen,3gx5,RNA,,rep2,rep2,40,1.64652071,1.30538463,1.30538463,1.30538463,1.30538463,True,True,True,True,True,True,1,40,False,surfna_v2_v3_ccdcomplete128_redocking_3rep_20260828
PLANTS,plants,All128,Chen,3gx7,RNA,,rep2,rep2,40,0.80831724,0.80831724,0.80831724,0.80831724,0.80831724,True,True,True,True,True,True,1,40,False,surfna_v2_v3_ccdcomplete128_redocking_3rep_20260828
PLANTS,plants,All128,Yan;Chen,3la5,RNA,,rep2,rep2,40,2.36065354,2.30219032,0.51563878,0.51563878,0.51563878,False,False,True,True,True,True,1,40,False,surfna_v2_v3_ccdcomplete128_redocking_3rep_20260828
PLANTS,plants,All128,Yan,3mum,RNA,,rep2,rep2,40,7.589348,6.93167103,6.93167103,6.93167103,6.93167103,False,False,False,False,False,False,1,40,False,surfna_v2_v3_ccdcomplete128_redocking_3rep_20260828
PLANTS,plants,All128,Yan,3mur,RNA,,rep2,rep2,40,7.28215105,7.05780858,7.05780858,7.05780858,6.97654092,False,False,False,False,False,False,1,40,False,surfna_v2_v3_ccdcomplete128_redocking_3rep_20260828
PLANTS,plants,All128,Yan,3mxh,RNA,,rep2,rep2,40,7.08557543,7.08557543,7.08557543,7.08557543,7.08557543,False,False,False,False,False,False,1,40,False,surfna_v2_v3_ccdcomplete128_redocking_3rep_20260828
PLANTS,plants,All128,Yan,3npn,RNA,,rep2,rep2,40,7.63016803,7.63016803,7.3998714,7.3998714,3.91640627,False,False,False,False,False,False,1,40,False,surfna_v2_v3_ccdcomplete128_redocking_3rep_20260828
PLANTS,plants,All128,Chen,3npq,RNA,,rep2,rep2,40,0.92481485,0.92481485,0.92481485,0.92481485,0.92481485,True,True,True,True,True,True,1,40,False,surfna_v2_v3_ccdcomplete128_redocking_3rep_20260828
PLANTS,plants,All128,Yan,3owz,RNA,,rep2,rep2,40,inf,inf,inf,inf,inf,False,False,False,False,False,False,0,0,True,surfna_v2_v3_ccdcomplete128_redocking_3rep_20260828
PLANTS,plants,All128,Yan;Chen,3q3z,RNA,,rep2,rep2,40,5.27615906,4.72839288,4.72839288,4.72839288,4.72839288,False,False,False,False,False,False,1,40,False,surfna_v2_v3_ccdcomplete128_redocking_3rep_20260828
PLANTS,plants,All128,Yan,3q50,RNA,,rep2,rep2,40,0.67417897,0.67417897,0.67417897,0.67417897,0.67417897,True,True,True,True,True,True,1,40,False,surfna_v2_v3_ccdcomplete128_redocking_3rep_20260828
PLANTS,plants,All128,Yan,3s4p,RNA,,rep2,rep2,40,10.00732434,10.00732434,8.03361242,8.03361242,8.03361242,False,False,False,False,False,False,1,40,False,surfna_v2_v3_ccdcomplete128_redocking_3rep_20260828
PLANTS,plants,All128,Yan,3slm,RNA,,rep2,rep2,40,1.39182234,0.93212356,0.93212356,0.93212356,0.93212356,True,True,True,True,True,True,1,40,False,surfna_v2_v3_ccdcomplete128_redocking_3rep_20260828
PLANTS,plants,All128,Yan,407d,DNA,,rep2,rep2,40,inf,inf,inf,inf,inf,False,False,False,False,False,False,0,0,True,surfna_v2_v3_ccdcomplete128_redocking_3rep_20260828
PLANTS,plants,All128,Yan,408d,DNA,,rep2,rep2,40,14.7858559,5.55300891,5.55300891,5.55300891,5.55300891,False,False,False,False,False,False,1,40,False,surfna_v2_v3_ccdcomplete128_redocking_3rep_20260828
PLANTS,plants,All128,Yan,4aob,RNA,,rep2,rep2,40,1.91909443,1.91909443,1.91909443,1.16418941,1.16418941,True,True,True,True,True,True,1,40,False,surfna_v2_v3_ccdcomplete128_redocking_3rep_20260828
PLANTS,plants,All128,Yan,4erj,RNA,,rep2,rep2,40,1.43565351,1.43565351,1.43565351,1.23018159,1.23018159,True,True,True,True,True,True,1,40,False,surfna_v2_v3_ccdcomplete128_redocking_3rep_20260828
PLANTS,plants,All128,Yan,4fe5,RNA,,rep2,rep2,40,0.27107244,0.27107244,0.27107244,0.27107244,0.27107244,True,True,True,True,True,True,1,40,False,surfna_v2_v3_ccdcomplete128_redocking_3rep_20260828
PLANTS,plants,All128,Yan,4jf2,RNA,,rep2,rep2,40,0.27777094,0.27777094,0.27777094,0.27777094,0.27777094,True,True,True,True,True,True,1,40,False,surfna_v2_v3_ccdcomplete128_redocking_3rep_20260828
PLANTS,plants,All128,Yan,4kqy,RNA,,rep2,rep2,40,1.10668501,1.10668501,1.10668501,1.10668501,1.10668501,True,True,True,True,True,True,1,40,False,surfna_v2_v3_ccdcomplete128_redocking_3rep_20260828
PLANTS,plants,All128,Yan,4lvv,RNA,,rep2,rep2,40,6.59546593,6.59546593,2.45824118,2.45824118,1.32150348,False,False,False,False,True,False,1,40,False,surfna_v2_v3_ccdcomplete128_redocking_3rep_20260828
PLANTS,plants,All128,Ruiz;Chen;Philips,1am0,RNA,,rep3,rep3,40,2.15626899,2.08595289,2.08595289,2.08595289,1.72926411,False,False,False,False,True,True,1,40,False,surfna_v2_v3_ccdcomplete128_redocking_3rep_20260828
PLANTS,plants,All128,Yan,1arj,RNA,,rep3,rep3,40,5.78015879,4.51950056,4.39531087,4.39531087,3.34516266,False,False,False,False,False,False,1,40,False,surfna_v2_v3_ccdcomplete128_redocking_3rep_20260828
PLANTS,plants,All128,Yan;Ruiz;Chen;Philips,1byj,RNA,,rep3,rep3,40,3.15564072,3.15564072,3.15564072,3.15564072,3.15564072,False,False,False,False,False,True,1,40,False,surfna_v2_v3_ccdcomplete128_redocking_3rep_20260828
PLANTS,plants,All128,Yan,1cvx,DNA,,rep3,rep3,40,6.30772135,6.30772135,5.92971131,5.92971131,4.0356442,False,False,False,False,False,False,1,40,False,surfna_v2_v3_ccdcomplete128_redocking_3rep_20260828
PLANTS,plants,All128,Yan,1cvy,DNA,,rep3,rep3,40,5.0488473,2.12434722,2.12434722,2.12434722,1.97623261,False,False,False,False,True,False,1,40,False,surfna_v2_v3_ccdcomplete128_redocking_3rep_20260828
PLANTS,plants,All128,Yan,1db6,DNA,,rep3,rep3,40,4.78999381,3.50127046,3.50127046,1.26419415,1.26419415,False,False,False,True,True,True,1,40,False,surfna_v2_v3_ccdcomplete128_redocking_3rep_20260828
PLANTS,plants,All128,Ruiz;Chen;Philips,1eht,RNA,,rep3,rep3,40,2.10528941,1.26013356,1.26013356,1.26013356,1.26013356,False,True,True,True,True,True,1,40,False,surfna_v2_v3_ccdcomplete128_redocking_3rep_20260828
PLANTS,plants,All128,Ruiz;Chen;Philips,1ei2,RNA,,rep3,rep3,40,7.75031547,7.69592735,7.22151437,7.0376627,6.29367121,False,False,False,False,False,False,1,40,False,surfna_v2_v3_ccdcomplete128_redocking_3rep_20260828
PLANTS,plants,All128,Yan;Ruiz;Chen;Philips,1f1t,RNA,,rep3,rep3,40,0.49843602,0.4891735,0.4891735,0.4891735,0.4891735,True,True,True,True,True,True,1,40,False,surfna_v2_v3_ccdcomplete128_redocking_3rep_20260828
PLANTS,plants,All128,Yan;Ruiz;Chen;Philips,1f27,RNA,,rep3,rep3,40,1.96682525,1.17991915,1.17991915,1.17991915,1.17991915,True,True,True,True,True,True,1,40,False,surfna_v2_v3_ccdcomplete128_redocking_3rep_20260828
PLANTS,plants,All128,Philips,1fjg,RNA,,rep3,rep3,40,inf,inf,inf,inf,inf,False,False,False,False,False,False,0,0,True,surfna_v2_v3_ccdcomplete128_redocking_3rep_20260828
PLANTS,plants,All128,Ruiz;Chen;Philips,1fmn,RNA,,rep3,rep3,40,1.75369353,1.75369353,1.17006288,1.17006288,1.17006288,True,True,True,True,True,True,1,40,False,surfna_v2_v3_ccdcomplete128_redocking_3rep_20260828
PLANTS,plants,All128,Yan;Ruiz;Chen;Philips,1fyp,RNA,,rep3,rep3,40,5.17632678,5.17632678,4.89315903,4.64312277,3.46772717,False,False,False,False,False,False,1,40,False,surfna_v2_v3_ccdcomplete128_redocking_3rep_20260828
PLANTS,plants,All128,Philips,1hnw,RNA,,rep3,rep3,40,inf,inf,inf,inf,inf,False,False,False,False,False,False,0,0,True,surfna_v2_v3_ccdcomplete128_redocking_3rep_20260828
PLANTS,plants,All128,Yan,1i9v,RNA,,rep3,rep3,40,10.34479144,8.12876194,7.40433763,7.21354201,5.88075716,False,False,False,False,False,False,1,40,False,surfna_v2_v3_ccdcomplete128_redocking_3rep_20260828
PLANTS,plants,All128,Ruiz;Chen;Philips,1j7t,RNA,,rep3,rep3,40,9.62701654,6.90755424,6.34000569,5.45335323,4.93139694,False,False,False,False,False,False,1,40,False,surfna_v2_v3_ccdcomplete128_redocking_3rep_20260828
PLANTS,plants,All128,Ruiz;Chen;Philips,1koc,RNA,,rep3,rep3,40,4.03004172,2.84731902,1.87549295,1.87549295,1.87549295,False,False,True,True,True,True,1,40,False,surfna_v2_v3_ccdcomplete128_redocking_3rep_20260828
PLANTS,plants,All128,Ruiz;Chen,1lc4,RNA,,rep3,rep3,40,6.90025565,5.42911723,5.42911723,3.46862699,3.46862699,False,False,False,False,False,False,1,40,False,surfna_v2_v3_ccdcomplete128_redocking_3rep_20260828
PLANTS,plants,All128,Ruiz;Chen,1lvj,RNA,,rep3,rep3,40,8.01370956,5.93140848,5.93140848,4.96516344,2.80498937,False,False,False,False,False,False,1,40,False,surfna_v2_v3_ccdcomplete128_redocking_3rep_20260828
PLANTS,plants,All128,Ruiz;Chen;Philips,1mwl,RNA,,rep3,rep3,40,8.66253704,8.56519806,8.56519806,6.66074116,4.89719648,False,False,False,False,False,False,1,40,False,surfna_v2_v3_ccdcomplete128_redocking_3rep_20260828
PLANTS,plants,All128,Philips,1nbk,RNA,,rep3,rep3,40,3.8806561,3.8806561,3.8806561,3.87504671,3.52498138,False,False,False,False,False,True,1,40,False,surfna_v2_v3_ccdcomplete128_redocking_3rep_20260828
PLANTS,plants,All128,Ruiz;Chen;Philips,1nem,RNA,,rep3,rep3,40,3.76792541,3.76792541,3.76792541,3.76792541,3.09522608,False,False,False,False,False,True,1,40,False,surfna_v2_v3_ccdcomplete128_redocking_3rep_20260828
PLANTS,plants,All128,Ruiz,1nta,RNA,,rep3,rep3,40,7.14525117,4.75979643,4.75979643,3.16221441,3.16221441,False,False,False,False,False,False,1,40,False,surfna_v2_v3_ccdcomplete128_redocking_3rep_20260828
PLANTS,plants,All128,Ruiz;Chen,1ntb,RNA,,rep3,rep3,40,inf,inf,inf,inf,inf,False,False,False,False,False,False,0,0,True,surfna_v2_v3_ccdcomplete128_redocking_3rep_20260828
PLANTS,plants,All128,Yan,1nzm,DNA,,rep3,rep3,40,inf,inf,inf,inf,inf,False,False,False,False,False,False,0,0,True,surfna_v2_v3_ccdcomplete128_redocking_3rep_20260828
PLANTS,plants,All128,Ruiz,1o15,RNA,,rep3,rep3,40,3.62078026,0.69340615,0.69340615,0.69340615,0.69340615,False,True,True,True,True,True,1,40,False,surfna_v2_v3_ccdcomplete128_redocking_3rep_20260828
PLANTS,plants,All128,Ruiz,1o9m,RNA,,rep3,rep3,40,8.95454866,8.43958151,8.43958151,8.24656175,3.83086882,False,False,False,False,False,False,1,40,False,surfna_v2_v3_ccdcomplete128_redocking_3rep_20260828
PLANTS,plants,All128,Yan,1p96,DNA,,rep3,rep3,40,7.38505939,2.37717919,2.37717919,2.37717919,1.53473325,False,False,False,False,True,False,1,40,False,surfna_v2_v3_ccdcomplete128_redocking_3rep_20260828
PLANTS,plants,All128,Ruiz;Chen;Philips,1pbr,RNA,,rep3,rep3,40,5.06616023,5.06616023,4.28462954,4.14628553,4.07354858,False,False,False,False,False,False,1,40,False,surfna_v2_v3_ccdcomplete128_redocking_3rep_20260828
PLANTS,plants,All128,Yan;Ruiz;Chen;Philips,1q8n,RNA,,rep3,rep3,40,0.7812447,0.52448508,0.52448508,0.52448508,0.52448508,True,True,True,True,True,True,1,40,False,surfna_v2_v3_ccdcomplete128_redocking_3rep_20260828
PLANTS,plants,All128,Yan;Ruiz;Chen,1qd3,RNA,,rep3,rep3,40,9.48549893,7.18781335,7.18781335,7.18781335,4.4151516,False,False,False,False,False,False,1,40,False,surfna_v2_v3_ccdcomplete128_redocking_3rep_20260828
PLANTS,plants,All128,Yan,1qv4,DNA,,rep3,rep3,40,0.88039505,0.88039505,0.88039505,0.88039505,0.88039505,True,True,True,True,True,True,1,40,False,surfna_v2_v3_ccdcomplete128_redocking_3rep_20260828
PLANTS,plants,All128,Yan,1qv8,DNA,,rep3,rep3,40,2.60323042,2.60323042,1.36436781,1.36436781,1.36436781,False,False,True,True,True,True,1,40,False,surfna_v2_v3_ccdcomplete128_redocking_3rep_20260828
PLANTS,plants,All128,Yan,1r4e,DNA,,rep3,rep3,40,6.52288986,6.52288986,6.52288986,1.8274907,1.8274907,False,False,False,True,True,False,1,40,False,surfna_v2_v3_ccdcomplete128_redocking_3rep_20260828
PLANTS,plants,All128,Ruiz;Chen;Philips,1tob,RNA,,rep3,rep3,40,4.75850076,2.90372491,2.90372491,2.90372491,2.90372491,False,False,False,False,False,True,1,40,False,surfna_v2_v3_ccdcomplete128_redocking_3rep_20260828
PLANTS,plants,All128,Ruiz;Chen,1u8d,RNA,,rep3,rep3,40,0.31425195,0.31425195,0.31425195,0.31425195,0.31425195,True,True,True,True,True,True,1,40,False,surfna_v2_v3_ccdcomplete128_redocking_3rep_20260828
PLANTS,plants,All128,Yan;Ruiz;Philips,1uts,RNA,,rep3,rep3,40,3.94277339,3.94277339,3.94277339,3.58144875,3.36040784,False,False,False,False,False,True,1,40,False,surfna_v2_v3_ccdcomplete128_redocking_3rep_20260828
PLANTS,plants,All128,Yan;Ruiz;Chen;Philips,1uud,RNA,,rep3,rep3,40,6.77786249,5.22507191,5.22507191,5.22507191,5.22507191,False,False,False,False,False,False,1,40,False,surfna_v2_v3_ccdcomplete128_redocking_3rep_20260828
PLANTS,plants,All128,Ruiz;Philips,1uui,RNA,,rep3,rep3,40,6.42607592,6.42607592,6.16263297,4.96409999,4.01513924,False,False,False,False,False,False,1,40,False,surfna_v2_v3_ccdcomplete128_redocking_3rep_20260828
PLANTS,plants,All128,Philips,1xbp,RNA,,rep3,rep3,40,inf,inf,inf,inf,inf,False,False,False,False,False,False,0,0,True,surfna_v2_v3_ccdcomplete128_redocking_3rep_20260828
PLANTS,plants,All128,Ruiz;Philips,1xpf,RNA,,rep3,rep3,40,5.08560271,5.08560271,5.08560271,5.05545865,4.28798881,False,False,False,False,False,False,1,40,False,surfna_v2_v3_ccdcomplete128_redocking_3rep_20260828
PLANTS,plants,All128,Ruiz;Chen;Philips,1y26,RNA,,rep3,rep3,40,0.27220152,0.27220152,0.27220152,0.27220152,0.27220152,True,True,True,True,True,True,1,40,False,surfna_v2_v3_ccdcomplete128_redocking_3rep_20260828
PLANTS,plants,All128,Chen,1y27,RNA,,rep3,rep3,40,inf,inf,inf,inf,inf,False,False,False,False,False,False,0,0,True,surfna_v2_v3_ccdcomplete128_redocking_3rep_20260828
PLANTS,plants,All128,Yan;Chen,1ykv,RNA,,rep3,rep3,40,0.78639949,0.78639949,0.78639949,0.78639949,0.78639949,True,True,True,True,True,True,1,40,False,surfna_v2_v3_ccdcomplete128_redocking_3rep_20260828
PLANTS,plants,All128,Yan;Ruiz;Chen,1yrj,RNA,,rep3,rep3,40,7.52132806,7.43658942,6.77045433,4.36650067,4.16855739,False,False,False,False,False,False,1,40,False,surfna_v2_v3_ccdcomplete128_redocking_3rep_20260828
PLANTS,plants,All128,Chen,1zz5,RNA,,rep3,rep3,40,9.26869854,9.07123073,7.68727881,4.00415552,3.47544737,False,False,False,False,False,False,1,40,False,surfna_v2_v3_ccdcomplete128_redocking_3rep_20260828
PLANTS,plants,All128,Yan;Ruiz,2au4,RNA,,rep3,rep3,40,5.8529506,3.1854909,3.1854909,3.1854909,3.1854909,False,False,False,False,False,False,1,40,False,surfna_v2_v3_ccdcomplete128_redocking_3rep_20260828
PLANTS,plants,All128,Yan,2b57,RNA,,rep3,rep3,40,0.28375136,0.28375136,0.28375136,0.28375136,0.28375136,True,True,True,True,True,True,1,40,False,surfna_v2_v3_ccdcomplete128_redocking_3rep_20260828
PLANTS,plants,All128,Yan;Ruiz;Chen;Philips,2be0,RNA,,rep3,rep3,40,7.7090744,5.15406471,5.15406471,5.15406471,4.88525025,False,False,False,False,False,False,1,40,False,surfna_v2_v3_ccdcomplete128_redocking_3rep_20260828
PLANTS,plants,All128,Yan;Ruiz;Philips,2bee,RNA,,rep3,rep3,40,inf,inf,inf,inf,inf,False,False,False,False,False,False,0,0,True,surfna_v2_v3_ccdcomplete128_redocking_3rep_20260828
PLANTS,plants,All128,Yan,2d55,DNA,,rep3,rep3,40,10.29778591,9.7567059,4.07289922,3.78188292,3.77060087,False,False,False,False,False,False,1,40,False,surfna_v2_v3_ccdcomplete128_redocking_3rep_20260828
PLANTS,plants,All128,Chen,2esi,RNA,,rep3,rep3,40,5.5611833,3.27573769,3.27573769,3.27573769,3.27573769,False,False,False,False,False,False,1,40,False,surfna_v2_v3_ccdcomplete128_redocking_3rep_20260828
PLANTS,plants,All128,Ruiz,2esj,RNA,,rep3,rep3,40,8.43848611,6.81305946,6.81305946,6.17294328,6.03544788,False,False,False,False,False,False,1,40,False,surfna_v2_v3_ccdcomplete128_redocking_3rep_20260828
PLANTS,plants,All128,Ruiz,2et3,RNA,,rep3,rep3,40,9.76051739,3.05577393,3.05577393,3.05577393,3.05577393,False,False,False,False,False,False,1,40,False,surfna_v2_v3_ccdcomplete128_redocking_3rep_20260828
PLANTS,plants,All128,Ruiz,2et4,RNA,,rep3,rep3,40,9.12467746,9.12467746,6.35906625,5.5974531,4.52855146,False,False,False,False,False,False,1,40,False,surfna_v2_v3_ccdcomplete128_redocking_3rep_20260828
PLANTS,plants,All128,Ruiz;Chen;Philips,2et8,RNA,,rep3,rep3,40,1.55210777,1.55210777,1.55210777,1.55210777,1.55210777,True,True,True,True,True,True,1,40,False,surfna_v2_v3_ccdcomplete128_redocking_3rep_20260828
PLANTS,plants,All128,Ruiz,2f4s,RNA,,rep3,rep3,40,5.17212813,1.64906195,1.64906195,1.64906195,1.64906195,False,True,True,True,True,False,1,40,False,surfna_v2_v3_ccdcomplete128_redocking_3rep_20260828
PLANTS,plants,All128,Yan;Ruiz;Chen,2f4t,RNA,,rep3,rep3,40,2.48565198,2.48565198,2.48565198,2.48565198,2.28761534,False,False,False,False,False,True,1,40,False,surfna_v2_v3_ccdcomplete128_redocking_3rep_20260828
PLANTS,plants,All128,Yan;Ruiz;Philips,2f4u,RNA,,rep3,rep3,40,10.13895958,9.44126523,7.87354443,3.30480163,3.30480163,False,False,False,False,False,False,1,40,False,surfna_v2_v3_ccdcomplete128_redocking_3rep_20260828
PLANTS,plants,All128,Ruiz,2fcx,RNA,,rep3,rep3,40,7.12264978,3.59454193,3.59454193,3.59454193,2.55083306,False,False,False,False,False,False,1,40,False,surfna_v2_v3_ccdcomplete128_redocking_3rep_20260828
PLANTS,plants,All128,Ruiz,2fcy,RNA,,rep3,rep3,40,9.11965031,6.82939467,6.82939467,6.71339634,5.38183497,False,False,False,False,False,False,1,40,False,surfna_v2_v3_ccdcomplete128_redocking_3rep_20260828
PLANTS,plants,All128,Ruiz;Chen;Philips,2fcz,RNA,,rep3,rep3,40,6.95080326,5.75218162,5.53512197,3.60047119,3.01195085,False,False,False,False,False,False,1,40,False,surfna_v2_v3_ccdcomplete128_redocking_3rep_20260828
PLANTS,plants,All128,Ruiz;Chen;Philips,2fd0,RNA,,rep3,rep3,40,11.23326345,6.5536539,6.46049135,5.42744068,5.16238214,False,False,False,False,False,False,1,40,False,surfna_v2_v3_ccdcomplete128_redocking_3rep_20260828
PLANTS,plants,All128,Yan,2g5k,RNA,,rep3,rep3,40,10.03617164,8.70026873,6.75068981,6.42462149,5.60994122,False,False,False,False,False,False,1,40,False,surfna_v2_v3_ccdcomplete128_redocking_3rep_20260828
PLANTS,plants,All128,Ruiz;Chen;Philips,2g5q,RNA,,rep3,rep3,40,7.19106654,7.19106654,6.53780572,4.51636803,3.87008463,False,False,False,False,False,False,1,40,False,surfna_v2_v3_ccdcomplete128_redocking_3rep_20260828
PLANTS,plants,All128,Yan,2g9c,RNA,,rep3,rep3,40,0.24124171,0.24124171,0.24124171,0.24124171,0.24124171,True,True,True,True,True,True,1,40,False,surfna_v2_v3_ccdcomplete128_redocking_3rep_20260828
PLANTS,plants,All128,Chen;Philips,2gdi,RNA,,rep3,rep3,40,1.8919454,1.8919454,1.8919454,1.8919454,1.05061836,True,True,True,True,True,True,1,40,False,surfna_v2_v3_ccdcomplete128_redocking_3rep_20260828
PLANTS,plants,All128,Chen,2gis,RNA,,rep3,rep3,40,inf,inf,inf,inf,inf,False,False,False,False,False,False,0,0,True,surfna_v2_v3_ccdcomplete128_redocking_3rep_20260828
PLANTS,plants,All128,Ruiz,2juk,RNA,,rep3,rep3,40,8.86025824,7.09459058,7.09459058,5.89560642,5.71521831,False,False,False,False,False,False,1,40,False,surfna_v2_v3_ccdcomplete128_redocking_3rep_20260828
PLANTS,plants,All128,Yan,2jwq,DNA,,rep3,rep3,40,1.83471586,1.02728217,1.02728217,1.02728217,1.02728217,True,True,True,True,True,True,1,40,False,surfna_v2_v3_ccdcomplete128_redocking_3rep_20260828
PLANTS,plants,All128,Yan;Chen,2kgp,RNA,,rep3,rep3,40,5.53668094,5.53668094,5.53668094,5.31759963,5.04342596,False,False,False,False,False,False,1,40,False,surfna_v2_v3_ccdcomplete128_redocking_3rep_20260828
PLANTS,plants,All128,Yan;Chen,2ktz,RNA,,rep3,rep3,40,1.34473088,1.34473088,1.34473088,1.31977959,1.31977959,True,True,True,True,True,True,1,40,False,surfna_v2_v3_ccdcomplete128_redocking_3rep_20260828
PLANTS,plants,All128,Yan;Chen,2ku0,RNA,,rep3,rep3,40,6.75558285,6.71211199,6.22718588,3.02210196,1.19702588,False,False,False,False,True,False,1,40,False,surfna_v2_v3_ccdcomplete128_redocking_3rep_20260828
PLANTS,plants,All128,Yan,2l94,RNA,,rep3,rep3,40,3.92744354,3.38131974,3.38131974,3.35765241,2.98781799,False,False,False,False,False,True,1,40,False,surfna_v2_v3_ccdcomplete128_redocking_3rep_20260828
PLANTS,plants,All128,Yan,2loa,DNA,,rep3,rep3,40,6.73279302,6.46118786,6.26381517,6.26381517,4.5566611,False,False,False,False,False,False,1,40,False,surfna_v2_v3_ccdcomplete128_redocking_3rep_20260828
PLANTS,plants,All128,Yan,2mb3,DNA,,rep3,rep3,40,6.62736645,6.62736645,6.62736645,6.62736645,6.14383662,False,False,False,False,False,False,1,40,False,surfna_v2_v3_ccdcomplete128_redocking_3rep_20260828
PLANTS,plants,All128,Ruiz;Chen,2o3v,RNA,,rep3,rep3,40,9.0321115,7.84500974,7.84500974,7.14826021,4.87341432,False,False,False,False,False,False,1,40,False,surfna_v2_v3_ccdcomplete128_redocking_3rep_20260828
PLANTS,plants,All128,Yan;Ruiz,2o3w,RNA,,rep3,rep3,40,8.32632831,5.350841,5.350841,4.21410859,4.21410859,False,False,False,False,False,False,1,40,False,surfna_v2_v3_ccdcomplete128_redocking_3rep_20260828
PLANTS,plants,All128,Yan;Ruiz;Philips,2o3x,RNA,,rep3,rep3,40,2.97272172,2.97272172,2.9563349,2.9563349,2.9563349,False,False,False,False,False,True,1,40,False,surfna_v2_v3_ccdcomplete128_redocking_3rep_20260828
PLANTS,plants,All128,Ruiz;Philips,2oe5,RNA,,rep3,rep3,40,8.79678898,3.13628746,3.13628746,2.90813806,2.15113562,False,False,False,False,False,False,1,40,False,surfna_v2_v3_ccdcomplete128_redocking_3rep_20260828
PLANTS,plants,All128,Ruiz;Chen,2oe8,RNA,,rep3,rep3,40,4.37422593,4.37422593,4.37422593,3.27495227,2.77277562,False,False,False,False,False,True,1,40,False,surfna_v2_v3_ccdcomplete128_redocking_3rep_20260828
PLANTS,plants,All128,Philips,2ogn,RNA,,rep3,rep3,40,inf,inf,inf,inf,inf,False,False,False,False,False,False,0,0,True,surfna_v2_v3_ccdcomplete128_redocking_3rep_20260828
PLANTS,plants,All128,Chen;Philips,2pwt,RNA,,rep3,rep3,40,10.89571116,7.39084664,7.39084664,7.1793759,6.9910494,False,False,False,False,False,False,1,40,False,surfna_v2_v3_ccdcomplete128_redocking_3rep_20260828
PLANTS,plants,All128,Ruiz;Chen;Philips,2tob,RNA,,rep3,rep3,40,7.90644532,4.31584501,3.05833374,3.05833374,2.9624609,False,False,False,False,False,False,1,40,False,surfna_v2_v3_ccdcomplete128_redocking_3rep_20260828
PLANTS,plants,All128,Yan,2xnw,RNA,,rep3,rep3,40,3.69608438,0.39600702,0.39600702,0.39600702,0.39600702,False,True,True,True,True,True,1,40,False,surfna_v2_v3_ccdcomplete128_redocking_3rep_20260828
PLANTS,plants,All128,Yan,2xnz,RNA,,rep3,rep3,40,0.27043714,0.27043714,0.27043714,0.27043714,0.27043714,True,True,True,True,True,True,1,40,False,surfna_v2_v3_ccdcomplete128_redocking_3rep_20260828
PLANTS,plants,All128,Yan,2xo0,RNA,,rep3,rep3,40,2.26232699,0.49482041,0.49213035,0.49213035,0.49213035,False,True,True,True,True,True,1,40,False,surfna_v2_v3_ccdcomplete128_redocking_3rep_20260828
PLANTS,plants,All128,Yan,2xo1,RNA,,rep3,rep3,40,0.30910856,0.30910856,0.30910856,0.30910856,0.30910856,True,True,True,True,True,True,1,40,False,surfna_v2_v3_ccdcomplete128_redocking_3rep_20260828
PLANTS,plants,All128,Yan,2ydh,RNA,,rep3,rep3,40,1.5648663,1.5648663,1.5648663,1.5648663,1.5648663,True,True,True,True,True,True,1,40,False,surfna_v2_v3_ccdcomplete128_redocking_3rep_20260828
PLANTS,plants,All128,Yan,2ygh,RNA,,rep3,rep3,40,1.22192818,1.22192818,1.22192818,1.22192818,1.22192818,True,True,True,True,True,True,1,40,False,surfna_v2_v3_ccdcomplete128_redocking_3rep_20260828
PLANTS,plants,All128,Yan,316d,DNA,,rep3,rep3,40,9.6240044,7.68957393,7.68957393,5.80310915,4.78015252,False,False,False,False,False,False,1,40,False,surfna_v2_v3_ccdcomplete128_redocking_3rep_20260828
PLANTS,plants,All128,Ruiz,3c44,RNA,,rep3,rep3,40,6.66400548,5.81188891,5.81188891,4.99531496,3.0061875,False,False,False,False,False,False,1,40,False,surfna_v2_v3_ccdcomplete128_redocking_3rep_20260828
PLANTS,plants,All128,Philips,3d2x,RNA,,rep3,rep3,40,inf,inf,inf,inf,inf,False,False,False,False,False,False,0,0,True,surfna_v2_v3_ccdcomplete128_redocking_3rep_20260828
PLANTS,plants,All128,Chen,3dil,RNA,,rep3,rep3,40,0.91410473,0.91410473,0.91410473,0.91410473,0.91410473,True,True,True,True,True,True,1,40,False,surfna_v2_v3_ccdcomplete128_redocking_3rep_20260828
PLANTS,plants,All128,Yan,3ds7,RNA,,rep3,rep3,40,inf,inf,inf,inf,inf,False,False,False,False,False,False,0,0,True,surfna_v2_v3_ccdcomplete128_redocking_3rep_20260828
PLANTS,plants,All128,Chen,3dvv,RNA,,rep3,rep3,40,6.26884169,5.01114305,5.01114305,5.01114305,5.01114305,False,False,False,False,False,False,1,40,False,surfna_v2_v3_ccdcomplete128_redocking_3rep_20260828
PLANTS,plants,All128,Yan,3e5c,RNA,,rep3,rep3,40,5.31848276,3.97665653,3.59489311,1.40298549,1.40298549,False,False,False,True,True,False,1,40,False,surfna_v2_v3_ccdcomplete128_redocking_3rep_20260828
PLANTS,plants,All128,Chen,3f2q,RNA,,rep3,rep3,40,0.65935805,0.65935805,0.65935805,0.65935805,0.65935805,True,True,True,True,True,True,1,40,False,surfna_v2_v3_ccdcomplete128_redocking_3rep_20260828
PLANTS,plants,All128,Yan,3fo4,RNA,,rep3,rep3,40,0.30708118,0.30708118,0.30708118,0.30708118,0.30708118,True,True,True,True,True,True,1,40,False,surfna_v2_v3_ccdcomplete128_redocking_3rep_20260828
PLANTS,plants,All128,Yan,3fo6,RNA,,rep3,rep3,40,0.21344349,0.21344349,0.21344349,0.21344349,0.21344349,True,True,True,True,True,True,1,40,False,surfna_v2_v3_ccdcomplete128_redocking_3rep_20260828
PLANTS,plants,All128,Yan,3gao,RNA,,rep3,rep3,40,2.81358009,0.24861587,0.24861587,0.24861587,0.24861587,False,True,True,True,True,True,1,40,False,surfna_v2_v3_ccdcomplete128_redocking_3rep_20260828
PLANTS,plants,All128,Yan,3ger,RNA,,rep3,rep3,40,0.30490664,0.30490664,0.30490664,0.30490664,0.30490664,True,True,True,True,True,True,1,40,False,surfna_v2_v3_ccdcomplete128_redocking_3rep_20260828
PLANTS,plants,All128,Yan,3ges,RNA,,rep3,rep3,40,0.8125461,0.8125461,0.8125461,0.8125461,0.8125461,True,True,True,True,True,True,1,40,False,surfna_v2_v3_ccdcomplete128_redocking_3rep_20260828
PLANTS,plants,All128,Yan,3gog,RNA,,rep3,rep3,40,0.12255314,0.12255314,0.12255314,0.12255314,0.12255314,True,True,True,True,True,True,1,40,False,surfna_v2_v3_ccdcomplete128_redocking_3rep_20260828
PLANTS,plants,All128,Yan,3got,RNA,,rep3,rep3,40,0.16583817,0.16583817,0.16583817,0.16583817,0.16583817,True,True,True,True,True,True,1,40,False,surfna_v2_v3_ccdcomplete128_redocking_3rep_20260828
PLANTS,plants,All128,Chen;Philips,3gx2,RNA,,rep3,rep3,40,1.25436894,1.25436894,1.25436894,1.17315553,1.17315553,True,True,True,True,True,True,1,40,False,surfna_v2_v3_ccdcomplete128_redocking_3rep_20260828
PLANTS,plants,All128,Chen,3gx3,RNA,,rep3,rep3,40,3.11073023,1.65906012,1.65906012,1.65906012,1.65906012,False,True,True,True,True,True,1,40,False,surfna_v2_v3_ccdcomplete128_redocking_3rep_20260828
PLANTS,plants,All128,Chen,3gx5,RNA,,rep3,rep3,40,1.32023305,1.32023305,1.32023305,1.32023305,1.32023305,True,True,True,True,True,True,1,40,False,surfna_v2_v3_ccdcomplete128_redocking_3rep_20260828
PLANTS,plants,All128,Chen,3gx7,RNA,,rep3,rep3,40,0.77144202,0.77144202,0.77144202,0.77144202,0.77144202,True,True,True,True,True,True,1,40,False,surfna_v2_v3_ccdcomplete128_redocking_3rep_20260828
PLANTS,plants,All128,Yan;Chen,3la5,RNA,,rep3,rep3,40,2.36061345,2.30717817,2.30717817,0.51624276,0.51624276,False,False,False,True,True,True,1,40,False,surfna_v2_v3_ccdcomplete128_redocking_3rep_20260828
PLANTS,plants,All128,Yan,3mum,RNA,,rep3,rep3,40,7.12087466,7.12087466,6.78763314,6.78763314,6.78763314,False,False,False,False,False,False,1,40,False,surfna_v2_v3_ccdcomplete128_redocking_3rep_20260828
PLANTS,plants,All128,Yan,3mur,RNA,,rep3,rep3,40,3.05639634,3.05639634,3.05639634,2.29711302,2.29711302,False,False,False,False,False,True,1,40,False,surfna_v2_v3_ccdcomplete128_redocking_3rep_20260828
PLANTS,plants,All128,Yan,3mxh,RNA,,rep3,rep3,40,7.45720601,7.23201207,7.23201207,7.14842817,6.83862461,False,False,False,False,False,False,1,40,False,surfna_v2_v3_ccdcomplete128_redocking_3rep_20260828
PLANTS,plants,All128,Yan,3npn,RNA,,rep3,rep3,40,1.32060719,1.32060719,1.32060719,1.32060719,1.17115183,True,True,True,True,True,True,1,40,False,surfna_v2_v3_ccdcomplete128_redocking_3rep_20260828
PLANTS,plants,All128,Chen,3npq,RNA,,rep3,rep3,40,0.83775024,0.83775024,0.83775024,0.83775024,0.83775024,True,True,True,True,True,True,1,40,False,surfna_v2_v3_ccdcomplete128_redocking_3rep_20260828
PLANTS,plants,All128,Yan,3owz,RNA,,rep3,rep3,40,inf,inf,inf,inf,inf,False,False,False,False,False,False,0,0,True,surfna_v2_v3_ccdcomplete128_redocking_3rep_20260828
PLANTS,plants,All128,Yan;Chen,3q3z,RNA,,rep3,rep3,40,4.77470201,4.77470201,4.77470201,4.77470201,3.05211024,False,False,False,False,False,True,1,40,False,surfna_v2_v3_ccdcomplete128_redocking_3rep_20260828
PLANTS,plants,All128,Yan,3q50,RNA,,rep3,rep3,40,0.6864314,0.6864314,0.6864314,0.6864314,0.6864314,True,True,True,True,True,True,1,40,False,surfna_v2_v3_ccdcomplete128_redocking_3rep_20260828
PLANTS,plants,All128,Yan,3s4p,RNA,,rep3,rep3,40,9.38681014,7.67313804,7.0083259,7.0083259,6.82612109,False,False,False,False,False,False,1,40,False,surfna_v2_v3_ccdcomplete128_redocking_3rep_20260828
PLANTS,plants,All128,Yan,3slm,RNA,,rep3,rep3,40,1.38513167,1.03585381,1.03585381,1.03585381,1.03585381,True,True,True,True,True,True,1,40,False,surfna_v2_v3_ccdcomplete128_redocking_3rep_20260828
PLANTS,plants,All128,Yan,407d,DNA,,rep3,rep3,40,inf,inf,inf,inf,inf,False,False,False,False,False,False,0,0,True,surfna_v2_v3_ccdcomplete128_redocking_3rep_20260828
PLANTS,plants,All128,Yan,408d,DNA,,rep3,rep3,40,14.74560282,11.12708346,6.34472199,6.34472199,2.75457427,False,False,False,False,False,False,1,40,False,surfna_v2_v3_ccdcomplete128_redocking_3rep_20260828
PLANTS,plants,All128,Yan,4aob,RNA,,rep3,rep3,40,1.8113013,1.8113013,1.05975466,1.05975466,1.05975466,True,True,True,True,True,True,1,40,False,surfna_v2_v3_ccdcomplete128_redocking_3rep_20260828
PLANTS,plants,All128,Yan,4erj,RNA,,rep3,rep3,40,1.08521473,1.08521473,1.08521473,0.88397183,0.88397183,True,True,True,True,True,True,1,40,False,surfna_v2_v3_ccdcomplete128_redocking_3rep_20260828
PLANTS,plants,All128,Yan,4fe5,RNA,,rep3,rep3,40,0.27354989,0.27354989,0.27354989,0.27354989,0.27354989,True,True,True,True,True,True,1,40,False,surfna_v2_v3_ccdcomplete128_redocking_3rep_20260828
PLANTS,plants,All128,Yan,4jf2,RNA,,rep3,rep3,40,0.19155352,0.19155352,0.19155352,0.19155352,0.19155352,True,True,True,True,True,True,1,40,False,surfna_v2_v3_ccdcomplete128_redocking_3rep_20260828
PLANTS,plants,All128,Yan,4kqy,RNA,,rep3,rep3,40,1.21910095,1.21910095,1.21910095,1.21910095,1.21910095,True,True,True,True,True,True,1,40,False,surfna_v2_v3_ccdcomplete128_redocking_3rep_20260828
PLANTS,plants,All128,Yan,4lvv,RNA,,rep3,rep3,40,5.96592704,5.96592704,5.96592704,3.2894813,3.2894813,False,False,False,False,False,False,1,40,False,surfna_v2_v3_ccdcomplete128_redocking_3rep_20260828
SurfNA,surfna,All128,Ruiz;Chen;Philips,1am0,RNA,pool0,pool0,pool0,40,1.213203522,1.213203522,1.213203522,1.063678736,1.01052654,True,True,True,True,True,True,1,40,False,surfna_v2_v3_ccdcomplete128_redocking_3rep_20260828
SurfNA,surfna,All128,Yan,1arj,RNA,pool0,pool0,pool0,40,1.987684178,1.855090771,1.855090771,1.855090771,1.45460082,True,True,True,True,True,True,1,40,False,surfna_v2_v3_ccdcomplete128_redocking_3rep_20260828
SurfNA,surfna,All128,Yan;Ruiz;Chen;Philips,1byj,RNA,pool0,pool0,pool0,40,1.395635051,1.096440731,1.096440731,1.096440731,1.096440731,True,True,True,True,True,True,1,40,False,surfna_v2_v3_ccdcomplete128_redocking_3rep_20260828
SurfNA,surfna,All128,Yan,1cvx,DNA,pool0,pool0,pool0,40,1.959285362,1.959285362,1.469550698,1.469550698,1.469550698,True,True,True,True,True,True,1,40,False,surfna_v2_v3_ccdcomplete128_redocking_3rep_20260828
SurfNA,surfna,All128,Yan,1cvy,DNA,pool0,pool0,pool0,40,1.902653257,1.758620656,1.451309373,1.451309373,1.451309373,True,True,True,True,True,True,1,40,False,surfna_v2_v3_ccdcomplete128_redocking_3rep_20260828
SurfNA,surfna,All128,Yan,1db6,DNA,pool0,pool0,pool0,40,4.99710794,4.99710794,4.99710794,4.99710794,1.54062926,False,False,False,False,True,True,1,40,False,surfna_v2_v3_ccdcomplete128_redocking_3rep_20260828
SurfNA,surfna,All128,Ruiz;Chen;Philips,1eht,RNA,pool0,pool0,pool0,40,0.7798462536,0.5976845676,0.5976845676,0.5976845676,0.5976845676,True,True,True,True,True,True,1,40,False,surfna_v2_v3_ccdcomplete128_redocking_3rep_20260828
SurfNA,surfna,All128,Ruiz;Chen;Philips,1ei2,RNA,pool0,pool0,pool0,40,8.265689497,7.92005067,3.01622277,3.01622277,2.868819981,False,False,False,False,False,False,1,40,False,surfna_v2_v3_ccdcomplete128_redocking_3rep_20260828
SurfNA,surfna,All128,Yan;Ruiz;Chen;Philips,1f1t,RNA,pool0,pool0,pool0,40,0.5234816145,0.3424418053,0.3424418053,0.3424418053,0.3424418053,True,True,True,True,True,True,1,40,False,surfna_v2_v3_ccdcomplete128_redocking_3rep_20260828
SurfNA,surfna,All128,Yan;Ruiz;Chen;Philips,1f27,RNA,pool0,pool0,pool0,40,1.719834277,1.673565541,1.673565541,1.673565541,1.673565541,True,True,True,True,True,True,1,40,False,surfna_v2_v3_ccdcomplete128_redocking_3rep_20260828
SurfNA,surfna,All128,Philips,1fjg,RNA,pool0,pool0,pool0,40,3.045268561,3.045268561,3.045268561,2.492916596,2.492916596,False,False,False,False,False,True,1,40,False,surfna_v2_v3_ccdcomplete128_redocking_3rep_20260828
SurfNA,surfna,All128,Ruiz;Chen;Philips,1fmn,RNA,pool0,pool0,pool0,40,1.043119549,1.043119549,1.043119549,1.043119549,1.043119549,True,True,True,True,True,True,1,40,False,surfna_v2_v3_ccdcomplete128_redocking_3rep_20260828
SurfNA,surfna,All128,Yan;Ruiz;Chen;Philips,1fyp,RNA,pool0,pool0,pool0,40,2.705976011,2.705976011,2.705976011,2.705976011,2.188566056,False,False,False,False,False,True,1,40,False,surfna_v2_v3_ccdcomplete128_redocking_3rep_20260828
SurfNA,surfna,All128,Philips,1hnw,RNA,pool0,pool0,pool0,40,2.877793513,2.858787067,2.858787067,2.570370683,2.570370683,False,False,False,False,False,True,1,40,False,surfna_v2_v3_ccdcomplete128_redocking_3rep_20260828
SurfNA,surfna,All128,Yan,1i9v,RNA,pool0,pool0,pool0,40,8.802601494,3.106268696,3.060903534,2.828541831,2.819176208,False,False,False,False,False,False,1,40,False,surfna_v2_v3_ccdcomplete128_redocking_3rep_20260828
SurfNA,surfna,All128,Ruiz;Chen;Philips,1j7t,RNA,pool0,pool0,pool0,40,2.133476566,2.133476566,2.133476566,2.133476566,2.133476566,False,False,False,False,False,True,1,40,False,surfna_v2_v3_ccdcomplete128_redocking_3rep_20260828
SurfNA,surfna,All128,Ruiz;Chen;Philips,1koc,RNA,pool0,pool0,pool0,40,2.015369319,1.694591285,1.694591285,1.694591285,1.173171174,False,True,True,True,True,True,1,40,False,surfna_v2_v3_ccdcomplete128_redocking_3rep_20260828
SurfNA,surfna,All128,Ruiz;Chen,1lc4,RNA,pool0,pool0,pool0,40,1.454186695,1.454186695,1.454186695,1.454186695,1.454186695,True,True,True,True,True,True,1,40,False,surfna_v2_v3_ccdcomplete128_redocking_3rep_20260828
SurfNA,surfna,All128,Ruiz;Chen,1lvj,RNA,pool0,pool0,pool0,40,5.067675357,5.067675357,5.067675357,5.048224409,4.779434984,False,False,False,False,False,False,1,40,False,surfna_v2_v3_ccdcomplete128_redocking_3rep_20260828
SurfNA,surfna,All128,Ruiz;Chen;Philips,1mwl,RNA,pool0,pool0,pool0,40,1.496875025,1.496875025,1.496875025,1.496875025,1.496875025,True,True,True,True,True,True,1,40,False,surfna_v2_v3_ccdcomplete128_redocking_3rep_20260828
SurfNA,surfna,All128,Philips,1nbk,RNA,pool0,pool0,pool0,40,1.831640972,1.563973114,1.247177743,1.112669598,1.112669598,True,True,True,True,True,True,1,40,False,surfna_v2_v3_ccdcomplete128_redocking_3rep_20260828
SurfNA,surfna,All128,Ruiz;Chen;Philips,1nem,RNA,pool0,pool0,pool0,40,4.414117633,2.090864668,2.090864668,2.090864668,2.090864668,False,False,False,False,False,True,1,40,False,surfna_v2_v3_ccdcomplete128_redocking_3rep_20260828
SurfNA,surfna,All128,Ruiz,1nta,RNA,pool0,pool0,pool0,40,3.230350173,1.721469015,1.721469015,1.721469015,1.721469015,False,True,True,True,True,True,1,40,False,surfna_v2_v3_ccdcomplete128_redocking_3rep_20260828
SurfNA,surfna,All128,Ruiz;Chen,1ntb,RNA,pool0,pool0,pool0,40,1.975922885,1.975922885,1.975922885,1.975922885,1.975922885,True,True,True,True,True,True,1,40,False,surfna_v2_v3_ccdcomplete128_redocking_3rep_20260828
SurfNA,surfna,All128,Yan,1nzm,DNA,pool0,pool0,pool0,40,0.517826239,0.517826239,0.517826239,0.4855750366,0.4855750366,True,True,True,True,True,True,1,40,False,surfna_v2_v3_ccdcomplete128_redocking_3rep_20260828
SurfNA,surfna,All128,Ruiz,1o15,RNA,pool0,pool0,pool0,40,0.8083956785,0.7092135113,0.5337666611,0.499458188,0.436046543,True,True,True,True,True,True,1,40,False,surfna_v2_v3_ccdcomplete128_redocking_3rep_20260828
SurfNA,surfna,All128,Ruiz,1o9m,RNA,pool0,pool0,pool0,40,2.031389173,2.031389173,2.031389173,2.031389173,2.031389173,False,False,False,False,False,True,1,40,False,surfna_v2_v3_ccdcomplete128_redocking_3rep_20260828
SurfNA,surfna,All128,Yan,1p96,DNA,pool0,pool0,pool0,40,1.890397319,1.890397319,1.890397319,1.890397319,1.890397319,True,True,True,True,True,True,1,40,False,surfna_v2_v3_ccdcomplete128_redocking_3rep_20260828
SurfNA,surfna,All128,Ruiz;Chen;Philips,1pbr,RNA,pool0,pool0,pool0,40,2.090082917,1.70553782,1.70553782,1.70553782,1.70553782,False,True,True,True,True,True,1,40,False,surfna_v2_v3_ccdcomplete128_redocking_3rep_20260828
SurfNA,surfna,All128,Yan;Ruiz;Chen;Philips,1q8n,RNA,pool0,pool0,pool0,40,0.8835340068,0.8491942746,0.766021753,0.766021753,0.766021753,True,True,True,True,True,True,1,40,False,surfna_v2_v3_ccdcomplete128_redocking_3rep_20260828
SurfNA,surfna,All128,Yan;Ruiz;Chen,1qd3,RNA,pool0,pool0,pool0,40,2.365052374,2.365052374,2.365052374,2.365052374,1.928330414,False,False,False,False,True,True,1,40,False,surfna_v2_v3_ccdcomplete128_redocking_3rep_20260828
SurfNA,surfna,All128,Yan,1qv4,DNA,pool0,pool0,pool0,40,1.379447255,1.379447255,1.379447255,1.379447255,1.379447255,True,True,True,True,True,True,1,40,False,surfna_v2_v3_ccdcomplete128_redocking_3rep_20260828
SurfNA,surfna,All128,Yan,1qv8,DNA,pool0,pool0,pool0,40,1.042726147,1.042726147,0.7532759855,0.7532759855,0.7532759855,True,True,True,True,True,True,1,40,False,surfna_v2_v3_ccdcomplete128_redocking_3rep_20260828
SurfNA,surfna,All128,Yan,1r4e,DNA,pool0,pool0,pool0,40,2.234320347,1.752980562,1.752980562,1.752980562,1.752980562,False,True,True,True,True,True,1,40,False,surfna_v2_v3_ccdcomplete128_redocking_3rep_20260828
SurfNA,surfna,All128,Ruiz;Chen;Philips,1tob,RNA,pool0,pool0,pool0,40,7.637656678,7.637656678,7.572631818,2.243761764,2.243761764,False,False,False,False,False,False,1,40,False,surfna_v2_v3_ccdcomplete128_redocking_3rep_20260828
SurfNA,surfna,All128,Ruiz;Chen,1u8d,RNA,pool0,pool0,pool0,40,2.878806126,2.878806126,2.878806126,2.865571924,2.808622202,False,False,False,False,False,True,1,40,False,surfna_v2_v3_ccdcomplete128_redocking_3rep_20260828
SurfNA,surfna,All128,Yan;Ruiz;Philips,1uts,RNA,pool0,pool0,pool0,40,4.107981278,3.976180774,3.976180774,3.665912386,3.665912386,False,False,False,False,False,True,1,40,False,surfna_v2_v3_ccdcomplete128_redocking_3rep_20260828
SurfNA,surfna,All128,Yan;Ruiz;Chen;Philips,1uud,RNA,pool0,pool0,pool0,40,7.428923077,7.428923077,5.584312556,5.584312556,4.799426025,False,False,False,False,False,False,1,40,False,surfna_v2_v3_ccdcomplete128_redocking_3rep_20260828
SurfNA,surfna,All128,Ruiz;Philips,1uui,RNA,pool0,pool0,pool0,40,5.910444214,4.67517322,2.067102205,1.220478593,1.220478593,False,False,False,True,True,False,1,40,False,surfna_v2_v3_ccdcomplete128_redocking_3rep_20260828
SurfNA,surfna,All128,Philips,1xbp,RNA,pool0,pool0,pool0,40,2.702806794,2.597419994,2.043279404,2.043279404,2.043279404,False,False,False,False,False,True,1,40,False,surfna_v2_v3_ccdcomplete128_redocking_3rep_20260828
SurfNA,surfna,All128,Ruiz;Philips,1xpf,RNA,pool0,pool0,pool0,40,1.698412636,1.466256921,1.466256921,1.454237644,1.262176952,True,True,True,True,True,True,1,40,False,surfna_v2_v3_ccdcomplete128_redocking_3rep_20260828
SurfNA,surfna,All128,Ruiz;Chen;Philips,1y26,RNA,pool0,pool0,pool0,40,3.086185388,2.991362562,2.825429775,2.805856752,0.3459016855,False,False,False,False,True,True,1,40,False,surfna_v2_v3_ccdcomplete128_redocking_3rep_20260828
SurfNA,surfna,All128,Chen,1y27,RNA,pool0,pool0,pool0,40,0.4216523827,0.4216523827,0.4216523827,0.4216523827,0.4216523827,True,True,True,True,True,True,1,40,False,surfna_v2_v3_ccdcomplete128_redocking_3rep_20260828
SurfNA,surfna,All128,Yan;Chen,1ykv,RNA,pool0,pool0,pool0,40,0.9848118134,0.8273575933,0.8273575933,0.8273575933,0.813696794,True,True,True,True,True,True,1,40,False,surfna_v2_v3_ccdcomplete128_redocking_3rep_20260828
SurfNA,surfna,All128,Yan;Ruiz;Chen,1yrj,RNA,pool0,pool0,pool0,40,2.139597848,1.58641279,1.58641279,1.58641279,1.58641279,False,True,True,True,True,True,1,40,False,surfna_v2_v3_ccdcomplete128_redocking_3rep_20260828
SurfNA,surfna,All128,Chen,1zz5,RNA,pool0,pool0,pool0,40,5.237788439,1.962360474,1.962360474,1.962360474,1.927668052,False,True,True,True,True,False,1,40,False,surfna_v2_v3_ccdcomplete128_redocking_3rep_20260828
SurfNA,surfna,All128,Yan;Ruiz,2au4,RNA,pool0,pool0,pool0,40,4.427587742,3.007030914,3.007030914,2.609829048,2.609829048,False,False,False,False,False,True,1,40,False,surfna_v2_v3_ccdcomplete128_redocking_3rep_20260828
SurfNA,surfna,All128,Yan,2b57,RNA,pool0,pool0,pool0,40,0.3706636505,0.2784821979,0.2784821979,0.2784821979,0.2784821979,True,True,True,True,True,True,1,40,False,surfna_v2_v3_ccdcomplete128_redocking_3rep_20260828
SurfNA,surfna,All128,Yan;Ruiz;Chen;Philips,2be0,RNA,pool0,pool0,pool0,40,9.108100378,9.108100378,9.102309969,5.349330762,3.560703919,False,False,False,False,False,False,1,40,False,surfna_v2_v3_ccdcomplete128_redocking_3rep_20260828
SurfNA,surfna,All128,Yan;Ruiz;Philips,2bee,RNA,pool0,pool0,pool0,40,3.435985418,3.435985418,3.387063801,2.694421231,2.694421231,False,False,False,False,False,True,1,40,False,surfna_v2_v3_ccdcomplete128_redocking_3rep_20260828
SurfNA,surfna,All128,Yan,2d55,DNA,pool0,pool0,pool0,40,7.012140868,4.72285545,4.72285545,4.72285545,4.72285545,False,False,False,False,False,False,1,40,False,surfna_v2_v3_ccdcomplete128_redocking_3rep_20260828
SurfNA,surfna,All128,Chen,2esi,RNA,pool0,pool0,pool0,40,1.702896399,1.702896399,1.702896399,1.702896399,1.447672751,True,True,True,True,True,True,1,40,False,surfna_v2_v3_ccdcomplete128_redocking_3rep_20260828
SurfNA,surfna,All128,Ruiz,2esj,RNA,pool0,pool0,pool0,40,10.0662797,10.00795588,9.991228309,3.344640853,2.754169994,False,False,False,False,False,False,1,40,False,surfna_v2_v3_ccdcomplete128_redocking_3rep_20260828
SurfNA,surfna,All128,Ruiz,2et3,RNA,pool0,pool0,pool0,40,1.440447003,1.25856685,1.25856685,1.25856685,1.25856685,True,True,True,True,True,True,1,40,False,surfna_v2_v3_ccdcomplete128_redocking_3rep_20260828
SurfNA,surfna,All128,Ruiz,2et4,RNA,pool0,pool0,pool0,40,2.158650366,2.158650366,2.158650366,2.158650366,1.738845043,False,False,False,False,True,True,1,40,False,surfna_v2_v3_ccdcomplete128_redocking_3rep_20260828
SurfNA,surfna,All128,Ruiz;Chen;Philips,2et8,RNA,pool0,pool0,pool0,40,1.083729912,0.9146498187,0.9146498187,0.8622047679,0.8622047679,True,True,True,True,True,True,1,40,False,surfna_v2_v3_ccdcomplete128_redocking_3rep_20260828
SurfNA,surfna,All128,Ruiz,2f4s,RNA,pool0,pool0,pool0,40,3.218648434,1.718959111,1.497650267,1.497650267,1.497650267,False,True,True,True,True,True,1,40,False,surfna_v2_v3_ccdcomplete128_redocking_3rep_20260828
SurfNA,surfna,All128,Yan;Ruiz;Chen,2f4t,RNA,pool0,pool0,pool0,40,8.288096335,2.657907574,2.657907574,1.823618981,1.823618981,False,False,False,True,True,False,1,40,False,surfna_v2_v3_ccdcomplete128_redocking_3rep_20260828
SurfNA,surfna,All128,Yan;Ruiz;Philips,2f4u,RNA,pool0,pool0,pool0,40,1.318968217,1.318968217,1.318968217,1.318968217,1.318968217,True,True,True,True,True,True,1,40,False,surfna_v2_v3_ccdcomplete128_redocking_3rep_20260828
SurfNA,surfna,All128,Ruiz,2fcx,RNA,pool0,pool0,pool0,40,1.625522036,1.557535307,1.557535307,1.390480711,1.377127867,True,True,True,True,True,True,1,40,False,surfna_v2_v3_ccdcomplete128_redocking_3rep_20260828
SurfNA,surfna,All128,Ruiz,2fcy,RNA,pool0,pool0,pool0,40,4.787420901,2.977544434,2.977544434,2.188452686,2.188452686,False,False,False,False,False,True,1,40,False,surfna_v2_v3_ccdcomplete128_redocking_3rep_20260828
SurfNA,surfna,All128,Ruiz;Chen;Philips,2fcz,RNA,pool0,pool0,pool0,40,1.148605886,1.148605886,1.148605886,1.148605886,1.148605886,True,True,True,True,True,True,1,40,False,surfna_v2_v3_ccdcomplete128_redocking_3rep_20260828
SurfNA,surfna,All128,Ruiz;Chen;Philips,2fd0,RNA,pool0,pool0,pool0,40,2.763190176,2.177141945,2.177141945,2.177141945,2.177141945,False,False,False,False,False,True,1,40,False,surfna_v2_v3_ccdcomplete128_redocking_3rep_20260828
SurfNA,surfna,All128,Yan,2g5k,RNA,pool0,pool0,pool0,40,3.766427576,3.766427576,3.538599822,2.963312678,1.98170262,False,False,False,False,True,True,1,40,False,surfna_v2_v3_ccdcomplete128_redocking_3rep_20260828
SurfNA,surfna,All128,Ruiz;Chen;Philips,2g5q,RNA,pool0,pool0,pool0,40,1.56478003,1.367147777,1.367147777,1.367147777,1.367147777,True,True,True,True,True,True,1,40,False,surfna_v2_v3_ccdcomplete128_redocking_3rep_20260828
SurfNA,surfna,All128,Yan,2g9c,RNA,pool0,pool0,pool0,40,0.4906154989,0.3555932039,0.3050430316,0.2503646873,0.2503646873,True,True,True,True,True,True,1,40,False,surfna_v2_v3_ccdcomplete128_redocking_3rep_20260828
SurfNA,surfna,All128,Chen;Philips,2gdi,RNA,pool0,pool0,pool0,40,0.9672940538,0.9672940538,0.9672940538,0.9672940538,0.9672940538,True,True,True,True,True,True,1,40,False,surfna_v2_v3_ccdcomplete128_redocking_3rep_20260828
SurfNA,surfna,All128,Chen,2gis,RNA,pool0,pool0,pool0,40,1.395734944,1.377778284,1.377778284,1.377778284,1.253357947,True,True,True,True,True,True,1,40,False,surfna_v2_v3_ccdcomplete128_redocking_3rep_20260828
SurfNA,surfna,All128,Ruiz,2juk,RNA,pool0,pool0,pool0,40,8.424624576,5.773937103,5.773937103,4.436950488,4.113089637,False,False,False,False,False,False,1,40,False,surfna_v2_v3_ccdcomplete128_redocking_3rep_20260828
SurfNA,surfna,All128,Yan,2jwq,DNA,pool0,pool0,pool0,40,1.516681589,1.450012962,1.450012962,1.450012962,1.450012962,True,True,True,True,True,True,1,40,False,surfna_v2_v3_ccdcomplete128_redocking_3rep_20260828
SurfNA,surfna,All128,Yan;Chen,2kgp,RNA,pool0,pool0,pool0,40,1.402383388,1.056923715,1.056923715,1.056923715,1.056923715,True,True,True,True,True,True,1,40,False,surfna_v2_v3_ccdcomplete128_redocking_3rep_20260828
SurfNA,surfna,All128,Yan;Chen,2ktz,RNA,pool0,pool0,pool0,40,0.6236163341,0.6236163341,0.6236163341,0.6235266565,0.6235266565,True,True,True,True,True,True,1,40,False,surfna_v2_v3_ccdcomplete128_redocking_3rep_20260828
SurfNA,surfna,All128,Yan;Chen,2ku0,RNA,pool0,pool0,pool0,40,1.731440811,1.431567665,1.431567665,1.403687207,1.245806421,True,True,True,True,True,True,1,40,False,surfna_v2_v3_ccdcomplete128_redocking_3rep_20260828
SurfNA,surfna,All128,Yan,2l94,RNA,pool0,pool0,pool0,40,0.9025169714,0.9025169714,0.9025169714,0.9025169714,0.9025169714,True,True,True,True,True,True,1,40,False,surfna_v2_v3_ccdcomplete128_redocking_3rep_20260828
SurfNA,surfna,All128,Yan,2loa,DNA,pool0,pool0,pool0,40,6.827381923,6.002610564,3.160764152,3.018947429,2.519467688,False,False,False,False,False,False,1,40,False,surfna_v2_v3_ccdcomplete128_redocking_3rep_20260828
SurfNA,surfna,All128,Yan,2mb3,DNA,pool0,pool0,pool0,40,1.875009959,1.875009959,1.875009959,1.875009959,1.875009959,True,True,True,True,True,True,1,40,False,surfna_v2_v3_ccdcomplete128_redocking_3rep_20260828
SurfNA,surfna,All128,Ruiz;Chen,2o3v,RNA,pool0,pool0,pool0,40,3.588810864,3.588810864,3.060808537,2.98365008,2.98365008,False,False,False,False,False,True,1,40,False,surfna_v2_v3_ccdcomplete128_redocking_3rep_20260828
SurfNA,surfna,All128,Yan;Ruiz,2o3w,RNA,pool0,pool0,pool0,40,8.75704701,2.488667092,2.488667092,2.488667092,2.488667092,False,False,False,False,False,False,1,40,False,surfna_v2_v3_ccdcomplete128_redocking_3rep_20260828
SurfNA,surfna,All128,Yan;Ruiz;Philips,2o3x,RNA,pool0,pool0,pool0,40,1.775414132,1.508943347,1.508943347,1.508943347,1.508943347,True,True,True,True,True,True,1,40,False,surfna_v2_v3_ccdcomplete128_redocking_3rep_20260828
SurfNA,surfna,All128,Ruiz;Philips,2oe5,RNA,pool0,pool0,pool0,40,1.593285524,1.511590085,1.511590085,1.511590085,1.511590085,True,True,True,True,True,True,1,40,False,surfna_v2_v3_ccdcomplete128_redocking_3rep_20260828
SurfNA,surfna,All128,Ruiz;Chen,2oe8,RNA,pool0,pool0,pool0,40,1.876739868,1.554948458,1.554948458,1.554948458,1.554948458,True,True,True,True,True,True,1,40,False,surfna_v2_v3_ccdcomplete128_redocking_3rep_20260828
SurfNA,surfna,All128,Philips,2ogn,RNA,pool0,pool0,pool0,40,3.150228613,2.312538211,2.070806263,1.957219401,1.77422091,False,False,False,True,True,True,1,40,False,surfna_v2_v3_ccdcomplete128_redocking_3rep_20260828
SurfNA,surfna,All128,Chen;Philips,2pwt,RNA,pool0,pool0,pool0,40,10.05568039,7.995558347,7.613236498,7.286385292,4.541330217,False,False,False,False,False,False,1,40,False,surfna_v2_v3_ccdcomplete128_redocking_3rep_20260828
SurfNA,surfna,All128,Ruiz;Chen;Philips,2tob,RNA,pool0,pool0,pool0,40,3.656681827,3.064705655,2.940455598,2.940455598,2.47989079,False,False,False,False,False,True,1,40,False,surfna_v2_v3_ccdcomplete128_redocking_3rep_20260828
SurfNA,surfna,All128,Yan,2xnw,RNA,pool0,pool0,pool0,40,0.3358882552,0.3358882552,0.3358882552,0.3160303704,0.3160303704,True,True,True,True,True,True,1,40,False,surfna_v2_v3_ccdcomplete128_redocking_3rep_20260828
SurfNA,surfna,All128,Yan,2xnz,RNA,pool0,pool0,pool0,40,0.3091219752,0.1842521823,0.1842521823,0.1842521823,0.1842521823,True,True,True,True,True,True,1,40,False,surfna_v2_v3_ccdcomplete128_redocking_3rep_20260828
SurfNA,surfna,All128,Yan,2xo0,RNA,pool0,pool0,pool0,40,2.190914129,2.190914129,2.165365583,0.4219632759,0.2622224723,False,False,False,True,True,True,1,40,False,surfna_v2_v3_ccdcomplete128_redocking_3rep_20260828
SurfNA,surfna,All128,Yan,2xo1,RNA,pool0,pool0,pool0,40,2.721866545,2.691965191,2.691965191,2.691965191,0.3066500715,False,False,False,False,True,True,1,40,False,surfna_v2_v3_ccdcomplete128_redocking_3rep_20260828
SurfNA,surfna,All128,Yan,2ydh,RNA,pool0,pool0,pool0,40,0.9351579328,0.9351579328,0.9351579328,0.9351579328,0.9351579328,True,True,True,True,True,True,1,40,False,surfna_v2_v3_ccdcomplete128_redocking_3rep_20260828
SurfNA,surfna,All128,Yan,2ygh,RNA,pool0,pool0,pool0,40,0.8930032489,0.8930032489,0.8085414701,0.8085414701,0.8085414701,True,True,True,True,True,True,1,40,False,surfna_v2_v3_ccdcomplete128_redocking_3rep_20260828
SurfNA,surfna,All128,Yan,316d,DNA,pool0,pool0,pool0,40,10.08016572,2.813691481,2.813691481,2.813691481,2.813691481,False,False,False,False,False,False,1,40,False,surfna_v2_v3_ccdcomplete128_redocking_3rep_20260828
SurfNA,surfna,All128,Ruiz,3c44,RNA,pool0,pool0,pool0,40,1.690411428,1.629383842,1.629383842,1.629383842,1.629383842,True,True,True,True,True,True,1,40,False,surfna_v2_v3_ccdcomplete128_redocking_3rep_20260828
SurfNA,surfna,All128,Philips,3d2x,RNA,pool0,pool0,pool0,40,3.723127588,2.863839084,2.863839084,2.035609856,2.035609856,False,False,False,False,False,True,1,40,False,surfna_v2_v3_ccdcomplete128_redocking_3rep_20260828
SurfNA,surfna,All128,Chen,3dil,RNA,pool0,pool0,pool0,40,5.542603128,5.458898464,5.458898464,1.362890024,0.7641134176,False,False,False,True,True,False,1,40,False,surfna_v2_v3_ccdcomplete128_redocking_3rep_20260828
SurfNA,surfna,All128,Yan,3ds7,RNA,pool0,pool0,pool0,40,0.9250868218,0.8654611904,0.8654611904,0.8629637533,0.8217342892,True,True,True,True,True,True,1,40,False,surfna_v2_v3_ccdcomplete128_redocking_3rep_20260828
SurfNA,surfna,All128,Chen,3dvv,RNA,pool0,pool0,pool0,40,1.407269167,1.407269167,1.276426724,1.276426724,1.276426724,True,True,True,True,True,True,1,40,False,surfna_v2_v3_ccdcomplete128_redocking_3rep_20260828
SurfNA,surfna,All128,Yan,3e5c,RNA,pool0,pool0,pool0,40,4.969523323,1.999396467,1.999396467,1.999396467,1.999396467,False,True,True,True,True,True,1,40,False,surfna_v2_v3_ccdcomplete128_redocking_3rep_20260828
SurfNA,surfna,All128,Chen,3f2q,RNA,pool0,pool0,pool0,40,4.69299929,1.010130539,1.010130539,1.010130539,1.010130539,False,True,True,True,True,True,1,40,False,surfna_v2_v3_ccdcomplete128_redocking_3rep_20260828
SurfNA,surfna,All128,Yan,3fo4,RNA,pool0,pool0,pool0,40,0.349481953,0.2840266601,0.2840266601,0.2613436174,0.2613436174,True,True,True,True,True,True,1,40,False,surfna_v2_v3_ccdcomplete128_redocking_3rep_20260828
SurfNA,surfna,All128,Yan,3fo6,RNA,pool0,pool0,pool0,40,0.343552291,0.2306496152,0.2306496152,0.2306496152,0.2272860404,True,True,True,True,True,True,1,40,False,surfna_v2_v3_ccdcomplete128_redocking_3rep_20260828
SurfNA,surfna,All128,Yan,3gao,RNA,pool0,pool0,pool0,40,3.768084819,3.673632785,2.913903634,0.3364326435,0.3364326435,False,False,False,True,True,True,1,40,False,surfna_v2_v3_ccdcomplete128_redocking_3rep_20260828
SurfNA,surfna,All128,Yan,3ger,RNA,pool0,pool0,pool0,40,0.1998911499,0.1998911499,0.1998911499,0.1998911499,0.1998911499,True,True,True,True,True,True,1,40,False,surfna_v2_v3_ccdcomplete128_redocking_3rep_20260828
SurfNA,surfna,All128,Yan,3ges,RNA,pool0,pool0,pool0,40,0.4839847794,0.4318673079,0.2499471444,0.2499471444,0.2499471444,True,True,True,True,True,True,1,40,False,surfna_v2_v3_ccdcomplete128_redocking_3rep_20260828
SurfNA,surfna,All128,Yan,3gog,RNA,pool0,pool0,pool0,40,0.4458623667,0.3998875762,0.3998875762,0.3998875762,0.3998875762,True,True,True,True,True,True,1,40,False,surfna_v2_v3_ccdcomplete128_redocking_3rep_20260828
SurfNA,surfna,All128,Yan,3got,RNA,pool0,pool0,pool0,40,3.342165269,3.342165269,3.338981865,3.338981865,2.771646391,False,False,False,False,False,True,1,40,False,surfna_v2_v3_ccdcomplete128_redocking_3rep_20260828
SurfNA,surfna,All128,Chen;Philips,3gx2,RNA,pool0,pool0,pool0,40,2.45342342,1.408438988,1.408438988,1.408438988,1.408438988,False,True,True,True,True,True,1,40,False,surfna_v2_v3_ccdcomplete128_redocking_3rep_20260828
SurfNA,surfna,All128,Chen,3gx3,RNA,pool0,pool0,pool0,40,1.018710217,1.018710217,1.018710217,1.018710217,1.018710217,True,True,True,True,True,True,1,40,False,surfna_v2_v3_ccdcomplete128_redocking_3rep_20260828
SurfNA,surfna,All128,Chen,3gx5,RNA,pool0,pool0,pool0,40,2.031051254,1.770310962,1.770310962,1.770310962,1.770310962,False,True,True,True,True,True,1,40,False,surfna_v2_v3_ccdcomplete128_redocking_3rep_20260828
SurfNA,surfna,All128,Chen,3gx7,RNA,pool0,pool0,pool0,40,0.9634540639,0.9634540639,0.9634540639,0.9634540639,0.9634540639,True,True,True,True,True,True,1,40,False,surfna_v2_v3_ccdcomplete128_redocking_3rep_20260828
SurfNA,surfna,All128,Yan;Chen,3la5,RNA,pool0,pool0,pool0,40,0.611409928,0.4656472981,0.4656472981,0.4656472981,0.4656472981,True,True,True,True,True,True,1,40,False,surfna_v2_v3_ccdcomplete128_redocking_3rep_20260828
SurfNA,surfna,All128,Yan,3mum,RNA,pool0,pool0,pool0,40,4.05293319,3.983155775,3.983155775,3.983155775,3.964350228,False,False,False,False,False,True,1,40,False,surfna_v2_v3_ccdcomplete128_redocking_3rep_20260828
SurfNA,surfna,All128,Yan,3mur,RNA,pool0,pool0,pool0,40,2.9276333,2.921160066,2.887031484,2.887031484,2.887031484,False,False,False,False,False,True,1,40,False,surfna_v2_v3_ccdcomplete128_redocking_3rep_20260828
SurfNA,surfna,All128,Yan,3mxh,RNA,pool0,pool0,pool0,40,3.377946847,3.377946847,3.377946847,3.350360363,3.350360363,False,False,False,False,False,True,1,40,False,surfna_v2_v3_ccdcomplete128_redocking_3rep_20260828
SurfNA,surfna,All128,Yan,3npn,RNA,pool0,pool0,pool0,40,1.374602444,1.374602444,1.374602444,1.374602444,1.374602444,True,True,True,True,True,True,1,40,False,surfna_v2_v3_ccdcomplete128_redocking_3rep_20260828
SurfNA,surfna,All128,Chen,3npq,RNA,pool0,pool0,pool0,40,1.642517698,1.630242317,1.630242317,1.550029326,1.550029326,True,True,True,True,True,True,1,40,False,surfna_v2_v3_ccdcomplete128_redocking_3rep_20260828
SurfNA,surfna,All128,Yan,3owz,RNA,pool0,pool0,pool0,40,0.6704024523,0.5381498397,0.5381498397,0.5381498397,0.5381498397,True,True,True,True,True,True,1,40,False,surfna_v2_v3_ccdcomplete128_redocking_3rep_20260828
SurfNA,surfna,All128,Yan;Chen,3q3z,RNA,pool0,pool0,pool0,40,3.100744284,3.077656921,3.038828141,3.031699732,3.031699732,False,False,False,False,False,True,1,40,False,surfna_v2_v3_ccdcomplete128_redocking_3rep_20260828
SurfNA,surfna,All128,Yan,3q50,RNA,pool0,pool0,pool0,40,0.5625741045,0.4852914786,0.4852914786,0.4651596508,0.4651596508,True,True,True,True,True,True,1,40,False,surfna_v2_v3_ccdcomplete128_redocking_3rep_20260828
SurfNA,surfna,All128,Yan,3s4p,RNA,pool0,pool0,pool0,40,9.121769281,9.121769281,3.0120904,3.0120904,3.0120904,False,False,False,False,False,False,1,40,False,surfna_v2_v3_ccdcomplete128_redocking_3rep_20260828
SurfNA,surfna,All128,Yan,3slm,RNA,pool0,pool0,pool0,40,0.8182982039,0.7676568108,0.7676568108,0.7676568108,0.7676568108,True,True,True,True,True,True,1,40,False,surfna_v2_v3_ccdcomplete128_redocking_3rep_20260828
SurfNA,surfna,All128,Yan,407d,DNA,pool0,pool0,pool0,40,1.436948002,1.436948002,1.436948002,1.283600278,1.283600278,True,True,True,True,True,True,1,40,False,surfna_v2_v3_ccdcomplete128_redocking_3rep_20260828
SurfNA,surfna,All128,Yan,408d,DNA,pool0,pool0,pool0,40,1.431546549,1.252195121,1.252195121,1.252195121,1.252195121,True,True,True,True,True,True,1,40,False,surfna_v2_v3_ccdcomplete128_redocking_3rep_20260828
SurfNA,surfna,All128,Yan,4aob,RNA,pool0,pool0,pool0,40,2.134228214,1.58439653,1.58439653,1.58439653,1.54285763,False,True,True,True,True,True,1,40,False,surfna_v2_v3_ccdcomplete128_redocking_3rep_20260828
SurfNA,surfna,All128,Yan,4erj,RNA,pool0,pool0,pool0,40,1.042965497,0.6581558031,0.6581558031,0.4577464521,0.4577464521,True,True,True,True,True,True,1,40,False,surfna_v2_v3_ccdcomplete128_redocking_3rep_20260828
SurfNA,surfna,All128,Yan,4fe5,RNA,pool0,pool0,pool0,40,3.25954573,3.25954573,2.998677656,2.833471796,2.833471796,False,False,False,False,False,True,1,40,False,surfna_v2_v3_ccdcomplete128_redocking_3rep_20260828
SurfNA,surfna,All128,Yan,4jf2,RNA,pool0,pool0,pool0,40,0.442088618,0.35151071,0.309500973,0.2420939439,0.2420939439,True,True,True,True,True,True,1,40,False,surfna_v2_v3_ccdcomplete128_redocking_3rep_20260828
SurfNA,surfna,All128,Yan,4kqy,RNA,pool0,pool0,pool0,40,1.65597103,1.603560627,1.357313325,1.344467181,1.344467181,True,True,True,True,True,True,1,40,False,surfna_v2_v3_ccdcomplete128_redocking_3rep_20260828
SurfNA,surfna,All128,Yan,4lvv,RNA,pool0,pool0,pool0,40,2.955104108,2.563512501,2.481506975,1.959676098,1.665947698,False,False,False,True,True,True,1,40,False,surfna_v2_v3_ccdcomplete128_redocking_3rep_20260828
SurfNA,surfna,All128,Ruiz;Chen;Philips,1am0,RNA,pool1,pool1,pool1,40,1.482076854,1.130354619,1.115344608,1.037842229,1.037842229,True,True,True,True,True,True,1,40,False,surfna_v2_v3_ccdcomplete128_redocking_3rep_20260828
SurfNA,surfna,All128,Yan,1arj,RNA,pool1,pool1,pool1,40,1.995935404,1.281387137,1.281387137,1.281387137,1.281387137,True,True,True,True,True,True,1,40,False,surfna_v2_v3_ccdcomplete128_redocking_3rep_20260828
SurfNA,surfna,All128,Yan;Ruiz;Chen;Philips,1byj,RNA,pool1,pool1,pool1,40,1.159334504,1.147839766,1.147839766,1.147839766,1.147839766,True,True,True,True,True,True,1,40,False,surfna_v2_v3_ccdcomplete128_redocking_3rep_20260828
SurfNA,surfna,All128,Yan,1cvx,DNA,pool1,pool1,pool1,40,2.201704361,1.307048449,1.307048449,1.307048449,1.307048449,False,True,True,True,True,True,1,40,False,surfna_v2_v3_ccdcomplete128_redocking_3rep_20260828
SurfNA,surfna,All128,Yan,1cvy,DNA,pool1,pool1,pool1,40,1.542495,1.542495,1.523510582,1.508132518,1.489968927,True,True,True,True,True,True,1,40,False,surfna_v2_v3_ccdcomplete128_redocking_3rep_20260828
SurfNA,surfna,All128,Yan,1db6,DNA,pool1,pool1,pool1,40,5.322290064,5.094049721,5.094049721,4.822436027,2.602280888,False,False,False,False,False,False,1,40,False,surfna_v2_v3_ccdcomplete128_redocking_3rep_20260828
SurfNA,surfna,All128,Ruiz;Chen;Philips,1eht,RNA,pool1,pool1,pool1,40,0.4795712834,0.4795712834,0.4795712834,0.4795712834,0.4795712834,True,True,True,True,True,True,1,40,False,surfna_v2_v3_ccdcomplete128_redocking_3rep_20260828
SurfNA,surfna,All128,Ruiz;Chen;Philips,1ei2,RNA,pool1,pool1,pool1,40,7.848614554,7.533083689,7.533083689,7.533083689,2.833274747,False,False,False,False,False,False,1,40,False,surfna_v2_v3_ccdcomplete128_redocking_3rep_20260828
SurfNA,surfna,All128,Yan;Ruiz;Chen;Philips,1f1t,RNA,pool1,pool1,pool1,40,0.2995498634,0.2995498634,0.2977494214,0.2977494214,0.2977494214,True,True,True,True,True,True,1,40,False,surfna_v2_v3_ccdcomplete128_redocking_3rep_20260828
SurfNA,surfna,All128,Yan;Ruiz;Chen;Philips,1f27,RNA,pool1,pool1,pool1,40,1.905468348,1.748445645,1.378719155,1.378719155,1.378719155,True,True,True,True,True,True,1,40,False,surfna_v2_v3_ccdcomplete128_redocking_3rep_20260828
SurfNA,surfna,All128,Philips,1fjg,RNA,pool1,pool1,pool1,40,3.162221616,2.495607476,2.495607476,2.495607476,2.495607476,False,False,False,False,False,True,1,40,False,surfna_v2_v3_ccdcomplete128_redocking_3rep_20260828
SurfNA,surfna,All128,Ruiz;Chen;Philips,1fmn,RNA,pool1,pool1,pool1,40,1.108650939,1.108650939,0.9723385171,0.9723385171,0.9723385171,True,True,True,True,True,True,1,40,False,surfna_v2_v3_ccdcomplete128_redocking_3rep_20260828
SurfNA,surfna,All128,Yan;Ruiz;Chen;Philips,1fyp,RNA,pool1,pool1,pool1,40,2.726878541,2.726878541,2.726878541,2.633853086,2.44237266,False,False,False,False,False,True,1,40,False,surfna_v2_v3_ccdcomplete128_redocking_3rep_20260828
SurfNA,surfna,All128,Philips,1hnw,RNA,pool1,pool1,pool1,40,2.640186589,2.640186589,2.640186589,2.582857405,2.404287332,False,False,False,False,False,True,1,40,False,surfna_v2_v3_ccdcomplete128_redocking_3rep_20260828
SurfNA,surfna,All128,Yan,1i9v,RNA,pool1,pool1,pool1,40,3.258027793,3.165554947,3.165554947,3.045281489,2.525414837,False,False,False,False,False,True,1,40,False,surfna_v2_v3_ccdcomplete128_redocking_3rep_20260828
SurfNA,surfna,All128,Ruiz;Chen;Philips,1j7t,RNA,pool1,pool1,pool1,40,1.476990952,1.476990952,1.476990952,1.476990952,1.476990952,True,True,True,True,True,True,1,40,False,surfna_v2_v3_ccdcomplete128_redocking_3rep_20260828
SurfNA,surfna,All128,Ruiz;Chen;Philips,1koc,RNA,pool1,pool1,pool1,40,1.721936508,1.721936508,1.721936508,1.267465244,1.267465244,True,True,True,True,True,True,1,40,False,surfna_v2_v3_ccdcomplete128_redocking_3rep_20260828
SurfNA,surfna,All128,Ruiz;Chen,1lc4,RNA,pool1,pool1,pool1,40,1.427137227,1.422159266,1.422159266,1.422159266,1.422159266,True,True,True,True,True,True,1,40,False,surfna_v2_v3_ccdcomplete128_redocking_3rep_20260828
SurfNA,surfna,All128,Ruiz;Chen,1lvj,RNA,pool1,pool1,pool1,40,5.173625342,5.173625342,5.173625342,5.140100909,4.846613695,False,False,False,False,False,False,1,40,False,surfna_v2_v3_ccdcomplete128_redocking_3rep_20260828
SurfNA,surfna,All128,Ruiz;Chen;Philips,1mwl,RNA,pool1,pool1,pool1,40,1.533286361,1.183125026,1.183125026,1.183125026,1.183125026,True,True,True,True,True,True,1,40,False,surfna_v2_v3_ccdcomplete128_redocking_3rep_20260828
SurfNA,surfna,All128,Philips,1nbk,RNA,pool1,pool1,pool1,40,1.768455355,1.020019242,1.020019242,1.020019242,1.008100492,True,True,True,True,True,True,1,40,False,surfna_v2_v3_ccdcomplete128_redocking_3rep_20260828
SurfNA,surfna,All128,Ruiz;Chen;Philips,1nem,RNA,pool1,pool1,pool1,40,1.731403033,1.731403033,1.731403033,1.731403033,1.731403033,True,True,True,True,True,True,1,40,False,surfna_v2_v3_ccdcomplete128_redocking_3rep_20260828
SurfNA,surfna,All128,Ruiz,1nta,RNA,pool1,pool1,pool1,40,2.12211699,2.12211699,2.12211699,1.943645945,1.943645945,False,False,False,True,True,True,1,40,False,surfna_v2_v3_ccdcomplete128_redocking_3rep_20260828
SurfNA,surfna,All128,Ruiz;Chen,1ntb,RNA,pool1,pool1,pool1,40,5.148321113,1.998529033,1.998529033,1.998529033,1.998529033,False,True,True,True,True,False,1,40,False,surfna_v2_v3_ccdcomplete128_redocking_3rep_20260828
SurfNA,surfna,All128,Yan,1nzm,DNA,pool1,pool1,pool1,40,0.5807889208,0.5353829212,0.5353829212,0.5052274843,0.5052274843,True,True,True,True,True,True,1,40,False,surfna_v2_v3_ccdcomplete128_redocking_3rep_20260828
SurfNA,surfna,All128,Ruiz,1o15,RNA,pool1,pool1,pool1,40,0.8153026231,0.5943527267,0.5943527267,0.5168191439,0.4525951806,True,True,True,True,True,True,1,40,False,surfna_v2_v3_ccdcomplete128_redocking_3rep_20260828
SurfNA,surfna,All128,Ruiz,1o9m,RNA,pool1,pool1,pool1,40,8.762155072,1.897504289,1.897504289,1.897504289,1.897504289,False,True,True,True,True,False,1,40,False,surfna_v2_v3_ccdcomplete128_redocking_3rep_20260828
SurfNA,surfna,All128,Yan,1p96,DNA,pool1,pool1,pool1,40,3.783567487,2.422047486,2.422047486,2.422047486,2.333664571,False,False,False,False,False,True,1,40,False,surfna_v2_v3_ccdcomplete128_redocking_3rep_20260828
SurfNA,surfna,All128,Ruiz;Chen;Philips,1pbr,RNA,pool1,pool1,pool1,40,8.120891183,1.848355052,1.848355052,1.848355052,1.848355052,False,True,True,True,True,False,1,40,False,surfna_v2_v3_ccdcomplete128_redocking_3rep_20260828
SurfNA,surfna,All128,Yan;Ruiz;Chen;Philips,1q8n,RNA,pool1,pool1,pool1,40,0.965890708,0.965890708,0.8773784557,0.7890061668,0.7890061668,True,True,True,True,True,True,1,40,False,surfna_v2_v3_ccdcomplete128_redocking_3rep_20260828
SurfNA,surfna,All128,Yan;Ruiz;Chen,1qd3,RNA,pool1,pool1,pool1,40,2.849237166,2.242555843,2.242555843,2.242555843,2.242555843,False,False,False,False,False,True,1,40,False,surfna_v2_v3_ccdcomplete128_redocking_3rep_20260828
SurfNA,surfna,All128,Yan,1qv4,DNA,pool1,pool1,pool1,40,0.767468203,0.767468203,0.767468203,0.767468203,0.767468203,True,True,True,True,True,True,1,40,False,surfna_v2_v3_ccdcomplete128_redocking_3rep_20260828
SurfNA,surfna,All128,Yan,1qv8,DNA,pool1,pool1,pool1,40,0.743785619,0.743785619,0.743785619,0.743785619,0.743785619,True,True,True,True,True,True,1,40,False,surfna_v2_v3_ccdcomplete128_redocking_3rep_20260828
SurfNA,surfna,All128,Yan,1r4e,DNA,pool1,pool1,pool1,40,1.862722282,1.862722282,1.660843713,1.660843713,1.660843713,True,True,True,True,True,True,1,40,False,surfna_v2_v3_ccdcomplete128_redocking_3rep_20260828
SurfNA,surfna,All128,Ruiz;Chen;Philips,1tob,RNA,pool1,pool1,pool1,40,8.02293215,3.00056452,2.119075731,1.969398207,1.969398207,False,False,False,True,True,False,1,40,False,surfna_v2_v3_ccdcomplete128_redocking_3rep_20260828
SurfNA,surfna,All128,Ruiz;Chen,1u8d,RNA,pool1,pool1,pool1,40,2.393683399,2.393683399,2.393683399,2.393683399,2.393683399,False,False,False,False,False,True,1,40,False,surfna_v2_v3_ccdcomplete128_redocking_3rep_20260828
SurfNA,surfna,All128,Yan;Ruiz;Philips,1uts,RNA,pool1,pool1,pool1,40,4.261374266,3.822742407,3.822742407,3.040578067,3.040578067,False,False,False,False,False,True,1,40,False,surfna_v2_v3_ccdcomplete128_redocking_3rep_20260828
SurfNA,surfna,All128,Yan;Ruiz;Chen;Philips,1uud,RNA,pool1,pool1,pool1,40,7.720195965,7.535114833,1.91231963,1.91231963,1.91231963,False,False,True,True,True,False,1,40,False,surfna_v2_v3_ccdcomplete128_redocking_3rep_20260828
SurfNA,surfna,All128,Ruiz;Philips,1uui,RNA,pool1,pool1,pool1,40,5.447999217,5.447999217,1.604234904,1.604234904,1.604234904,False,False,True,True,True,False,1,40,False,surfna_v2_v3_ccdcomplete128_redocking_3rep_20260828
SurfNA,surfna,All128,Philips,1xbp,RNA,pool1,pool1,pool1,40,2.328759544,2.328759544,2.328759544,2.3117272,2.3117272,False,False,False,False,False,True,1,40,False,surfna_v2_v3_ccdcomplete128_redocking_3rep_20260828
SurfNA,surfna,All128,Ruiz;Philips,1xpf,RNA,pool1,pool1,pool1,40,1.19190489,1.19190489,1.127536142,1.127536142,1.127536142,True,True,True,True,True,True,1,40,False,surfna_v2_v3_ccdcomplete128_redocking_3rep_20260828
SurfNA,surfna,All128,Ruiz;Chen;Philips,1y26,RNA,pool1,pool1,pool1,40,2.808786819,2.805404259,2.805404259,2.796460252,0.2349273279,False,False,False,False,True,True,1,40,False,surfna_v2_v3_ccdcomplete128_redocking_3rep_20260828
SurfNA,surfna,All128,Chen,1y27,RNA,pool1,pool1,pool1,40,0.5117548369,0.4998923703,0.2751234555,0.2751234555,0.2751234555,True,True,True,True,True,True,1,40,False,surfna_v2_v3_ccdcomplete128_redocking_3rep_20260828
SurfNA,surfna,All128,Yan;Chen,1ykv,RNA,pool1,pool1,pool1,40,0.9559859941,0.9559859941,0.8592475155,0.8592475155,0.8592475155,True,True,True,True,True,True,1,40,False,surfna_v2_v3_ccdcomplete128_redocking_3rep_20260828
SurfNA,surfna,All128,Yan;Ruiz;Chen,1yrj,RNA,pool1,pool1,pool1,40,9.578234846,1.584991531,1.584991531,1.584991531,1.584991531,False,True,True,True,True,False,1,40,False,surfna_v2_v3_ccdcomplete128_redocking_3rep_20260828
SurfNA,surfna,All128,Chen,1zz5,RNA,pool1,pool1,pool1,40,1.871599739,1.871599739,1.871599739,1.871599739,1.729092994,True,True,True,True,True,True,1,40,False,surfna_v2_v3_ccdcomplete128_redocking_3rep_20260828
SurfNA,surfna,All128,Yan;Ruiz,2au4,RNA,pool1,pool1,pool1,40,3.301443471,3.301443471,3.110248554,2.772926986,2.772926986,False,False,False,False,False,True,1,40,False,surfna_v2_v3_ccdcomplete128_redocking_3rep_20260828
SurfNA,surfna,All128,Yan,2b57,RNA,pool1,pool1,pool1,40,0.3316625311,0.3316625311,0.3316625311,0.3316625311,0.3316625311,True,True,True,True,True,True,1,40,False,surfna_v2_v3_ccdcomplete128_redocking_3rep_20260828
SurfNA,surfna,All128,Yan;Ruiz;Chen;Philips,2be0,RNA,pool1,pool1,pool1,40,8.622860313,4.930518019,4.930518019,4.930518019,3.058552789,False,False,False,False,False,False,1,40,False,surfna_v2_v3_ccdcomplete128_redocking_3rep_20260828
SurfNA,surfna,All128,Yan;Ruiz;Philips,2bee,RNA,pool1,pool1,pool1,40,8.347276079,8.327834371,2.586475251,2.586475251,2.416287988,False,False,False,False,False,False,1,40,False,surfna_v2_v3_ccdcomplete128_redocking_3rep_20260828
SurfNA,surfna,All128,Yan,2d55,DNA,pool1,pool1,pool1,40,4.995526419,4.995526419,4.68925861,4.68925861,4.68925861,False,False,False,False,False,True,1,40,False,surfna_v2_v3_ccdcomplete128_redocking_3rep_20260828
SurfNA,surfna,All128,Chen,2esi,RNA,pool1,pool1,pool1,40,3.875243892,2.325614351,2.325614351,2.325614351,1.381952616,False,False,False,False,True,True,1,40,False,surfna_v2_v3_ccdcomplete128_redocking_3rep_20260828
SurfNA,surfna,All128,Ruiz,2esj,RNA,pool1,pool1,pool1,40,10.03022489,4.458357135,4.458357135,2.504338441,2.504338441,False,False,False,False,False,False,1,40,False,surfna_v2_v3_ccdcomplete128_redocking_3rep_20260828
SurfNA,surfna,All128,Ruiz,2et3,RNA,pool1,pool1,pool1,40,1.41894146,1.310493036,1.257135639,1.214634956,1.214634956,True,True,True,True,True,True,1,40,False,surfna_v2_v3_ccdcomplete128_redocking_3rep_20260828
SurfNA,surfna,All128,Ruiz,2et4,RNA,pool1,pool1,pool1,40,9.104982757,4.2020246,2.285673518,2.285673518,2.285673518,False,False,False,False,False,False,1,40,False,surfna_v2_v3_ccdcomplete128_redocking_3rep_20260828
SurfNA,surfna,All128,Ruiz;Chen;Philips,2et8,RNA,pool1,pool1,pool1,40,0.9831738681,0.8313761008,0.8313761008,0.8313761008,0.8313761008,True,True,True,True,True,True,1,40,False,surfna_v2_v3_ccdcomplete128_redocking_3rep_20260828
SurfNA,surfna,All128,Ruiz,2f4s,RNA,pool1,pool1,pool1,40,3.280269941,3.280269941,1.554165087,1.554165087,1.554165087,False,False,True,True,True,True,1,40,False,surfna_v2_v3_ccdcomplete128_redocking_3rep_20260828
SurfNA,surfna,All128,Yan;Ruiz;Chen,2f4t,RNA,pool1,pool1,pool1,40,3.107536624,2.181785889,2.181785889,2.181785889,2.181785889,False,False,False,False,False,True,1,40,False,surfna_v2_v3_ccdcomplete128_redocking_3rep_20260828
SurfNA,surfna,All128,Yan;Ruiz;Philips,2f4u,RNA,pool1,pool1,pool1,40,6.609636278,6.355439851,5.830452768,1.735491062,1.735491062,False,False,False,True,True,False,1,40,False,surfna_v2_v3_ccdcomplete128_redocking_3rep_20260828
SurfNA,surfna,All128,Ruiz,2fcx,RNA,pool1,pool1,pool1,40,1.430875276,1.430875276,1.430875276,1.338003496,1.338003496,True,True,True,True,True,True,1,40,False,surfna_v2_v3_ccdcomplete128_redocking_3rep_20260828
SurfNA,surfna,All128,Ruiz,2fcy,RNA,pool1,pool1,pool1,40,4.647517969,2.709196057,2.709196057,2.709196057,2.567306263,False,False,False,False,False,True,1,40,False,surfna_v2_v3_ccdcomplete128_redocking_3rep_20260828
SurfNA,surfna,All128,Ruiz;Chen;Philips,2fcz,RNA,pool1,pool1,pool1,40,1.237606026,1.237606026,1.237606026,1.237606026,1.237606026,True,True,True,True,True,True,1,40,False,surfna_v2_v3_ccdcomplete128_redocking_3rep_20260828
SurfNA,surfna,All128,Ruiz;Chen;Philips,2fd0,RNA,pool1,pool1,pool1,40,2.811903939,2.244027732,1.923331899,1.923331899,1.923331899,False,False,True,True,True,True,1,40,False,surfna_v2_v3_ccdcomplete128_redocking_3rep_20260828
SurfNA,surfna,All128,Yan,2g5k,RNA,pool1,pool1,pool1,40,3.37870134,2.131915584,2.131915584,2.131915584,1.566113221,False,False,False,False,True,True,1,40,False,surfna_v2_v3_ccdcomplete128_redocking_3rep_20260828
SurfNA,surfna,All128,Ruiz;Chen;Philips,2g5q,RNA,pool1,pool1,pool1,40,1.151531006,1.151531006,1.151531006,1.151531006,1.151531006,True,True,True,True,True,True,1,40,False,surfna_v2_v3_ccdcomplete128_redocking_3rep_20260828
SurfNA,surfna,All128,Yan,2g9c,RNA,pool1,pool1,pool1,40,0.4326483906,0.4105477496,0.2519012922,0.1967440733,0.1967440733,True,True,True,True,True,True,1,40,False,surfna_v2_v3_ccdcomplete128_redocking_3rep_20260828
SurfNA,surfna,All128,Chen;Philips,2gdi,RNA,pool1,pool1,pool1,40,2.176296325,1.81173934,1.81173934,1.621351482,1.621351482,False,True,True,True,True,True,1,40,False,surfna_v2_v3_ccdcomplete128_redocking_3rep_20260828
SurfNA,surfna,All128,Chen,2gis,RNA,pool1,pool1,pool1,40,2.63272241,1.112889755,0.84666088,0.84666088,0.84666088,False,True,True,True,True,True,1,40,False,surfna_v2_v3_ccdcomplete128_redocking_3rep_20260828
SurfNA,surfna,All128,Ruiz,2juk,RNA,pool1,pool1,pool1,40,3.976800073,3.976800073,3.90039544,3.90039544,3.597792868,False,False,False,False,False,True,1,40,False,surfna_v2_v3_ccdcomplete128_redocking_3rep_20260828
SurfNA,surfna,All128,Yan,2jwq,DNA,pool1,pool1,pool1,40,1.241826829,1.241826829,1.241826829,1.241826829,1.241826829,True,True,True,True,True,True,1,40,False,surfna_v2_v3_ccdcomplete128_redocking_3rep_20260828
SurfNA,surfna,All128,Yan;Chen,2kgp,RNA,pool1,pool1,pool1,40,1.61171773,1.294557469,1.28673748,1.28673748,1.28673748,True,True,True,True,True,True,1,40,False,surfna_v2_v3_ccdcomplete128_redocking_3rep_20260828
SurfNA,surfna,All128,Yan;Chen,2ktz,RNA,pool1,pool1,pool1,40,0.9888327116,0.7883859161,0.7883859161,0.7883859161,0.7883859161,True,True,True,True,True,True,1,40,False,surfna_v2_v3_ccdcomplete128_redocking_3rep_20260828
SurfNA,surfna,All128,Yan;Chen,2ku0,RNA,pool1,pool1,pool1,40,1.610879632,1.610879632,1.512651127,1.386730013,1.296591569,True,True,True,True,True,True,1,40,False,surfna_v2_v3_ccdcomplete128_redocking_3rep_20260828
SurfNA,surfna,All128,Yan,2l94,RNA,pool1,pool1,pool1,40,1.628842263,1.330225874,1.220707147,0.8816502187,0.8816502187,True,True,True,True,True,True,1,40,False,surfna_v2_v3_ccdcomplete128_redocking_3rep_20260828
SurfNA,surfna,All128,Yan,2loa,DNA,pool1,pool1,pool1,40,6.490924143,3.379452818,3.379452818,3.379452818,3.090243442,False,False,False,False,False,False,1,40,False,surfna_v2_v3_ccdcomplete128_redocking_3rep_20260828
SurfNA,surfna,All128,Yan,2mb3,DNA,pool1,pool1,pool1,40,2.022799776,2.004254747,1.939279638,1.939279638,1.939279638,False,False,True,True,True,True,1,40,False,surfna_v2_v3_ccdcomplete128_redocking_3rep_20260828
SurfNA,surfna,All128,Ruiz;Chen,2o3v,RNA,pool1,pool1,pool1,40,9.306047567,3.082593054,2.825892875,2.825892875,2.825892875,False,False,False,False,False,False,1,40,False,surfna_v2_v3_ccdcomplete128_redocking_3rep_20260828
SurfNA,surfna,All128,Yan;Ruiz,2o3w,RNA,pool1,pool1,pool1,40,3.192518502,3.192518502,2.720412192,2.720412192,2.720412192,False,False,False,False,False,True,1,40,False,surfna_v2_v3_ccdcomplete128_redocking_3rep_20260828
SurfNA,surfna,All128,Yan;Ruiz;Philips,2o3x,RNA,pool1,pool1,pool1,40,2.083178753,2.083178753,2.083178753,1.768630921,1.768630921,False,False,False,True,True,True,1,40,False,surfna_v2_v3_ccdcomplete128_redocking_3rep_20260828
SurfNA,surfna,All128,Ruiz;Philips,2oe5,RNA,pool1,pool1,pool1,40,1.635694972,1.635694972,1.609105878,1.609105878,1.609105878,True,True,True,True,True,True,1,40,False,surfna_v2_v3_ccdcomplete128_redocking_3rep_20260828
SurfNA,surfna,All128,Ruiz;Chen,2oe8,RNA,pool1,pool1,pool1,40,1.525308574,1.525308574,1.525308574,1.525308574,1.525308574,True,True,True,True,True,True,1,40,False,surfna_v2_v3_ccdcomplete128_redocking_3rep_20260828
SurfNA,surfna,All128,Philips,2ogn,RNA,pool1,pool1,pool1,40,1.787538527,1.787538527,1.787538527,1.787538527,1.787538527,True,True,True,True,True,True,1,40,False,surfna_v2_v3_ccdcomplete128_redocking_3rep_20260828
SurfNA,surfna,All128,Chen;Philips,2pwt,RNA,pool1,pool1,pool1,40,8.392465996,6.277127729,6.277127729,6.171038629,4.549809496,False,False,False,False,False,False,1,40,False,surfna_v2_v3_ccdcomplete128_redocking_3rep_20260828
SurfNA,surfna,All128,Ruiz;Chen;Philips,2tob,RNA,pool1,pool1,pool1,40,3.848636479,2.877834224,2.877834224,2.877834224,2.762551588,False,False,False,False,False,True,1,40,False,surfna_v2_v3_ccdcomplete128_redocking_3rep_20260828
SurfNA,surfna,All128,Yan,2xnw,RNA,pool1,pool1,pool1,40,0.4358428368,0.4358428368,0.329031455,0.329031455,0.329031455,True,True,True,True,True,True,1,40,False,surfna_v2_v3_ccdcomplete128_redocking_3rep_20260828
SurfNA,surfna,All128,Yan,2xnz,RNA,pool1,pool1,pool1,40,0.2724340935,0.1624017167,0.1624017167,0.1624017167,0.1624017167,True,True,True,True,True,True,1,40,False,surfna_v2_v3_ccdcomplete128_redocking_3rep_20260828
SurfNA,surfna,All128,Yan,2xo0,RNA,pool1,pool1,pool1,40,0.2027706015,0.2027706015,0.2027706015,0.2027706015,0.2027706015,True,True,True,True,True,True,1,40,False,surfna_v2_v3_ccdcomplete128_redocking_3rep_20260828
SurfNA,surfna,All128,Yan,2xo1,RNA,pool1,pool1,pool1,40,2.69257909,2.69257909,2.69257909,0.7323960527,0.7281855193,False,False,False,True,True,True,1,40,False,surfna_v2_v3_ccdcomplete128_redocking_3rep_20260828
SurfNA,surfna,All128,Yan,2ydh,RNA,pool1,pool1,pool1,40,0.8985012587,0.8985012587,0.8985012587,0.8985012587,0.8985012587,True,True,True,True,True,True,1,40,False,surfna_v2_v3_ccdcomplete128_redocking_3rep_20260828
SurfNA,surfna,All128,Yan,2ygh,RNA,pool1,pool1,pool1,40,0.9137719947,0.9137719947,0.9137719947,0.9137719947,0.9137719947,True,True,True,True,True,True,1,40,False,surfna_v2_v3_ccdcomplete128_redocking_3rep_20260828
SurfNA,surfna,All128,Yan,316d,DNA,pool1,pool1,pool1,40,8.138008678,3.549455089,3.549455089,3.549455089,3.549455089,False,False,False,False,False,False,1,40,False,surfna_v2_v3_ccdcomplete128_redocking_3rep_20260828
SurfNA,surfna,All128,Ruiz,3c44,RNA,pool1,pool1,pool1,40,1.63428625,1.620909261,1.620909261,1.620909261,1.620909261,True,True,True,True,True,True,1,40,False,surfna_v2_v3_ccdcomplete128_redocking_3rep_20260828
SurfNA,surfna,All128,Philips,3d2x,RNA,pool1,pool1,pool1,40,2.477169298,2.260915214,1.306024565,1.306024565,1.306024565,False,False,True,True,True,True,1,40,False,surfna_v2_v3_ccdcomplete128_redocking_3rep_20260828
SurfNA,surfna,All128,Chen,3dil,RNA,pool1,pool1,pool1,40,5.639625706,5.604924756,0.9666178475,0.9666178475,0.9666178475,False,False,True,True,True,False,1,40,False,surfna_v2_v3_ccdcomplete128_redocking_3rep_20260828
SurfNA,surfna,All128,Yan,3ds7,RNA,pool1,pool1,pool1,40,0.8528174878,0.8528174878,0.8528174878,0.805875148,0.805875148,True,True,True,True,True,True,1,40,False,surfna_v2_v3_ccdcomplete128_redocking_3rep_20260828
SurfNA,surfna,All128,Chen,3dvv,RNA,pool1,pool1,pool1,40,5.093771399,1.28711332,1.232745498,1.232745498,1.232745498,False,True,True,True,True,False,1,40,False,surfna_v2_v3_ccdcomplete128_redocking_3rep_20260828
SurfNA,surfna,All128,Yan,3e5c,RNA,pool1,pool1,pool1,40,5.032749747,2.517196294,2.122673785,2.051522435,2.051522435,False,False,False,False,False,False,1,40,False,surfna_v2_v3_ccdcomplete128_redocking_3rep_20260828
SurfNA,surfna,All128,Chen,3f2q,RNA,pool1,pool1,pool1,40,4.774306032,1.968973874,1.968973874,1.902632288,1.366028972,False,True,True,True,True,True,1,40,False,surfna_v2_v3_ccdcomplete128_redocking_3rep_20260828
SurfNA,surfna,All128,Yan,3fo4,RNA,pool1,pool1,pool1,40,0.2062581772,0.2062581772,0.2062581772,0.200269531,0.200269531,True,True,True,True,True,True,1,40,False,surfna_v2_v3_ccdcomplete128_redocking_3rep_20260828
SurfNA,surfna,All128,Yan,3fo6,RNA,pool1,pool1,pool1,40,0.2336542016,0.2336542016,0.2112559233,0.2112559233,0.2112559233,True,True,True,True,True,True,1,40,False,surfna_v2_v3_ccdcomplete128_redocking_3rep_20260828
SurfNA,surfna,All128,Yan,3gao,RNA,pool1,pool1,pool1,40,3.331294633,3.31446489,3.31446489,2.836862555,0.4174933053,False,False,False,False,True,True,1,40,False,surfna_v2_v3_ccdcomplete128_redocking_3rep_20260828
SurfNA,surfna,All128,Yan,3ger,RNA,pool1,pool1,pool1,40,0.5136777753,0.2132730491,0.2132730491,0.2132730491,0.2132730491,True,True,True,True,True,True,1,40,False,surfna_v2_v3_ccdcomplete128_redocking_3rep_20260828
SurfNA,surfna,All128,Yan,3ges,RNA,pool1,pool1,pool1,40,3.420685726,0.3228548126,0.3228548126,0.3228548126,0.3228548126,False,True,True,True,True,True,1,40,False,surfna_v2_v3_ccdcomplete128_redocking_3rep_20260828
SurfNA,surfna,All128,Yan,3gog,RNA,pool1,pool1,pool1,40,0.3472964064,0.299061283,0.299061283,0.299061283,0.299061283,True,True,True,True,True,True,1,40,False,surfna_v2_v3_ccdcomplete128_redocking_3rep_20260828
SurfNA,surfna,All128,Yan,3got,RNA,pool1,pool1,pool1,40,0.316804929,0.316804929,0.316804929,0.316804929,0.316804929,True,True,True,True,True,True,1,40,False,surfna_v2_v3_ccdcomplete128_redocking_3rep_20260828
SurfNA,surfna,All128,Chen;Philips,3gx2,RNA,pool1,pool1,pool1,40,2.247689315,1.20548288,1.20548288,1.20548288,1.20548288,False,True,True,True,True,True,1,40,False,surfna_v2_v3_ccdcomplete128_redocking_3rep_20260828
SurfNA,surfna,All128,Chen,3gx3,RNA,pool1,pool1,pool1,40,2.111280544,1.197578169,1.197578169,1.197578169,1.197578169,False,True,True,True,True,True,1,40,False,surfna_v2_v3_ccdcomplete128_redocking_3rep_20260828
SurfNA,surfna,All128,Chen,3gx5,RNA,pool1,pool1,pool1,40,2.124616045,2.051807701,2.03096383,2.03096383,2.03096383,False,False,False,False,False,True,1,40,False,surfna_v2_v3_ccdcomplete128_redocking_3rep_20260828
SurfNA,surfna,All128,Chen,3gx7,RNA,pool1,pool1,pool1,40,1.404102831,1.404102831,1.404102831,1.36706569,1.36706569,True,True,True,True,True,True,1,40,False,surfna_v2_v3_ccdcomplete128_redocking_3rep_20260828
SurfNA,surfna,All128,Yan;Chen,3la5,RNA,pool1,pool1,pool1,40,0.6159098172,0.4612921091,0.4612921091,0.3698739651,0.3698739651,True,True,True,True,True,True,1,40,False,surfna_v2_v3_ccdcomplete128_redocking_3rep_20260828
SurfNA,surfna,All128,Yan,3mum,RNA,pool1,pool1,pool1,40,4.010606395,4.005389038,4.005389038,4.002566531,3.973201113,False,False,False,False,False,True,1,40,False,surfna_v2_v3_ccdcomplete128_redocking_3rep_20260828
SurfNA,surfna,All128,Yan,3mur,RNA,pool1,pool1,pool1,40,2.90939039,2.90939039,2.90939039,2.90939039,2.90939039,False,False,False,False,False,True,1,40,False,surfna_v2_v3_ccdcomplete128_redocking_3rep_20260828
SurfNA,surfna,All128,Yan,3mxh,RNA,pool1,pool1,pool1,40,3.416897474,3.355217669,3.355217669,3.355217669,3.352235122,False,False,False,False,False,True,1,40,False,surfna_v2_v3_ccdcomplete128_redocking_3rep_20260828
SurfNA,surfna,All128,Yan,3npn,RNA,pool1,pool1,pool1,40,1.547828719,1.350846098,1.350846098,1.314114986,1.294709803,True,True,True,True,True,True,1,40,False,surfna_v2_v3_ccdcomplete128_redocking_3rep_20260828
SurfNA,surfna,All128,Chen,3npq,RNA,pool1,pool1,pool1,40,1.665074684,1.2716473,1.2716473,1.2716473,1.2716473,True,True,True,True,True,True,1,40,False,surfna_v2_v3_ccdcomplete128_redocking_3rep_20260828
SurfNA,surfna,All128,Yan,3owz,RNA,pool1,pool1,pool1,40,0.819150308,0.7032047333,0.7032047333,0.7032047333,0.6844922216,True,True,True,True,True,True,1,40,False,surfna_v2_v3_ccdcomplete128_redocking_3rep_20260828
SurfNA,surfna,All128,Yan;Chen,3q3z,RNA,pool1,pool1,pool1,40,3.115782474,3.009863706,3.009863706,3.009863706,3.009863706,False,False,False,False,False,True,1,40,False,surfna_v2_v3_ccdcomplete128_redocking_3rep_20260828
SurfNA,surfna,All128,Yan,3q50,RNA,pool1,pool1,pool1,40,0.5907378949,0.5578458456,0.5328914002,0.2927918596,0.2927918596,True,True,True,True,True,True,1,40,False,surfna_v2_v3_ccdcomplete128_redocking_3rep_20260828
SurfNA,surfna,All128,Yan,3s4p,RNA,pool1,pool1,pool1,40,9.271510039,4.981060763,4.981060763,4.981060763,4.553936604,False,False,False,False,False,False,1,40,False,surfna_v2_v3_ccdcomplete128_redocking_3rep_20260828
SurfNA,surfna,All128,Yan,3slm,RNA,pool1,pool1,pool1,40,0.9228494314,0.868068038,0.868068038,0.6613452774,0.6613452774,True,True,True,True,True,True,1,40,False,surfna_v2_v3_ccdcomplete128_redocking_3rep_20260828
SurfNA,surfna,All128,Yan,407d,DNA,pool1,pool1,pool1,40,1.48430089,1.48430089,1.48430089,1.463335023,1.463335023,True,True,True,True,True,True,1,40,False,surfna_v2_v3_ccdcomplete128_redocking_3rep_20260828
SurfNA,surfna,All128,Yan,408d,DNA,pool1,pool1,pool1,40,2.077010711,1.706542937,1.377436205,1.377436205,1.377436205,False,True,True,True,True,True,1,40,False,surfna_v2_v3_ccdcomplete128_redocking_3rep_20260828
SurfNA,surfna,All128,Yan,4aob,RNA,pool1,pool1,pool1,40,1.208504665,1.208504665,1.208504665,1.208504665,1.208504665,True,True,True,True,True,True,1,40,False,surfna_v2_v3_ccdcomplete128_redocking_3rep_20260828
SurfNA,surfna,All128,Yan,4erj,RNA,pool1,pool1,pool1,40,0.6119964939,0.5761898967,0.440618507,0.440618507,0.3792406808,True,True,True,True,True,True,1,40,False,surfna_v2_v3_ccdcomplete128_redocking_3rep_20260828
SurfNA,surfna,All128,Yan,4fe5,RNA,pool1,pool1,pool1,40,2.390367086,2.390367086,2.390367086,2.390367086,0.5649123469,False,False,False,False,True,True,1,40,False,surfna_v2_v3_ccdcomplete128_redocking_3rep_20260828
SurfNA,surfna,All128,Yan,4jf2,RNA,pool1,pool1,pool1,40,0.4814967253,0.4337023098,0.3107033896,0.3107033896,0.3004169013,True,True,True,True,True,True,1,40,False,surfna_v2_v3_ccdcomplete128_redocking_3rep_20260828
SurfNA,surfna,All128,Yan,4kqy,RNA,pool1,pool1,pool1,40,1.338919973,1.338919973,1.338919973,1.338919973,1.338919973,True,True,True,True,True,True,1,40,False,surfna_v2_v3_ccdcomplete128_redocking_3rep_20260828
SurfNA,surfna,All128,Yan,4lvv,RNA,pool1,pool1,pool1,40,2.264135627,2.264135627,1.954797616,1.954797616,1.954797616,False,False,True,True,True,True,1,40,False,surfna_v2_v3_ccdcomplete128_redocking_3rep_20260828
SurfNA,surfna,All128,Ruiz;Chen;Philips,1am0,RNA,pool2,pool2,pool2,40,1.237813552,1.237813552,1.06586898,0.8988721892,0.8988721892,True,True,True,True,True,True,1,40,False,surfna_v2_v3_ccdcomplete128_redocking_3rep_20260828
SurfNA,surfna,All128,Yan,1arj,RNA,pool2,pool2,pool2,40,5.590268775,1.266002032,1.266002032,1.266002032,1.266002032,False,True,True,True,True,False,1,40,False,surfna_v2_v3_ccdcomplete128_redocking_3rep_20260828
SurfNA,surfna,All128,Yan;Ruiz;Chen;Philips,1byj,RNA,pool2,pool2,pool2,40,1.439024443,1.30843739,1.30843739,1.143648173,1.143648173,True,True,True,True,True,True,1,40,False,surfna_v2_v3_ccdcomplete128_redocking_3rep_20260828
SurfNA,surfna,All128,Yan,1cvx,DNA,pool2,pool2,pool2,40,2.591058265,2.591058265,1.13313482,1.13313482,1.13313482,False,False,True,True,True,True,1,40,False,surfna_v2_v3_ccdcomplete128_redocking_3rep_20260828
SurfNA,surfna,All128,Yan,1cvy,DNA,pool2,pool2,pool2,40,1.662221116,1.662221116,1.3443699,1.3443699,1.3443699,True,True,True,True,True,True,1,40,False,surfna_v2_v3_ccdcomplete128_redocking_3rep_20260828
SurfNA,surfna,All128,Yan,1db6,DNA,pool2,pool2,pool2,40,1.749358601,1.610430316,1.610430316,1.610430316,1.591597675,True,True,True,True,True,True,1,40,False,surfna_v2_v3_ccdcomplete128_redocking_3rep_20260828
SurfNA,surfna,All128,Ruiz;Chen;Philips,1eht,RNA,pool2,pool2,pool2,40,0.4585217354,0.4585217354,0.4585217354,0.4585217354,0.356979629,True,True,True,True,True,True,1,40,False,surfna_v2_v3_ccdcomplete128_redocking_3rep_20260828
SurfNA,surfna,All128,Ruiz;Chen;Philips,1ei2,RNA,pool2,pool2,pool2,40,8.200980891,8.200980891,8.104535168,3.392207274,2.629569146,False,False,False,False,False,False,1,40,False,surfna_v2_v3_ccdcomplete128_redocking_3rep_20260828
SurfNA,surfna,All128,Yan;Ruiz;Chen;Philips,1f1t,RNA,pool2,pool2,pool2,40,0.4146250948,0.3455695592,0.3455695592,0.3455695592,0.3455695592,True,True,True,True,True,True,1,40,False,surfna_v2_v3_ccdcomplete128_redocking_3rep_20260828
SurfNA,surfna,All128,Yan;Ruiz;Chen;Philips,1f27,RNA,pool2,pool2,pool2,40,1.711333975,1.655448758,1.511047675,1.389844293,1.366499166,True,True,True,True,True,True,1,40,False,surfna_v2_v3_ccdcomplete128_redocking_3rep_20260828
SurfNA,surfna,All128,Philips,1fjg,RNA,pool2,pool2,pool2,40,2.645202537,2.645202537,2.645202537,2.446663935,2.446663935,False,False,False,False,False,True,1,40,False,surfna_v2_v3_ccdcomplete128_redocking_3rep_20260828
SurfNA,surfna,All128,Ruiz;Chen;Philips,1fmn,RNA,pool2,pool2,pool2,40,1.356599532,1.356599532,1.356599532,1.356599532,1.356599532,True,True,True,True,True,True,1,40,False,surfna_v2_v3_ccdcomplete128_redocking_3rep_20260828
SurfNA,surfna,All128,Yan;Ruiz;Chen;Philips,1fyp,RNA,pool2,pool2,pool2,40,2.510915255,2.510915255,2.510915255,2.510915255,2.278948642,False,False,False,False,False,True,1,40,False,surfna_v2_v3_ccdcomplete128_redocking_3rep_20260828
SurfNA,surfna,All128,Philips,1hnw,RNA,pool2,pool2,pool2,40,2.81915663,2.674284519,2.674284519,2.614149948,2.482407657,False,False,False,False,False,True,1,40,False,surfna_v2_v3_ccdcomplete128_redocking_3rep_20260828
SurfNA,surfna,All128,Yan,1i9v,RNA,pool2,pool2,pool2,40,8.457227584,3.457407185,2.973828558,2.973828558,2.973828558,False,False,False,False,False,False,1,40,False,surfna_v2_v3_ccdcomplete128_redocking_3rep_20260828
SurfNA,surfna,All128,Ruiz;Chen;Philips,1j7t,RNA,pool2,pool2,pool2,40,2.824439233,1.869327552,1.869327552,1.869327552,1.869327552,False,True,True,True,True,True,1,40,False,surfna_v2_v3_ccdcomplete128_redocking_3rep_20260828
SurfNA,surfna,All128,Ruiz;Chen;Philips,1koc,RNA,pool2,pool2,pool2,40,1.784200273,1.642026578,1.642026578,1.377288925,1.239888701,True,True,True,True,True,True,1,40,False,surfna_v2_v3_ccdcomplete128_redocking_3rep_20260828
SurfNA,surfna,All128,Ruiz;Chen,1lc4,RNA,pool2,pool2,pool2,40,1.552158273,1.409237708,1.409237708,1.409237708,1.409237708,True,True,True,True,True,True,1,40,False,surfna_v2_v3_ccdcomplete128_redocking_3rep_20260828
SurfNA,surfna,All128,Ruiz;Chen,1lvj,RNA,pool2,pool2,pool2,40,5.154956473,5.154956473,5.154956473,5.154956473,4.535129243,False,False,False,False,False,False,1,40,False,surfna_v2_v3_ccdcomplete128_redocking_3rep_20260828
SurfNA,surfna,All128,Ruiz;Chen;Philips,1mwl,RNA,pool2,pool2,pool2,40,1.335748017,1.335748017,1.263891476,1.263891476,1.263891476,True,True,True,True,True,True,1,40,False,surfna_v2_v3_ccdcomplete128_redocking_3rep_20260828
SurfNA,surfna,All128,Philips,1nbk,RNA,pool2,pool2,pool2,40,1.93459752,1.223214973,1.057269968,1.057269968,1.007036904,True,True,True,True,True,True,1,40,False,surfna_v2_v3_ccdcomplete128_redocking_3rep_20260828
SurfNA,surfna,All128,Ruiz;Chen;Philips,1nem,RNA,pool2,pool2,pool2,40,1.932283711,1.932283711,1.932283711,1.932283711,1.932283711,True,True,True,True,True,True,1,40,False,surfna_v2_v3_ccdcomplete128_redocking_3rep_20260828
SurfNA,surfna,All128,Ruiz,1nta,RNA,pool2,pool2,pool2,40,3.020019528,1.750081687,1.750081687,1.750081687,1.750081687,False,True,True,True,True,True,1,40,False,surfna_v2_v3_ccdcomplete128_redocking_3rep_20260828
SurfNA,surfna,All128,Ruiz;Chen,1ntb,RNA,pool2,pool2,pool2,40,5.04169667,1.846791315,1.846791315,1.846791315,1.846791315,False,True,True,True,True,False,1,40,False,surfna_v2_v3_ccdcomplete128_redocking_3rep_20260828
SurfNA,surfna,All128,Yan,1nzm,DNA,pool2,pool2,pool2,40,0.6038728229,0.4987034679,0.4987034679,0.4987034679,0.4987034679,True,True,True,True,True,True,1,40,False,surfna_v2_v3_ccdcomplete128_redocking_3rep_20260828
SurfNA,surfna,All128,Ruiz,1o15,RNA,pool2,pool2,pool2,40,0.7962058246,0.6150103743,0.5715842037,0.5057502237,0.354906346,True,True,True,True,True,True,1,40,False,surfna_v2_v3_ccdcomplete128_redocking_3rep_20260828
SurfNA,surfna,All128,Ruiz,1o9m,RNA,pool2,pool2,pool2,40,6.774910004,1.961433244,1.961433244,1.961433244,1.961433244,False,True,True,True,True,False,1,40,False,surfna_v2_v3_ccdcomplete128_redocking_3rep_20260828
SurfNA,surfna,All128,Yan,1p96,DNA,pool2,pool2,pool2,40,2.224007272,2.072691497,2.072691497,1.762044259,1.677550088,False,False,False,True,True,True,1,40,False,surfna_v2_v3_ccdcomplete128_redocking_3rep_20260828
SurfNA,surfna,All128,Ruiz;Chen;Philips,1pbr,RNA,pool2,pool2,pool2,40,3.025581478,2.343861788,1.703620672,1.631977759,1.631977759,False,False,True,True,True,True,1,40,False,surfna_v2_v3_ccdcomplete128_redocking_3rep_20260828
SurfNA,surfna,All128,Yan;Ruiz;Chen;Philips,1q8n,RNA,pool2,pool2,pool2,40,1.322812109,1.012565922,0.8598079468,0.8598079468,0.8598079468,True,True,True,True,True,True,1,40,False,surfna_v2_v3_ccdcomplete128_redocking_3rep_20260828
SurfNA,surfna,All128,Yan;Ruiz;Chen,1qd3,RNA,pool2,pool2,pool2,40,2.796938131,2.452563558,2.452563558,2.312600548,2.312600548,False,False,False,False,False,True,1,40,False,surfna_v2_v3_ccdcomplete128_redocking_3rep_20260828
SurfNA,surfna,All128,Yan,1qv4,DNA,pool2,pool2,pool2,40,12.79968618,0.8471673133,0.8471673133,0.8471673133,0.8471673133,False,True,True,True,True,False,1,40,False,surfna_v2_v3_ccdcomplete128_redocking_3rep_20260828
SurfNA,surfna,All128,Yan,1qv8,DNA,pool2,pool2,pool2,40,12.85952257,0.8128523137,0.7434679003,0.7434679003,0.7434679003,False,True,True,True,True,False,1,40,False,surfna_v2_v3_ccdcomplete128_redocking_3rep_20260828
SurfNA,surfna,All128,Yan,1r4e,DNA,pool2,pool2,pool2,40,1.825605252,1.745547985,1.692590814,1.692590814,1.692590814,True,True,True,True,True,True,1,40,False,surfna_v2_v3_ccdcomplete128_redocking_3rep_20260828
SurfNA,surfna,All128,Ruiz;Chen;Philips,1tob,RNA,pool2,pool2,pool2,40,7.936111491,2.54297755,2.132278932,2.132278932,2.132278932,False,False,False,False,False,False,1,40,False,surfna_v2_v3_ccdcomplete128_redocking_3rep_20260828
SurfNA,surfna,All128,Ruiz;Chen,1u8d,RNA,pool2,pool2,pool2,40,0.6897430878,0.6897430878,0.6897430878,0.6897430878,0.6897430878,True,True,True,True,True,True,1,40,False,surfna_v2_v3_ccdcomplete128_redocking_3rep_20260828
SurfNA,surfna,All128,Yan;Ruiz;Philips,1uts,RNA,pool2,pool2,pool2,40,4.049095248,4.049095248,4.049095248,3.721118977,2.910950348,False,False,False,False,False,True,1,40,False,surfna_v2_v3_ccdcomplete128_redocking_3rep_20260828
SurfNA,surfna,All128,Yan;Ruiz;Chen;Philips,1uud,RNA,pool2,pool2,pool2,40,7.391476312,7.391476312,1.958280581,1.958280581,1.958280581,False,False,True,True,True,False,1,40,False,surfna_v2_v3_ccdcomplete128_redocking_3rep_20260828
SurfNA,surfna,All128,Ruiz;Philips,1uui,RNA,pool2,pool2,pool2,40,6.35519525,4.778021198,4.778021198,2.07907882,1.964965999,False,False,False,False,True,False,1,40,False,surfna_v2_v3_ccdcomplete128_redocking_3rep_20260828
SurfNA,surfna,All128,Philips,1xbp,RNA,pool2,pool2,pool2,40,2.575257434,1.79843199,1.79843199,1.79843199,1.79843199,False,True,True,True,True,True,1,40,False,surfna_v2_v3_ccdcomplete128_redocking_3rep_20260828
SurfNA,surfna,All128,Ruiz;Philips,1xpf,RNA,pool2,pool2,pool2,40,2.027128152,1.498980782,1.275348939,1.275348939,1.181457402,False,True,True,True,True,True,1,40,False,surfna_v2_v3_ccdcomplete128_redocking_3rep_20260828
SurfNA,surfna,All128,Ruiz;Chen;Philips,1y26,RNA,pool2,pool2,pool2,40,3.056402853,2.826793663,2.826793663,2.40037762,0.2730340855,False,False,False,False,True,True,1,40,False,surfna_v2_v3_ccdcomplete128_redocking_3rep_20260828
SurfNA,surfna,All128,Chen,1y27,RNA,pool2,pool2,pool2,40,0.3756878213,0.3674556362,0.3674556362,0.3674556362,0.3674556362,True,True,True,True,True,True,1,40,False,surfna_v2_v3_ccdcomplete128_redocking_3rep_20260828
SurfNA,surfna,All128,Yan;Chen,1ykv,RNA,pool2,pool2,pool2,40,0.9411603602,0.9411603602,0.7655390214,0.7655390214,0.7655390214,True,True,True,True,True,True,1,40,False,surfna_v2_v3_ccdcomplete128_redocking_3rep_20260828
SurfNA,surfna,All128,Yan;Ruiz;Chen,1yrj,RNA,pool2,pool2,pool2,40,2.252921359,1.684474524,1.684474524,1.684474524,1.684474524,False,True,True,True,True,True,1,40,False,surfna_v2_v3_ccdcomplete128_redocking_3rep_20260828
SurfNA,surfna,All128,Chen,1zz5,RNA,pool2,pool2,pool2,40,3.065960463,2.272540472,2.272540472,1.94496957,1.921478,False,False,False,True,True,True,1,40,False,surfna_v2_v3_ccdcomplete128_redocking_3rep_20260828
SurfNA,surfna,All128,Yan;Ruiz,2au4,RNA,pool2,pool2,pool2,40,4.588758872,3.155441096,3.155441096,2.987246606,2.796204477,False,False,False,False,False,True,1,40,False,surfna_v2_v3_ccdcomplete128_redocking_3rep_20260828
SurfNA,surfna,All128,Yan,2b57,RNA,pool2,pool2,pool2,40,0.3969803084,0.3323684145,0.3323684145,0.3323684145,0.3323684145,True,True,True,True,True,True,1,40,False,surfna_v2_v3_ccdcomplete128_redocking_3rep_20260828
SurfNA,surfna,All128,Yan;Ruiz;Chen;Philips,2be0,RNA,pool2,pool2,pool2,40,10.00018117,4.574561344,4.574561344,4.489947244,4.487712811,False,False,False,False,False,False,1,40,False,surfna_v2_v3_ccdcomplete128_redocking_3rep_20260828
SurfNA,surfna,All128,Yan;Ruiz;Philips,2bee,RNA,pool2,pool2,pool2,40,7.681393398,3.229298946,3.225213721,2.553805361,2.553805361,False,False,False,False,False,False,1,40,False,surfna_v2_v3_ccdcomplete128_redocking_3rep_20260828
SurfNA,surfna,All128,Yan,2d55,DNA,pool2,pool2,pool2,40,5.975684943,5.239985946,5.239985946,4.923633453,4.923633453,False,False,False,False,False,False,1,40,False,surfna_v2_v3_ccdcomplete128_redocking_3rep_20260828
SurfNA,surfna,All128,Chen,2esi,RNA,pool2,pool2,pool2,40,3.74085303,2.023684932,2.023684932,2.023684932,1.383655699,False,False,False,False,True,True,1,40,False,surfna_v2_v3_ccdcomplete128_redocking_3rep_20260828
SurfNA,surfna,All128,Ruiz,2esj,RNA,pool2,pool2,pool2,40,3.45162339,3.45162339,3.45162339,3.262124965,3.262124965,False,False,False,False,False,True,1,40,False,surfna_v2_v3_ccdcomplete128_redocking_3rep_20260828
SurfNA,surfna,All128,Ruiz,2et3,RNA,pool2,pool2,pool2,40,1.331810769,1.331810769,1.265744929,1.265744929,1.190093624,True,True,True,True,True,True,1,40,False,surfna_v2_v3_ccdcomplete128_redocking_3rep_20260828
SurfNA,surfna,All128,Ruiz,2et4,RNA,pool2,pool2,pool2,40,8.98042326,1.676909709,1.676909709,1.676909709,1.676909709,False,True,True,True,True,False,1,40,False,surfna_v2_v3_ccdcomplete128_redocking_3rep_20260828
SurfNA,surfna,All128,Ruiz;Chen;Philips,2et8,RNA,pool2,pool2,pool2,40,0.768471226,0.768471226,0.768471226,0.768471226,0.768471226,True,True,True,True,True,True,1,40,False,surfna_v2_v3_ccdcomplete128_redocking_3rep_20260828
SurfNA,surfna,All128,Ruiz,2f4s,RNA,pool2,pool2,pool2,40,1.647819649,1.647819649,1.647819649,1.647819649,1.647819649,True,True,True,True,True,True,1,40,False,surfna_v2_v3_ccdcomplete128_redocking_3rep_20260828
SurfNA,surfna,All128,Yan;Ruiz;Chen,2f4t,RNA,pool2,pool2,pool2,40,5.549430186,2.768328837,2.768328837,2.239862839,2.239862839,False,False,False,False,False,False,1,40,False,surfna_v2_v3_ccdcomplete128_redocking_3rep_20260828
SurfNA,surfna,All128,Yan;Ruiz;Philips,2f4u,RNA,pool2,pool2,pool2,40,1.219196547,1.219196547,1.219196547,1.219196547,1.219196547,True,True,True,True,True,True,1,40,False,surfna_v2_v3_ccdcomplete128_redocking_3rep_20260828
SurfNA,surfna,All128,Ruiz,2fcx,RNA,pool2,pool2,pool2,40,1.425212074,1.425212074,1.425212074,1.425212074,1.38845363,True,True,True,True,True,True,1,40,False,surfna_v2_v3_ccdcomplete128_redocking_3rep_20260828
SurfNA,surfna,All128,Ruiz,2fcy,RNA,pool2,pool2,pool2,40,8.782027253,2.846563657,2.457020352,2.42725438,2.42725438,False,False,False,False,False,False,1,40,False,surfna_v2_v3_ccdcomplete128_redocking_3rep_20260828
SurfNA,surfna,All128,Ruiz;Chen;Philips,2fcz,RNA,pool2,pool2,pool2,40,1.81547155,1.440720866,1.440720866,1.440720866,1.440720866,True,True,True,True,True,True,1,40,False,surfna_v2_v3_ccdcomplete128_redocking_3rep_20260828
SurfNA,surfna,All128,Ruiz;Chen;Philips,2fd0,RNA,pool2,pool2,pool2,40,2.580493925,2.580493925,2.580493925,2.297352544,2.297352544,False,False,False,False,False,True,1,40,False,surfna_v2_v3_ccdcomplete128_redocking_3rep_20260828
SurfNA,surfna,All128,Yan,2g5k,RNA,pool2,pool2,pool2,40,3.638558992,2.854224899,2.854224899,2.854224899,1.789867522,False,False,False,False,True,True,1,40,False,surfna_v2_v3_ccdcomplete128_redocking_3rep_20260828
SurfNA,surfna,All128,Ruiz;Chen;Philips,2g5q,RNA,pool2,pool2,pool2,40,1.37469299,1.086012588,1.086012588,1.086012588,1.086012588,True,True,True,True,True,True,1,40,False,surfna_v2_v3_ccdcomplete128_redocking_3rep_20260828
SurfNA,surfna,All128,Yan,2g9c,RNA,pool2,pool2,pool2,40,0.2635604193,0.2635604193,0.2534445482,0.2534445482,0.2534445482,True,True,True,True,True,True,1,40,False,surfna_v2_v3_ccdcomplete128_redocking_3rep_20260828
SurfNA,surfna,All128,Chen;Philips,2gdi,RNA,pool2,pool2,pool2,40,1.521671826,1.521671826,1.481516448,1.481516448,1.445405667,True,True,True,True,True,True,1,40,False,surfna_v2_v3_ccdcomplete128_redocking_3rep_20260828
SurfNA,surfna,All128,Chen,2gis,RNA,pool2,pool2,pool2,40,2.677444972,0.7733654747,0.7733654747,0.7733654747,0.7733654747,False,True,True,True,True,True,1,40,False,surfna_v2_v3_ccdcomplete128_redocking_3rep_20260828
SurfNA,surfna,All128,Ruiz,2juk,RNA,pool2,pool2,pool2,40,6.64418492,2.720709635,2.720709635,2.720709635,2.720709635,False,False,False,False,False,False,1,40,False,surfna_v2_v3_ccdcomplete128_redocking_3rep_20260828
SurfNA,surfna,All128,Yan,2jwq,DNA,pool2,pool2,pool2,40,1.412364117,1.284884467,0.8929659399,0.8929659399,0.8929659399,True,True,True,True,True,True,1,40,False,surfna_v2_v3_ccdcomplete128_redocking_3rep_20260828
SurfNA,surfna,All128,Yan;Chen,2kgp,RNA,pool2,pool2,pool2,40,1.631121643,1.056717279,1.056717279,1.056717279,1.056717279,True,True,True,True,True,True,1,40,False,surfna_v2_v3_ccdcomplete128_redocking_3rep_20260828
SurfNA,surfna,All128,Yan;Chen,2ktz,RNA,pool2,pool2,pool2,40,0.7479183734,0.7479183734,0.7479183734,0.6524222367,0.6524222367,True,True,True,True,True,True,1,40,False,surfna_v2_v3_ccdcomplete128_redocking_3rep_20260828
SurfNA,surfna,All128,Yan;Chen,2ku0,RNA,pool2,pool2,pool2,40,1.423722642,1.152887814,1.152887814,1.152887814,1.152887814,True,True,True,True,True,True,1,40,False,surfna_v2_v3_ccdcomplete128_redocking_3rep_20260828
SurfNA,surfna,All128,Yan,2l94,RNA,pool2,pool2,pool2,40,0.8669347753,0.8669347753,0.8669347753,0.8669347753,0.8669347753,True,True,True,True,True,True,1,40,False,surfna_v2_v3_ccdcomplete128_redocking_3rep_20260828
SurfNA,surfna,All128,Yan,2loa,DNA,pool2,pool2,pool2,40,6.704971978,6.567528558,6.349896973,3.377500437,3.00569625,False,False,False,False,False,False,1,40,False,surfna_v2_v3_ccdcomplete128_redocking_3rep_20260828
SurfNA,surfna,All128,Yan,2mb3,DNA,pool2,pool2,pool2,40,2.046273243,2.046273243,2.046273243,2.046273243,1.978119938,False,False,False,False,True,True,1,40,False,surfna_v2_v3_ccdcomplete128_redocking_3rep_20260828
SurfNA,surfna,All128,Ruiz;Chen,2o3v,RNA,pool2,pool2,pool2,40,8.973639063,3.385330208,3.385330208,3.180669198,2.893616239,False,False,False,False,False,False,1,40,False,surfna_v2_v3_ccdcomplete128_redocking_3rep_20260828
SurfNA,surfna,All128,Yan;Ruiz,2o3w,RNA,pool2,pool2,pool2,40,4.749723811,2.652408522,2.652408522,2.652408522,2.652408522,False,False,False,False,False,True,1,40,False,surfna_v2_v3_ccdcomplete128_redocking_3rep_20260828
SurfNA,surfna,All128,Yan;Ruiz;Philips,2o3x,RNA,pool2,pool2,pool2,40,1.53843468,1.488145713,1.488145713,1.488145713,1.488145713,True,True,True,True,True,True,1,40,False,surfna_v2_v3_ccdcomplete128_redocking_3rep_20260828
SurfNA,surfna,All128,Ruiz;Philips,2oe5,RNA,pool2,pool2,pool2,40,1.532328108,1.532328108,1.532328108,1.532328108,1.532328108,True,True,True,True,True,True,1,40,False,surfna_v2_v3_ccdcomplete128_redocking_3rep_20260828
SurfNA,surfna,All128,Ruiz;Chen,2oe8,RNA,pool2,pool2,pool2,40,1.761214869,1.745721745,1.631696663,1.631696663,1.628022694,True,True,True,True,True,True,1,40,False,surfna_v2_v3_ccdcomplete128_redocking_3rep_20260828
SurfNA,surfna,All128,Philips,2ogn,RNA,pool2,pool2,pool2,40,3.94781899,3.94781899,3.255321272,3.232886607,3.232886607,False,False,False,False,False,True,1,40,False,surfna_v2_v3_ccdcomplete128_redocking_3rep_20260828
SurfNA,surfna,All128,Chen;Philips,2pwt,RNA,pool2,pool2,pool2,40,8.488534171,6.458166941,6.458166941,6.458166941,4.87384465,False,False,False,False,False,False,1,40,False,surfna_v2_v3_ccdcomplete128_redocking_3rep_20260828
SurfNA,surfna,All128,Ruiz;Chen;Philips,2tob,RNA,pool2,pool2,pool2,40,3.828822683,3.465453765,2.825283364,2.825283364,1.825548307,False,False,False,False,True,True,1,40,False,surfna_v2_v3_ccdcomplete128_redocking_3rep_20260828
SurfNA,surfna,All128,Yan,2xnw,RNA,pool2,pool2,pool2,40,0.2929426361,0.2929426361,0.2929426361,0.2929426361,0.2929426361,True,True,True,True,True,True,1,40,False,surfna_v2_v3_ccdcomplete128_redocking_3rep_20260828
SurfNA,surfna,All128,Yan,2xnz,RNA,pool2,pool2,pool2,40,0.3022479466,0.205263262,0.205263262,0.205263262,0.1934704426,True,True,True,True,True,True,1,40,False,surfna_v2_v3_ccdcomplete128_redocking_3rep_20260828
SurfNA,surfna,All128,Yan,2xo0,RNA,pool2,pool2,pool2,40,2.225304334,0.3106050529,0.3106050529,0.3106050529,0.2533217972,False,True,True,True,True,True,1,40,False,surfna_v2_v3_ccdcomplete128_redocking_3rep_20260828
SurfNA,surfna,All128,Yan,2xo1,RNA,pool2,pool2,pool2,40,2.750408666,2.730241924,2.723513281,2.69365726,0.7177127327,False,False,False,False,True,True,1,40,False,surfna_v2_v3_ccdcomplete128_redocking_3rep_20260828
SurfNA,surfna,All128,Yan,2ydh,RNA,pool2,pool2,pool2,40,4.429453832,3.911227572,3.911227572,3.911227572,2.308416586,False,False,False,False,False,True,1,40,False,surfna_v2_v3_ccdcomplete128_redocking_3rep_20260828
SurfNA,surfna,All128,Yan,2ygh,RNA,pool2,pool2,pool2,40,0.8847431335,0.8847431335,0.7806377831,0.7806377831,0.7806377831,True,True,True,True,True,True,1,40,False,surfna_v2_v3_ccdcomplete128_redocking_3rep_20260828
SurfNA,surfna,All128,Yan,316d,DNA,pool2,pool2,pool2,40,8.19797672,4.648921586,4.648921586,3.933850031,3.933850031,False,False,False,False,False,False,1,40,False,surfna_v2_v3_ccdcomplete128_redocking_3rep_20260828
SurfNA,surfna,All128,Ruiz,3c44,RNA,pool2,pool2,pool2,40,1.647599585,1.647599585,1.647599585,1.647599585,1.647599585,True,True,True,True,True,True,1,40,False,surfna_v2_v3_ccdcomplete128_redocking_3rep_20260828
SurfNA,surfna,All128,Philips,3d2x,RNA,pool2,pool2,pool2,40,2.632409592,2.424948981,2.008494454,2.008494454,1.828775752,False,False,False,False,True,True,1,40,False,surfna_v2_v3_ccdcomplete128_redocking_3rep_20260828
SurfNA,surfna,All128,Chen,3dil,RNA,pool2,pool2,pool2,40,5.485975822,5.475268655,5.239937153,0.6190228737,0.6190228737,False,False,False,True,True,False,1,40,False,surfna_v2_v3_ccdcomplete128_redocking_3rep_20260828
SurfNA,surfna,All128,Yan,3ds7,RNA,pool2,pool2,pool2,40,0.8202249348,0.8202249348,0.8202249348,0.8202249348,0.8024885646,True,True,True,True,True,True,1,40,False,surfna_v2_v3_ccdcomplete128_redocking_3rep_20260828
SurfNA,surfna,All128,Chen,3dvv,RNA,pool2,pool2,pool2,40,1.732545692,1.686650299,1.291472303,1.291472303,1.291472303,True,True,True,True,True,True,1,40,False,surfna_v2_v3_ccdcomplete128_redocking_3rep_20260828
SurfNA,surfna,All128,Yan,3e5c,RNA,pool2,pool2,pool2,40,2.310349859,2.159927636,2.159927636,2.159927636,2.159927636,False,False,False,False,False,True,1,40,False,surfna_v2_v3_ccdcomplete128_redocking_3rep_20260828
SurfNA,surfna,All128,Chen,3f2q,RNA,pool2,pool2,pool2,40,4.695122403,1.853141655,1.606404923,1.294267699,0.977405918,False,True,True,True,True,True,1,40,False,surfna_v2_v3_ccdcomplete128_redocking_3rep_20260828
SurfNA,surfna,All128,Yan,3fo4,RNA,pool2,pool2,pool2,40,0.4156958479,0.2318288787,0.2318288787,0.2318288787,0.2318288787,True,True,True,True,True,True,1,40,False,surfna_v2_v3_ccdcomplete128_redocking_3rep_20260828
SurfNA,surfna,All128,Yan,3fo6,RNA,pool2,pool2,pool2,40,0.3258282263,0.2686699259,0.216092056,0.216092056,0.216092056,True,True,True,True,True,True,1,40,False,surfna_v2_v3_ccdcomplete128_redocking_3rep_20260828
SurfNA,surfna,All128,Yan,3gao,RNA,pool2,pool2,pool2,40,3.382794292,3.382794292,2.917470251,2.917470251,0.3565043044,False,False,False,False,True,True,1,40,False,surfna_v2_v3_ccdcomplete128_redocking_3rep_20260828
SurfNA,surfna,All128,Yan,3ger,RNA,pool2,pool2,pool2,40,0.362890167,0.2343059498,0.2343059498,0.2343059498,0.2343059498,True,True,True,True,True,True,1,40,False,surfna_v2_v3_ccdcomplete128_redocking_3rep_20260828
SurfNA,surfna,All128,Yan,3ges,RNA,pool2,pool2,pool2,40,0.3709912817,0.3709912817,0.3709912817,0.3373387401,0.3373387401,True,True,True,True,True,True,1,40,False,surfna_v2_v3_ccdcomplete128_redocking_3rep_20260828
SurfNA,surfna,All128,Yan,3gog,RNA,pool2,pool2,pool2,40,0.2889092215,0.2767372258,0.2588381204,0.2588381204,0.2588381204,True,True,True,True,True,True,1,40,False,surfna_v2_v3_ccdcomplete128_redocking_3rep_20260828
SurfNA,surfna,All128,Yan,3got,RNA,pool2,pool2,pool2,40,3.349398573,3.346419348,3.346419348,3.346419348,2.703050143,False,False,False,False,False,True,1,40,False,surfna_v2_v3_ccdcomplete128_redocking_3rep_20260828
SurfNA,surfna,All128,Chen;Philips,3gx2,RNA,pool2,pool2,pool2,40,5.187914782,2.182843451,2.182843451,1.85732514,1.655937825,False,False,False,True,True,False,1,40,False,surfna_v2_v3_ccdcomplete128_redocking_3rep_20260828
SurfNA,surfna,All128,Chen,3gx3,RNA,pool2,pool2,pool2,40,2.074948697,1.160810376,1.160810376,1.160810376,1.160810376,False,True,True,True,True,True,1,40,False,surfna_v2_v3_ccdcomplete128_redocking_3rep_20260828
SurfNA,surfna,All128,Chen,3gx5,RNA,pool2,pool2,pool2,40,0.725958448,0.725958448,0.725958448,0.725958448,0.725958448,True,True,True,True,True,True,1,40,False,surfna_v2_v3_ccdcomplete128_redocking_3rep_20260828
SurfNA,surfna,All128,Chen,3gx7,RNA,pool2,pool2,pool2,40,2.408711345,1.454898369,1.197054635,1.197054635,1.197054635,False,True,True,True,True,True,1,40,False,surfna_v2_v3_ccdcomplete128_redocking_3rep_20260828
SurfNA,surfna,All128,Yan;Chen,3la5,RNA,pool2,pool2,pool2,40,0.314558592,0.2643591777,0.2643591777,0.2643591777,0.2643591777,True,True,True,True,True,True,1,40,False,surfna_v2_v3_ccdcomplete128_redocking_3rep_20260828
SurfNA,surfna,All128,Yan,3mum,RNA,pool2,pool2,pool2,40,4.027279626,4.027279626,4.002353592,3.997978155,3.978784596,False,False,False,False,False,True,1,40,False,surfna_v2_v3_ccdcomplete128_redocking_3rep_20260828
SurfNA,surfna,All128,Yan,3mur,RNA,pool2,pool2,pool2,40,2.846539162,2.846539162,2.846539162,2.846539162,2.846539162,False,False,False,False,False,True,1,40,False,surfna_v2_v3_ccdcomplete128_redocking_3rep_20260828
SurfNA,surfna,All128,Yan,3mxh,RNA,pool2,pool2,pool2,40,3.446351467,3.348658008,3.348658008,3.348658008,3.345179686,False,False,False,False,False,True,1,40,False,surfna_v2_v3_ccdcomplete128_redocking_3rep_20260828
SurfNA,surfna,All128,Yan,3npn,RNA,pool2,pool2,pool2,40,1.400600323,1.400600323,1.207827221,1.207827221,1.207827221,True,True,True,True,True,True,1,40,False,surfna_v2_v3_ccdcomplete128_redocking_3rep_20260828
SurfNA,surfna,All128,Chen,3npq,RNA,pool2,pool2,pool2,40,1.355635826,1.355635826,1.355635826,1.355635826,1.355635826,True,True,True,True,True,True,1,40,False,surfna_v2_v3_ccdcomplete128_redocking_3rep_20260828
SurfNA,surfna,All128,Yan,3owz,RNA,pool2,pool2,pool2,40,0.3874445602,0.3874445602,0.3874445602,0.3874445602,0.3874445602,True,True,True,True,True,True,1,40,False,surfna_v2_v3_ccdcomplete128_redocking_3rep_20260828
SurfNA,surfna,All128,Yan;Chen,3q3z,RNA,pool2,pool2,pool2,40,3.033635209,3.033635209,3.033635209,3.032354845,3.032354845,False,False,False,False,False,True,1,40,False,surfna_v2_v3_ccdcomplete128_redocking_3rep_20260828
SurfNA,surfna,All128,Yan,3q50,RNA,pool2,pool2,pool2,40,0.4081592272,0.4081592272,0.4081592272,0.4060741199,0.3601514789,True,True,True,True,True,True,1,40,False,surfna_v2_v3_ccdcomplete128_redocking_3rep_20260828
SurfNA,surfna,All128,Yan,3s4p,RNA,pool2,pool2,pool2,40,9.553764437,4.52570057,4.52570057,4.436067433,3.668946874,False,False,False,False,False,False,1,40,False,surfna_v2_v3_ccdcomplete128_redocking_3rep_20260828
SurfNA,surfna,All128,Yan,3slm,RNA,pool2,pool2,pool2,40,0.9110298456,0.8519495923,0.7601567845,0.7601567845,0.7601567845,True,True,True,True,True,True,1,40,False,surfna_v2_v3_ccdcomplete128_redocking_3rep_20260828
SurfNA,surfna,All128,Yan,407d,DNA,pool2,pool2,pool2,40,1.835781553,1.835781553,1.835781553,1.835781553,1.835781553,True,True,True,True,True,True,1,40,False,surfna_v2_v3_ccdcomplete128_redocking_3rep_20260828
SurfNA,surfna,All128,Yan,408d,DNA,pool2,pool2,pool2,40,1.746858032,1.587729,1.235609045,1.235609045,1.235609045,True,True,True,True,True,True,1,40,False,surfna_v2_v3_ccdcomplete128_redocking_3rep_20260828
SurfNA,surfna,All128,Yan,4aob,RNA,pool2,pool2,pool2,40,2.185816374,1.969080091,1.969080091,1.816727237,1.816727237,False,True,True,True,True,True,1,40,False,surfna_v2_v3_ccdcomplete128_redocking_3rep_20260828
SurfNA,surfna,All128,Yan,4erj,RNA,pool2,pool2,pool2,40,0.7124361697,0.5471130689,0.5471130689,0.4581558854,0.4169569095,True,True,True,True,True,True,1,40,False,surfna_v2_v3_ccdcomplete128_redocking_3rep_20260828
SurfNA,surfna,All128,Yan,4fe5,RNA,pool2,pool2,pool2,40,3.190869448,3.190869448,0.5171250436,0.5171250436,0.5171250436,False,False,True,True,True,True,1,40,False,surfna_v2_v3_ccdcomplete128_redocking_3rep_20260828
SurfNA,surfna,All128,Yan,4jf2,RNA,pool2,pool2,pool2,40,2.615694821,0.4827269829,0.4660818672,0.287963914,0.287963914,False,True,True,True,True,True,1,40,False,surfna_v2_v3_ccdcomplete128_redocking_3rep_20260828
SurfNA,surfna,All128,Yan,4kqy,RNA,pool2,pool2,pool2,40,2.258101748,1.428445172,1.428445172,1.229906517,1.229906517,False,True,True,True,True,True,1,40,False,surfna_v2_v3_ccdcomplete128_redocking_3rep_20260828
SurfNA,surfna,All128,Yan,4lvv,RNA,pool2,pool2,pool2,40,2.181572189,2.181572189,2.181572189,2.181572189,2.181572189,False,False,False,False,False,True,1,40,False,surfna_v2_v3_ccdcomplete128_redocking_3rep_20260828
